# OBJ generated by ONSHAPE BY PTC INC, 1.219 Units = meters
mtllib Assembly 2 - Layer 1.mtl
g Layer 1
v 0.0393118 0.199595 0.06985 
v 0.039265 0.200025 0.06985 
v 0.039265 0.200025 0.0762 
v 0.0394498 0.199185 0.06985 
v 0.0393118 0.199595 0.0762 
v 0.0396728 0.198815 0.06985 
v 0.0394498 0.199185 0.0762 
v 0.0399702 0.198501 0.06985 
v 0.0396728 0.198815 0.0762 
v 0.0403282 0.198258 0.06985 
v 0.0399702 0.198501 0.0762 
v 0.0407299 0.198098 0.06985 
v 0.0403282 0.198258 0.0762 
v 0.0411567 0.198028 0.06985 
v 0.0407299 0.198098 0.0762 
v 0.0415886 0.198051 0.06985 
v 0.0411567 0.198028 0.0762 
v 0.0420053 0.198167 0.06985 
v 0.0415886 0.198051 0.0762 
v 0.0423874 0.19837 0.06985 
v 0.0420053 0.198167 0.0762 
v 0.042717 0.19865 0.06985 
v 0.0423874 0.19837 0.0762 
v 0.0429787 0.198994 0.06985 
v 0.042717 0.19865 0.0762 
v 0.0431603 0.199386 0.06985 
v 0.0429787 0.198994 0.0762 
v 0.0432533 0.199809 0.06985 
v 0.0431603 0.199386 0.0762 
v 0.0432533 0.200241 0.06985 
v 0.043265 0.200025 0.06985 
v 0.043265 0.200025 0.0762 
v 0.0432533 0.199809 0.0762 
v 0.0431603 0.200664 0.06985 
v 0.0432533 0.200241 0.0762 
v 0.0429787 0.201056 0.06985 
v 0.0431603 0.200664 0.0762 
v 0.042717 0.2014 0.06985 
v 0.0429787 0.201056 0.0762 
v 0.0423874 0.20168 0.06985 
v 0.042717 0.2014 0.0762 
v 0.0420053 0.201883 0.06985 
v 0.0423874 0.20168 0.0762 
v 0.0415886 0.201999 0.06985 
v 0.0420053 0.201883 0.0762 
v 0.0411567 0.202022 0.06985 
v 0.0415886 0.201999 0.0762 
v 0.0407299 0.201952 0.06985 
v 0.0411567 0.202022 0.0762 
v 0.0403282 0.201792 0.06985 
v 0.0407299 0.201952 0.0762 
v 0.0399702 0.201549 0.06985 
v 0.0403282 0.201792 0.0762 
v 0.0396728 0.201235 0.06985 
v 0.0399702 0.201549 0.0762 
v 0.0394498 0.200865 0.06985 
v 0.0396728 0.201235 0.0762 
v 0.0393118 0.200455 0.06985 
v 0.0394498 0.200865 0.0762 
v 0.0393118 0.200455 0.0762 
v 0.028144 0.2032 0.06985 
v 0.035369 0.2032 0.06985 
v 0.03902 0.2032 0.06985 
v 0.0460167 0.2032 0.06985 
v 0.0837668 0.2032 0.06985 
v 0.0870778 0.2032 0.06985 
v 0.0915333 0.2032 0.06985 
v 0.093355 0.2032 0.06985 
v 0.0982733 0.199809 0.06985 
v 0.098285 0.200025 0.06985 
v 0.102181 0.2032 0.06985 
v 0.0982733 0.200241 0.06985 
v 0.0966086 0.201999 0.06985 
v 0.097737 0.2014 0.06985 
v 0.0974074 0.20168 0.06985 
v 0.0981803 0.199386 0.06985 
v 0.0970253 0.201883 0.06985 
v 0.0979987 0.201056 0.06985 
v 0.0981803 0.200664 0.06985 
v 0.0970253 0.198167 0.06985 
v 0.0974074 0.19837 0.06985 
v 0.0961767 0.198028 0.06985 
v 0.0966086 0.198051 0.06985 
v 0.0949902 0.198501 0.06985 
v 0.0953482 0.198258 0.06985 
v 0.0944698 0.199185 0.06985 
v 0.0946928 0.198815 0.06985 
v 0.0944698 0.200865 0.06985 
v 0.0943318 0.200455 0.06985 
v 0.0957499 0.201952 0.06985 
v 0.0953482 0.201792 0.06985 
v 0.0979987 0.198994 0.06985 
v 0.097737 0.19865 0.06985 
v 0.094285 0.200025 0.06985 
v 0.0946928 0.201235 0.06985 
v 0.0949902 0.201549 0.06985 
v 0.0957499 0.198098 0.06985 
v 0.0943318 0.199595 0.06985 
v 0.0961767 0.202022 0.06985 
v 0.106231 0.2032 0.06985 
v 0.109406 0.2032 0.06985 
v 0.003175 0.196794 0.06985 
v 0.0319258 0.193633 0.06985 
v 0.031963 0.193975 0.06985 
v 0.0316393 0.194935 0.06985 
v 0.0314032 0.195184 0.06985 
v 0.0319258 0.194316 0.06985 
v 0.0318162 0.194641 0.06985 
v 0.0318162 0.193308 0.06985 
v 0.0311191 0.192572 0.06985 
v 0.0314032 0.192765 0.06985 
v 0.0304614 0.19556 0.06985 
v 0.0301186 0.195541 0.06985 
v 0.0316393 0.193014 0.06985 
v 0.0304614 0.192389 0.06985 
v 0.0297879 0.1925 0.06985 
v 0.0301186 0.192408 0.06985 
v 0.0292229 0.192883 0.06985 
v 0.0294846 0.192661 0.06985 
v 0.0290152 0.194793 0.06985 
v 0.0288711 0.194481 0.06985 
v 0.0297879 0.195449 0.06985 
v 0.0308002 0.192445 0.06985 
v 0.0292229 0.195066 0.06985 
v 0.0294846 0.195288 0.06985 
v 0.0308002 0.195504 0.06985 
v 0.0290152 0.193156 0.06985 
v 0.0287973 0.193803 0.06985 
v 0.0288711 0.193468 0.06985 
v 0.0287973 0.194146 0.06985 
v 0.0311191 0.195377 0.06985 
v 0.003175 0.177398 0.06985 
v 0.003175 0.16748 0.06985 
v 0.003175 0.10874 0.06985 
v 0.0897116 0.0759214 0.06985 
v 0.0893927 0.0760485 0.06985 
v 0.0902318 0.0754795 0.06985 
v 0.0899957 0.0757288 0.06985 
v 0.0897116 0.0731162 0.06985 
v 0.0899957 0.0733089 0.06985 
v 0.0890539 0.0729337 0.06985 
v 0.0893927 0.0729892 0.06985 
v 0.0887112 0.0729522 0.06985 
v 0.0890539 0.076104 0.06985 
v 0.0905184 0.0741776 0.06985 
v 0.0905555 0.0745188 0.06985 
v 0.0883804 0.0730441 0.06985 
v 0.0874636 0.0740119 0.06985 
v 0.0876077 0.0737004 0.06985 
v 0.0878155 0.0756105 0.06985 
v 0.0876077 0.0753373 0.06985 
v 0.0887112 0.0760854 0.06985 
v 0.0904088 0.0751854 0.06985 
v 0.0905184 0.0748601 0.06985 
v 0.0904088 0.0738523 0.06985 
v 0.0902318 0.0735581 0.06985 
v 0.0880771 0.0732049 0.06985 
v 0.0878155 0.0734271 0.06985 
v 0.0873898 0.0746905 0.06985 
v 0.0873898 0.0743472 0.06985 
v 0.0880771 0.0758328 0.06985 
v 0.0883804 0.0759936 0.06985 
v 0.0874636 0.0750257 0.06985 
v 0.003175 0.05 0.06985 
v 0.062775 0.0127 0.06985 
v 0.062775 0.00635 0.06985 
v 0.074775 0.0127 0.06985 
v 0.074775 0.00635 0.06985 
v 0.0777668 0 0.06985 
v 0.0837668 0 0.06985 
v 0.0870778 0 0.06985 
v 0.0870778 0.00635 0.06985 
v 0.0915333 0.00635 0.06985 
v 0.093355 0.00635 0.06985 
v 0.098775 0.00635 0.06985 
v 0.098775 0.0209249 0.06985 
v 0.092425 0.0209249 0.06985 
v 0.092425 0.0145624 0.06985 
v 0.092425 0.0127 0.06985 
v 0.0915333 0.0127 0.06985 
v 0.086775 0.0127 0.06985 
v 0.086775 0.00635 0.06985 
v 0.0870778 0.0127 0.06985 
v 0.0275093 0.0877806 0.06985 
v 0.0275093 0.0874373 0.06985 
v 0.027935 0.0865172 0.06985 
v 0.028144 0.0863397 0.06985 
v 0.0275831 0.087102 0.06985 
v 0.0277272 0.0884274 0.06985 
v 0.0275831 0.0881158 0.06985 
v 0.0277272 0.0867905 0.06985 
v 0.028144 0.0888782 0.06985 
v 0.027935 0.0887007 0.06985 
v 0.0295122 0.0891386 0.06985 
v 0.0291734 0.0891941 0.06985 
v 0.0298311 0.0890115 0.06985 
v 0.0303513 0.0885697 0.06985 
v 0.0301152 0.0888189 0.06985 
v 0.0295122 0.0860793 0.06985 
v 0.0306379 0.0879502 0.06985 
v 0.0305283 0.0882755 0.06985 
v 0.030675 0.0876089 0.06985 
v 0.0298311 0.0862064 0.06985 
v 0.0301152 0.086399 0.06985 
v 0.0291734 0.0860238 0.06985 
v 0.0306379 0.0872677 0.06985 
v 0.0303513 0.0866482 0.06985 
v 0.0305283 0.0869424 0.06985 
v 0.0284999 0.0861342 0.06985 
v 0.0288307 0.0860423 0.06985 
v 0.0288307 0.0891755 0.06985 
v 0.0281966 0.086295 0.06985 
v 0.0284999 0.0890837 0.06985 
v 0.0281966 0.0889229 0.06985 
v 0.108206 0.165417 0.06985 
v 0.108548 0.165399 0.06985 
v 0.106884 0.167156 0.06985 
v 0.106884 0.166812 0.06985 
v 0.107875 0.165509 0.06985 
v 0.108548 0.168569 0.06985 
v 0.108206 0.168551 0.06985 
v 0.108887 0.165454 0.06985 
v 0.107572 0.16567 0.06985 
v 0.106958 0.166477 0.06985 
v 0.107102 0.166165 0.06985 
v 0.106958 0.167491 0.06985 
v 0.109206 0.165581 0.06985 
v 0.10731 0.165892 0.06985 
v 0.10731 0.168076 0.06985 
v 0.107102 0.167802 0.06985 
v 0.107875 0.168459 0.06985 
v 0.109206 0.168387 0.06985 
v 0.108887 0.168514 0.06985 
v 0.107572 0.168298 0.06985 
v 0.109406 0.168251 0.06985 
v 0.110013 0.166643 0.06985 
v 0.11005 0.166984 0.06985 
v 0.10949 0.168194 0.06985 
v 0.110013 0.167325 0.06985 
v 0.109903 0.167651 0.06985 
v 0.109903 0.166317 0.06985 
v 0.109406 0.165717 0.06985 
v 0.109726 0.167945 0.06985 
v 0.109726 0.166023 0.06985 
v 0.10949 0.165774 0.06985 
v 0.054775 0.114023 0.06985 
v 0.054775 0.0811082 0.06985 
v 0.054775 0.0571407 0.06985 
v 0.0501324 0.0741776 0.06985 
v 0.0498458 0.0754795 0.06985 
v 0.0496097 0.0757288 0.06985 
v 0.0501695 0.0745188 0.06985 
v 0.0501324 0.0748601 0.06985 
v 0.0500228 0.0738523 0.06985 
v 0.0500228 0.0751854 0.06985 
v 0.0493256 0.0731162 0.06985 
v 0.0496097 0.0733089 0.06985 
v 0.0486679 0.076104 0.06985 
v 0.0483252 0.0760854 0.06985 
v 0.0490067 0.0760485 0.06985 
v 0.0498458 0.0735581 0.06985 
v 0.0472217 0.0737004 0.06985 
v 0.0474295 0.0734271 0.06985 
v 0.0476911 0.0758328 0.06985 
v 0.0474295 0.0756105 0.06985 
v 0.0479944 0.0759936 0.06985 
v 0.0493256 0.0759214 0.06985 
v 0.0486679 0.0729337 0.06985 
v 0.0479944 0.0730441 0.06985 
v 0.0483252 0.0729522 0.06985 
v 0.0476911 0.0732049 0.06985 
v 0.0472217 0.0753373 0.06985 
v 0.0470776 0.0750257 0.06985 
v 0.0490067 0.0729892 0.06985 
v 0.0470038 0.0743472 0.06985 
v 0.0470776 0.0740119 0.06985 
v 0.0470038 0.0746905 0.06985 
v 0.054775 0.035675 0.06985 
v 0.056775 0.035675 0.06985 
v 0.0777668 0.035675 0.06985 
v 0.082775 0.035675 0.06985 
v 0.082775 0.0811082 0.06985 
v 0.082775 0.114023 0.06985 
v 0.082775 0.135675 0.06985 
v 0.0837668 0.135675 0.06985 
v 0.0870778 0.135675 0.06985 
v 0.0906417 0.13885 0.06985 
v 0.0906417 0.135675 0.06985 
v 0.0870778 0.13885 0.06985 
v 0.0837668 0.13885 0.06985 
v 0.0777668 0.13885 0.06985 
v 0.0469083 0.13885 0.06985 
v 0.0469083 0.135675 0.06985 
v 0.056775 0.13885 0.06985 
v 0.0837668 0.149013 0.06985 
v 0.0870778 0.149013 0.06985 
v 0.0915333 0.149013 0.06985 
v 0.093355 0.149013 0.06985 
v 0.0982129 0.149013 0.06985 
v 0.0982129 0.177398 0.06985 
v 0.0982129 0.186788 0.06985 
v 0.093355 0.186788 0.06985 
v 0.0915333 0.186788 0.06985 
v 0.0870778 0.186788 0.06985 
v 0.0807586 0.186788 0.06985 
v 0.0837668 0.186788 0.06985 
v 0.0807586 0.177398 0.06985 
v 0.0807586 0.172635 0.06985 
v 0.0807586 0.149013 0.06985 
v 0.134375 0.177398 0.06985 
v 0.134375 0.172635 0.06985 
v 0.13755 0.143932 0.06985 
v 0.134375 0.16748 0.06985 
v 0.124575 0.125425 0.06985 
v 0.12555 0.127025 0.06985 
v 0.134375 0.13811 0.06985 
v 0.12875 0.127025 0.06985 
v 0.134375 0.125425 0.06985 
v 0.12875 0.125425 0.06985 
v 0.13755 0.13811 0.06985 
v 0.12435 0.121425 0.06985 
v 0.12435 0.125425 0.06985 
v 0.134375 0.121425 0.06985 
v 0.134375 0.114023 0.06985 
v 0.12875 0.119825 0.06985 
v 0.12555 0.119825 0.06985 
v 0.124575 0.121425 0.06985 
v 0.12555 0.121425 0.06985 
v 0.13755 0.0811082 0.06985 
v 0.134375 0.10874 0.06985 
v 0.128722 0.0759215 0.06985 
v 0.12846 0.0756992 0.06985 
v 0.134375 0.07937 0.06985 
v 0.130037 0.0761371 0.06985 
v 0.129698 0.0761927 0.06985 
v 0.12555 0.068285 0.06985 
v 0.128252 0.0737891 0.06985 
v 0.12846 0.0735158 0.06985 
v 0.128034 0.0744359 0.06985 
v 0.128108 0.0741006 0.06985 
v 0.128034 0.0747791 0.06985 
v 0.128252 0.0754259 0.06985 
v 0.128108 0.0751144 0.06985 
v 0.129025 0.0760823 0.06985 
v 0.130356 0.0760101 0.06985 
v 0.130876 0.0755682 0.06985 
v 0.13064 0.0758174 0.06985 
v 0.12875 0.068285 0.06985 
v 0.13064 0.0733976 0.06985 
v 0.130876 0.0736468 0.06985 
v 0.129025 0.0731327 0.06985 
v 0.128722 0.0732935 0.06985 
v 0.129356 0.0761741 0.06985 
v 0.131163 0.0749488 0.06985 
v 0.131053 0.0752741 0.06985 
v 0.130356 0.0732049 0.06985 
v 0.129698 0.0730223 0.06985 
v 0.130037 0.0730779 0.06985 
v 0.129356 0.0730409 0.06985 
v 0.131163 0.0742662 0.06985 
v 0.1312 0.0746075 0.06985 
v 0.124575 0.066685 0.06985 
v 0.131053 0.0739409 0.06985 
v 0.134375 0.066685 0.06985 
v 0.12875 0.066685 0.06985 
v 0.13755 0.07937 0.06985 
v 0.12435 0.062685 0.06985 
v 0.12435 0.066685 0.06985 
v 0.134375 0.062685 0.06985 
v 0.134375 0.0571407 0.06985 
v 0.12875 0.061085 0.06985 
v 0.12555 0.061085 0.06985 
v 0.124575 0.062685 0.06985 
v 0.12555 0.062685 0.06985 
v 0.134375 0.05 0.06985 
v 0.13755 0.05 0.06985 
v 0.13679 0.0413176 0.06985 
v 0.130851 0.025 0.06985 
v 0.127998 0.0209249 0.06985 
v 0.134535 0.032899 0.06985 
v 0.134759 0.0337375 0.06985 
v 0.125852 0.0178606 0.06985 
v 0.119281 0.0164457 0.06985 
v 0.119624 0.0164271 0.06985 
v 0.122554 0.0145624 0.06985 
v 0.11895 0.0165375 0.06985 
v 0.120281 0.0194148 0.06985 
v 0.119962 0.0195419 0.06985 
v 0.120281 0.0166097 0.06985 
v 0.120565 0.0168023 0.06985 
v 0.119962 0.0164826 0.06985 
v 0.118385 0.019104 0.06985 
v 0.118177 0.0188307 0.06985 
v 0.119624 0.0195974 0.06985 
v 0.120565 0.0192222 0.06985 
v 0.124575 0.0165835 0.06985 
v 0.120802 0.0170515 0.06985 
v 0.118647 0.0193262 0.06985 
v 0.119281 0.0195788 0.06985 
v 0.120802 0.018973 0.06985 
v 0.121125 0.0180123 0.06985 
v 0.121088 0.0183535 0.06985 
v 0.120979 0.0173457 0.06985 
v 0.121088 0.017671 0.06985 
v 0.11895 0.019487 0.06985 
v 0.118385 0.0169205 0.06985 
v 0.118647 0.0166983 0.06985 
v 0.120979 0.0186788 0.06985 
v 0.118033 0.0175054 0.06985 
v 0.118177 0.0171938 0.06985 
v 0.11796 0.0181839 0.06985 
v 0.11796 0.0178406 0.06985 
v 0.118033 0.0185191 0.06985 
v 0.119689 0.0116978 0.06985 
v 0.115588 0.0088257 0.06985 
v 0.11255 0.00669873 0.06985 
v 0.111638 0.00627322 0.06985 
v 0.109406 0.00523267 0.06985 
v 0.106231 0.00375214 0.06985 
v 0.104993 0.003175 0.06985 
v 0.104651 0.00301537 0.06985 
v 0.102181 0.00235354 0.06985 
v 0.0962324 0.000759612 0.06985 
v 0.093355 0.000507872 0.06985 
v 0.0915333 0.000348497 0.06985 
v 0.08755 0 0.06985 
v 0.056775 0 0.06985 
v 0.05 0 0.06985 
v 0.0413176 0.000759612 0.06985 
v 0.0460167 0.000348497 0.06985 
v 0.03902 0.00137525 0.06985 
v 0.035369 0.00235354 0.06985 
v 0.032899 0.00301537 0.06985 
v 0.0325567 0.003175 0.06985 
v 0.028144 0.00523267 0.06985 
v 0.0259125 0.00627322 0.06985 
v 0.025 0.00669873 0.06985 
v 0.0178606 0.0116978 0.06985 
v 0.014996 0.0145624 0.06985 
v 0.0180982 0.0164271 0.06985 
v 0.0177554 0.0164457 0.06985 
v 0.0174247 0.0165375 0.06985 
v 0.018437 0.0164826 0.06985 
v 0.0129749 0.0165835 0.06985 
v 0.016652 0.0171938 0.06985 
v 0.0168597 0.019104 0.06985 
v 0.016652 0.0188307 0.06985 
v 0.0195626 0.0183535 0.06985 
v 0.019453 0.0186788 0.06985 
v 0.0195626 0.017671 0.06985 
v 0.0195998 0.0180123 0.06985 
v 0.0171214 0.0166983 0.06985 
v 0.0168597 0.0169205 0.06985 
v 0.0171214 0.0193262 0.06985 
v 0.0180982 0.0195974 0.06985 
v 0.0192761 0.018973 0.06985 
v 0.01904 0.0168023 0.06985 
v 0.0192761 0.0170515 0.06985 
v 0.0164341 0.0178406 0.06985 
v 0.0165079 0.0175054 0.06985 
v 0.0174247 0.019487 0.06985 
v 0.0177554 0.0195788 0.06985 
v 0.0187559 0.0194148 0.06985 
v 0.018437 0.0195419 0.06985 
v 0.019453 0.0173457 0.06985 
v 0.01904 0.0192222 0.06985 
v 0.0187559 0.0166097 0.06985 
v 0.0165079 0.0185191 0.06985 
v 0.0164341 0.0181839 0.06985 
v 0.0116978 0.0178606 0.06985 
v 0.00669873 0.025 0.06985 
v 0.003175 0.0325567 0.06985 
v 0.00955216 0.0209249 0.06985 
v 0.00301537 0.032899 0.06985 
v 0.00279069 0.0337375 0.06985 
v 0.000759612 0.0413176 0.06985 
v 0.0129749 0.062685 0.06985 
v 0.012 0.061085 0.06985 
v 0.003175 0.0571407 0.06985 
v 0.0088 0.061085 0.06985 
v 0.003175 0.062685 0.06985 
v 0.0088 0.062685 0.06985 
v 0.0132 0.066685 0.06985 
v 0.0132 0.062685 0.06985 
v 0.00802345 0.0761927 0.06985 
v 0.0086811 0.0760101 0.06985 
v 0.0083622 0.0761371 0.06985 
v 0.012 0.068285 0.06985 
v 0.00948789 0.0742662 0.06985 
v 0.009525 0.0746075 0.06985 
v 0.00704662 0.0759215 0.06985 
v 0.00678498 0.0756992 0.06985 
v 0.003175 0.07937 0.06985 
v 0.00768067 0.0761741 0.06985 
v 0.00896523 0.0758174 0.06985 
v 0.00937828 0.0752741 0.06985 
v 0.0092013 0.0755682 0.06985 
v 0.00948789 0.0749488 0.06985 
v 0.00937828 0.0739409 0.06985 
v 0.00896523 0.0733976 0.06985 
v 0.0092013 0.0736468 0.06985 
v 0.0088 0.068285 0.06985 
v 0.0083622 0.0730779 0.06985 
v 0.00734991 0.0731327 0.06985 
v 0.00768067 0.0730409 0.06985 
v 0.00734991 0.0760823 0.06985 
v 0.0086811 0.0732049 0.06985 
v 0.00802345 0.0730223 0.06985 
v 0.00704662 0.0732935 0.06985 
v 0.00657724 0.0737891 0.06985 
v 0.00678498 0.0735158 0.06985 
v 0.0064331 0.0741006 0.06985 
v 0.00657724 0.0754259 0.06985 
v 0.0064331 0.0751144 0.06985 
v 0.00635931 0.0744359 0.06985 
v 0.00635931 0.0747791 0.06985 
v 0.003175 0.066685 0.06985 
v 0.0129749 0.066685 0.06985 
v 0.012 0.066685 0.06985 
v -2.77556e-17 0.0811082 0.06985 
v -2.50951e-17 0.10874 0.06985 
v 0.0129749 0.121425 0.06985 
v 0.012 0.119825 0.06985 
v 0.003175 0.114023 0.06985 
v 0.0088 0.119825 0.06985 
v 0.003175 0.121425 0.06985 
v 0.0088 0.121425 0.06985 
v 0.0132 0.125425 0.06985 
v 0.0132 0.121425 0.06985 
v 0.012 0.127025 0.06985 
v 0.0088 0.127025 0.06985 
v 0.003175 0.125425 0.06985 
v 0.003175 0.13811 0.06985 
v 0.0129749 0.125425 0.06985 
v 0.012 0.125425 0.06985 
v -2.77556e-17 0.143932 0.06985 
v -3.89729e-17 0.16748 0.06985 
v 0.0129749 0.180165 0.06985 
v 0.012 0.178565 0.06985 
v 0.0088 0.178565 0.06985 
v 0.003175 0.180165 0.06985 
v 0.0088 0.180165 0.06985 
v 0.003175 0.184165 0.06985 
v 0.003175 0.189587 0.06985 
v 0.0088 0.185765 0.06985 
v 0.012 0.185765 0.06985 
v 0.0129749 0.184165 0.06985 
v 0.012 0.184165 0.06985 
v 0.003175 0.19685 0.06985 
v 0.0129749 0.19685 0.06985 
v 0.0259125 0.19685 0.06985 
v 0.02751 0.19685 0.06985 
v 0.05502 0.19685 0.06985 
v 0.05502 0.2032 0.06985 
v 0.056775 0.19685 0.06985 
v 0.0777668 0.19685 0.06985 
v 0.08253 0.19685 0.06985 
v 0.11004 0.19685 0.06985 
v 0.11004 0.2032 0.06985 
v 0.111638 0.19685 0.06985 
v 0.115588 0.19685 0.06985 
v 0.124575 0.19685 0.06985 
v 0.134375 0.19685 0.06985 
v 0.134375 0.196794 0.06985 
v 0.134375 0.189587 0.06985 
v 0.124575 0.184165 0.06985 
v 0.12555 0.185765 0.06985 
v 0.12875 0.185765 0.06985 
v 0.134375 0.184165 0.06985 
v 0.12875 0.184165 0.06985 
v 0.12435 0.180165 0.06985 
v 0.12435 0.184165 0.06985 
v 0.12555 0.178565 0.06985 
v 0.12875 0.178565 0.06985 
v 0.124575 0.180165 0.06985 
v 0.12555 0.180165 0.06985 
v 0.134375 0.180165 0.06985 
v 0.0275093 0.167156 0.06985 
v 0.0275093 0.166812 0.06985 
v 0.0275831 0.166477 0.06985 
v 0.0277272 0.166165 0.06985 
v 0.0275831 0.167491 0.06985 
v 0.027935 0.168076 0.06985 
v 0.0277272 0.167802 0.06985 
v 0.027935 0.165892 0.06985 
v 0.028144 0.165715 0.06985 
v 0.028144 0.168253 0.06985 
v 0.0305283 0.166317 0.06985 
v 0.0306379 0.166643 0.06985 
v 0.030675 0.166984 0.06985 
v 0.0303513 0.166023 0.06985 
v 0.0298311 0.165581 0.06985 
v 0.0301152 0.165774 0.06985 
v 0.0291734 0.165399 0.06985 
v 0.0295122 0.165454 0.06985 
v 0.0284999 0.165509 0.06985 
v 0.0288307 0.165417 0.06985 
v 0.0281966 0.16567 0.06985 
v 0.0284999 0.168459 0.06985 
v 0.0281966 0.168298 0.06985 
v 0.0291734 0.168569 0.06985 
v 0.0288307 0.168551 0.06985 
v 0.0298311 0.168387 0.06985 
v 0.0295122 0.168514 0.06985 
v 0.0303513 0.167945 0.06985 
v 0.0301152 0.168194 0.06985 
v 0.0306379 0.167325 0.06985 
v 0.0305283 0.167651 0.06985 
v 0.108206 0.0860423 0.06985 
v 0.107875 0.0861342 0.06985 
v 0.106958 0.087102 0.06985 
v 0.107102 0.0867905 0.06985 
v 0.106958 0.0881158 0.06985 
v 0.106884 0.0877806 0.06985 
v 0.108548 0.0891941 0.06985 
v 0.107572 0.086295 0.06985 
v 0.10731 0.0865172 0.06985 
v 0.10731 0.0887007 0.06985 
v 0.107102 0.0884274 0.06985 
v 0.108206 0.0891755 0.06985 
v 0.106884 0.0874373 0.06985 
v 0.107572 0.0889229 0.06985 
v 0.107875 0.0890837 0.06985 
v 0.108548 0.0860238 0.06985 
v 0.108887 0.0860793 0.06985 
v 0.109206 0.0862064 0.06985 
v 0.109206 0.0890115 0.06985 
v 0.108887 0.0891386 0.06985 
v 0.109406 0.088876 0.06985 
v 0.10949 0.0888189 0.06985 
v 0.109406 0.0863419 0.06985 
v 0.109726 0.0885697 0.06985 
v 0.11005 0.0876089 0.06985 
v 0.10949 0.086399 0.06985 
v 0.109903 0.0882755 0.06985 
v 0.110013 0.0879502 0.06985 
v 0.109903 0.0869424 0.06985 
v 0.110013 0.0872677 0.06985 
v 0.109726 0.0866482 0.06985 
v 0.0132 0.180165 0.06985 
v 0.0243343 0.179855 0.06985 
v 0.0243343 0.179512 0.06985 
v 0.0132 0.184165 0.06985 
v 0.0244081 0.18019 0.06985 
v 0.0253249 0.178209 0.06985 
v 0.0256557 0.178117 0.06985 
v 0.0250216 0.17837 0.06985 
v 0.0244081 0.179177 0.06985 
v 0.0245522 0.178865 0.06985 
v 0.02476 0.180775 0.06985 
v 0.0245522 0.180502 0.06985 
v 0.0259125 0.181264 0.06985 
v 0.0256557 0.18125 0.06985 
v 0.02476 0.178592 0.06985 
v 0.0250216 0.180997 0.06985 
v 0.0253249 0.181158 0.06985 
v 0.0259125 0.178103 0.06985 
v 0.0275 0.179684 0.06985 
v 0.0274629 0.179342 0.06985 
v 0.0271763 0.178723 0.06985 
v 0.0273533 0.179017 0.06985 
v 0.0263372 0.178154 0.06985 
v 0.0266561 0.178281 0.06985 
v 0.0269402 0.178474 0.06985 
v 0.0259984 0.178098 0.06985 
v 0.0263372 0.181213 0.06985 
v 0.0259984 0.181269 0.06985 
v 0.0271763 0.180644 0.06985 
v 0.0269402 0.180893 0.06985 
v 0.0274629 0.180025 0.06985 
v 0.0273533 0.18035 0.06985 
v 0.0266561 0.181086 0.06985 
v 0.105596 0.194146 0.06985 
v 0.105596 0.193803 0.06985 
v 0.106022 0.192883 0.06985 
v 0.106231 0.192705 0.06985 
v 0.10567 0.193468 0.06985 
v 0.105814 0.193156 0.06985 
v 0.10567 0.194481 0.06985 
v 0.106022 0.195066 0.06985 
v 0.105814 0.194793 0.06985 
v 0.106231 0.195244 0.06985 
v 0.108725 0.193633 0.06985 
v 0.108762 0.193975 0.06985 
v 0.106587 0.195449 0.06985 
v 0.106284 0.195288 0.06985 
v 0.10726 0.19556 0.06985 
v 0.106918 0.195541 0.06985 
v 0.107599 0.195504 0.06985 
v 0.108725 0.194316 0.06985 
v 0.108615 0.194641 0.06985 
v 0.108615 0.193308 0.06985 
v 0.10726 0.192389 0.06985 
v 0.106587 0.1925 0.06985 
v 0.106918 0.192408 0.06985 
v 0.106284 0.192661 0.06985 
v 0.107918 0.195377 0.06985 
v 0.108438 0.194935 0.06985 
v 0.108202 0.195184 0.06985 
v 0.108438 0.193014 0.06985 
v 0.107918 0.192572 0.06985 
v 0.108202 0.192765 0.06985 
v 0.107599 0.192445 0.06985 
v 0.110059 0.179855 0.06985 
v 0.11105 0.178209 0.06985 
v 0.110059 0.179512 0.06985 
v 0.111381 0.178117 0.06985 
v 0.110133 0.179177 0.06985 
v 0.110277 0.178865 0.06985 
v 0.110133 0.18019 0.06985 
v 0.111638 0.181264 0.06985 
v 0.111381 0.18125 0.06985 
v 0.110747 0.17837 0.06985 
v 0.110485 0.180775 0.06985 
v 0.110277 0.180502 0.06985 
v 0.110485 0.178592 0.06985 
v 0.11105 0.181158 0.06985 
v 0.110747 0.180997 0.06985 
v 0.113188 0.180025 0.06985 
v 0.112062 0.181213 0.06985 
v 0.113078 0.18035 0.06985 
v 0.113078 0.179017 0.06985 
v 0.113188 0.179342 0.06985 
v 0.112062 0.178154 0.06985 
v 0.112381 0.178281 0.06985 
v 0.112381 0.181086 0.06985 
v 0.112901 0.180644 0.06985 
v 0.112665 0.180893 0.06985 
v 0.113225 0.179684 0.06985 
v 0.112901 0.178723 0.06985 
v 0.112665 0.178474 0.06985 
v 0.111723 0.178098 0.06985 
v 0.111723 0.181269 0.06985 
v 0.111638 0.178103 0.06985 
v 0.0479944 0.176812 0.06985 
v 0.0483252 0.17672 0.06985 
v 0.0474295 0.177195 0.06985 
v 0.0476911 0.176973 0.06985 
v 0.0486679 0.176701 0.06985 
v 0.0490067 0.176757 0.06985 
v 0.0472754 0.177398 0.06985 
v 0.0498458 0.177326 0.06985 
v 0.0498889 0.177398 0.06985 
v 0.0493256 0.176884 0.06985 
v 0.0496097 0.177077 0.06985 
v 0.0470776 0.17778 0.06985 
v 0.0472217 0.177468 0.06985 
v 0.0470776 0.178793 0.06985 
v 0.0470038 0.178115 0.06985 
v 0.0472217 0.179105 0.06985 
v 0.0501324 0.178628 0.06985 
v 0.0500228 0.178953 0.06985 
v 0.0501324 0.177945 0.06985 
v 0.0501695 0.178287 0.06985 
v 0.0470038 0.178458 0.06985 
v 0.0474295 0.179378 0.06985 
v 0.0479944 0.179761 0.06985 
v 0.0476911 0.1796 0.06985 
v 0.0486679 0.179872 0.06985 
v 0.0483252 0.179853 0.06985 
v 0.0498458 0.179247 0.06985 
v 0.0496097 0.179496 0.06985 
v 0.0490067 0.179816 0.06985 
v 0.0500228 0.17762 0.06985 
v 0.0493256 0.179689 0.06985 
v 0.098775 0.04135 0.06985 
v 0.098775 0.0337375 0.06985 
v 0.092425 0.04135 0.06985 
v 0.093355 0.04135 0.06985 
v 0.093355 0.02225 0.06985 
v 0.092425 0.02225 0.06985 
v 0.092425 0.0318 0.06985 
v 0.092425 0.0337375 0.06985 
v 0.093355 0.0318 0.06985 
v 0.098775 0.0318 0.06985 
v 0.098775 0.02225 0.06985 
v 0.045125 0.04135 0.06985 
v 0.045125 0.0337375 0.06985 
v 0.038775 0.04135 0.06985 
v 0.03902 0.04135 0.06985 
v 0.045125 0.0145624 0.06985 
v 0.0460167 0.0127 0.06985 
v 0.045125 0.0209249 0.06985 
v 0.03902 0.0318 0.06985 
v 0.045125 0.0318 0.06985 
v 0.045125 0.02225 0.06985 
v 0.03902 0.02225 0.06985 
v 0.038775 0.0318 0.06985 
v 0.038775 0.02225 0.06985 
v 0.038775 0.0337375 0.06985 
v 0.038775 0.0209249 0.06985 
v 0.038775 0.0145624 0.06985 
v 0.038775 0.00635 0.06985 
v 0.03902 0.00635 0.06985 
v 0.0460167 0.00635 0.06985 
v 0.050775 0.00635 0.06985 
v 0.050775 0.0127 0.06985 
v 0.045125 0.0127 0.06985 
v 0.12875 0.180165 0.06985 
v 0.12555 0.184165 0.06985 
v 0.08253 0.2032 0.06985 
v 0.02751 0.2032 0.06985 
v 0.0088 0.184165 0.06985 
v 0.012 0.180165 0.06985 
v -3.04161e-17 0.13811 0.06985 
v 0.0088 0.125425 0.06985 
v 0.012 0.121425 0.06985 
v -3.04161e-17 0.07937 0.06985 
v 0.0088 0.066685 0.06985 
v 0.012 0.062685 0.06985 
v -2.50951e-17 0.05 0.06985 
v 0.12875 0.062685 0.06985 
v 0.12555 0.066685 0.06985 
v 0.13755 0.10874 0.06985 
v 0.12875 0.121425 0.06985 
v 0.12555 0.125425 0.06985 
v 0.13755 0.16748 0.06985 
v 0.0982129 0.172635 0.06985 
v 0.054775 0.135675 0.06985 
v 0.082775 0.0571407 0.06985 
v 0.098775 0.0145624 0.06985 
v 0.003175 0.172635 0.06985 
v 0.035369 0.196794 0.06985 
v 0.03902 0.196794 0.06985 
v 0.0460167 0.196794 0.06985 
v 0.0870777 0.196794 0.06985 
v 0.0915333 0.196794 0.06985 
v 0.093355 0.196794 0.06985 
v 0.102181 0.196794 0.06985 
v 0.106231 0.196794 0.06985 
v 0.109406 0.196794 0.06985 
v 0.0129749 0.196794 0.06985 
v 0.0129749 0.189587 0.06985 
v 0.0259125 0.196794 0.06985 
v 0.0259125 0.189587 0.06985 
v 0.028144 0.196794 0.06985 
v 0.028144 0.189587 0.06985 
v 0.035369 0.189587 0.06985 
v 0.03902 0.189587 0.06985 
v 0.0460167 0.189587 0.06985 
v 0.056775 0.196794 0.06985 
v 0.056775 0.189587 0.06985 
v 0.0777668 0.196794 0.06985 
v 0.0777668 0.189587 0.06985 
v 0.0837668 0.196794 0.06985 
v 0.0837668 0.189587 0.06985 
v 0.0870777 0.189587 0.06985 
v 0.0915333 0.189587 0.06985 
v 0.093355 0.189587 0.06985 
v 0.102181 0.189587 0.06985 
v 0.111638 0.196794 0.06985 
v 0.111638 0.189587 0.06985 
v 0.115588 0.196794 0.06985 
v 0.115588 0.189587 0.06985 
v 0.124575 0.196794 0.06985 
v 0.124575 0.189587 0.06985 
v 0.035369 0.177398 0.06985 
v 0.03902 0.177398 0.06985 
v 0.0460167 0.177398 0.06985 
v 0.0777668 0.177398 0.06985 
v 0.106231 0.189587 0.06985 
v 0.106231 0.177398 0.06985 
v 0.109406 0.189587 0.06985 
v 0.109406 0.177398 0.06985 
v 0.0129749 0.177398 0.06985 
v 0.0129749 0.172635 0.06985 
v 0.0259125 0.177398 0.06985 
v 0.0259125 0.172635 0.06985 
v 0.028144 0.177398 0.06985 
v 0.028144 0.172635 0.06985 
v 0.035369 0.172635 0.06985 
v 0.03902 0.172635 0.06985 
v 0.0460167 0.172635 0.06985 
v 0.056775 0.177398 0.06985 
v 0.0777668 0.172635 0.06985 
v 0.102181 0.177398 0.06985 
v 0.106231 0.172635 0.06985 
v 0.109406 0.172635 0.06985 
v 0.111638 0.177398 0.06985 
v 0.111638 0.172635 0.06985 
v 0.115588 0.177398 0.06985 
v 0.115588 0.172635 0.06985 
v 0.124575 0.177398 0.06985 
v 0.124575 0.172635 0.06985 
v 0.0129749 0.143932 0.06985 
v 0.003175 0.143932 0.06985 
v 0.0259125 0.143932 0.06985 
v 0.03902 0.143932 0.06985 
v 0.0460167 0.143932 0.06985 
v 0.056775 0.172635 0.06985 
v 0.056775 0.143932 0.06985 
v 0.0777668 0.143932 0.06985 
v 0.102181 0.172635 0.06985 
v 0.106231 0.143932 0.06985 
v 0.115588 0.143932 0.06985 
v 0.124575 0.143932 0.06985 
v 0.028144 0.143932 0.06985 
v 0.028144 0.114023 0.06985 
v 0.035369 0.143932 0.06985 
v 0.035369 0.114023 0.06985 
v 0.03902 0.114023 0.06985 
v 0.0460167 0.114023 0.06985 
v 0.0915333 0.143932 0.06985 
v 0.093355 0.143932 0.06985 
v 0.093355 0.114023 0.06985 
v 0.102181 0.143932 0.06985 
v 0.102181 0.114023 0.06985 
v 0.106231 0.114023 0.06985 
v 0.109406 0.143932 0.06985 
v 0.109406 0.114023 0.06985 
v 0.111638 0.143932 0.06985 
v 0.111638 0.114023 0.06985 
v 0.115588 0.114023 0.06985 
v 0.0129749 0.0811082 0.06985 
v 0.003175 0.0811082 0.06985 
v 0.0129749 0.114023 0.06985 
v 0.0259125 0.114023 0.06985 
v 0.0259125 0.0811082 0.06985 
v 0.03902 0.0811082 0.06985 
v 0.0460167 0.0811082 0.06985 
v 0.0837668 0.114023 0.06985 
v 0.0870777 0.114023 0.06985 
v 0.0870777 0.0811082 0.06985 
v 0.0915333 0.114023 0.06985 
v 0.0915333 0.0811082 0.06985 
v 0.093355 0.0811082 0.06985 
v 0.102181 0.0811082 0.06985 
v 0.106231 0.0811082 0.06985 
v 0.115588 0.0811082 0.06985 
v 0.124575 0.114023 0.06985 
v 0.124575 0.0811082 0.06985 
v 0.028144 0.0811082 0.06985 
v 0.028144 0.0571407 0.06985 
v 0.035369 0.0811082 0.06985 
v 0.035369 0.0571407 0.06985 
v 0.03902 0.0571407 0.06985 
v 0.0460167 0.0571407 0.06985 
v 0.0837668 0.0811082 0.06985 
v 0.0870777 0.0571407 0.06985 
v 0.0915333 0.0571407 0.06985 
v 0.093355 0.0571407 0.06985 
v 0.102181 0.0571407 0.06985 
v 0.106231 0.0571407 0.06985 
v 0.109406 0.0811082 0.06985 
v 0.109406 0.0571407 0.06985 
v 0.111638 0.0811082 0.06985 
v 0.111638 0.0571407 0.06985 
v 0.115588 0.0571407 0.06985 
v 0.0129749 0.0337375 0.06985 
v 0.003175 0.0337375 0.06985 
v 0.0129749 0.0571407 0.06985 
v 0.0259125 0.0571407 0.06985 
v 0.0259125 0.0337375 0.06985 
v 0.028144 0.0337375 0.06985 
v 0.035369 0.0337375 0.06985 
v 0.0837668 0.0571407 0.06985 
v 0.0870777 0.0337375 0.06985 
v 0.0915333 0.0337375 0.06985 
v 0.106231 0.0337375 0.06985 
v 0.109406 0.0337375 0.06985 
v 0.111638 0.0337375 0.06985 
v 0.115588 0.0337375 0.06985 
v 0.124575 0.0571407 0.06985 
v 0.124575 0.0337375 0.06985 
v 0.0259125 0.0209249 0.06985 
v 0.028144 0.0209249 0.06985 
v 0.035369 0.0209249 0.06985 
v 0.0460167 0.0337375 0.06985 
v 0.056775 0.0337375 0.06985 
v 0.056775 0.0209249 0.06985 
v 0.0777668 0.0337375 0.06985 
v 0.0777668 0.0209249 0.06985 
v 0.0837668 0.0337375 0.06985 
v 0.0837668 0.0209249 0.06985 
v 0.0870777 0.0209249 0.06985 
v 0.0915333 0.0209249 0.06985 
v 0.102181 0.0337375 0.06985 
v 0.106231 0.0209249 0.06985 
v 0.109406 0.0209249 0.06985 
v 0.111638 0.0209249 0.06985 
v 0.115588 0.0209249 0.06985 
v 0.124575 0.0209249 0.06985 
v 0.028144 0.0145624 0.06985 
v 0.035369 0.0145624 0.06985 
v 0.0460167 0.0209249 0.06985 
v 0.056775 0.0145624 0.06985 
v 0.0777668 0.0145624 0.06985 
v 0.0837668 0.0145624 0.06985 
v 0.0870777 0.0145624 0.06985 
v 0.0915333 0.0145624 0.06985 
v 0.102181 0.0209249 0.06985 
v 0.106231 0.0145624 0.06985 
v 0.109406 0.0145624 0.06985 
v 0.111638 0.0145624 0.06985 
v 0.115588 0.0145624 0.06985 
v 0.0777668 0.003175 0.06985 
v 0.056775 0.003175 0.06985 
v 0.0837668 0.003175 0.06985 
v 0.0870777 0.003175 0.06985 
v 0.0915333 0.003175 0.06985 
v 0.093355 0.003175 0.06985 
v 0.102181 0.0145624 0.06985 
v 0.102181 0.003175 0.06985 
v 0.0870777 0.143932 0.06985 
v 0.0837668 0.143932 0.06985 
v 0.0460167 0.003175 0.06985 
v 0.03902 0.003175 0.06985 
v 0.035369 0.003175 0.06985 
v 0.0259125 0.0145624 0.06985 
v 0.0129749 0.0209249 0.06985 
v 0.0460167 0.0145624 0.06985 
v 0.056775 0 0.0762 
v 0.0777668 0 0.0762 
v 0.0837668 0 0.0762 
v 0.0870778 0 0.0762 
v 0.062775 0.0127 0.0762 
v 0.062775 0.00635 0.0762 
v 0.074775 0.00635 0.0762 
v 0.074775 0.0127 0.0762 
v 0.003175 0.05 0.0762 
v 0.003175 0.0571407 0.0762 
v 0.0890539 0.0729337 0.0762 
v 0.0887112 0.0760854 0.0762 
v 0.0890539 0.076104 0.0762 
v 0.0878155 0.0734271 0.0762 
v 0.0876077 0.0737004 0.0762 
v 0.0887112 0.0729522 0.0762 
v 0.0897116 0.0759214 0.0762 
v 0.0899957 0.0757288 0.0762 
v 0.0893927 0.0760485 0.0762 
v 0.0883804 0.0759936 0.0762 
v 0.0874636 0.0750257 0.0762 
v 0.0876077 0.0753373 0.0762 
v 0.0873898 0.0743472 0.0762 
v 0.0873898 0.0746905 0.0762 
v 0.0874636 0.0740119 0.0762 
v 0.0880771 0.0732049 0.0762 
v 0.0883804 0.0730441 0.0762 
v 0.0880771 0.0758328 0.0762 
v 0.0878155 0.0756105 0.0762 
v 0.0897116 0.0731162 0.0762 
v 0.0893927 0.0729892 0.0762 
v 0.0902318 0.0735581 0.0762 
v 0.0899957 0.0733089 0.0762 
v 0.0904088 0.0751854 0.0762 
v 0.0905184 0.0748601 0.0762 
v 0.0902318 0.0754795 0.0762 
v 0.0905555 0.0745188 0.0762 
v 0.0904088 0.0738523 0.0762 
v 0.0905184 0.0741776 0.0762 
v 0.003175 0.10874 0.0762 
v 0.003175 0.114023 0.0762 
v 0.003175 0.16748 0.0762 
v 0.003175 0.172635 0.0762 
v 0.003175 0.177398 0.0762 
v 0.003175 0.196794 0.0762 
v 0.003175 0.189587 0.0762 
v 0.0287973 0.194146 0.0762 
v 0.0288711 0.194481 0.0762 
v 0.0297879 0.195449 0.0762 
v 0.0301186 0.195541 0.0762 
v 0.0290152 0.194793 0.0762 
v 0.0287973 0.193803 0.0762 
v 0.0316393 0.193014 0.0762 
v 0.0314032 0.192765 0.0762 
v 0.031963 0.193975 0.0762 
v 0.0294846 0.195288 0.0762 
v 0.0290152 0.193156 0.0762 
v 0.0288711 0.193468 0.0762 
v 0.0297879 0.1925 0.0762 
v 0.0294846 0.192661 0.0762 
v 0.0304614 0.192389 0.0762 
v 0.0301186 0.192408 0.0762 
v 0.0308002 0.192445 0.0762 
v 0.0318162 0.193308 0.0762 
v 0.0319258 0.193633 0.0762 
v 0.0304614 0.19556 0.0762 
v 0.0292229 0.195066 0.0762 
v 0.0311191 0.192572 0.0762 
v 0.0311191 0.195377 0.0762 
v 0.0314032 0.195184 0.0762 
v 0.0308002 0.195504 0.0762 
v 0.0292229 0.192883 0.0762 
v 0.0318162 0.194641 0.0762 
v 0.0319258 0.194316 0.0762 
v 0.0316393 0.194935 0.0762 
v 0.028144 0.2032 0.0762 
v 0.035369 0.2032 0.0762 
v 0.03902 0.2032 0.0762 
v 0.0460167 0.2032 0.0762 
v 0.0837668 0.2032 0.0762 
v 0.0870778 0.2032 0.0762 
v 0.0915333 0.2032 0.0762 
v 0.093355 0.2032 0.0762 
v 0.094285 0.200025 0.0762 
v 0.0943318 0.200455 0.0762 
v 0.0943318 0.199595 0.0762 
v 0.0949902 0.201549 0.0762 
v 0.0953482 0.201792 0.0762 
v 0.0944698 0.200865 0.0762 
v 0.0944698 0.199185 0.0762 
v 0.102181 0.2032 0.0762 
v 0.0970253 0.201883 0.0762 
v 0.0974074 0.20168 0.0762 
v 0.0961767 0.202022 0.0762 
v 0.0966086 0.201999 0.0762 
v 0.0946928 0.201235 0.0762 
v 0.0949902 0.198501 0.0762 
v 0.0946928 0.198815 0.0762 
v 0.0957499 0.198098 0.0762 
v 0.0953482 0.198258 0.0762 
v 0.0981803 0.200664 0.0762 
v 0.0982733 0.200241 0.0762 
v 0.097737 0.2014 0.0762 
v 0.0966086 0.198051 0.0762 
v 0.097737 0.19865 0.0762 
v 0.0974074 0.19837 0.0762 
v 0.098285 0.200025 0.0762 
v 0.0979987 0.201056 0.0762 
v 0.0957499 0.201952 0.0762 
v 0.0961767 0.198028 0.0762 
v 0.0970253 0.198167 0.0762 
v 0.0979987 0.198994 0.0762 
v 0.0982733 0.199809 0.0762 
v 0.0981803 0.199386 0.0762 
v 0.106231 0.2032 0.0762 
v 0.098775 0.0209249 0.0762 
v 0.098775 0.0145624 0.0762 
v 0.098775 0.00635 0.0762 
v 0.0915333 0.00635 0.0762 
v 0.0870778 0.00635 0.0762 
v 0.086775 0.0127 0.0762 
v 0.086775 0.00635 0.0762 
v 0.0870778 0.0127 0.0762 
v 0.0915333 0.0127 0.0762 
v 0.092425 0.0127 0.0762 
v 0.092425 0.0145624 0.0762 
v 0.038775 0.04135 0.0762 
v 0.038775 0.0337375 0.0762 
v 0.045125 0.04135 0.0762 
v 0.03902 0.04135 0.0762 
v 0.098775 0.04135 0.0762 
v 0.093355 0.04135 0.0762 
v 0.093355 0.02225 0.0762 
v 0.098775 0.02225 0.0762 
v 0.098775 0.0318 0.0762 
v 0.098775 0.0337375 0.0762 
v 0.093355 0.0318 0.0762 
v 0.092425 0.02225 0.0762 
v 0.092425 0.0318 0.0762 
v 0.092425 0.0209249 0.0762 
v 0.092425 0.04135 0.0762 
v 0.092425 0.0337375 0.0762 
v 0.0479944 0.176812 0.0762 
v 0.0476911 0.176973 0.0762 
v 0.0486679 0.176701 0.0762 
v 0.0483252 0.17672 0.0762 
v 0.0474295 0.177195 0.0762 
v 0.0472754 0.177398 0.0762 
v 0.0490067 0.176757 0.0762 
v 0.0493256 0.176884 0.0762 
v 0.0498458 0.177326 0.0762 
v 0.0496097 0.177077 0.0762 
v 0.0498889 0.177398 0.0762 
v 0.0470038 0.178458 0.0762 
v 0.0470776 0.178793 0.0762 
v 0.0501324 0.178628 0.0762 
v 0.0501695 0.178287 0.0762 
v 0.0500228 0.178953 0.0762 
v 0.0472217 0.179105 0.0762 
v 0.0472217 0.177468 0.0762 
v 0.0493256 0.179689 0.0762 
v 0.0496097 0.179496 0.0762 
v 0.0479944 0.179761 0.0762 
v 0.0483252 0.179853 0.0762 
v 0.0474295 0.179378 0.0762 
v 0.0476911 0.1796 0.0762 
v 0.0470038 0.178115 0.0762 
v 0.0470776 0.17778 0.0762 
v 0.0501324 0.177945 0.0762 
v 0.0498458 0.179247 0.0762 
v 0.0486679 0.179872 0.0762 
v 0.0490067 0.179816 0.0762 
v 0.0500228 0.17762 0.0762 
v 0.110059 0.179512 0.0762 
v 0.110059 0.179855 0.0762 
v 0.111381 0.18125 0.0762 
v 0.11105 0.181158 0.0762 
v 0.110133 0.18019 0.0762 
v 0.110277 0.180502 0.0762 
v 0.110133 0.179177 0.0762 
v 0.111381 0.178117 0.0762 
v 0.11105 0.178209 0.0762 
v 0.110747 0.180997 0.0762 
v 0.110485 0.178592 0.0762 
v 0.110277 0.178865 0.0762 
v 0.111638 0.178103 0.0762 
v 0.110485 0.180775 0.0762 
v 0.110747 0.17837 0.0762 
v 0.113078 0.18035 0.0762 
v 0.113188 0.180025 0.0762 
v 0.112381 0.178281 0.0762 
v 0.113225 0.179684 0.0762 
v 0.113188 0.179342 0.0762 
v 0.112901 0.180644 0.0762 
v 0.111723 0.181269 0.0762 
v 0.112062 0.181213 0.0762 
v 0.112062 0.178154 0.0762 
v 0.112901 0.178723 0.0762 
v 0.112665 0.178474 0.0762 
v 0.113078 0.179017 0.0762 
v 0.112381 0.181086 0.0762 
v 0.112665 0.180893 0.0762 
v 0.111723 0.178098 0.0762 
v 0.111638 0.181264 0.0762 
v 0.105596 0.193803 0.0762 
v 0.106022 0.195066 0.0762 
v 0.106231 0.195244 0.0762 
v 0.10567 0.194481 0.0762 
v 0.105814 0.194793 0.0762 
v 0.105596 0.194146 0.0762 
v 0.10567 0.193468 0.0762 
v 0.106022 0.192883 0.0762 
v 0.105814 0.193156 0.0762 
v 0.106231 0.192705 0.0762 
v 0.108762 0.193975 0.0762 
v 0.106587 0.1925 0.0762 
v 0.106284 0.192661 0.0762 
v 0.10726 0.192389 0.0762 
v 0.106918 0.192408 0.0762 
v 0.107599 0.192445 0.0762 
v 0.108725 0.193633 0.0762 
v 0.108438 0.194935 0.0762 
v 0.108615 0.194641 0.0762 
v 0.10726 0.19556 0.0762 
v 0.106587 0.195449 0.0762 
v 0.106918 0.195541 0.0762 
v 0.106284 0.195288 0.0762 
v 0.107918 0.192572 0.0762 
v 0.108438 0.193014 0.0762 
v 0.108202 0.192765 0.0762 
v 0.108615 0.193308 0.0762 
v 0.108725 0.194316 0.0762 
v 0.107918 0.195377 0.0762 
v 0.108202 0.195184 0.0762 
v 0.107599 0.195504 0.0762 
v 0.0274629 0.180025 0.0762 
v 0.0275 0.179684 0.0762 
v 0.0266561 0.178281 0.0762 
v 0.0263372 0.178154 0.0762 
v 0.0274629 0.179342 0.0762 
v 0.0273533 0.179017 0.0762 
v 0.0271763 0.178723 0.0762 
v 0.0269402 0.178474 0.0762 
v 0.0259984 0.178098 0.0762 
v 0.0271763 0.180644 0.0762 
v 0.0273533 0.18035 0.0762 
v 0.0266561 0.181086 0.0762 
v 0.0269402 0.180893 0.0762 
v 0.0259984 0.181269 0.0762 
v 0.0263372 0.181213 0.0762 
v 0.0259125 0.181264 0.0762 
v 0.108206 0.168551 0.0762 
v 0.107875 0.168459 0.0762 
v 0.106884 0.166812 0.0762 
v 0.106884 0.167156 0.0762 
v 0.106958 0.166477 0.0762 
v 0.108548 0.165399 0.0762 
v 0.108548 0.168569 0.0762 
v 0.108887 0.168514 0.0762 
v 0.107572 0.168298 0.0762 
v 0.106958 0.167491 0.0762 
v 0.107102 0.167802 0.0762 
v 0.108206 0.165417 0.0762 
v 0.109206 0.168387 0.0762 
v 0.10731 0.168076 0.0762 
v 0.10731 0.165892 0.0762 
v 0.107102 0.166165 0.0762 
v 0.107875 0.165509 0.0762 
v 0.109206 0.165581 0.0762 
v 0.108887 0.165454 0.0762 
v 0.107572 0.16567 0.0762 
v 0.109406 0.165717 0.0762 
v 0.11005 0.166984 0.0762 
v 0.10949 0.165774 0.0762 
v 0.110013 0.166643 0.0762 
v 0.109726 0.167945 0.0762 
v 0.109903 0.167651 0.0762 
v 0.109406 0.168251 0.0762 
v 0.109726 0.166023 0.0762 
v 0.109903 0.166317 0.0762 
v 0.110013 0.167325 0.0762 
v 0.10949 0.168194 0.0762 
v 0.0275093 0.166812 0.0762 
v 0.0275093 0.167156 0.0762 
v 0.0275831 0.166477 0.0762 
v 0.0275831 0.167491 0.0762 
v 0.0277272 0.167802 0.0762 
v 0.027935 0.165892 0.0762 
v 0.0277272 0.166165 0.0762 
v 0.027935 0.168076 0.0762 
v 0.028144 0.168253 0.0762 
v 0.028144 0.165715 0.0762 
v 0.0306379 0.166643 0.0762 
v 0.0305283 0.166317 0.0762 
v 0.0306379 0.167325 0.0762 
v 0.030675 0.166984 0.0762 
v 0.0295122 0.165454 0.0762 
v 0.0291734 0.165399 0.0762 
v 0.0303513 0.166023 0.0762 
v 0.0301152 0.165774 0.0762 
v 0.0284999 0.165509 0.0762 
v 0.0281966 0.16567 0.0762 
v 0.0288307 0.165417 0.0762 
v 0.0298311 0.165581 0.0762 
v 0.0303513 0.167945 0.0762 
v 0.0305283 0.167651 0.0762 
v 0.0298311 0.168387 0.0762 
v 0.0301152 0.168194 0.0762 
v 0.0295122 0.168514 0.0762 
v 0.0284999 0.168459 0.0762 
v 0.0288307 0.168551 0.0762 
v 0.0281966 0.168298 0.0762 
v 0.0291734 0.168569 0.0762 
v 0.12435 0.184165 0.0762 
v 0.12435 0.180165 0.0762 
v 0.124575 0.180165 0.0762 
v 0.134375 0.184165 0.0762 
v 0.134375 0.189587 0.0762 
v 0.12875 0.185765 0.0762 
v 0.12555 0.185765 0.0762 
v 0.124575 0.184165 0.0762 
v 0.12555 0.184165 0.0762 
v 0.124575 0.19685 0.0762 
v 0.134375 0.196794 0.0762 
v 0.115588 0.19685 0.0762 
v 0.111638 0.19685 0.0762 
v 0.109406 0.2032 0.0762 
v 0.11004 0.19685 0.0762 
v 0.08253 0.19685 0.0762 
v 0.08253 0.2032 0.0762 
v 0.056775 0.19685 0.0762 
v 0.05502 0.19685 0.0762 
v 0.02751 0.19685 0.0762 
v 0.02751 0.2032 0.0762 
v 0.0129749 0.19685 0.0762 
v 0.003175 0.19685 0.0762 
v 0.0129749 0.184165 0.0762 
v 0.012 0.185765 0.0762 
v 0.0088 0.185765 0.0762 
v 0.003175 0.184165 0.0762 
v 0.0088 0.184165 0.0762 
v 0.0132 0.184165 0.0762 
v 0.0132 0.180165 0.0762 
v 0.0243343 0.179855 0.0762 
v 0.0243343 0.179512 0.0762 
v 0.0253249 0.181158 0.0762 
v 0.0256557 0.18125 0.0762 
v 0.0244081 0.18019 0.0762 
v 0.0245522 0.180502 0.0762 
v 0.0244081 0.179177 0.0762 
v 0.0250216 0.180997 0.0762 
v 0.02476 0.180775 0.0762 
v 0.02476 0.178592 0.0762 
v 0.0245522 0.178865 0.0762 
v 0.0253249 0.178209 0.0762 
v 0.0250216 0.17837 0.0762 
v 0.0259125 0.178103 0.0762 
v 0.0256557 0.178117 0.0762 
v 0.003175 0.180165 0.0762 
v 0.0088 0.178565 0.0762 
v 0.012 0.178565 0.0762 
v 0.0129749 0.180165 0.0762 
v 0.012 0.180165 0.0762 
v -3.89729e-17 0.16748 0.0762 
v -2.77556e-17 0.143932 0.0762 
v -3.04161e-17 0.13811 0.0762 
v 0.003175 0.13811 0.0762 
v 0.0088 0.127025 0.0762 
v 0.0129749 0.125425 0.0762 
v 0.012 0.127025 0.0762 
v 0.003175 0.125425 0.0762 
v 0.0088 0.125425 0.0762 
v 0.0132 0.121425 0.0762 
v 0.0132 0.125425 0.0762 
v 0.003175 0.121425 0.0762 
v 0.0088 0.119825 0.0762 
v 0.012 0.119825 0.0762 
v 0.0129749 0.121425 0.0762 
v 0.012 0.121425 0.0762 
v -2.50951e-17 0.10874 0.0762 
v -2.77556e-17 0.0811082 0.0762 
v -3.04161e-17 0.07937 0.0762 
v 0.003175 0.07937 0.0762 
v 0.00768067 0.0761741 0.0762 
v 0.00802345 0.0761927 0.0762 
v 0.00734991 0.0760823 0.0762 
v 0.00704662 0.0759215 0.0762 
v 0.0088 0.068285 0.0762 
v 0.00802345 0.0730223 0.0762 
v 0.00768067 0.0730409 0.0762 
v 0.0083622 0.0761371 0.0762 
v 0.00657724 0.0754259 0.0762 
v 0.00678498 0.0756992 0.0762 
v 0.00635931 0.0747791 0.0762 
v 0.0064331 0.0751144 0.0762 
v 0.00657724 0.0737891 0.0762 
v 0.00704662 0.0732935 0.0762 
v 0.00678498 0.0735158 0.0762 
v 0.00734991 0.0731327 0.0762 
v 0.00896523 0.0758174 0.0762 
v 0.0092013 0.0755682 0.0762 
v 0.0086811 0.0760101 0.0762 
v 0.00635931 0.0744359 0.0762 
v 0.0064331 0.0741006 0.0762 
v 0.012 0.068285 0.0762 
v 0.0086811 0.0732049 0.0762 
v 0.0083622 0.0730779 0.0762 
v 0.00937828 0.0739409 0.0762 
v 0.0092013 0.0736468 0.0762 
v 0.00937828 0.0752741 0.0762 
v 0.00948789 0.0749488 0.0762 
v 0.00896523 0.0733976 0.0762 
v 0.009525 0.0746075 0.0762 
v 0.00948789 0.0742662 0.0762 
v 0.0129749 0.066685 0.0762 
v 0.003175 0.066685 0.0762 
v 0.0088 0.066685 0.0762 
v 0.0132 0.062685 0.0762 
v 0.0132 0.066685 0.0762 
v 0.003175 0.062685 0.0762 
v 0.0088 0.061085 0.0762 
v 0.012 0.061085 0.0762 
v 0.0129749 0.062685 0.0762 
v 0.012 0.062685 0.0762 
v 0.000759612 0.0413176 0.0762 
v -2.50951e-17 0.05 0.0762 
v 0.00279069 0.0337375 0.0762 
v 0.00301537 0.032899 0.0762 
v 0.00669873 0.025 0.0762 
v 0.00955216 0.0209249 0.0762 
v 0.003175 0.0325567 0.0762 
v 0.0116978 0.0178606 0.0762 
v 0.018437 0.0164826 0.0762 
v 0.0180982 0.0164271 0.0762 
v 0.014996 0.0145624 0.0762 
v 0.0177554 0.0164457 0.0762 
v 0.0168597 0.0169205 0.0762 
v 0.016652 0.0171938 0.0762 
v 0.0174247 0.0165375 0.0762 
v 0.0171214 0.0166983 0.0762 
v 0.0187559 0.0166097 0.0762 
v 0.0165079 0.0185191 0.0762 
v 0.016652 0.0188307 0.0762 
v 0.0129749 0.0165835 0.0762 
v 0.0165079 0.0175054 0.0762 
v 0.019453 0.0173457 0.0762 
v 0.0192761 0.0170515 0.0762 
v 0.0177554 0.0195788 0.0762 
v 0.0180982 0.0195974 0.0762 
v 0.0168597 0.019104 0.0762 
v 0.0195626 0.017671 0.0762 
v 0.0195998 0.0180123 0.0762 
v 0.018437 0.0195419 0.0762 
v 0.0174247 0.019487 0.0762 
v 0.0171214 0.0193262 0.0762 
v 0.0164341 0.0181839 0.0762 
v 0.01904 0.0168023 0.0762 
v 0.0192761 0.018973 0.0762 
v 0.019453 0.0186788 0.0762 
v 0.0187559 0.0194148 0.0762 
v 0.0164341 0.0178406 0.0762 
v 0.01904 0.0192222 0.0762 
v 0.0195626 0.0183535 0.0762 
v 0.0178606 0.0116978 0.0762 
v 0.025 0.00669873 0.0762 
v 0.0259125 0.00627322 0.0762 
v 0.028144 0.00523267 0.0762 
v 0.0325567 0.003175 0.0762 
v 0.032899 0.00301537 0.0762 
v 0.035369 0.00235354 0.0762 
v 0.03902 0.00137525 0.0762 
v 0.0413176 0.000759612 0.0762 
v 0.05 0 0.0762 
v 0.0460167 0.000348497 0.0762 
v 0.08755 0 0.0762 
v 0.0915333 0.000348497 0.0762 
v 0.093355 0.000507872 0.0762 
v 0.0962324 0.000759612 0.0762 
v 0.102181 0.00235354 0.0762 
v 0.104651 0.00301537 0.0762 
v 0.104993 0.003175 0.0762 
v 0.106231 0.00375214 0.0762 
v 0.109406 0.00523267 0.0762 
v 0.111638 0.00627322 0.0762 
v 0.11255 0.00669873 0.0762 
v 0.115588 0.0088257 0.0762 
v 0.119689 0.0116978 0.0762 
v 0.122554 0.0145624 0.0762 
v 0.119624 0.0164271 0.0762 
v 0.119962 0.0164826 0.0762 
v 0.119624 0.0195974 0.0762 
v 0.119962 0.0195419 0.0762 
v 0.119281 0.0164457 0.0762 
v 0.120281 0.0194148 0.0762 
v 0.119281 0.0195788 0.0762 
v 0.118177 0.0188307 0.0762 
v 0.118385 0.019104 0.0762 
v 0.120281 0.0166097 0.0762 
v 0.120802 0.0170515 0.0762 
v 0.120565 0.0168023 0.0762 
v 0.124575 0.0165835 0.0762 
v 0.121088 0.0183535 0.0762 
v 0.120565 0.0192222 0.0762 
v 0.11895 0.019487 0.0762 
v 0.118033 0.0185191 0.0762 
v 0.120979 0.0173457 0.0762 
v 0.120979 0.0186788 0.0762 
v 0.118647 0.0193262 0.0762 
v 0.11796 0.0178406 0.0762 
v 0.121125 0.0180123 0.0762 
v 0.121088 0.017671 0.0762 
v 0.120802 0.018973 0.0762 
v 0.11796 0.0181839 0.0762 
v 0.11895 0.0165375 0.0762 
v 0.118647 0.0166983 0.0762 
v 0.118033 0.0175054 0.0762 
v 0.118385 0.0169205 0.0762 
v 0.118177 0.0171938 0.0762 
v 0.125852 0.0178606 0.0762 
v 0.127998 0.0209249 0.0762 
v 0.130851 0.025 0.0762 
v 0.134535 0.032899 0.0762 
v 0.134375 0.05 0.0762 
v 0.13679 0.0413176 0.0762 
v 0.134759 0.0337375 0.0762 
v 0.13755 0.05 0.0762 
v 0.124575 0.062685 0.0762 
v 0.12555 0.061085 0.0762 
v 0.134375 0.0571407 0.0762 
v 0.12875 0.061085 0.0762 
v 0.134375 0.062685 0.0762 
v 0.12875 0.062685 0.0762 
v 0.12435 0.066685 0.0762 
v 0.12435 0.062685 0.0762 
v 0.128034 0.0747791 0.0762 
v 0.128108 0.0751144 0.0762 
v 0.12555 0.068285 0.0762 
v 0.128034 0.0744359 0.0762 
v 0.128252 0.0754259 0.0762 
v 0.12846 0.0756992 0.0762 
v 0.128252 0.0737891 0.0762 
v 0.128108 0.0741006 0.0762 
v 0.128722 0.0759215 0.0762 
v 0.128722 0.0732935 0.0762 
v 0.12846 0.0735158 0.0762 
v 0.134375 0.07937 0.0762 
v 0.129698 0.0761927 0.0762 
v 0.129025 0.0731327 0.0762 
v 0.130356 0.0760101 0.0762 
v 0.13064 0.0758174 0.0762 
v 0.130037 0.0761371 0.0762 
v 0.129025 0.0760823 0.0762 
v 0.129356 0.0761741 0.0762 
v 0.12875 0.068285 0.0762 
v 0.129356 0.0730409 0.0762 
v 0.130876 0.0755682 0.0762 
v 0.131053 0.0752741 0.0762 
v 0.129698 0.0730223 0.0762 
v 0.130356 0.0732049 0.0762 
v 0.130037 0.0730779 0.0762 
v 0.130876 0.0736468 0.0762 
v 0.13064 0.0733976 0.0762 
v 0.131053 0.0739409 0.0762 
v 0.134375 0.066685 0.0762 
v 0.131163 0.0749488 0.0762 
v 0.1312 0.0746075 0.0762 
v 0.131163 0.0742662 0.0762 
v 0.13755 0.0811082 0.0762 
v 0.13755 0.07937 0.0762 
v 0.124575 0.066685 0.0762 
v 0.12555 0.066685 0.0762 
v 0.134375 0.10874 0.0762 
v 0.13755 0.10874 0.0762 
v 0.124575 0.121425 0.0762 
v 0.12555 0.119825 0.0762 
v 0.134375 0.114023 0.0762 
v 0.12875 0.119825 0.0762 
v 0.134375 0.121425 0.0762 
v 0.12875 0.121425 0.0762 
v 0.12435 0.125425 0.0762 
v 0.12435 0.121425 0.0762 
v 0.13755 0.143932 0.0762 
v 0.134375 0.13811 0.0762 
v 0.12555 0.127025 0.0762 
v 0.12875 0.127025 0.0762 
v 0.134375 0.125425 0.0762 
v 0.13755 0.13811 0.0762 
v 0.124575 0.125425 0.0762 
v 0.12555 0.125425 0.0762 
v 0.134375 0.16748 0.0762 
v 0.13755 0.16748 0.0762 
v 0.134375 0.172635 0.0762 
v 0.12555 0.178565 0.0762 
v 0.134375 0.177398 0.0762 
v 0.12875 0.178565 0.0762 
v 0.134375 0.180165 0.0762 
v 0.12875 0.180165 0.0762 
v 0.0915333 0.149013 0.0762 
v 0.0870778 0.149013 0.0762 
v 0.0837668 0.149013 0.0762 
v 0.0807586 0.149013 0.0762 
v 0.0807586 0.172635 0.0762 
v 0.0807586 0.186788 0.0762 
v 0.0807586 0.177398 0.0762 
v 0.0837668 0.186788 0.0762 
v 0.0870778 0.186788 0.0762 
v 0.0915333 0.186788 0.0762 
v 0.093355 0.186788 0.0762 
v 0.0982129 0.186788 0.0762 
v 0.0982129 0.177398 0.0762 
v 0.0982129 0.172635 0.0762 
v 0.0982129 0.149013 0.0762 
v 0.0837668 0.135675 0.0762 
v 0.082775 0.135675 0.0762 
v 0.082775 0.114023 0.0762 
v 0.082775 0.0811082 0.0762 
v 0.082775 0.0571407 0.0762 
v 0.082775 0.035675 0.0762 
v 0.056775 0.035675 0.0762 
v 0.054775 0.035675 0.0762 
v 0.0479944 0.0759936 0.0762 
v 0.0483252 0.0760854 0.0762 
v 0.0476911 0.0732049 0.0762 
v 0.0474295 0.0734271 0.0762 
v 0.054775 0.0811082 0.0762 
v 0.0493256 0.0759214 0.0762 
v 0.0496097 0.0757288 0.0762 
v 0.0476911 0.0758328 0.0762 
v 0.0472217 0.0753373 0.0762 
v 0.0474295 0.0756105 0.0762 
v 0.0470038 0.0746905 0.0762 
v 0.0470776 0.0750257 0.0762 
v 0.0470038 0.0743472 0.0762 
v 0.0479944 0.0730441 0.0762 
v 0.0486679 0.0729337 0.0762 
v 0.0483252 0.0729522 0.0762 
v 0.0500228 0.0751854 0.0762 
v 0.0501324 0.0748601 0.0762 
v 0.0498458 0.0754795 0.0762 
v 0.0486679 0.076104 0.0762 
v 0.0490067 0.0760485 0.0762 
v 0.0472217 0.0737004 0.0762 
v 0.0470776 0.0740119 0.0762 
v 0.054775 0.0571407 0.0762 
v 0.0498458 0.0735581 0.0762 
v 0.0496097 0.0733089 0.0762 
v 0.0501695 0.0745188 0.0762 
v 0.0501324 0.0741776 0.0762 
v 0.0490067 0.0729892 0.0762 
v 0.0500228 0.0738523 0.0762 
v 0.0493256 0.0731162 0.0762 
v 0.0469083 0.13885 0.0762 
v 0.0469083 0.135675 0.0762 
v 0.054775 0.114023 0.0762 
v 0.054775 0.135675 0.0762 
v 0.056775 0.13885 0.0762 
v 0.0777668 0.13885 0.0762 
v 0.0837668 0.13885 0.0762 
v 0.0870778 0.13885 0.0762 
v 0.0906417 0.135675 0.0762 
v 0.0906417 0.13885 0.0762 
v 0.108548 0.0860238 0.0762 
v 0.108206 0.0860423 0.0762 
v 0.108206 0.0891755 0.0762 
v 0.108548 0.0891941 0.0762 
v 0.106884 0.0874373 0.0762 
v 0.106884 0.0877806 0.0762 
v 0.10731 0.0865172 0.0762 
v 0.107102 0.0867905 0.0762 
v 0.107875 0.0890837 0.0762 
v 0.106958 0.0881158 0.0762 
v 0.107102 0.0884274 0.0762 
v 0.107572 0.086295 0.0762 
v 0.107875 0.0861342 0.0762 
v 0.107572 0.0889229 0.0762 
v 0.10731 0.0887007 0.0762 
v 0.106958 0.087102 0.0762 
v 0.108887 0.0891386 0.0762 
v 0.109206 0.0890115 0.0762 
v 0.109206 0.0862064 0.0762 
v 0.108887 0.0860793 0.0762 
v 0.109406 0.0863419 0.0762 
v 0.10949 0.086399 0.0762 
v 0.109406 0.088876 0.0762 
v 0.109726 0.0866482 0.0762 
v 0.110013 0.0879502 0.0762 
v 0.11005 0.0876089 0.0762 
v 0.10949 0.0888189 0.0762 
v 0.109903 0.0869424 0.0762 
v 0.110013 0.0872677 0.0762 
v 0.109903 0.0882755 0.0762 
v 0.109726 0.0885697 0.0762 
v 0.0275093 0.0874373 0.0762 
v 0.0275093 0.0877806 0.0762 
v 0.0275831 0.087102 0.0762 
v 0.027935 0.0887007 0.0762 
v 0.028144 0.0888782 0.0762 
v 0.0275831 0.0881158 0.0762 
v 0.0277272 0.0867905 0.0762 
v 0.0277272 0.0884274 0.0762 
v 0.028144 0.0863397 0.0762 
v 0.027935 0.0865172 0.0762 
v 0.0298311 0.0862064 0.0762 
v 0.0295122 0.0860793 0.0762 
v 0.0303513 0.0866482 0.0762 
v 0.0301152 0.086399 0.0762 
v 0.0291734 0.0891941 0.0762 
v 0.0306379 0.0872677 0.0762 
v 0.0305283 0.0869424 0.0762 
v 0.0306379 0.0879502 0.0762 
v 0.0298311 0.0890115 0.0762 
v 0.0301152 0.0888189 0.0762 
v 0.0295122 0.0891386 0.0762 
v 0.030675 0.0876089 0.0762 
v 0.0303513 0.0885697 0.0762 
v 0.0305283 0.0882755 0.0762 
v 0.0291734 0.0860238 0.0762 
v 0.0288307 0.0860423 0.0762 
v 0.0284999 0.0890837 0.0762 
v 0.0288307 0.0891755 0.0762 
v 0.0281966 0.0889229 0.0762 
v 0.0284999 0.0861342 0.0762 
v 0.0281966 0.086295 0.0762 
v 0.045125 0.0209249 0.0762 
v 0.045125 0.0145624 0.0762 
v 0.045125 0.0127 0.0762 
v 0.0460167 0.0127 0.0762 
v 0.050775 0.00635 0.0762 
v 0.050775 0.0127 0.0762 
v 0.03902 0.00635 0.0762 
v 0.038775 0.00635 0.0762 
v 0.038775 0.0145624 0.0762 
v 0.03902 0.0318 0.0762 
v 0.038775 0.0318 0.0762 
v 0.038775 0.02225 0.0762 
v 0.038775 0.0209249 0.0762 
v 0.03902 0.02225 0.0762 
v 0.045125 0.02225 0.0762 
v 0.045125 0.0318 0.0762 
v 0.045125 0.0337375 0.0762 
v 0.0460167 0.00635 0.0762 
v 0.0870778 0.135675 0.0762 
v 0.0777668 0.035675 0.0762 
v 0.093355 0.149013 0.0762 
v 0.12555 0.180165 0.0762 
v 0.12875 0.125425 0.0762 
v 0.12555 0.121425 0.0762 
v 0.12875 0.066685 0.0762 
v 0.12555 0.062685 0.0762 
v 0.0088 0.062685 0.0762 
v 0.012 0.066685 0.0762 
v 0.0088 0.121425 0.0762 
v 0.012 0.125425 0.0762 
v 0.0088 0.180165 0.0762 
v 0.012 0.184165 0.0762 
v 0.0259125 0.19685 0.0762 
v 0.05502 0.2032 0.0762 
v 0.0777668 0.19685 0.0762 
v 0.11004 0.2032 0.0762 
v 0.134375 0.19685 0.0762 
v 0.12875 0.184165 0.0762 
v 0.093355 0.00635 0.0762 
v 0.056775 0.003175 0.0762 
v 0.0777668 0.003175 0.0762 
v 0.0837668 0.003175 0.0762 
v 0.0777668 0.0145624 0.0762 
v 0.056775 0.0145624 0.0762 
v 0.0259125 0.0209249 0.0762 
v 0.0259125 0.0145624 0.0762 
v 0.028144 0.0145624 0.0762 
v 0.028144 0.0209249 0.0762 
v 0.035369 0.0145624 0.0762 
v 0.0460167 0.0209249 0.0762 
v 0.0460167 0.0145624 0.0762 
v 0.056775 0.0209249 0.0762 
v 0.0777668 0.0209249 0.0762 
v 0.0837668 0.0145624 0.0762 
v 0.0837668 0.0209249 0.0762 
v 0.0870777 0.0145624 0.0762 
v 0.0870777 0.0209249 0.0762 
v 0.0915333 0.0145624 0.0762 
v 0.102181 0.0209249 0.0762 
v 0.102181 0.0145624 0.0762 
v 0.106231 0.0145624 0.0762 
v 0.106231 0.0209249 0.0762 
v 0.109406 0.0145624 0.0762 
v 0.109406 0.0209249 0.0762 
v 0.111638 0.0145624 0.0762 
v 0.111638 0.0209249 0.0762 
v 0.115588 0.0145624 0.0762 
v 0.0129749 0.0337375 0.0762 
v 0.0129749 0.0209249 0.0762 
v 0.0259125 0.0337375 0.0762 
v 0.028144 0.0337375 0.0762 
v 0.035369 0.0209249 0.0762 
v 0.0460167 0.0337375 0.0762 
v 0.056775 0.0337375 0.0762 
v 0.0777668 0.0337375 0.0762 
v 0.0837668 0.0337375 0.0762 
v 0.0870777 0.0337375 0.0762 
v 0.0915333 0.0209249 0.0762 
v 0.102181 0.0337375 0.0762 
v 0.106231 0.0337375 0.0762 
v 0.109406 0.0337375 0.0762 
v 0.111638 0.0337375 0.0762 
v 0.115588 0.0209249 0.0762 
v 0.115588 0.0337375 0.0762 
v 0.124575 0.0209249 0.0762 
v 0.0129749 0.0571407 0.0762 
v 0.0259125 0.0571407 0.0762 
v 0.028144 0.0571407 0.0762 
v 0.035369 0.0337375 0.0762 
v 0.0837668 0.0571407 0.0762 
v 0.0870777 0.0571407 0.0762 
v 0.0915333 0.0337375 0.0762 
v 0.102181 0.0571407 0.0762 
v 0.106231 0.0571407 0.0762 
v 0.109406 0.0571407 0.0762 
v 0.111638 0.0571407 0.0762 
v 0.115588 0.0571407 0.0762 
v 0.124575 0.0337375 0.0762 
v 0.0259125 0.0811082 0.0762 
v 0.028144 0.0811082 0.0762 
v 0.035369 0.0571407 0.0762 
v 0.035369 0.0811082 0.0762 
v 0.03902 0.0571407 0.0762 
v 0.03902 0.0811082 0.0762 
v 0.0460167 0.0571407 0.0762 
v 0.0837668 0.0811082 0.0762 
v 0.0915333 0.0571407 0.0762 
v 0.0870777 0.0811082 0.0762 
v 0.0915333 0.0811082 0.0762 
v 0.093355 0.0571407 0.0762 
v 0.093355 0.0811082 0.0762 
v 0.102181 0.0811082 0.0762 
v 0.106231 0.0811082 0.0762 
v 0.109406 0.0811082 0.0762 
v 0.111638 0.0811082 0.0762 
v 0.0129749 0.0811082 0.0762 
v 0.0129749 0.114023 0.0762 
v 0.035369 0.114023 0.0762 
v 0.03902 0.114023 0.0762 
v 0.0460167 0.0811082 0.0762 
v 0.0837668 0.114023 0.0762 
v 0.0870777 0.114023 0.0762 
v 0.0915333 0.114023 0.0762 
v 0.093355 0.114023 0.0762 
v 0.102181 0.114023 0.0762 
v 0.111638 0.114023 0.0762 
v 0.115588 0.0811082 0.0762 
v 0.115588 0.114023 0.0762 
v 0.124575 0.0811082 0.0762 
v 0.0259125 0.143932 0.0762 
v 0.0259125 0.114023 0.0762 
v 0.028144 0.114023 0.0762 
v 0.028144 0.143932 0.0762 
v 0.035369 0.143932 0.0762 
v 0.03902 0.143932 0.0762 
v 0.0460167 0.114023 0.0762 
v 0.0915333 0.143932 0.0762 
v 0.093355 0.143932 0.0762 
v 0.102181 0.143932 0.0762 
v 0.106231 0.114023 0.0762 
v 0.106231 0.143932 0.0762 
v 0.109406 0.114023 0.0762 
v 0.109406 0.143932 0.0762 
v 0.111638 0.143932 0.0762 
v 0.0129749 0.143932 0.0762 
v 0.0129749 0.172635 0.0762 
v 0.035369 0.172635 0.0762 
v 0.03902 0.172635 0.0762 
v 0.0460167 0.143932 0.0762 
v 0.0460167 0.172635 0.0762 
v 0.056775 0.143932 0.0762 
v 0.056775 0.172635 0.0762 
v 0.0777668 0.143932 0.0762 
v 0.102181 0.172635 0.0762 
v 0.111638 0.172635 0.0762 
v 0.115588 0.143932 0.0762 
v 0.115588 0.172635 0.0762 
v 0.124575 0.143932 0.0762 
v 0.0129749 0.177398 0.0762 
v 0.0259125 0.172635 0.0762 
v 0.0259125 0.177398 0.0762 
v 0.028144 0.172635 0.0762 
v 0.028144 0.177398 0.0762 
v 0.035369 0.177398 0.0762 
v 0.03902 0.177398 0.0762 
v 0.056775 0.177398 0.0762 
v 0.0777668 0.172635 0.0762 
v 0.102181 0.177398 0.0762 
v 0.106231 0.172635 0.0762 
v 0.106231 0.177398 0.0762 
v 0.109406 0.172635 0.0762 
v 0.109406 0.177398 0.0762 
v 0.111638 0.177398 0.0762 
v 0.115588 0.177398 0.0762 
v 0.124575 0.172635 0.0762 
v 0.028144 0.189587 0.0762 
v 0.035369 0.189587 0.0762 
v 0.03902 0.189587 0.0762 
v 0.0460167 0.177398 0.0762 
v 0.056775 0.189587 0.0762 
v 0.0777668 0.177398 0.0762 
v 0.102181 0.189587 0.0762 
v 0.106231 0.189587 0.0762 
v 0.0129749 0.189587 0.0762 
v 0.0129749 0.196794 0.0762 
v 0.0259125 0.189587 0.0762 
v 0.0259125 0.196794 0.0762 
v 0.028144 0.196794 0.0762 
v 0.035369 0.196794 0.0762 
v 0.03902 0.196794 0.0762 
v 0.0460167 0.189587 0.0762 
v 0.0460167 0.196794 0.0762 
v 0.056775 0.196794 0.0762 
v 0.0777668 0.189587 0.0762 
v 0.0777668 0.196794 0.0762 
v 0.0837668 0.189587 0.0762 
v 0.0837668 0.196794 0.0762 
v 0.0870777 0.189587 0.0762 
v 0.0870777 0.196794 0.0762 
v 0.0915333 0.189587 0.0762 
v 0.0915333 0.196794 0.0762 
v 0.093355 0.189587 0.0762 
v 0.093355 0.196794 0.0762 
v 0.109406 0.196794 0.0762 
v 0.109406 0.189587 0.0762 
v 0.111638 0.189587 0.0762 
v 0.111638 0.196794 0.0762 
v 0.115588 0.189587 0.0762 
v 0.115588 0.196794 0.0762 
v 0.124575 0.189587 0.0762 
v 0.102181 0.196794 0.0762 
v 0.106231 0.196794 0.0762 
v 0.093355 0.003175 0.0762 
v 0.102181 0.003175 0.0762 
v 0.0915333 0.003175 0.0762 
v 0.0870777 0.003175 0.0762 
v 0.124575 0.177398 0.0762 
v 0.124575 0.196794 0.0762 
v 0.003175 0.143932 0.0762 
v 0.003175 0.0811082 0.0762 
v 0.003175 0.0337375 0.0762 
v 0.035369 0.003175 0.0762 
v 0.03902 0.003175 0.0762 
v 0.0460167 0.003175 0.0762 
v 0.124575 0.0571407 0.0762 
v 0.124575 0.114023 0.0762 
v 0.0870777 0.143932 0.0762 
v 0.0837668 0.143932 0.0762 
vn 0.976621 0.21497 0 
vn 1 2.44929e-16 0 
vn 0.907575 0.419889 0 
vn 0.976621 0.21497 0 
vn 0.796093 0.605174 0 
vn 0.907575 0.419889 0 
vn 0.647386 0.762162 0 
vn 0.796093 0.605174 0 
vn 0.468408 0.883512 0 
vn 0.647386 0.762162 0 
vn 0.267528 0.96355 0 
vn 0.468408 0.883512 0 
vn 0.0541389 0.998533 0 
vn 0.267528 0.96355 0 
vn -0.161782 0.986827 0 
vn 0.0541389 0.998533 0 
vn -0.370138 0.928977 0 
vn -0.161782 0.986827 0 
vn -0.561187 0.827689 0 
vn -0.370138 0.928977 0 
vn -0.725995 0.687699 0 
vn -0.561187 0.827689 0 
vn -0.856857 0.515554 0 
vn -0.725995 0.687699 0 
vn -0.947653 0.319302 0 
vn -0.856857 0.515554 0 
vn -0.994138 0.108119 0 
vn -0.947653 0.319302 0 
vn -0.994138 -0.108119 0 
vn -1 -3.67394e-16 0 
vn -0.994138 0.108119 0 
vn -0.947653 -0.319302 0 
vn -0.994138 -0.108119 0 
vn -0.856857 -0.515554 0 
vn -0.947653 -0.319302 0 
vn -0.725995 -0.687699 0 
vn -0.856857 -0.515554 0 
vn -0.561187 -0.827689 0 
vn -0.725995 -0.687699 0 
vn -0.370138 -0.928977 0 
vn -0.561187 -0.827689 0 
vn -0.161782 -0.986827 0 
vn -0.370138 -0.928977 0 
vn 0.0541389 -0.998533 0 
vn -0.161782 -0.986827 0 
vn 0.267528 -0.96355 0 
vn 0.0541389 -0.998533 0 
vn 0.468408 -0.883512 0 
vn 0.267528 -0.96355 0 
vn 0.647386 -0.762162 0 
vn 0.468408 -0.883512 0 
vn 0.796093 -0.605174 0 
vn 0.647386 -0.762162 0 
vn 0.907575 -0.419889 0 
vn 0.796093 -0.605174 0 
vn 0.976621 -0.21497 0 
vn 0.907575 -0.419889 0 
vn 0 0 -1 
vn 0 0 1 
vn 1 0 0 
vn -1 -1.77193e-16 0 
vn 0 1 0 
vn 1 0 0 
vn -1 0 0 
vn 0 1 0 
vn 1 0 0 
vn 0 -1 0 
vn -1 0 0 
vn -0.984808 -0.173648 0 
vn -0.939693 -0.34202 0 
vn -0.945475 -0.325694 0 
vn -0.984808 -0.173648 0 
vn -0.866025 -0.5 0 
vn -0.93709 -0.349087 0 
vn -0.939693 -0.34202 0 
vn -0.766044 -0.642788 0 
vn -0.811985 -0.583679 0 
vn -0.866025 -0.5 0 
vn -0.642788 -0.766044 0 
vn -0.70274 -0.711446 0 
vn -0.742358 -0.670004 0 
vn -0.766044 -0.642788 0 
vn -0.642788 -0.766044 0 
vn -0.5 -0.866025 0 
vn -0.34202 -0.939693 0 
vn -0.349087 -0.93709 0 
vn -0.43872 -0.898624 0 
vn -0.4825 -0.875896 0 
vn -0.5 -0.866025 0 
vn -0.173648 -0.984808 0 
vn -0.220265 -0.97544 0 
vn -0.293546 -0.955945 0 
vn -0.34202 -0.939693 0 
vn -1.83697e-16 -1 0 
vn -0.0799689 -0.996797 0 
vn -0.173648 -0.984808 0 
vn -1.83697e-16 -1 0 
vn 0 1 0 
vn 0.173648 -0.984808 0 
vn 0.116493 -0.993192 0 
vn 0.0799689 -0.996797 0 
vn -1.83697e-16 -1 0 
vn 0.34202 -0.939693 0 
vn 0.293546 -0.955945 0 
vn 0.173648 -0.984808 0 
vn 0.5 -0.866025 0 
vn 0.4825 -0.875896 0 
vn 0.43872 -0.898624 0 
vn 0.374532 -0.927214 0 
vn 0.349087 -0.93709 0 
vn 0.34202 -0.939693 0 
vn 0.642788 -0.766044 0 
vn 0.562847 -0.826561 0 
vn 0.5 -0.866025 0 
vn 0.766044 -0.642788 0 
vn 0.742358 -0.670004 0 
vn 0.70274 -0.711446 0 
vn 0.642788 -0.766044 0 
vn 0.866025 -0.5 0 
vn 0.811985 -0.583679 0 
vn 0.766044 -0.642788 0 
vn 0.866025 -0.5 0 
vn 0.939693 -0.34202 0 
vn 0.984808 -0.173648 0 
vn 0.945475 -0.325694 0 
vn 0.939693 -0.34202 0 
vn 0.984808 -0.173648 0 
vn 1 -2.44929e-16 0 
vn -1 0 0 
vn 0 1 0 
vn 0 -1 0 
vn -1 -1.77193e-16 0 
vn 0 1 0 
vn 0 -1 0 
vn 1 0 0 
vn 0 1 0 
vn 0 -1 0 
vn 1 0 0 
vn 0 1 0 
vn -1 0 0 
vn 1 0 0 
vn 0 1 0 
vn -1 0 0 
vn 0 -1 0 
vn 1 0 0 
vn 0 1 0 
vn 0 -1 -4.72516e-16 
vn 1 4.63225e-63 -8.37267e-32 
vn 0 1 4.72516e-16 
vn -1 -4.63225e-63 8.37267e-32 
vn 0 -1 -4.72516e-16 
vn 1 4.63225e-63 -8.37267e-32 
vn 4.63225e-63 1 4.72516e-16 
vn -1 0 8.37267e-32 
vn -4.63225e-63 -1 -4.72516e-16 
vn 1 0 -8.37267e-32 
vn 0 1 0 
vn -1 0 0 
vn 0 -1 0 
vn 1 0 0 
vn 0 1 -4.72516e-16 
vn 0 -1 4.72516e-16 
vn -1 0 0 
vn 1 0 0 
vn 0 -1 4.72516e-16 
vn 0 1 -4.72516e-16 
vn 1 0 0 
vn -1 0 0 
vn 0 1 -4.72516e-16 
vn 0 -1 4.72516e-16 
vn -1 0 0 
vn 1 0 0 
vn 0 -1 4.72516e-16 
vn 0 1 -4.72516e-16 
vn 1 0 0 
vn -1 0 0 
vn 0 1 -4.72516e-16 
vn 0 -1 4.72516e-16 
vn -1 0 0 
vn 1 0 0 
vn 0 -1 4.72516e-16 
vn 0 1 -4.72516e-16 
vn 1 0 0 
vn -1 0 0 
vn 0 -1 0 
vn 1 0 0 
vn -1 0 0 
vn 0 -1 0 
vn 1 0 0 
vn 0 1 0 
vn -1 0 0 
vn 0 -1 0 
vn 1 0 0 
vn 0 1 0 
vn -1 0 0 
vn 0 -1 0 
vn 1 0 0 
vn -1 0 0 
vn 0 1 0 
vn 0 -1 0 
vn 1 0 0 
vn 0 1 0 
vn 0 -1 0 
vn -1 0 0 
vn 1 0 0 
vn 0 1 0 
vn 0.976621 0.21497 0 
vn 1 2.44929e-16 0 
vn 0.907575 0.419889 0 
vn 0.976621 0.21497 0 
vn 0.796093 0.605174 0 
vn 0.907575 0.419889 0 
vn 0.647386 0.762162 0 
vn 0.796093 0.605174 0 
vn 0.468408 0.883512 0 
vn 0.647386 0.762162 0 
vn 0.267528 0.96355 0 
vn 0.468408 0.883512 0 
vn 0.0541389 0.998533 0 
vn 0.267528 0.96355 0 
vn -0.161782 0.986827 0 
vn 0.0541389 0.998533 0 
vn -0.370138 0.928977 0 
vn -0.161782 0.986827 0 
vn -0.561187 0.827689 0 
vn -0.370138 0.928977 0 
vn -0.725995 0.687699 0 
vn -0.561187 0.827689 0 
vn -0.856857 0.515554 0 
vn -0.725995 0.687699 0 
vn -0.947653 0.319302 0 
vn -0.856857 0.515554 0 
vn -0.994138 0.108119 0 
vn -0.947653 0.319302 0 
vn -0.994138 -0.108119 0 
vn -1 -3.67394e-16 0 
vn -0.994138 0.108119 0 
vn -0.947653 -0.319302 0 
vn -0.994138 -0.108119 0 
vn -0.856857 -0.515554 0 
vn -0.947653 -0.319302 0 
vn -0.725995 -0.687699 0 
vn -0.856857 -0.515554 0 
vn -0.561187 -0.827689 0 
vn -0.725995 -0.687699 0 
vn -0.370138 -0.928977 0 
vn -0.561187 -0.827689 0 
vn -0.161782 -0.986827 0 
vn -0.370138 -0.928977 0 
vn 0.0541389 -0.998533 0 
vn -0.161782 -0.986827 0 
vn 0.267528 -0.96355 0 
vn 0.0541389 -0.998533 0 
vn 0.468408 -0.883512 0 
vn 0.267528 -0.96355 0 
vn 0.647386 -0.762162 0 
vn 0.468408 -0.883512 0 
vn 0.796093 -0.605174 0 
vn 0.647386 -0.762162 0 
vn 0.907575 -0.419889 0 
vn 0.796093 -0.605174 0 
vn 0.976621 -0.21497 0 
vn 0.907575 -0.419889 0 
vn -0.976621 0.21497 0 
vn -1 2.44929e-16 0 
vn -0.907575 0.419889 0 
vn -0.976621 0.21497 0 
vn -0.796093 0.605174 0 
vn -0.907575 0.419889 0 
vn -0.647386 0.762162 0 
vn -0.796093 0.605174 0 
vn -0.468408 0.883512 0 
vn -0.647386 0.762162 0 
vn -0.267528 0.96355 0 
vn -0.468408 0.883512 0 
vn -0.0541389 0.998533 0 
vn -0.267528 0.96355 0 
vn 0.161782 0.986827 0 
vn -0.0541389 0.998533 0 
vn 0.370138 0.928977 0 
vn 0.161782 0.986827 0 
vn 0.561187 0.827689 0 
vn 0.370138 0.928977 0 
vn 0.725995 0.687699 0 
vn 0.596589 0.802547 0 
vn 0.561187 0.827689 0 
vn 0.856857 0.515554 0 
vn 0.725995 0.687699 0 
vn 0.947653 0.319302 0 
vn 0.856857 0.515554 0 
vn 0.994138 0.108119 0 
vn 0.947653 0.319302 0 
vn 0.994138 -0.108119 0 
vn 0.994138 0.108119 0 
vn 0.947653 -0.319302 0 
vn 0.994138 -0.108119 0 
vn 0.856857 -0.515554 0 
vn 0.947653 -0.319302 0 
vn 0.725995 -0.687699 0 
vn 0.856857 -0.515554 0 
vn 0.561187 -0.827689 0 
vn 0.596589 -0.802547 0 
vn 0.725995 -0.687699 0 
vn 0.370138 -0.928977 0 
vn 0.561187 -0.827689 0 
vn 0.161782 -0.986827 0 
vn 0.370138 -0.928977 0 
vn -0.0541389 -0.998533 0 
vn 0.161782 -0.986827 0 
vn -0.267528 -0.96355 0 
vn -0.0541389 -0.998533 0 
vn -0.468408 -0.883512 0 
vn -0.267528 -0.96355 0 
vn -0.647386 -0.762162 0 
vn -0.468408 -0.883512 0 
vn -0.796093 -0.605174 0 
vn -0.647386 -0.762162 0 
vn -0.907575 -0.419889 0 
vn -0.796093 -0.605174 0 
vn -0.976621 -0.21497 0 
vn -0.907575 -0.419889 0 
vn -0.976621 0.21497 0 
vn -1 2.44929e-16 0 
vn -0.907575 0.419889 0 
vn -0.976621 0.21497 0 
vn -0.796093 0.605174 0 
vn -0.907575 0.419889 0 
vn -0.647386 0.762162 0 
vn -0.796093 0.605174 0 
vn -0.468408 0.883512 0 
vn -0.597262 0.802046 0 
vn -0.647386 0.762162 0 
vn -0.267528 0.96355 0 
vn -0.468408 0.883512 0 
vn -0.0541389 0.998533 0 
vn -0.267528 0.96355 0 
vn 0.161782 0.986827 0 
vn -0.0541389 0.998533 0 
vn 0.370138 0.928977 0 
vn 0.161782 0.986827 0 
vn 0.561187 0.827689 0 
vn 0.370138 0.928977 0 
vn 0.725995 0.687699 0 
vn 0.561187 0.827689 0 
vn 0.856857 0.515554 0 
vn 0.725995 0.687699 0 
vn 0.947653 0.319302 0 
vn 0.856857 0.515554 0 
vn 0.994138 0.108119 0 
vn 0.947653 0.319302 0 
vn 0.994138 -0.108119 0 
vn 0.994138 0.108119 0 
vn 0.947653 -0.319302 0 
vn 0.994138 -0.108119 0 
vn 0.856857 -0.515554 0 
vn 0.947653 -0.319302 0 
vn 0.725995 -0.687699 0 
vn 0.856857 -0.515554 0 
vn 0.561187 -0.827689 0 
vn 0.725995 -0.687699 0 
vn 0.370138 -0.928977 0 
vn 0.561187 -0.827689 0 
vn 0.161782 -0.986827 0 
vn 0.370138 -0.928977 0 
vn -0.0541389 -0.998533 0 
vn 0.161782 -0.986827 0 
vn -0.267528 -0.96355 0 
vn -0.0541389 -0.998533 0 
vn -0.468408 -0.883512 0 
vn -0.267528 -0.96355 0 
vn -0.647386 -0.762162 0 
vn -0.597262 -0.802046 0 
vn -0.468408 -0.883512 0 
vn -0.796093 -0.605174 0 
vn -0.647386 -0.762162 0 
vn -0.907575 -0.419889 0 
vn -0.796093 -0.605174 0 
vn -0.976621 -0.21497 0 
vn -0.907575 -0.419889 0 
vn -0.976621 0.21497 0 
vn -1 2.44929e-16 0 
vn -0.907575 0.419889 0 
vn -0.976621 0.21497 0 
vn -0.796093 0.605174 0 
vn -0.907575 0.419889 0 
vn -0.647386 0.762162 0 
vn -0.796093 0.605174 0 
vn -0.468408 0.883512 0 
vn -0.597262 0.802046 0 
vn -0.647386 0.762162 0 
vn -0.267528 0.96355 0 
vn -0.0541389 0.998533 0 
vn 0.161782 0.986827 0 
vn 0.370138 0.928977 0 
vn 0.561187 0.827689 0 
vn 0.725995 0.687699 0 
vn 0.856857 0.515554 0 
vn 0.947653 0.319302 0 
vn 0.994138 0.108119 0 
vn 0.994138 -0.108119 0 
vn 0.947653 -0.319302 0 
vn 0.856857 -0.515554 0 
vn 0.725995 -0.687699 0 
vn 0.561187 -0.827689 0 
vn 0.370138 -0.928977 0 
vn 0.161782 -0.986827 0 
vn -0.0541389 -0.998533 0 
vn -0.267528 -0.96355 0 
vn -0.468408 -0.883512 0 
vn -0.647386 -0.762162 0 
vn -0.597262 -0.802046 0 
vn -0.468408 -0.883512 0 
vn -0.796093 -0.605174 0 
vn -0.647386 -0.762162 0 
vn -0.907575 -0.419889 0 
vn -0.796093 -0.605174 0 
vn -0.976621 -0.21497 0 
vn -0.907575 -0.419889 0 
vn -0.976621 0.21497 0 
vn -1 2.44929e-16 0 
vn -0.907575 0.419889 0 
vn -0.976621 0.21497 0 
vn -0.796093 0.605174 0 
vn -0.907575 0.419889 0 
vn -0.647386 0.762162 0 
vn -0.796093 0.605174 0 
vn -0.468408 0.883512 0 
vn -0.647386 0.762162 0 
vn -0.267528 0.96355 0 
vn -0.468408 0.883512 0 
vn -0.0541389 0.998533 0 
vn -0.267528 0.96355 0 
vn 0.161782 0.986827 0 
vn -0.0541389 0.998533 0 
vn 0.370138 0.928977 0 
vn 0.161782 0.986827 0 
vn 0.561187 0.827689 0 
vn 0.370138 0.928977 0 
vn 0.725995 0.687699 0 
vn 0.596589 0.802547 0 
vn 0.561187 0.827689 0 
vn 0.856857 0.515554 0 
vn 0.725995 0.687699 0 
vn 0.947653 0.319302 0 
vn 0.856857 0.515554 0 
vn 0.994138 0.108119 0 
vn 0.947653 0.319302 0 
vn 0.994138 -0.108119 0 
vn 0.994138 0.108119 0 
vn 0.947653 -0.319302 0 
vn 0.994138 -0.108119 0 
vn 0.856857 -0.515554 0 
vn 0.947653 -0.319302 0 
vn 0.725995 -0.687699 0 
vn 0.856857 -0.515554 0 
vn 0.561187 -0.827689 0 
vn 0.596589 -0.802547 0 
vn 0.725995 -0.687699 0 
vn 0.370138 -0.928977 0 
vn 0.561187 -0.827689 0 
vn 0.161782 -0.986827 0 
vn 0.370138 -0.928977 0 
vn -0.0541389 -0.998533 0 
vn 0.161782 -0.986827 0 
vn -0.267528 -0.96355 0 
vn -0.0541389 -0.998533 0 
vn -0.468408 -0.883512 0 
vn -0.267528 -0.96355 0 
vn -0.647386 -0.762162 0 
vn -0.468408 -0.883512 0 
vn -0.796093 -0.605174 0 
vn -0.647386 -0.762162 0 
vn -0.907575 -0.419889 0 
vn -0.796093 -0.605174 0 
vn -0.976621 -0.21497 0 
vn -0.907575 -0.419889 0 
vn -0.976621 0.21497 0 
vn -1 2.44929e-16 0 
vn -0.907575 0.419889 0 
vn -0.976621 0.21497 0 
vn -0.796093 0.605174 0 
vn -0.907575 0.419889 0 
vn -0.647386 0.762162 0 
vn -0.796093 0.605174 0 
vn -0.468408 0.883512 0 
vn -0.647386 0.762162 0 
vn -0.267528 0.96355 0 
vn -0.468408 0.883512 0 
vn -0.0541389 0.998533 0 
vn -0.267528 0.96355 0 
vn 0.161782 0.986827 0 
vn -0.0541389 0.998533 0 
vn 0.370138 0.928977 0 
vn 0.161782 0.986827 0 
vn 0.561187 0.827689 0 
vn 0.370138 0.928977 0 
vn 0.725995 0.687699 0 
vn 0.561187 0.827689 0 
vn 0.856857 0.515554 0 
vn 0.725995 0.687699 0 
vn 0.947653 0.319302 0 
vn 0.856857 0.515554 0 
vn 0.994138 0.108119 0 
vn 0.947653 0.319302 0 
vn 0.994138 -0.108119 0 
vn 0.994138 0.108119 0 
vn 0.947653 -0.319302 0 
vn 0.994138 -0.108119 0 
vn 0.856857 -0.515554 0 
vn 0.947653 -0.319302 0 
vn 0.725995 -0.687699 0 
vn 0.856857 -0.515554 0 
vn 0.561187 -0.827689 0 
vn 0.725995 -0.687699 0 
vn 0.370138 -0.928977 0 
vn 0.561187 -0.827689 0 
vn 0.161782 -0.986827 0 
vn 0.370138 -0.928977 0 
vn -0.0541389 -0.998533 0 
vn 0.161782 -0.986827 0 
vn -0.267528 -0.96355 0 
vn -0.0541389 -0.998533 0 
vn -0.468408 -0.883512 0 
vn -0.267528 -0.96355 0 
vn -0.647386 -0.762162 0 
vn -0.468408 -0.883512 0 
vn -0.796093 -0.605174 0 
vn -0.647386 -0.762162 0 
vn -0.907575 -0.419889 0 
vn -0.796093 -0.605174 0 
vn -0.976621 -0.21497 0 
vn -0.907575 -0.419889 0 
vn -0.976621 0.21497 0 
vn -1 2.44929e-16 0 
vn -0.907575 0.419889 0 
vn -0.976621 0.21497 0 
vn -0.796093 0.605174 0 
vn -0.907575 0.419889 0 
vn -0.647386 0.762162 0 
vn -0.796093 0.605174 0 
vn -0.468408 0.883512 0 
vn -0.647386 0.762162 0 
vn -0.267528 0.96355 0 
vn -0.468408 0.883512 0 
vn -0.0541389 0.998533 0 
vn -0.267528 0.96355 0 
vn 0.161782 0.986827 0 
vn -0.0541389 0.998533 0 
vn 0.370138 0.928977 0 
vn 0.161782 0.986827 0 
vn 0.561187 0.827689 0 
vn 0.370138 0.928977 0 
vn 0.725995 0.687699 0 
vn 0.561187 0.827689 0 
vn 0.856857 0.515554 0 
vn 0.725995 0.687699 0 
vn 0.947653 0.319302 0 
vn 0.856857 0.515554 0 
vn 0.994138 0.108119 0 
vn 0.947653 0.319302 0 
vn 0.994138 -0.108119 0 
vn 0.994138 0.108119 0 
vn 0.947653 -0.319302 0 
vn 0.994138 -0.108119 0 
vn 0.856857 -0.515554 0 
vn 0.947653 -0.319302 0 
vn 0.725995 -0.687699 0 
vn 0.856857 -0.515554 0 
vn 0.561187 -0.827689 0 
vn 0.725995 -0.687699 0 
vn 0.370138 -0.928977 0 
vn 0.561187 -0.827689 0 
vn 0.161782 -0.986827 0 
vn 0.370138 -0.928977 0 
vn -0.0541389 -0.998533 0 
vn 0.161782 -0.986827 0 
vn -0.267528 -0.96355 0 
vn -0.0541389 -0.998533 0 
vn -0.468408 -0.883512 0 
vn -0.267528 -0.96355 0 
vn -0.647386 -0.762162 0 
vn -0.468408 -0.883512 0 
vn -0.796093 -0.605174 0 
vn -0.647386 -0.762162 0 
vn -0.907575 -0.419889 0 
vn -0.796093 -0.605174 0 
vn -0.976621 -0.21497 0 
vn -0.907575 -0.419889 0 
vn -0.976621 0.21497 0 
vn -1 2.44929e-16 0 
vn -0.907575 0.419889 0 
vn -0.976621 0.21497 0 
vn -0.796093 0.605174 0 
vn -0.907575 0.419889 0 
vn -0.647386 0.762162 0 
vn -0.796093 0.605174 0 
vn -0.468408 0.883512 0 
vn -0.647386 0.762162 0 
vn -0.267528 0.96355 0 
vn -0.468408 0.883512 0 
vn -0.0541389 0.998533 0 
vn -0.267528 0.96355 0 
vn 0.161782 0.986827 0 
vn -0.0541389 0.998533 0 
vn 0.370138 0.928977 0 
vn 0.161782 0.986827 0 
vn 0.561187 0.827689 0 
vn 0.370138 0.928977 0 
vn 0.725995 0.687699 0 
vn 0.561187 0.827689 0 
vn 0.856857 0.515554 0 
vn 0.725995 0.687699 0 
vn 0.947653 0.319302 0 
vn 0.856857 0.515554 0 
vn 0.994138 0.108119 0 
vn 0.947653 0.319302 0 
vn 0.994138 -0.108119 0 
vn 0.994138 0.108119 0 
vn 0.947653 -0.319302 0 
vn 0.994138 -0.108119 0 
vn 0.856857 -0.515554 0 
vn 0.947653 -0.319302 0 
vn 0.725995 -0.687699 0 
vn 0.856857 -0.515554 0 
vn 0.561187 -0.827689 0 
vn 0.725995 -0.687699 0 
vn 0.370138 -0.928977 0 
vn 0.561187 -0.827689 0 
vn 0.161782 -0.986827 0 
vn 0.370138 -0.928977 0 
vn -0.0541389 -0.998533 0 
vn 0.161782 -0.986827 0 
vn -0.267528 -0.96355 0 
vn -0.0541389 -0.998533 0 
vn -0.468408 -0.883512 0 
vn -0.267528 -0.96355 0 
vn -0.647386 -0.762162 0 
vn -0.468408 -0.883512 0 
vn -0.796093 -0.605174 0 
vn -0.647386 -0.762162 0 
vn -0.907575 -0.419889 0 
vn -0.796093 -0.605174 0 
vn -0.976621 -0.21497 0 
vn -0.907575 -0.419889 0 
vn -0.976621 0.21497 0 
vn -1 2.44929e-16 0 
vn -0.907575 0.419889 0 
vn -0.976621 0.21497 0 
vn -0.796093 0.605174 0 
vn -0.907575 0.419889 0 
vn -0.647386 0.762162 0 
vn -0.796093 0.605174 0 
vn -0.468408 0.883512 0 
vn -0.647386 0.762162 0 
vn -0.267528 0.96355 0 
vn -0.468408 0.883512 0 
vn -0.0541389 0.998533 0 
vn -0.267528 0.96355 0 
vn 0.161782 0.986827 0 
vn -0.0541389 0.998533 0 
vn 0.370138 0.928977 0 
vn 0.161782 0.986827 0 
vn 0.561187 0.827689 0 
vn 0.370138 0.928977 0 
vn 0.725995 0.687699 0 
vn 0.561187 0.827689 0 
vn 0.856857 0.515554 0 
vn 0.725995 0.687699 0 
vn 0.947653 0.319302 0 
vn 0.856857 0.515554 0 
vn 0.994138 0.108119 0 
vn 0.947653 0.319302 0 
vn 0.994138 -0.108119 0 
vn 0.994138 0.108119 0 
vn 0.947653 -0.319302 0 
vn 0.994138 -0.108119 0 
vn 0.856857 -0.515554 0 
vn 0.947653 -0.319302 0 
vn 0.725995 -0.687699 0 
vn 0.856857 -0.515554 0 
vn 0.561187 -0.827689 0 
vn 0.725995 -0.687699 0 
vn 0.370138 -0.928977 0 
vn 0.561187 -0.827689 0 
vn 0.161782 -0.986827 0 
vn 0.370138 -0.928977 0 
vn -0.0541389 -0.998533 0 
vn 0.161782 -0.986827 0 
vn -0.267528 -0.96355 0 
vn -0.0541389 -0.998533 0 
vn -0.468408 -0.883512 0 
vn -0.267528 -0.96355 0 
vn -0.647386 -0.762162 0 
vn -0.468408 -0.883512 0 
vn -0.796093 -0.605174 0 
vn -0.647386 -0.762162 0 
vn -0.907575 -0.419889 0 
vn -0.796093 -0.605174 0 
vn -0.976621 -0.21497 0 
vn -0.907575 -0.419889 0 
vn -0.976621 0.21497 0 
vn -1 2.44929e-16 0 
vn -0.907575 0.419889 0 
vn -0.976621 0.21497 0 
vn -0.796093 0.605174 0 
vn -0.907575 0.419889 0 
vn -0.647386 0.762162 0 
vn -0.796093 0.605174 0 
vn -0.468408 0.883512 0 
vn -0.647386 0.762162 0 
vn -0.267528 0.96355 0 
vn -0.468408 0.883512 0 
vn -0.0541389 0.998533 0 
vn -0.267528 0.96355 0 
vn 0.161782 0.986827 0 
vn -0.0541389 0.998533 0 
vn 0.370138 0.928977 0 
vn 0.161782 0.986827 0 
vn 0.561187 0.827689 0 
vn 0.370138 0.928977 0 
vn 0.725995 0.687699 0 
vn 0.561187 0.827689 0 
vn 0.856857 0.515554 0 
vn 0.725995 0.687699 0 
vn 0.947653 0.319302 0 
vn 0.856857 0.515554 0 
vn 0.994138 0.108119 0 
vn 0.947653 0.319302 0 
vn 0.994138 -0.108119 0 
vn 0.994138 0.108119 0 
vn 0.947653 -0.319302 0 
vn 0.994138 -0.108119 0 
vn 0.856857 -0.515554 0 
vn 0.947653 -0.319302 0 
vn 0.725995 -0.687699 0 
vn 0.856857 -0.515554 0 
vn 0.561187 -0.827689 0 
vn 0.725995 -0.687699 0 
vn 0.370138 -0.928977 0 
vn 0.561187 -0.827689 0 
vn 0.161782 -0.986827 0 
vn 0.370138 -0.928977 0 
vn -0.0541389 -0.998533 0 
vn 0.161782 -0.986827 0 
vn -0.267528 -0.96355 0 
vn -0.0541389 -0.998533 0 
vn -0.468408 -0.883512 0 
vn -0.267528 -0.96355 0 
vn -0.647386 -0.762162 0 
vn -0.468408 -0.883512 0 
vn -0.796093 -0.605174 0 
vn -0.647386 -0.762162 0 
vn -0.907575 -0.419889 0 
vn -0.796093 -0.605174 0 
vn -0.976621 -0.21497 0 
vn -0.907575 -0.419889 0 
vn -0.976621 0.21497 0 
vn -1 2.44929e-16 0 
vn -0.907575 0.419889 0 
vn -0.976621 0.21497 0 
vn -0.796093 0.605174 0 
vn -0.907575 0.419889 0 
vn -0.647386 0.762162 0 
vn -0.796093 0.605174 0 
vn -0.468408 0.883512 0 
vn -0.647386 0.762162 0 
vn -0.267528 0.96355 0 
vn -0.468408 0.883512 0 
vn -0.0541389 0.998533 0 
vn -0.267528 0.96355 0 
vn 0.161782 0.986827 0 
vn -0.0541389 0.998533 0 
vn 0.370138 0.928977 0 
vn 0.161782 0.986827 0 
vn 0.561187 0.827689 0 
vn 0.370138 0.928977 0 
vn 0.725995 0.687699 0 
vn 0.561187 0.827689 0 
vn 0.856857 0.515554 0 
vn 0.725995 0.687699 0 
vn 0.947653 0.319302 0 
vn 0.856857 0.515554 0 
vn 0.994138 0.108119 0 
vn 0.947653 0.319302 0 
vn 0.994138 -0.108119 0 
vn 0.994138 0.108119 0 
vn 0.947653 -0.319302 0 
vn 0.994138 -0.108119 0 
vn 0.856857 -0.515554 0 
vn 0.947653 -0.319302 0 
vn 0.725995 -0.687699 0 
vn 0.856857 -0.515554 0 
vn 0.561187 -0.827689 0 
vn 0.725995 -0.687699 0 
vn 0.370138 -0.928977 0 
vn 0.561187 -0.827689 0 
vn 0.161782 -0.986827 0 
vn 0.370138 -0.928977 0 
vn -0.0541389 -0.998533 0 
vn 0.161782 -0.986827 0 
vn -0.267528 -0.96355 0 
vn -0.0541389 -0.998533 0 
vn -0.468408 -0.883512 0 
vn -0.267528 -0.96355 0 
vn -0.647386 -0.762162 0 
vn -0.468408 -0.883512 0 
vn -0.796093 -0.605174 0 
vn -0.647386 -0.762162 0 
vn -0.907575 -0.419889 0 
vn -0.796093 -0.605174 0 
vn -0.976621 -0.21497 0 
vn -0.907575 -0.419889 0 
vn -0.976621 0.21497 0 
vn -1 2.44929e-16 0 
vn -0.907575 0.419889 0 
vn -0.976621 0.21497 0 
vn -0.796093 0.605174 0 
vn -0.907575 0.419889 0 
vn -0.647386 0.762162 0 
vn -0.796093 0.605174 0 
vn -0.468408 0.883512 0 
vn -0.647386 0.762162 0 
vn -0.267528 0.96355 0 
vn -0.468408 0.883512 0 
vn -0.0541389 0.998533 0 
vn -0.267528 0.96355 0 
vn 0.161782 0.986827 0 
vn -0.0541389 0.998533 0 
vn 0.370138 0.928977 0 
vn 0.161782 0.986827 0 
vn 0.561187 0.827689 0 
vn 0.370138 0.928977 0 
vn 0.725995 0.687699 0 
vn 0.561187 0.827689 0 
vn 0.856857 0.515554 0 
vn 0.725995 0.687699 0 
vn 0.947653 0.319302 0 
vn 0.856857 0.515554 0 
vn 0.994138 0.108119 0 
vn 0.947653 0.319302 0 
vn 0.994138 -0.108119 0 
vn 0.994138 0.108119 0 
vn 0.947653 -0.319302 0 
vn 0.994138 -0.108119 0 
vn 0.856857 -0.515554 0 
vn 0.947653 -0.319302 0 
vn 0.725995 -0.687699 0 
vn 0.856857 -0.515554 0 
vn 0.561187 -0.827689 0 
vn 0.725995 -0.687699 0 
vn 0.370138 -0.928977 0 
vn 0.561187 -0.827689 0 
vn 0.161782 -0.986827 0 
vn 0.370138 -0.928977 0 
vn -0.0541389 -0.998533 0 
vn 0.161782 -0.986827 0 
vn -0.267528 -0.96355 0 
vn -0.0541389 -0.998533 0 
vn -0.468408 -0.883512 0 
vn -0.267528 -0.96355 0 
vn -0.647386 -0.762162 0 
vn -0.468408 -0.883512 0 
vn -0.796093 -0.605174 0 
vn -0.647386 -0.762162 0 
vn -0.907575 -0.419889 0 
vn -0.796093 -0.605174 0 
vn -0.976621 -0.21497 0 
vn -0.907575 -0.419889 0 
vn -0.976621 0.21497 0 
vn -1 2.44929e-16 0 
vn -0.907575 0.419889 0 
vn -0.976621 0.21497 0 
vn -0.796093 0.605174 0 
vn -0.907575 0.419889 0 
vn -0.647386 0.762162 0 
vn -0.796093 0.605174 0 
vn -0.468408 0.883512 0 
vn -0.647386 0.762162 0 
vn -0.267528 0.96355 0 
vn -0.468408 0.883512 0 
vn -0.0541389 0.998533 0 
vn -0.267528 0.96355 0 
vn 0.161782 0.986827 0 
vn 2.18548e-15 1 0 
vn -0.0541389 0.998533 0 
vn 0.370138 0.928977 0 
vn 0.161782 0.986827 0 
vn 0.561187 0.827689 0 
vn 0.370138 0.928977 0 
vn 0.725995 0.687699 0 
vn 0.561187 0.827689 0 
vn 0.856857 0.515554 0 
vn 0.725995 0.687699 0 
vn 0.947653 0.319302 0 
vn 0.856857 0.515554 0 
vn 0.994138 0.108119 0 
vn 0.947653 0.319302 0 
vn 0.994138 -0.108119 0 
vn 0.994138 0.108119 0 
vn 0.947653 -0.319302 0 
vn 0.994138 -0.108119 0 
vn 0.856857 -0.515554 0 
vn 0.947653 -0.319302 0 
vn 0.725995 -0.687699 0 
vn 0.856857 -0.515554 0 
vn 0.561187 -0.827689 0 
vn 0.725995 -0.687699 0 
vn 0.370138 -0.928977 0 
vn 0.561187 -0.827689 0 
vn 0.161782 -0.986827 0 
vn 0.370138 -0.928977 0 
vn -0.0541389 -0.998533 0 
vn 2.18548e-15 -1 0 
vn 0.161782 -0.986827 0 
vn -0.267528 -0.96355 0 
vn -0.0541389 -0.998533 0 
vn -0.468408 -0.883512 0 
vn -0.267528 -0.96355 0 
vn -0.647386 -0.762162 0 
vn -0.468408 -0.883512 0 
vn -0.796093 -0.605174 0 
vn -0.647386 -0.762162 0 
vn -0.907575 -0.419889 0 
vn -0.796093 -0.605174 0 
vn -0.976621 -0.21497 0 
vn -0.907575 -0.419889 0 
vn -0.976621 0.21497 0 
vn -1 2.44929e-16 0 
vn -0.907575 0.419889 0 
vn -0.976621 0.21497 0 
vn -0.796093 0.605174 0 
vn -0.907575 0.419889 0 
vn -0.647386 0.762162 0 
vn -0.796093 0.605174 0 
vn -0.468408 0.883512 0 
vn -0.647386 0.762162 0 
vn -0.267528 0.96355 0 
vn -0.468408 0.883512 0 
vn -0.0541389 0.998533 0 
vn -0.267528 0.96355 0 
vn 0.161782 0.986827 0 
vn -0.0541389 0.998533 0 
vn 0.370138 0.928977 0 
vn 0.161782 0.986827 0 
vn 0.561187 0.827689 0 
vn 0.370138 0.928977 0 
vn 0.725995 0.687699 0 
vn 0.596589 0.802547 0 
vn 0.561187 0.827689 0 
vn 0.856857 0.515554 0 
vn 0.725995 0.687699 0 
vn 0.947653 0.319302 0 
vn 0.856857 0.515554 0 
vn 0.994138 0.108119 0 
vn 0.947653 0.319302 0 
vn 0.994138 -0.108119 0 
vn 0.994138 0.108119 0 
vn 0.947653 -0.319302 0 
vn 0.994138 -0.108119 0 
vn 0.856857 -0.515554 0 
vn 0.947653 -0.319302 0 
vn 0.725995 -0.687699 0 
vn 0.856857 -0.515554 0 
vn 0.561187 -0.827689 0 
vn 0.596589 -0.802547 0 
vn 0.725995 -0.687699 0 
vn 0.370138 -0.928977 0 
vn 0.561187 -0.827689 0 
vn 0.161782 -0.986827 0 
vn 0.370138 -0.928977 0 
vn -0.0541389 -0.998533 0 
vn 0.161782 -0.986827 0 
vn -0.267528 -0.96355 0 
vn -0.0541389 -0.998533 0 
vn -0.468408 -0.883512 0 
vn -0.267528 -0.96355 0 
vn -0.647386 -0.762162 0 
vn -0.468408 -0.883512 0 
vn -0.796093 -0.605174 0 
vn -0.647386 -0.762162 0 
vn -0.907575 -0.419889 0 
vn -0.796093 -0.605174 0 
vn -0.976621 -0.21497 0 
vn -0.907575 -0.419889 0 
vn -0.976621 0.21497 0 
vn -1 2.44929e-16 0 
vn -0.907575 0.419889 0 
vn -0.976621 0.21497 0 
vn -0.796093 0.605174 0 
vn -0.907575 0.419889 0 
vn -0.647386 0.762162 0 
vn -0.796093 0.605174 0 
vn -0.468408 0.883512 0 
vn -0.647386 0.762162 0 
vn -0.267528 0.96355 0 
vn -0.468408 0.883512 0 
vn -0.0541389 0.998533 0 
vn -0.267528 0.96355 0 
vn 0.161782 0.986827 0 
vn 0 1 0 
vn -0.0541389 0.998533 0 
vn 0.370138 0.928977 0 
vn 0.161782 0.986827 0 
vn 0.561187 0.827689 0 
vn 0.370138 0.928977 0 
vn 0.725995 0.687699 0 
vn 0.561187 0.827689 0 
vn 0.856857 0.515554 0 
vn 0.725995 0.687699 0 
vn 0.947653 0.319302 0 
vn 0.856857 0.515554 0 
vn 0.994138 0.108119 0 
vn 0.947653 0.319302 0 
vn 0.994138 -0.108119 0 
vn 0.994138 0.108119 0 
vn 0.947653 -0.319302 0 
vn 0.994138 -0.108119 0 
vn 0.856857 -0.515554 0 
vn 0.947653 -0.319302 0 
vn 0.725995 -0.687699 0 
vn 0.856857 -0.515554 0 
vn 0.561187 -0.827689 0 
vn 0.725995 -0.687699 0 
vn 0.370138 -0.928977 0 
vn 0.561187 -0.827689 0 
vn 0.161782 -0.986827 0 
vn 0.370138 -0.928977 0 
vn -0.0541389 -0.998533 0 
vn 0 -1 0 
vn 0.161782 -0.986827 0 
vn -0.267528 -0.96355 0 
vn -0.0541389 -0.998533 0 
vn -0.468408 -0.883512 0 
vn -0.267528 -0.96355 0 
vn -0.647386 -0.762162 0 
vn -0.468408 -0.883512 0 
vn -0.796093 -0.605174 0 
vn -0.647386 -0.762162 0 
vn -0.907575 -0.419889 0 
vn -0.796093 -0.605174 0 
vn -0.976621 -0.21497 0 
vn -0.907575 -0.419889 0 
vn -0.976621 0.21497 0 
vn -1 2.44929e-16 0 
vn -0.907575 0.419889 0 
vn -0.976621 0.21497 0 
vn -0.796093 0.605174 0 
vn -0.826845 0.56243 0 
vn -0.907575 0.419889 0 
vn -0.647386 0.762162 0 
vn -0.796093 0.605174 0 
vn -0.468408 0.883512 0 
vn -0.647386 0.762162 0 
vn -0.267528 0.96355 0 
vn -0.468408 0.883512 0 
vn -0.0541389 0.998533 0 
vn -0.267528 0.96355 0 
vn 0.161782 0.986827 0 
vn -0.0541389 0.998533 0 
vn 0.370138 0.928977 0 
vn 0.161782 0.986827 0 
vn 0.561187 0.827689 0 
vn 0.370138 0.928977 0 
vn 0.725995 0.687699 0 
vn 0.561187 0.827689 0 
vn 0.856857 0.515554 0 
vn 0.826781 0.562525 0 
vn 0.725995 0.687699 0 
vn 0.947653 0.319302 0 
vn 0.856857 0.515554 0 
vn 0.994138 0.108119 0 
vn 0.947653 0.319302 0 
vn 0.994138 -0.108119 0 
vn 0.994138 0.108119 0 
vn 0.947653 -0.319302 0 
vn 0.994138 -0.108119 0 
vn 0.856857 -0.515554 0 
vn 0.947653 -0.319302 0 
vn 0.725995 -0.687699 0 
vn 0.856857 -0.515554 0 
vn 0.561187 -0.827689 0 
vn 0.725995 -0.687699 0 
vn 0.370138 -0.928977 0 
vn 0.561187 -0.827689 0 
vn 0.161782 -0.986827 0 
vn 0.370138 -0.928977 0 
vn -0.0541389 -0.998533 0 
vn 0.161782 -0.986827 0 
vn -0.267528 -0.96355 0 
vn -0.0541389 -0.998533 0 
vn -0.468408 -0.883512 0 
vn -0.267528 -0.96355 0 
vn -0.647386 -0.762162 0 
vn -0.468408 -0.883512 0 
vn -0.796093 -0.605174 0 
vn -0.647386 -0.762162 0 
vn -0.907575 -0.419889 0 
vn -0.796093 -0.605174 0 
vn -0.976621 -0.21497 0 
vn -0.907575 -0.419889 0 
usemtl 0.615686_0.811765_0.929412_0.000000_0.000000
o mesh0
f 1//1 2//2 3//2 
f 4//3 1//1 5//4 
f 6//5 4//3 7//6 
f 8//7 6//5 9//8 
f 10//9 8//7 11//10 
f 12//11 10//9 13//12 
f 14//13 12//11 15//14 
f 16//15 14//13 17//16 
f 18//17 16//15 19//18 
f 20//19 18//17 21//20 
f 22//21 20//19 23//22 
f 24//23 22//21 25//24 
f 26//25 24//23 27//26 
f 28//27 26//25 29//28 
f 30//29 31//30 32//30 
f 33//31 32//30 31//30 
f 31//30 28//27 33//31 
f 34//32 30//29 35//33 
f 36//34 34//32 37//35 
f 38//36 36//34 39//37 
f 40//38 38//36 41//39 
f 42//40 40//38 43//41 
f 44//42 42//40 45//43 
f 46//44 44//42 47//45 
f 48//46 46//44 49//47 
f 50//48 48//46 51//49 
f 52//50 50//48 53//51 
f 54//52 52//50 55//53 
f 56//54 54//52 57//55 
f 58//56 56//54 59//57 
f 2//2 58//56 60//56 
f 60//56 3//2 2//2 
f 59//57 60//56 58//56 
f 57//55 59//57 56//54 
f 55//53 57//55 54//52 
f 53//51 55//53 52//50 
f 51//49 53//51 50//48 
f 49//47 51//49 48//46 
f 47//45 49//47 46//44 
f 45//43 47//45 44//42 
f 43//41 45//43 42//40 
f 41//39 43//41 40//38 
f 39//37 41//39 38//36 
f 37//35 39//37 36//34 
f 35//33 37//35 34//32 
f 32//30 35//33 30//29 
f 29//28 33//31 28//27 
f 27//26 29//28 26//25 
f 25//24 27//26 24//23 
f 23//22 25//24 22//21 
f 21//20 23//22 20//19 
f 19//18 21//20 18//17 
f 17//16 19//18 16//15 
f 15//14 17//16 14//13 
f 13//12 15//14 12//11 
f 11//10 13//12 10//9 
f 9//8 11//10 8//7 
f 7//6 9//8 6//5 
f 5//4 7//6 4//3 
f 3//2 5//4 1//1 
o mesh1
f 61//58 62//58 823//58 
f 62//58 63//58 824//58 
f 825//58 28//58 31//58 
f 31//58 64//58 825//58 
f 31//58 30//58 64//58 
f 63//58 64//58 44//58 
f 64//58 34//58 36//58 
f 825//58 26//58 28//58 
f 64//58 42//58 44//58 
f 64//58 38//58 40//58 
f 30//58 34//58 64//58 
f 825//58 22//58 24//58 
f 40//58 42//58 64//58 
f 24//58 26//58 825//58 
f 824//58 8//58 10//58 
f 824//58 1//58 4//58 
f 824//58 63//58 2//58 
f 63//58 54//58 56//58 
f 63//58 48//58 50//58 
f 36//58 38//58 64//58 
f 825//58 18//58 20//58 
f 824//58 14//58 16//58 
f 824//58 6//58 8//58 
f 2//58 1//58 824//58 
f 56//58 58//58 63//58 
f 50//58 52//58 63//58 
f 20//58 22//58 825//58 
f 16//58 825//58 824//58 
f 4//58 6//58 824//58 
f 52//58 54//58 63//58 
f 16//58 18//58 825//58 
f 10//58 12//58 824//58 
f 63//58 46//58 48//58 
f 12//58 14//58 824//58 
f 44//58 46//58 63//58 
f 65//58 66//58 826//58 
f 66//58 67//58 827//58 
f 67//58 68//58 828//58 
f 829//58 69//58 70//58 
f 70//58 71//58 829//58 
f 70//58 72//58 71//58 
f 68//58 71//58 73//58 
f 71//58 74//58 75//58 
f 829//58 76//58 69//58 
f 71//58 77//58 73//58 
f 71//58 78//58 74//58 
f 72//58 79//58 71//58 
f 829//58 80//58 81//58 
f 828//58 82//58 83//58 
f 828//58 84//58 85//58 
f 828//58 86//58 87//58 
f 68//58 88//58 89//58 
f 68//58 90//58 91//58 
f 75//58 77//58 71//58 
f 829//58 92//58 76//58 
f 81//58 93//58 829//58 
f 83//58 829//58 828//58 
f 87//58 84//58 828//58 
f 828//58 68//58 94//58 
f 68//58 95//58 88//58 
f 91//58 96//58 68//58 
f 79//58 78//58 71//58 
f 83//58 80//58 829//58 
f 85//58 97//58 828//58 
f 94//58 98//58 828//58 
f 96//58 95//58 68//58 
f 93//58 92//58 829//58 
f 98//58 86//58 828//58 
f 68//58 99//58 90//58 
f 97//58 82//58 828//58 
f 73//58 99//58 68//58 
f 71//58 100//58 830//58 
f 100//58 101//58 831//58 
f 102//58 832//58 833//58 
f 832//58 834//58 835//58 
f 834//58 836//58 837//58 
f 838//58 103//58 104//58 
f 104//58 823//58 838//58 
f 823//58 105//58 106//58 
f 104//58 107//58 823//58 
f 823//58 108//58 105//58 
f 838//58 109//58 103//58 
f 838//58 110//58 111//58 
f 836//58 112//58 113//58 
f 107//58 108//58 823//58 
f 111//58 114//58 838//58 
f 838//58 837//58 115//58 
f 837//58 116//58 117//58 
f 837//58 118//58 119//58 
f 836//58 120//58 121//58 
f 113//58 122//58 836//58 
f 114//58 109//58 838//58 
f 115//58 123//58 838//58 
f 119//58 116//58 837//58 
f 836//58 124//58 120//58 
f 122//58 125//58 836//58 
f 823//58 126//58 112//58 
f 123//58 110//58 838//58 
f 837//58 127//58 118//58 
f 837//58 128//58 129//58 
f 836//58 130//58 128//58 
f 125//58 124//58 836//58 
f 823//58 131//58 126//58 
f 117//58 115//58 837//58 
f 128//58 837//58 836//58 
f 112//58 836//58 823//58 
f 129//58 127//58 837//58 
f 106//58 131//58 823//58 
f 823//58 824//58 839//58 
f 824//58 825//58 840//58 
f 825//58 841//58 842//58 
f 841//58 843//58 844//58 
f 843//58 845//58 846//58 
f 845//58 826//58 847//58 
f 826//58 827//58 848//58 
f 827//58 828//58 849//58 
f 828//58 829//58 850//58 
f 831//58 851//58 852//58 
f 851//58 853//58 854//58 
f 853//58 855//58 856//58 
f 837//58 838//58 857//58 
f 838//58 839//58 858//58 
f 839//58 840//58 859//58 
f 842//58 844//58 860//58 
f 850//58 861//58 862//58 
f 861//58 863//58 864//58 
f 132//58 865//58 866//58 
f 865//58 867//58 868//58 
f 867//58 869//58 870//58 
f 869//58 857//58 871//58 
f 857//58 858//58 872//58 
f 858//58 859//58 873//58 
f 874//58 860//58 875//58 
f 876//58 862//58 877//58 
f 862//58 864//58 878//58 
f 864//58 879//58 880//58 
f 879//58 881//58 882//58 
f 881//58 883//58 884//58 
f 885//58 886//58 133//58 
f 133//58 866//58 885//58 
f 866//58 868//58 887//58 
f 871//58 872//58 888//58 
f 872//58 873//58 889//58 
f 873//58 890//58 891//58 
f 890//58 875//58 892//58 
f 893//58 877//58 894//58 
f 880//58 882//58 895//58 
f 882//58 884//58 896//58 
f 887//58 897//58 898//58 
f 897//58 899//58 900//58 
f 899//58 888//58 901//58 
f 888//58 889//58 902//58 
f 903//58 904//58 905//58 
f 904//58 906//58 907//58 
f 906//58 894//58 908//58 
f 894//58 909//58 910//58 
f 909//58 911//58 912//58 
f 911//58 895//58 913//58 
f 914//58 915//58 134//58 
f 134//58 916//58 914//58 
f 916//58 917//58 918//58 
f 900//58 901//58 919//58 
f 901//58 902//58 920//58 
f 921//58 922//58 923//58 
f 922//58 924//58 925//58 
f 924//58 905//58 926//58 
f 905//58 907//58 927//58 
f 907//58 908//58 928//58 
f 912//58 913//58 929//58 
f 913//58 930//58 931//58 
f 918//58 932//58 933//58 
f 932//58 934//58 935//58 
f 934//58 919//58 936//58 
f 919//58 920//58 937//58 
f 938//58 923//58 939//58 
f 925//58 135//58 136//58 
f 925//58 137//58 138//58 
f 940//58 139//58 140//58 
f 940//58 141//58 142//58 
f 939//58 143//58 141//58 
f 923//58 925//58 144//58 
f 138//58 135//58 925//58 
f 940//58 145//58 146//58 
f 142//58 139//58 940//58 
f 939//58 147//58 143//58 
f 939//58 148//58 149//58 
f 923//58 150//58 151//58 
f 144//58 152//58 923//58 
f 925//58 153//58 137//58 
f 925//58 146//58 154//58 
f 940//58 155//58 145//58 
f 140//58 156//58 940//58 
f 939//58 157//58 147//58 
f 149//58 158//58 939//58 
f 923//58 159//58 160//58 
f 923//58 161//58 150//58 
f 152//58 162//58 923//58 
f 154//58 153//58 925//58 
f 156//58 155//58 940//58 
f 158//58 157//58 939//58 
f 160//58 939//58 923//58 
f 162//58 161//58 923//58 
f 146//58 925//58 940//58 
f 160//58 148//58 939//58 
f 151//58 163//58 923//58 
f 141//58 940//58 939//58 
f 136//58 144//58 925//58 
f 925//58 926//58 941//58 
f 926//58 927//58 942//58 
f 927//58 928//58 943//58 
f 928//58 944//58 945//58 
f 944//58 946//58 947//58 
f 946//58 929//58 948//58 
f 949//58 950//58 164//58 
f 164//58 951//58 949//58 
f 951//58 952//58 953//58 
f 952//58 933//58 954//58 
f 933//58 935//58 955//58 
f 956//58 939//58 957//58 
f 939//58 940//58 958//58 
f 942//58 943//58 959//58 
f 943//58 945//58 960//58 
f 945//58 947//58 961//58 
f 947//58 948//58 962//58 
f 948//58 963//58 964//58 
f 949//58 953//58 965//58 
f 953//58 954//58 966//58 
f 954//58 955//58 967//58 
f 968//58 969//58 970//58 
f 969//58 971//58 972//58 
f 971//58 973//58 974//58 
f 973//58 957//58 975//58 
f 957//58 958//58 976//58 
f 977//58 959//58 978//58 
f 959//58 960//58 979//58 
f 960//58 961//58 980//58 
f 961//58 962//58 981//58 
f 962//58 964//58 982//58 
f 965//58 966//58 983//58 
f 966//58 967//58 984//58 
f 985//58 970//58 986//58 
f 970//58 972//58 987//58 
f 972//58 974//58 988//58 
f 974//58 975//58 989//58 
f 975//58 976//58 990//58 
f 991//58 978//58 992//58 
f 978//58 979//58 993//58 
f 979//58 980//58 994//58 
f 980//58 981//58 995//58 
f 986//58 165//58 166//58 
f 987//58 167//58 165//58 
f 165//58 986//58 987//58 
f 987//58 996//58 168//58 
f 168//58 167//58 987//58 
f 996//58 997//58 166//58 
f 166//58 168//58 996//58 
f 987//58 988//58 998//58 
f 997//58 996//58 169//58 
f 996//58 998//58 170//58 
f 998//58 999//58 171//58 
f 172//58 173//58 1000//58 
f 173//58 174//58 1001//58 
f 1002//58 1003//58 175//58 
f 1001//58 174//58 175//58 
f 175//58 1003//58 1001//58 
f 176//58 991//58 1002//58 
f 976//58 177//58 178//58 
f 990//58 178//58 179//58 
f 989//58 990//58 180//58 
f 988//58 181//58 182//58 
f 989//58 183//58 181//58 
f 999//58 998//58 182//58 
f 181//58 988//58 989//58 
f 182//58 998//58 988//58 
f 918//58 917//58 184//58 
f 184//58 185//58 918//58 
f 918//58 186//58 187//58 
f 185//58 188//58 918//58 
f 917//58 189//58 190//58 
f 918//58 191//58 186//58 
f 190//58 184//58 917//58 
f 917//58 898//58 192//58 
f 188//58 191//58 918//58 
f 192//58 193//58 917//58 
f 193//58 189//58 917//58 
f 900//58 194//58 195//58 
f 900//58 196//58 194//58 
f 900//58 197//58 198//58 
f 934//58 932//58 199//58 
f 198//58 196//58 900//58 
f 900//58 200//58 201//58 
f 934//58 202//58 200//58 
f 934//58 203//58 204//58 
f 932//58 205//58 199//58 
f 201//58 197//58 900//58 
f 934//58 206//58 202//58 
f 934//58 207//58 208//58 
f 199//58 203//58 934//58 
f 932//58 209//58 210//58 
f 898//58 195//58 211//58 
f 200//58 900//58 934//58 
f 204//58 207//58 934//58 
f 932//58 212//58 209//58 
f 211//58 213//58 898//58 
f 208//58 206//58 934//58 
f 932//58 187//58 212//58 
f 213//58 214//58 898//58 
f 210//58 205//58 932//58 
f 195//58 898//58 900//58 
f 894//58 215//58 216//58 
f 877//58 217//58 218//58 
f 894//58 219//58 215//58 
f 218//58 894//58 877//58 
f 878//58 220//58 221//58 
f 909//58 216//58 222//58 
f 894//58 223//58 219//58 
f 894//58 224//58 225//58 
f 877//58 226//58 217//58 
f 221//58 877//58 878//58 
f 222//58 227//58 909//58 
f 894//58 228//58 223//58 
f 218//58 224//58 894//58 
f 877//58 229//58 230//58 
f 221//58 231//58 877//58 
f 878//58 232//58 233//58 
f 216//58 909//58 894//58 
f 230//58 226//58 877//58 
f 231//58 234//58 877//58 
f 878//58 235//58 232//58 
f 225//58 228//58 894//58 
f 233//58 220//58 878//58 
f 234//58 229//58 877//58 
f 911//58 236//58 237//58 
f 880//58 238//58 235//58 
f 880//58 239//58 240//58 
f 911//58 241//58 236//58 
f 911//58 909//58 242//58 
f 880//58 243//58 238//58 
f 880//58 237//58 239//58 
f 911//58 244//58 241//58 
f 242//58 245//58 911//58 
f 240//58 243//58 880//58 
f 245//58 244//58 911//58 
f 237//58 880//58 911//58 
f 902//58 246//58 247//58 
f 247//58 248//58 249//58 
f 247//58 250//58 251//58 
f 247//58 252//58 253//58 
f 248//58 254//58 249//58 
f 247//58 255//58 250//58 
f 249//58 252//58 247//58 
f 248//58 256//58 257//58 
f 920//58 258//58 259//58 
f 920//58 247//58 260//58 
f 253//58 255//58 247//58 
f 257//58 261//58 248//58 
f 937//58 262//58 263//58 
f 920//58 264//58 265//58 
f 259//58 266//58 920//58 
f 247//58 267//58 260//58 
f 261//58 254//58 248//58 
f 248//58 937//58 268//58 
f 937//58 269//58 270//58 
f 263//58 271//58 937//58 
f 920//58 272//58 273//58 
f 266//58 264//58 920//58 
f 251//58 267//58 247//58 
f 268//58 274//58 248//58 
f 271//58 269//58 937//58 
f 937//58 275//58 276//58 
f 265//58 272//58 920//58 
f 274//58 256//58 248//58 
f 276//58 262//58 937//58 
f 920//58 277//58 275//58 
f 260//58 258//58 920//58 
f 275//58 937//58 920//58 
f 270//58 268//58 937//58 
f 969//58 968//58 278//58 
f 937//58 248//58 278//58 
f 278//58 968//58 937//58 
f 279//58 280//58 971//58 
f 956//58 973//58 281//58 
f 971//58 280//58 281//58 
f 281//58 973//58 971//58 
f 282//58 938//58 956//58 
f 283//58 921//58 938//58 
f 284//58 285//58 921//58 
f 285//58 286//58 922//58 
f 1004//58 903//58 287//58 
f 903//58 924//58 288//58 
f 288//58 287//58 903//58 
f 922//58 286//58 288//58 
f 288//58 924//58 922//58 
f 1005//58 1004//58 289//58 
f 892//58 1005//58 290//58 
f 891//58 892//58 291//58 
f 889//58 292//58 293//58 
f 891//58 294//58 292//58 
f 246//58 902//58 293//58 
f 292//58 889//58 891//58 
f 293//58 902//58 889//58 
f 295//58 296//58 1004//58 
f 296//58 297//58 903//58 
f 297//58 298//58 904//58 
f 893//58 906//58 299//58 
f 904//58 298//58 299//58 
f 299//58 906//58 904//58 
f 300//58 876//58 893//58 
f 849//58 850//58 301//58 
f 876//58 300//58 301//58 
f 301//58 850//58 876//58 
f 848//58 849//58 302//58 
f 847//58 848//58 303//58 
f 846//58 847//58 304//58 
f 860//58 844//58 305//58 
f 846//58 306//58 305//58 
f 305//58 844//58 846//58 
f 860//58 307//58 308//58 
f 1005//58 892//58 309//58 
f 875//58 308//58 309//58 
f 309//58 892//58 875//58 
f 883//58 310//58 311//58 
f 312//58 896//58 313//58 
f 884//58 311//58 313//58 
f 313//58 896//58 884//58 
f 314//58 896//58 315//58 
f 896//58 316//58 317//58 
f 317//58 315//58 896//58 
f 318//58 319//58 317//58 
f 317//58 316//58 318//58 
f 312//58 320//58 316//58 
f 316//58 896//58 312//58 
f 930//58 913//58 321//58 
f 913//58 895//58 322//58 
f 322//58 321//58 913//58 
f 896//58 314//58 322//58 
f 322//58 895//58 896//58 
f 323//58 324//58 325//58 
f 930//58 326//58 325//58 
f 325//58 324//58 930//58 
f 327//58 328//58 326//58 
f 326//58 930//58 327//58 
f 329//58 931//58 330//58 
f 930//58 324//58 330//58 
f 330//58 931//58 930//58 
f 931//58 331//58 332//58 
f 333//58 334//58 335//58 
f 336//58 337//58 338//58 
f 336//58 339//58 340//58 
f 931//58 341//58 339//58 
f 931//58 342//58 343//58 
f 931//58 344//58 331//58 
f 333//58 345//58 334//58 
f 333//58 346//58 347//58 
f 348//58 349//58 350//58 
f 348//58 336//58 351//58 
f 338//58 352//58 336//58 
f 339//58 336//58 931//58 
f 332//58 342//58 931//58 
f 931//58 335//58 353//58 
f 347//58 345//58 333//58 
f 333//58 354//58 355//58 
f 348//58 356//58 349//58 
f 348//58 357//58 358//58 
f 351//58 359//58 348//58 
f 340//58 337//58 336//58 
f 353//58 344//58 931//58 
f 355//58 346//58 333//58 
f 358//58 356//58 348//58 
f 352//58 351//58 336//58 
f 335//58 931//58 333//58 
f 333//58 360//58 361//58 
f 362//58 931//58 336//58 
f 359//58 357//58 348//58 
f 361//58 354//58 333//58 
f 333//58 350//58 363//58 
f 350//58 333//58 348//58 
f 364//58 365//58 348//58 
f 363//58 360//58 333//58 
f 329//58 366//58 333//58 
f 348//58 333//58 364//58 
f 333//58 931//58 329//58 
f 343//58 341//58 931//58 
f 963//58 948//58 367//58 
f 948//58 929//58 368//58 
f 368//58 367//58 948//58 
f 931//58 362//58 368//58 
f 368//58 929//58 931//58 
f 369//58 370//58 371//58 
f 963//58 372//58 371//58 
f 371//58 370//58 963//58 
f 373//58 374//58 372//58 
f 372//58 963//58 373//58 
f 375//58 376//58 377//58 
f 377//58 964//58 375//58 
f 963//58 370//58 375//58 
f 375//58 964//58 963//58 
f 964//58 378//58 379//58 
f 964//58 380//58 378//58 
f 964//58 381//58 380//58 
f 982//58 379//58 382//58 
f 995//58 383//58 384//58 
f 384//58 385//58 995//58 
f 995//58 386//58 383//58 
f 982//58 387//58 388//58 
f 385//58 389//58 390//58 
f 384//58 391//58 385//58 
f 981//58 392//58 393//58 
f 981//58 982//58 394//58 
f 982//58 395//58 387//58 
f 396//58 385//58 397//58 
f 391//58 389//58 385//58 
f 981//58 398//58 392//58 
f 394//58 399//58 981//58 
f 982//58 400//58 395//58 
f 396//58 401//58 402//58 
f 396//58 403//58 404//58 
f 390//58 397//58 385//58 
f 981//58 405//58 398//58 
f 388//58 394//58 982//58 
f 402//58 982//58 396//58 
f 397//58 403//58 396//58 
f 995//58 406//58 407//58 
f 399//58 405//58 981//58 
f 402//58 408//58 982//58 
f 407//58 386//58 995//58 
f 995//58 409//58 410//58 
f 408//58 400//58 982//58 
f 410//58 406//58 995//58 
f 981//58 411//58 412//58 
f 404//58 401//58 396//58 
f 412//58 995//58 981//58 
f 412//58 409//58 995//58 
f 393//58 413//58 981//58 
f 995//58 385//58 414//58 
f 994//58 995//58 415//58 
f 415//58 416//58 994//58 
f 993//58 994//58 417//58 
f 992//58 993//58 418//58 
f 1002//58 992//58 419//58 
f 419//58 420//58 1002//58 
f 1003//58 420//58 421//58 
f 1003//58 422//58 423//58 
f 423//58 1001//58 1003//58 
f 1000//58 1001//58 424//58 
f 999//58 1000//58 425//58 
f 425//58 426//58 999//58 
f 997//58 427//58 428//58 
f 428//58 1006//58 997//58 
f 1007//58 1006//58 429//58 
f 1006//58 430//58 429//58 
f 1007//58 431//58 432//58 
f 1008//58 432//58 433//58 
f 984//58 434//58 435//58 
f 984//58 1008//58 434//58 
f 983//58 435//58 436//58 
f 1009//58 437//58 438//58 
f 1009//58 436//58 437//58 
f 1009//58 439//58 440//58 
f 439//58 441//58 440//58 
f 439//58 442//58 441//58 
f 440//58 443//58 1009//58 
f 439//58 444//58 445//58 
f 1010//58 446//58 447//58 
f 965//58 448//58 449//58 
f 1009//58 450//58 451//58 
f 439//58 452//58 442//58 
f 445//58 453//58 439//58 
f 1010//58 454//58 446//58 
f 1010//58 965//58 455//58 
f 449//58 456//58 965//58 
f 451//58 965//58 1009//58 
f 1009//58 457//58 458//58 
f 453//58 452//58 439//58 
f 444//58 459//58 460//58 
f 1010//58 461//58 454//58 
f 455//58 462//58 1010//58 
f 965//58 463//58 464//58 
f 451//58 448//58 965//58 
f 458//58 465//58 1009//58 
f 460//58 445//58 444//58 
f 462//58 461//58 1010//58 
f 965//58 466//58 463//58 
f 465//58 450//58 1009//58 
f 443//58 467//58 1009//58 
f 1010//58 468//58 469//58 
f 464//58 455//58 965//58 
f 467//58 457//58 1009//58 
f 447//58 468//58 1010//58 
f 444//58 469//58 459//58 
f 456//58 466//58 965//58 
f 1010//58 444//58 470//58 
f 949//58 471//58 472//58 
f 949//58 1010//58 473//58 
f 473//58 471//58 949//58 
f 950//58 472//58 474//58 
f 950//58 475//58 476//58 
f 476//58 164//58 950//58 
f 477//58 951//58 478//58 
f 951//58 479//58 480//58 
f 480//58 478//58 951//58 
f 481//58 482//58 480//58 
f 480//58 479//58 481//58 
f 914//58 918//58 483//58 
f 952//58 484//58 483//58 
f 483//58 918//58 952//58 
f 951//58 477//58 484//58 
f 484//58 952//58 951//58 
f 915//58 914//58 485//58 
f 914//58 486//58 487//58 
f 488//58 489//58 490//58 
f 491//58 492//58 493//58 
f 485//58 494//58 915//58 
f 914//58 495//58 486//58 
f 914//58 496//58 497//58 
f 914//58 490//58 498//58 
f 488//58 499//58 489//58 
f 488//58 500//58 501//58 
f 488//58 502//58 503//58 
f 502//58 504//58 505//58 
f 493//58 915//58 491//58 
f 494//58 506//58 915//58 
f 497//58 495//58 914//58 
f 490//58 914//58 488//58 
f 488//58 507//58 500//58 
f 502//58 508//58 503//58 
f 502//58 509//58 504//58 
f 502//58 510//58 511//58 
f 493//58 512//58 510//58 
f 493//58 513//58 514//58 
f 506//58 491//58 915//58 
f 498//58 496//58 914//58 
f 503//58 507//58 488//58 
f 511//58 509//58 502//58 
f 493//58 515//58 512//58 
f 492//58 513//58 493//58 
f 501//58 499//58 488//58 
f 510//58 502//58 493//58 
f 487//58 485//58 914//58 
f 493//58 516//58 515//58 
f 517//58 493//58 502//58 
f 505//58 508//58 502//58 
f 514//58 516//58 493//58 
f 518//58 519//58 488//58 
f 488//58 914//58 518//58 
f 520//58 915//58 493//58 
f 521//58 134//58 915//58 
f 522//58 916//58 523//58 
f 916//58 524//58 525//58 
f 525//58 523//58 916//58 
f 526//58 527//58 525//58 
f 525//58 524//58 526//58 
f 885//58 887//58 528//58 
f 917//58 529//58 528//58 
f 528//58 887//58 917//58 
f 916//58 522//58 529//58 
f 529//58 917//58 916//58 
f 885//58 530//58 531//58 
f 532//58 533//58 531//58 
f 531//58 533//58 885//58 
f 533//58 886//58 885//58 
f 534//58 535//58 530//58 
f 530//58 885//58 534//58 
f 536//58 886//58 533//58 
f 537//58 133//58 886//58 
f 538//58 865//58 539//58 
f 865//58 132//58 540//58 
f 540//58 539//58 865//58 
f 541//58 542//58 540//58 
f 540//58 132//58 541//58 
f 543//58 544//58 545//58 
f 833//58 546//58 545//58 
f 545//58 544//58 833//58 
f 547//58 548//58 546//58 
f 546//58 833//58 547//58 
f 549//58 550//58 832//58 
f 550//58 551//58 834//58 
f 61//58 836//58 552//58 
f 834//58 551//58 552//58 
f 552//58 836//58 834//58 
f 841//58 825//58 553//58 
f 64//58 554//58 553//58 
f 553//58 825//58 64//58 
f 555//58 556//58 843//58 
f 65//58 845//58 557//58 
f 843//58 556//58 557//58 
f 557//58 845//58 843//58 
f 851//58 831//58 558//58 
f 101//58 559//58 558//58 
f 558//58 831//58 101//58 
f 560//58 561//58 853//58 
f 561//58 562//58 855//58 
f 562//58 563//58 564//58 
f 855//58 564//58 565//58 
f 566//58 856//58 567//58 
f 856//58 565//58 568//58 
f 568//58 567//58 856//58 
f 569//58 570//58 568//58 
f 568//58 565//58 569//58 
f 883//58 881//58 571//58 
f 881//58 854//58 572//58 
f 572//58 571//58 881//58 
f 856//58 566//58 572//58 
f 572//58 854//58 856//58 
f 883//58 573//58 574//58 
f 575//58 576//58 573//58 
f 577//58 310//58 574//58 
f 573//58 883//58 575//58 
f 574//58 310//58 883//58 
f 868//58 578//58 579//58 
f 579//58 887//58 868//58 
f 887//58 580//58 581//58 
f 868//58 582//58 578//58 
f 579//58 580//58 887//58 
f 868//58 583//58 584//58 
f 887//58 585//58 586//58 
f 584//58 582//58 868//58 
f 581//58 585//58 887//58 
f 868//58 870//58 587//58 
f 587//58 583//58 868//58 
f 899//58 588//58 589//58 
f 871//58 589//58 590//58 
f 899//58 591//58 588//58 
f 589//58 871//58 899//58 
f 899//58 592//58 593//58 
f 899//58 897//58 594//58 
f 593//58 591//58 899//58 
f 594//58 595//58 899//58 
f 897//58 596//58 597//58 
f 897//58 586//58 598//58 
f 870//58 599//58 600//58 
f 870//58 601//58 602//58 
f 871//58 603//58 604//58 
f 871//58 605//58 606//58 
f 871//58 607//58 608//58 
f 595//58 592//58 899//58 
f 598//58 596//58 897//58 
f 602//58 599//58 870//58 
f 604//58 870//58 871//58 
f 608//58 605//58 871//58 
f 597//58 594//58 897//58 
f 604//58 601//58 870//58 
f 590//58 607//58 871//58 
f 606//58 603//58 871//58 
f 944//58 928//58 609//58 
f 928//58 610//58 609//58 
f 928//58 611//58 612//58 
f 908//58 613//58 614//58 
f 908//58 910//58 615//58 
f 928//58 616//58 610//58 
f 612//58 617//58 928//58 
f 614//58 928//58 908//58 
f 908//58 618//58 619//58 
f 615//58 620//58 908//58 
f 617//58 616//58 928//58 
f 614//58 621//58 928//58 
f 908//58 622//58 618//58 
f 620//58 623//58 908//58 
f 944//58 624//58 625//58 
f 621//58 611//58 928//58 
f 623//58 622//58 908//58 
f 625//58 626//58 944//58 
f 619//58 613//58 908//58 
f 910//58 627//58 628//58 
f 609//58 624//58 944//58 
f 910//58 629//58 627//58 
f 628//58 615//58 910//58 
f 912//58 630//58 629//58 
f 946//58 944//58 631//58 
f 912//58 632//58 630//58 
f 912//58 946//58 633//58 
f 631//58 634//58 946//58 
f 912//58 635//58 632//58 
f 633//58 636//58 912//58 
f 946//58 637//58 638//58 
f 634//58 639//58 946//58 
f 636//58 635//58 912//58 
f 639//58 637//58 946//58 
f 638//58 633//58 946//58 
f 640//58 641//58 642//58 
f 643//58 644//58 641//58 
f 867//58 645//58 646//58 
f 867//58 640//58 647//58 
f 640//58 648//58 649//58 
f 641//58 640//58 643//58 
f 647//58 645//58 867//58 
f 642//58 648//58 640//58 
f 643//58 650//58 651//58 
f 835//58 652//58 653//58 
f 640//58 654//58 647//58 
f 651//58 644//58 643//58 
f 643//58 835//58 655//58 
f 653//58 656//58 835//58 
f 649//58 654//58 640//58 
f 656//58 655//58 835//58 
f 833//58 835//58 643//58 
f 655//58 650//58 643//58 
f 646//58 657//58 867//58 
f 865//58 538//58 640//58 
f 640//58 867//58 865//58 
f 837//58 869//58 658//58 
f 869//58 659//58 658//58 
f 869//58 660//58 661//58 
f 869//58 867//58 662//58 
f 661//58 659//58 869//58 
f 869//58 663//58 664//58 
f 867//58 665//58 662//58 
f 837//58 666//58 667//58 
f 837//58 668//58 669//58 
f 837//58 670//58 671//58 
f 664//58 660//58 869//58 
f 867//58 657//58 665//58 
f 837//58 672//58 666//58 
f 671//58 668//58 837//58 
f 662//58 663//58 869//58 
f 667//58 835//58 837//58 
f 658//58 670//58 837//58 
f 669//58 672//58 837//58 
f 829//58 673//58 674//58 
f 850//58 675//58 676//58 
f 850//58 677//58 678//58 
f 674//58 850//58 829//58 
f 678//58 675//58 850//58 
f 829//58 679//58 673//58 
f 829//58 680//58 681//58 
f 829//58 830//58 682//58 
f 674//58 677//58 850//58 
f 682//58 680//58 829//58 
f 681//58 679//58 829//58 
f 863//58 683//58 684//58 
f 830//58 685//58 686//58 
f 830//58 687//58 688//58 
f 831//58 689//58 687//58 
f 831//58 690//58 691//58 
f 863//58 692//58 683//58 
f 863//58 861//58 693//58 
f 861//58 694//58 695//58 
f 861//58 676//58 696//58 
f 688//58 685//58 830//58 
f 831//58 697//58 689//58 
f 831//58 698//58 699//58 
f 831//58 684//58 690//58 
f 863//58 700//58 692//58 
f 863//58 701//58 702//58 
f 693//58 703//58 863//58 
f 696//58 694//58 861//58 
f 687//58 830//58 831//58 
f 691//58 698//58 831//58 
f 702//58 700//58 863//58 
f 695//58 693//58 861//58 
f 699//58 697//58 831//58 
f 703//58 701//58 863//58 
f 684//58 831//58 863//58 
f 864//58 863//58 704//58 
f 879//58 864//58 705//58 
f 704//58 706//58 864//58 
f 705//58 707//58 879//58 
f 864//58 708//58 709//58 
f 863//58 710//58 704//58 
f 852//58 711//58 712//58 
f 864//58 713//58 705//58 
f 706//58 708//58 864//58 
f 863//58 714//58 715//58 
f 712//58 863//58 852//58 
f 864//58 716//58 713//58 
f 715//58 710//58 863//58 
f 712//58 717//58 863//58 
f 709//58 716//58 864//58 
f 717//58 718//58 863//58 
f 718//58 714//58 863//58 
f 854//58 881//58 719//58 
f 852//58 854//58 720//58 
f 719//58 721//58 854//58 
f 881//58 722//58 723//58 
f 879//58 724//58 725//58 
f 854//58 726//58 720//58 
f 854//58 727//58 728//58 
f 881//58 729//58 719//58 
f 881//58 730//58 722//58 
f 881//58 725//58 731//58 
f 879//58 732//58 724//58 
f 720//58 733//58 852//58 
f 721//58 727//58 854//58 
f 731//58 730//58 881//58 
f 879//58 734//58 732//58 
f 728//58 726//58 854//58 
f 725//58 881//58 879//58 
f 723//58 729//58 881//58 
f 873//58 735//58 736//58 
f 873//58 737//58 738//58 
f 873//58 739//58 740//58 
f 738//58 735//58 873//58 
f 873//58 859//58 741//58 
f 890//58 742//58 743//58 
f 890//58 744//58 745//58 
f 740//58 890//58 873//58 
f 741//58 737//58 873//58 
f 745//58 742//58 890//58 
f 736//58 739//58 873//58 
f 740//58 744//58 890//58 
f 859//58 746//58 747//58 
f 859//58 840//58 748//58 
f 859//58 749//58 746//58 
f 840//58 750//58 748//58 
f 874//58 751//58 752//58 
f 874//58 753//58 754//58 
f 859//58 755//58 749//58 
f 840//58 756//58 750//58 
f 840//58 757//58 758//58 
f 840//58 759//58 760//58 
f 842//58 761//58 762//58 
f 754//58 751//58 874//58 
f 748//58 755//58 859//58 
f 760//58 757//58 840//58 
f 840//58 842//58 763//58 
f 842//58 752//58 761//58 
f 874//58 764//58 753//58 
f 758//58 756//58 840//58 
f 842//58 765//58 763//58 
f 752//58 842//58 874//58 
f 763//58 759//58 840//58 
f 874//58 743//58 764//58 
f 762//58 765//58 842//58 
f 941//58 942//58 766//58 
f 977//58 767//58 766//58 
f 766//58 942//58 977//58 
f 958//58 940//58 768//58 
f 941//58 769//58 768//58 
f 768//58 940//58 941//58 
f 770//58 771//58 772//58 
f 958//58 773//58 772//58 
f 976//58 958//58 771//58 
f 772//58 771//58 958//58 
f 772//58 774//58 770//58 
f 774//58 775//58 776//58 
f 991//58 176//58 776//58 
f 977//58 991//58 775//58 
f 776//58 775//58 991//58 
f 776//58 770//58 774//58 
f 936//58 937//58 777//58 
f 968//58 778//58 777//58 
f 777//58 937//58 968//58 
f 955//58 935//58 779//58 
f 936//58 780//58 779//58 
f 779//58 935//58 936//58 
f 781//58 1011//58 782//58 
f 783//58 985//58 1011//58 
f 784//58 785//58 786//58 
f 985//58 783//58 786//58 
f 968//58 985//58 785//58 
f 786//58 785//58 985//58 
f 786//58 787//58 784//58 
f 967//58 788//58 789//58 
f 787//58 789//58 788//58 
f 788//58 784//58 787//58 
f 955//58 790//58 788//58 
f 788//58 967//58 955//58 
f 967//58 791//58 792//58 
f 1007//58 1008//58 793//58 
f 984//58 792//58 793//58 
f 793//58 1008//58 984//58 
f 794//58 795//58 1006//58 
f 986//58 997//58 796//58 
f 1006//58 795//58 796//58 
f 1011//58 986//58 797//58 
f 796//58 997//58 1006//58 
f 796//58 797//58 986//58 
f 797//58 782//58 1011//58 
f 1006//58 1007//58 794//58 
f 793//58 794//58 1007//58 
f 792//58 984//58 967//58 
f 789//58 791//58 967//58 
f 785//58 778//58 968//58 
f 1011//58 781//58 783//58 
f 782//58 798//58 781//58 
f 779//58 790//58 955//58 
f 777//58 780//58 936//58 
f 775//58 767//58 977//58 
f 771//58 177//58 976//58 
f 768//58 773//58 958//58 
f 766//58 769//58 941//58 
f 747//58 741//58 859//58 
f 743//58 874//58 890//58 
f 733//58 711//58 852//58 
f 707//58 734//58 879//58 
f 686//58 682//58 830//58 
f 676//58 861//58 850//58 
f 667//58 652//58 835//58 
f 643//58 547//58 833//58 
f 629//58 910//58 912//58 
f 626//58 631//58 944//58 
f 600//58 587//58 870//58 
f 586//58 897//58 887//58 
f 574//58 799//58 577//58 
f 571//58 575//58 883//58 
f 567//58 800//58 566//58 
f 565//58 856//58 855//58 
f 564//58 855//58 562//58 
f 855//58 853//58 561//58 
f 853//58 851//58 560//58 
f 558//58 560//58 851//58 
f 557//58 801//58 65//58 
f 843//58 841//58 555//58 
f 553//58 555//58 841//58 
f 552//58 802//58 61//58 
f 834//58 832//58 550//58 
f 832//58 102//58 549//58 
f 545//58 803//58 543//58 
f 539//58 804//58 538//58 
f 886//58 536//58 537//58 
f 533//58 805//58 536//58 
f 531//58 806//58 532//58 
f 528//58 534//58 885//58 
f 523//58 807//58 522//58 
f 915//58 520//58 521//58 
f 493//58 808//58 520//58 
f 502//58 809//58 517//58 
f 483//58 518//58 914//58 
f 478//58 810//58 477//58 
f 476//58 811//58 164//58 
f 474//58 475//58 950//58 
f 472//58 950//58 949//58 
f 470//58 473//58 1010//58 
f 469//58 444//58 1010//58 
f 438//58 439//58 1009//58 
f 436//58 1009//58 983//58 
f 435//58 983//58 984//58 
f 433//58 434//58 1008//58 
f 432//58 1008//58 1007//58 
f 429//58 431//58 1007//58 
f 428//58 430//58 1006//58 
f 426//58 171//58 999//58 
f 424//58 425//58 1000//58 
f 423//58 424//58 1001//58 
f 421//58 422//58 1003//58 
f 420//58 1003//58 1002//58 
f 418//58 419//58 992//58 
f 417//58 418//58 993//58 
f 416//58 417//58 994//58 
f 414//58 415//58 995//58 
f 413//58 411//58 981//58 
f 382//58 396//58 982//58 
f 379//58 982//58 964//58 
f 377//58 381//58 964//58 
f 371//58 812//58 369//58 
f 367//58 373//58 963//58 
f 336//58 813//58 362//58 
f 330//58 814//58 329//58 
f 325//58 815//58 323//58 
f 321//58 327//58 930//58 
f 315//58 816//58 314//58 
f 313//58 817//58 312//58 
f 311//58 884//58 883//58 
f 309//58 295//58 1005//58 
f 308//58 875//58 860//58 
f 305//58 307//58 860//58 
f 304//58 306//58 846//58 
f 303//58 304//58 847//58 
f 302//58 303//58 848//58 
f 301//58 302//58 849//58 
f 893//58 818//58 300//58 
f 299//58 818//58 893//58 
f 904//58 903//58 297//58 
f 903//58 1004//58 296//58 
f 1004//58 1005//58 295//58 
f 293//58 819//58 246//58 
f 291//58 294//58 891//58 
f 290//58 291//58 892//58 
f 289//58 290//58 1005//58 
f 287//58 289//58 1004//58 
f 922//58 921//58 285//58 
f 921//58 283//58 284//58 
f 938//58 282//58 283//58 
f 956//58 820//58 282//58 
f 281//58 820//58 956//58 
f 971//58 969//58 279//58 
f 278//58 279//58 969//58 
f 273//58 277//58 920//58 
f 247//58 920//58 902//58 
f 235//58 878//58 880//58 
f 227//58 242//58 909//58 
f 214//58 192//58 898//58 
f 187//58 932//58 918//58 
f 182//58 172//58 999//58 
f 180//58 183//58 989//58 
f 179//58 180//58 990//58 
f 178//58 990//58 976//58 
f 1002//58 821//58 176//58 
f 175//58 821//58 1002//58 
f 1001//58 1000//58 173//58 
f 1000//58 999//58 172//58 
f 171//58 170//58 998//58 
f 170//58 169//58 996//58 
f 169//58 427//58 997//58 
f 998//58 996//58 987//58 
f 166//58 997//58 986//58 
f 995//58 994//58 980//58 
f 994//58 993//58 979//58 
f 993//58 992//58 978//58 
f 992//58 1002//58 991//58 
f 990//58 989//58 975//58 
f 989//58 988//58 974//58 
f 988//58 987//58 972//58 
f 987//58 986//58 970//58 
f 986//58 1011//58 985//58 
f 984//58 983//58 966//58 
f 983//58 1009//58 965//58 
f 982//58 981//58 962//58 
f 981//58 980//58 961//58 
f 980//58 979//58 960//58 
f 979//58 978//58 959//58 
f 978//58 991//58 977//58 
f 976//58 975//58 957//58 
f 975//58 974//58 973//58 
f 974//58 972//58 971//58 
f 972//58 970//58 969//58 
f 970//58 985//58 968//58 
f 967//58 966//58 954//58 
f 966//58 965//58 953//58 
f 965//58 1010//58 949//58 
f 964//58 962//58 948//58 
f 962//58 961//58 947//58 
f 961//58 960//58 945//58 
f 960//58 959//58 943//58 
f 959//58 977//58 942//58 
f 958//58 957//58 939//58 
f 957//58 973//58 956//58 
f 955//58 954//58 933//58 
f 954//58 953//58 952//58 
f 953//58 949//58 951//58 
f 164//58 479//58 951//58 
f 948//58 947//58 946//58 
f 947//58 945//58 944//58 
f 945//58 943//58 928//58 
f 943//58 942//58 927//58 
f 942//58 941//58 926//58 
f 941//58 940//58 925//58 
f 163//58 159//58 923//58 
f 939//58 956//58 938//58 
f 937//58 936//58 919//58 
f 936//58 935//58 934//58 
f 935//58 933//58 932//58 
f 933//58 952//58 918//58 
f 931//58 929//58 913//58 
f 929//58 946//58 912//58 
f 928//58 927//58 907//58 
f 927//58 926//58 905//58 
f 926//58 925//58 924//58 
f 925//58 923//58 922//58 
f 923//58 938//58 921//58 
f 920//58 919//58 901//58 
f 919//58 934//58 900//58 
f 918//58 914//58 916//58 
f 134//58 524//58 916//58 
f 913//58 912//58 911//58 
f 912//58 910//58 909//58 
f 910//58 908//58 894//58 
f 908//58 907//58 906//58 
f 907//58 905//58 904//58 
f 905//58 924//58 903//58 
f 902//58 901//58 888//58 
f 901//58 900//58 899//58 
f 900//58 898//58 897//58 
f 898//58 917//58 887//58 
f 896//58 895//58 882//58 
f 895//58 911//58 880//58 
f 894//58 906//58 893//58 
f 892//58 891//58 890//58 
f 891//58 889//58 873//58 
f 889//58 888//58 872//58 
f 888//58 899//58 871//58 
f 887//58 885//58 866//58 
f 133//58 822//58 866//58 
f 884//58 882//58 881//58 
f 882//58 880//58 879//58 
f 880//58 878//58 864//58 
f 878//58 877//58 862//58 
f 877//58 893//58 876//58 
f 875//58 890//58 874//58 
f 873//58 872//58 858//58 
f 872//58 871//58 857//58 
f 871//58 870//58 869//58 
f 870//58 868//58 867//58 
f 868//58 866//58 865//58 
f 866//58 822//58 132//58 
f 864//58 862//58 861//58 
f 862//58 876//58 850//58 
f 860//58 874//58 842//58 
f 859//58 858//58 839//58 
f 858//58 857//58 838//58 
f 857//58 869//58 837//58 
f 856//58 854//58 853//58 
f 854//58 852//58 851//58 
f 852//58 863//58 831//58 
f 850//58 849//58 828//58 
f 849//58 848//58 827//58 
f 848//58 847//58 826//58 
f 847//58 846//58 845//58 
f 846//58 844//58 843//58 
f 844//58 842//58 841//58 
f 842//58 840//58 825//58 
f 840//58 839//58 824//58 
f 839//58 838//58 823//58 
f 121//58 130//58 836//58 
f 837//58 835//58 834//58 
f 835//58 833//58 832//58 
f 833//58 544//58 102//58 
f 831//58 830//58 100//58 
f 830//58 829//58 71//58 
f 89//58 94//58 68//58 
f 828//58 827//58 67//58 
f 827//58 826//58 66//58 
f 826//58 845//58 65//58 
f 58//58 2//58 63//58 
f 824//58 823//58 62//58 
f 823//58 836//58 61//58 
o mesh2
f 1774//59 1012//59 1013//59 
f 1775//59 1013//59 1014//59 
f 1776//59 1014//59 1015//59 
f 1777//59 1778//59 1016//59 
f 1778//59 1774//59 1017//59 
f 1017//59 1016//59 1778//59 
f 1775//59 1018//59 1017//59 
f 1017//59 1774//59 1775//59 
f 1777//59 1019//59 1018//59 
f 1018//59 1775//59 1777//59 
f 1777//59 1775//59 1776//59 
f 1779//59 1780//59 1781//59 
f 1782//59 1781//59 1783//59 
f 1784//59 1785//59 1778//59 
f 1786//59 1778//59 1777//59 
f 1787//59 1777//59 1788//59 
f 1789//59 1788//59 1790//59 
f 1791//59 1790//59 1792//59 
f 1793//59 1794//59 1795//59 
f 1796//59 1795//59 1797//59 
f 1798//59 1797//59 1799//59 
f 1800//59 1799//59 1801//59 
f 1802//59 1803//59 1779//59 
f 1804//59 1779//59 1782//59 
f 1805//59 1782//59 1806//59 
f 1807//59 1784//59 1786//59 
f 1808//59 1786//59 1787//59 
f 1809//59 1787//59 1789//59 
f 1810//59 1789//59 1791//59 
f 1811//59 1791//59 1812//59 
f 1813//59 1793//59 1796//59 
f 1814//59 1796//59 1798//59 
f 1815//59 1798//59 1800//59 
f 1816//59 1800//59 1817//59 
f 1818//59 1817//59 1819//59 
f 1802//59 1820//59 1020//59 
f 1820//59 1021//59 1020//59 
f 1820//59 1802//59 1804//59 
f 1821//59 1804//59 1805//59 
f 1822//59 1805//59 1823//59 
f 1824//59 1810//59 1811//59 
f 1825//59 1811//59 1826//59 
f 1827//59 1813//59 1814//59 
f 1828//59 1814//59 1815//59 
f 1829//59 1815//59 1816//59 
f 1830//59 1816//59 1818//59 
f 1831//59 1818//59 1832//59 
f 1833//59 1821//59 1822//59 
f 1834//59 1822//59 1835//59 
f 1836//59 1835//59 1837//59 
f 1838//59 1837//59 1839//59 
f 1840//59 1824//59 1825//59 
f 1825//59 1841//59 1022//59 
f 1842//59 1023//59 1024//59 
f 1825//59 1025//59 1026//59 
f 1022//59 1027//59 1825//59 
f 1843//59 1028//59 1029//59 
f 1843//59 1024//59 1030//59 
f 1842//59 1031//59 1023//59 
f 1842//59 1032//59 1033//59 
f 1842//59 1034//59 1035//59 
f 1825//59 1036//59 1034//59 
f 1825//59 1037//59 1025//59 
f 1027//59 1038//59 1825//59 
f 1030//59 1028//59 1843//59 
f 1842//59 1039//59 1031//59 
f 1033//59 1040//59 1842//59 
f 1034//59 1842//59 1825//59 
f 1038//59 1037//59 1825//59 
f 1841//59 1041//59 1042//59 
f 1841//59 1043//59 1044//59 
f 1843//59 1045//59 1046//59 
f 1029//59 1047//59 1843//59 
f 1040//59 1039//59 1842//59 
f 1026//59 1036//59 1825//59 
f 1044//59 1041//59 1841//59 
f 1841//59 1843//59 1048//59 
f 1047//59 1045//59 1843//59 
f 1035//59 1032//59 1842//59 
f 1841//59 1049//59 1043//59 
f 1048//59 1050//59 1841//59 
f 1024//59 1843//59 1842//59 
f 1050//59 1049//59 1841//59 
f 1042//59 1022//59 1841//59 
f 1843//59 1841//59 1844//59 
f 1845//59 1844//59 1827//59 
f 1846//59 1827//59 1828//59 
f 1847//59 1828//59 1829//59 
f 1848//59 1829//59 1830//59 
f 1849//59 1830//59 1831//59 
f 1850//59 1851//59 1051//59 
f 1851//59 1052//59 1051//59 
f 1851//59 1850//59 1833//59 
f 1852//59 1836//59 1838//59 
f 1853//59 1838//59 1854//59 
f 1855//59 1840//59 1842//59 
f 1856//59 1842//59 1843//59 
f 1857//59 1843//59 1845//59 
f 1858//59 1845//59 1846//59 
f 1859//59 1846//59 1847//59 
f 1860//59 1849//59 1861//59 
f 1862//59 1861//59 1863//59 
f 1864//59 1865//59 1866//59 
f 1867//59 1866//59 1852//59 
f 1868//59 1852//59 1853//59 
f 1869//59 1853//59 1870//59 
f 1871//59 1857//59 1858//59 
f 1872//59 1858//59 1859//59 
f 1873//59 1859//59 1874//59 
f 1875//59 1874//59 1876//59 
f 1877//59 1876//59 1860//59 
f 1878//59 1860//59 1862//59 
f 1879//59 1880//59 1053//59 
f 1880//59 1054//59 1053//59 
f 1880//59 1879//59 1864//59 
f 1881//59 1868//59 1869//59 
f 1882//59 1869//59 1883//59 
f 1884//59 1883//59 1885//59 
f 1886//59 1885//59 1887//59 
f 1888//59 1873//59 1875//59 
f 1889//59 1878//59 1890//59 
f 1891//59 1890//59 1892//59 
f 1055//59 1054//59 1880//59 
f 1893//59 1880//59 1894//59 
f 1895//59 1894//59 1896//59 
f 1897//59 1896//59 1881//59 
f 1898//59 1881//59 1882//59 
f 1899//59 1882//59 1884//59 
f 1900//59 1886//59 1901//59 
f 1902//59 1888//59 1903//59 
f 1904//59 1903//59 1905//59 
f 1906//59 1905//59 1889//59 
f 1907//59 1889//59 1891//59 
f 1908//59 1891//59 1909//59 
f 1910//59 1897//59 1898//59 
f 1911//59 1898//59 1899//59 
f 1912//59 1899//59 1913//59 
f 1914//59 1900//59 1915//59 
f 1916//59 1902//59 1904//59 
f 1917//59 1904//59 1906//59 
f 1056//59 1057//59 1918//59 
f 1919//59 1918//59 1920//59 
f 1921//59 1920//59 1910//59 
f 1922//59 1058//59 1059//59 
f 1922//59 1060//59 1061//59 
f 1059//59 1062//59 1922//59 
f 1922//59 1910//59 1063//59 
f 1911//59 1064//59 1065//59 
f 1911//59 1923//59 1066//59 
f 1922//59 1067//59 1060//59 
f 1063//59 1058//59 1922//59 
f 1910//59 1068//59 1069//59 
f 1910//59 1070//59 1071//59 
f 1910//59 1072//59 1073//59 
f 1911//59 1074//59 1072//59 
f 1911//59 1075//59 1064//59 
f 1066//59 1076//59 1911//59 
f 1923//59 1922//59 1077//59 
f 1922//59 1078//59 1067//59 
f 1069//59 1063//59 1910//59 
f 1073//59 1070//59 1910//59 
f 1911//59 1079//59 1074//59 
f 1076//59 1075//59 1911//59 
f 1923//59 1080//59 1081//59 
f 1077//59 1082//59 1923//59 
f 1062//59 1078//59 1922//59 
f 1071//59 1083//59 1910//59 
f 1065//59 1079//59 1911//59 
f 1923//59 1084//59 1085//59 
f 1081//59 1086//59 1923//59 
f 1061//59 1077//59 1922//59 
f 1072//59 1910//59 1911//59 
f 1086//59 1084//59 1923//59 
f 1083//59 1068//59 1910//59 
f 1082//59 1080//59 1923//59 
f 1923//59 1911//59 1912//59 
f 1924//59 1912//59 1925//59 
f 1926//59 1925//59 1914//59 
f 1927//59 1914//59 1928//59 
f 1929//59 1928//59 1930//59 
f 1931//59 1930//59 1932//59 
f 1933//59 1932//59 1934//59 
f 1935//59 1934//59 1936//59 
f 1937//59 1936//59 1916//59 
f 1938//59 1939//59 1940//59 
f 1941//59 1940//59 1942//59 
f 1943//59 1942//59 1944//59 
f 1087//59 1922//59 1923//59 
f 1088//59 1923//59 1924//59 
f 1924//59 5//59 3//59 
f 1089//59 60//59 59//59 
f 3//59 1089//59 1924//59 
f 1089//59 55//59 53//59 
f 3//59 60//59 1089//59 
f 1924//59 9//59 7//59 
f 1089//59 57//59 55//59 
f 7//59 5//59 1924//59 
f 1924//59 15//59 13//59 
f 1089//59 49//59 47//59 
f 59//59 57//59 1089//59 
f 13//59 11//59 1924//59 
f 1926//59 1090//59 32//59 
f 1090//59 37//59 35//59 
f 1090//59 41//59 39//59 
f 1090//59 45//59 43//59 
f 47//59 1090//59 1089//59 
f 11//59 9//59 1924//59 
f 1926//59 29//59 27//59 
f 32//59 33//59 1926//59 
f 39//59 37//59 1090//59 
f 47//59 45//59 1090//59 
f 53//59 51//59 1089//59 
f 1924//59 1926//59 19//59 
f 1926//59 25//59 23//59 
f 33//59 29//59 1926//59 
f 43//59 41//59 1090//59 
f 1924//59 17//59 15//59 
f 1926//59 21//59 19//59 
f 27//59 25//59 1926//59 
f 51//59 49//59 1089//59 
f 23//59 21//59 1926//59 
f 19//59 17//59 1924//59 
f 1091//59 1931//59 1933//59 
f 1092//59 1933//59 1935//59 
f 1093//59 1935//59 1937//59 
f 1094//59 1095//59 1096//59 
f 1937//59 1097//59 1095//59 
f 1094//59 1098//59 1099//59 
f 1096//59 1100//59 1094//59 
f 1937//59 1101//59 1097//59 
f 1102//59 1103//59 1104//59 
f 1094//59 1105//59 1106//59 
f 1094//59 1107//59 1098//59 
f 1095//59 1094//59 1937//59 
f 1937//59 1108//59 1109//59 
f 1937//59 1110//59 1111//59 
f 1102//59 1112//59 1113//59 
f 1104//59 1114//59 1102//59 
f 1106//59 1102//59 1094//59 
f 1100//59 1107//59 1094//59 
f 1111//59 1108//59 1937//59 
f 1937//59 1945//59 1115//59 
f 1945//59 1116//59 1117//59 
f 1945//59 1102//59 1118//59 
f 1102//59 1119//59 1112//59 
f 1106//59 1103//59 1102//59 
f 1099//59 1120//59 1094//59 
f 1937//59 1121//59 1110//59 
f 1945//59 1122//59 1115//59 
f 1945//59 1123//59 1116//59 
f 1118//59 1124//59 1945//59 
f 1114//59 1119//59 1102//59 
f 1109//59 1101//59 1937//59 
f 1117//59 1122//59 1945//59 
f 1124//59 1125//59 1945//59 
f 1120//59 1105//59 1094//59 
f 1125//59 1123//59 1945//59 
f 1115//59 1121//59 1937//59 
f 1102//59 1945//59 1946//59 
f 1126//59 1946//59 1938//59 
f 1127//59 1128//59 1794//59 
f 1947//59 1948//59 1129//59 
f 1794//59 1128//59 1129//59 
f 1129//59 1948//59 1794//59 
f 1130//59 1949//59 1947//59 
f 1131//59 1950//59 1949//59 
f 1790//59 1788//59 1132//59 
f 1788//59 1776//59 1133//59 
f 1133//59 1132//59 1788//59 
f 1950//59 1131//59 1133//59 
f 1133//59 1776//59 1950//59 
f 1790//59 1134//59 1135//59 
f 1792//59 1135//59 1136//59 
f 1812//59 1792//59 1137//59 
f 1837//59 1835//59 1138//59 
f 1823//59 1139//59 1138//59 
f 1138//59 1835//59 1823//59 
f 1807//59 1839//59 1140//59 
f 1837//59 1141//59 1140//59 
f 1140//59 1839//59 1837//59 
f 1813//59 1827//59 1142//59 
f 1844//59 1143//59 1142//59 
f 1142//59 1827//59 1844//59 
f 1144//59 1145//59 1146//59 
f 1813//59 1147//59 1146//59 
f 1793//59 1813//59 1145//59 
f 1146//59 1145//59 1813//59 
f 1146//59 1148//59 1144//59 
f 1826//59 1149//59 1150//59 
f 1148//59 1150//59 1149//59 
f 1149//59 1144//59 1148//59 
f 1812//59 1151//59 1149//59 
f 1149//59 1826//59 1812//59 
f 1844//59 1841//59 1152//59 
f 1826//59 1153//59 1152//59 
f 1152//59 1841//59 1826//59 
f 1884//59 1154//59 1155//59 
f 1884//59 1156//59 1157//59 
f 1884//59 1158//59 1159//59 
f 1157//59 1154//59 1884//59 
f 1884//59 1886//59 1160//59 
f 1155//59 1158//59 1884//59 
f 1886//59 1161//59 1160//59 
f 1886//59 1162//59 1163//59 
f 1886//59 1900//59 1164//59 
f 1160//59 1156//59 1884//59 
f 1164//59 1162//59 1886//59 
f 1163//59 1161//59 1886//59 
f 1913//59 1165//59 1166//59 
f 1166//59 1925//59 1913//59 
f 1900//59 1167//59 1168//59 
f 1900//59 1914//59 1169//59 
f 1166//59 1170//59 1925//59 
f 1913//59 1159//59 1171//59 
f 1169//59 1167//59 1900//59 
f 1914//59 1172//59 1173//59 
f 1925//59 1174//59 1175//59 
f 1925//59 1176//59 1177//59 
f 1913//59 1178//59 1165//59 
f 1171//59 1179//59 1913//59 
f 1168//59 1180//59 1900//59 
f 1173//59 1181//59 1914//59 
f 1925//59 1182//59 1183//59 
f 1177//59 1174//59 1925//59 
f 1179//59 1178//59 1913//59 
f 1181//59 1169//59 1914//59 
f 1183//59 1914//59 1925//59 
f 1170//59 1176//59 1925//59 
f 1180//59 1184//59 1900//59 
f 1175//59 1182//59 1925//59 
f 1183//59 1172//59 1914//59 
f 1906//59 1185//59 1186//59 
f 1940//59 1939//59 1187//59 
f 1186//59 1939//59 1906//59 
f 1939//59 1188//59 1187//59 
f 1939//59 1189//59 1190//59 
f 1906//59 1191//59 1185//59 
f 1907//59 1192//59 1193//59 
f 1939//59 1194//59 1188//59 
f 1186//59 1189//59 1939//59 
f 1906//59 1195//59 1196//59 
f 1907//59 1197//59 1192//59 
f 1939//59 1198//59 1194//59 
f 1196//59 1191//59 1906//59 
f 1193//59 1906//59 1907//59 
f 1190//59 1198//59 1939//59 
f 1193//59 1199//59 1906//59 
f 1199//59 1195//59 1906//59 
f 1942//59 1200//59 1201//59 
f 1907//59 1908//59 1202//59 
f 1908//59 1203//59 1204//59 
f 1942//59 1205//59 1200//59 
f 1940//59 1206//59 1207//59 
f 1202//59 1208//59 1907//59 
f 1908//59 1209//59 1210//59 
f 1204//59 1211//59 1908//59 
f 1201//59 1908//59 1942//59 
f 1942//59 1212//59 1213//59 
f 1207//59 1942//59 1940//59 
f 1208//59 1214//59 1907//59 
f 1211//59 1209//59 1908//59 
f 1213//59 1205//59 1942//59 
f 1940//59 1215//59 1206//59 
f 1210//59 1202//59 1908//59 
f 1207//59 1212//59 1942//59 
f 1201//59 1203//59 1908//59 
f 1945//59 1916//59 1216//59 
f 1945//59 1217//59 1218//59 
f 1945//59 1219//59 1220//59 
f 1216//59 1221//59 1945//59 
f 1220//59 1217//59 1945//59 
f 1916//59 1222//59 1216//59 
f 1916//59 1223//59 1224//59 
f 1916//59 1917//59 1225//59 
f 1221//59 1219//59 1945//59 
f 1225//59 1223//59 1916//59 
f 1224//59 1222//59 1916//59 
f 1939//59 1938//59 1226//59 
f 1917//59 1227//59 1228//59 
f 1917//59 1229//59 1230//59 
f 1939//59 1231//59 1229//59 
f 1226//59 1232//59 1939//59 
f 1938//59 1233//59 1234//59 
f 1938//59 1946//59 1235//59 
f 1946//59 1236//59 1237//59 
f 1946//59 1218//59 1238//59 
f 1230//59 1227//59 1917//59 
f 1939//59 1239//59 1231//59 
f 1939//59 1240//59 1241//59 
f 1232//59 1242//59 1939//59 
f 1234//59 1243//59 1938//59 
f 1938//59 1244//59 1245//59 
f 1235//59 1246//59 1938//59 
f 1238//59 1236//59 1946//59 
f 1229//59 1917//59 1939//59 
f 1242//59 1240//59 1939//59 
f 1245//59 1233//59 1938//59 
f 1237//59 1235//59 1946//59 
f 1241//59 1239//59 1939//59 
f 1246//59 1244//59 1938//59 
f 1243//59 1226//59 1938//59 
f 1910//59 1247//59 1248//59 
f 1897//59 1249//59 1250//59 
f 1897//59 1251//59 1252//59 
f 1248//59 1897//59 1910//59 
f 1250//59 1895//59 1897//59 
f 1897//59 1253//59 1254//59 
f 1248//59 1251//59 1897//59 
f 1250//59 1255//59 1895//59 
f 1252//59 1253//59 1897//59 
f 1910//59 1256//59 1257//59 
f 1910//59 1258//59 1259//59 
f 1910//59 1920//59 1260//59 
f 1254//59 1249//59 1897//59 
f 1259//59 1256//59 1910//59 
f 1260//59 1261//59 1910//59 
f 1257//59 1247//59 1910//59 
f 1920//59 1262//59 1260//59 
f 1261//59 1258//59 1910//59 
f 1905//59 1903//59 1263//59 
f 1903//59 1264//59 1263//59 
f 1903//59 1265//59 1266//59 
f 1875//59 1267//59 1265//59 
f 1875//59 1877//59 1268//59 
f 1905//59 1269//59 1270//59 
f 1903//59 1271//59 1264//59 
f 1903//59 1272//59 1273//59 
f 1265//59 1903//59 1875//59 
f 1268//59 1274//59 1875//59 
f 1270//59 1275//59 1905//59 
f 1903//59 1276//59 1271//59 
f 1266//59 1272//59 1903//59 
f 1875//59 1277//59 1278//59 
f 1274//59 1279//59 1875//59 
f 1877//59 1280//59 1281//59 
f 1263//59 1269//59 1905//59 
f 1278//59 1267//59 1875//59 
f 1279//59 1282//59 1875//59 
f 1877//59 1283//59 1280//59 
f 1273//59 1276//59 1903//59 
f 1281//59 1268//59 1877//59 
f 1282//59 1277//59 1875//59 
f 1878//59 1889//59 1284//59 
f 1878//59 1285//59 1283//59 
f 1284//59 1286//59 1878//59 
f 1889//59 1287//59 1288//59 
f 1889//59 1905//59 1289//59 
f 1878//59 1290//59 1285//59 
f 1286//59 1291//59 1878//59 
f 1288//59 1292//59 1889//59 
f 1289//59 1293//59 1889//59 
f 1291//59 1290//59 1878//59 
f 1293//59 1287//59 1889//59 
f 1292//59 1284//59 1889//59 
f 1894//59 1294//59 1295//59 
f 1864//59 1296//59 1294//59 
f 1894//59 1297//59 1298//59 
f 1294//59 1894//59 1864//59 
f 1295//59 1297//59 1894//59 
f 1864//59 1299//59 1300//59 
f 1894//59 1301//59 1302//59 
f 1300//59 1296//59 1864//59 
f 1298//59 1301//59 1894//59 
f 1864//59 1867//59 1303//59 
f 1303//59 1299//59 1864//59 
f 1868//59 1881//59 1304//59 
f 1304//59 1305//59 1868//59 
f 1881//59 1306//59 1307//59 
f 1868//59 1308//59 1309//59 
f 1868//59 1310//59 1311//59 
f 1307//59 1304//59 1881//59 
f 1867//59 1312//59 1313//59 
f 1867//59 1309//59 1314//59 
f 1868//59 1315//59 1308//59 
f 1305//59 1310//59 1868//59 
f 1314//59 1312//59 1867//59 
f 1311//59 1315//59 1868//59 
f 1881//59 1316//59 1317//59 
f 1881//59 1318//59 1319//59 
f 1881//59 1896//59 1320//59 
f 1896//59 1321//59 1322//59 
f 1896//59 1302//59 1323//59 
f 1309//59 1867//59 1868//59 
f 1319//59 1316//59 1881//59 
f 1896//59 1324//59 1320//59 
f 1323//59 1321//59 1896//59 
f 1317//59 1306//59 1881//59 
f 1322//59 1324//59 1896//59 
f 1320//59 1318//59 1881//59 
f 1944//59 1942//59 1325//59 
f 1908//59 1326//59 1325//59 
f 1325//59 1942//59 1908//59 
f 1951//59 1327//59 1326//59 
f 1326//59 1908//59 1951//59 
f 1328//59 1329//59 1330//59 
f 1944//59 1331//59 1330//59 
f 1330//59 1329//59 1944//59 
f 1332//59 1333//59 1331//59 
f 1331//59 1944//59 1332//59 
f 1952//59 1944//59 1329//59 
f 1334//59 1952//59 1335//59 
f 1336//59 1943//59 1952//59 
f 1337//59 1941//59 1943//59 
f 1338//59 1938//59 1339//59 
f 1941//59 1337//59 1339//59 
f 1339//59 1938//59 1941//59 
f 1929//59 1931//59 1340//59 
f 1091//59 1341//59 1340//59 
f 1340//59 1931//59 1091//59 
f 1342//59 1927//59 1929//59 
f 1090//59 1926//59 1343//59 
f 1927//59 1342//59 1343//59 
f 1343//59 1926//59 1927//59 
f 1921//59 1922//59 1344//59 
f 1087//59 1345//59 1344//59 
f 1344//59 1922//59 1087//59 
f 1346//59 1919//59 1921//59 
f 1347//59 1056//59 1919//59 
f 1348//59 1918//59 1349//59 
f 1918//59 1057//59 1350//59 
f 1350//59 1349//59 1918//59 
f 1351//59 1352//59 1350//59 
f 1350//59 1057//59 1351//59 
f 1353//59 1354//59 1355//59 
f 1354//59 1356//59 1355//59 
f 1920//59 1357//59 1358//59 
f 1353//59 1359//59 1360//59 
f 1354//59 1361//59 1356//59 
f 1920//59 1362//59 1357//59 
f 1353//59 1363//59 1362//59 
f 1355//59 1359//59 1353//59 
f 1354//59 1364//59 1365//59 
f 1895//59 1366//59 1367//59 
f 1895//59 1368//59 1369//59 
f 1362//59 1920//59 1353//59 
f 1365//59 1361//59 1354//59 
f 1369//59 1366//59 1895//59 
f 1360//59 1363//59 1353//59 
f 1367//59 1354//59 1895//59 
f 1893//59 1895//59 1354//59 
f 1367//59 1364//59 1354//59 
f 1358//59 1262//59 1920//59 
f 1918//59 1348//59 1353//59 
f 1353//59 1920//59 1918//59 
f 1370//59 1055//59 1371//59 
f 1893//59 1372//59 1371//59 
f 1371//59 1055//59 1893//59 
f 1373//59 1374//59 1372//59 
f 1372//59 1893//59 1373//59 
f 1375//59 1376//59 1953//59 
f 1376//59 1377//59 1378//59 
f 1879//59 1378//59 1379//59 
f 1380//59 1879//59 1381//59 
f 1879//59 1953//59 1378//59 
f 1379//59 1381//59 1879//59 
f 1382//59 1383//59 1379//59 
f 1379//59 1378//59 1382//59 
f 1851//59 1865//59 1384//59 
f 1865//59 1864//59 1385//59 
f 1385//59 1384//59 1865//59 
f 1879//59 1380//59 1385//59 
f 1385//59 1864//59 1879//59 
f 1386//59 1052//59 1387//59 
f 1851//59 1388//59 1387//59 
f 1387//59 1052//59 1851//59 
f 1389//59 1390//59 1388//59 
f 1388//59 1851//59 1389//59 
f 1391//59 1392//59 1954//59 
f 1392//59 1393//59 1394//59 
f 1954//59 1395//59 1396//59 
f 1954//59 1397//59 1395//59 
f 1398//59 1954//59 1394//59 
f 1399//59 1400//59 1401//59 
f 1850//59 1396//59 1402//59 
f 1954//59 1398//59 1397//59 
f 1394//59 1403//59 1404//59 
f 1394//59 1405//59 1406//59 
f 1394//59 1399//59 1407//59 
f 1399//59 1408//59 1409//59 
f 1401//59 1410//59 1399//59 
f 1850//59 1411//59 1412//59 
f 1402//59 1413//59 1850//59 
f 1394//59 1404//59 1398//59 
f 1394//59 1414//59 1405//59 
f 1407//59 1415//59 1394//59 
f 1410//59 1408//59 1399//59 
f 1416//59 1417//59 1418//59 
f 1416//59 1419//59 1420//59 
f 1850//59 1421//59 1422//59 
f 1413//59 1411//59 1850//59 
f 1406//59 1403//59 1394//59 
f 1409//59 1407//59 1399//59 
f 1418//59 1399//59 1416//59 
f 1420//59 1423//59 1416//59 
f 1416//59 1850//59 1424//59 
f 1412//59 1421//59 1850//59 
f 1415//59 1414//59 1394//59 
f 1423//59 1417//59 1416//59 
f 1424//59 1425//59 1416//59 
f 1396//59 1850//59 1954//59 
f 1425//59 1419//59 1416//59 
f 1426//59 1850//59 1416//59 
f 1418//59 1400//59 1399//59 
f 1422//59 1424//59 1850//59 
f 1427//59 1428//59 1399//59 
f 1399//59 1394//59 1427//59 
f 1820//59 1821//59 1429//59 
f 1821//59 1833//59 1430//59 
f 1430//59 1429//59 1821//59 
f 1850//59 1426//59 1430//59 
f 1430//59 1833//59 1850//59 
f 1431//59 1021//59 1432//59 
f 1820//59 1433//59 1432//59 
f 1432//59 1021//59 1820//59 
f 1434//59 1435//59 1433//59 
f 1433//59 1820//59 1434//59 
f 1955//59 1020//59 1436//59 
f 1020//59 1437//59 1436//59 
f 1955//59 1438//59 1439//59 
f 1802//59 1440//59 1441//59 
f 1802//59 1955//59 1442//59 
f 1442//59 1440//59 1802//59 
f 1803//59 1441//59 1443//59 
f 1780//59 1444//59 1445//59 
f 1445//59 1446//59 1780//59 
f 1445//59 1447//59 1446//59 
f 1446//59 1448//59 1449//59 
f 1447//59 1450//59 1446//59 
f 1446//59 1451//59 1448//59 
f 1780//59 1452//59 1444//59 
f 1803//59 1453//59 1454//59 
f 1455//59 1449//59 1456//59 
f 1450//59 1451//59 1446//59 
f 1780//59 1457//59 1458//59 
f 1803//59 1459//59 1460//59 
f 1454//59 1461//59 1803//59 
f 1449//59 1455//59 1446//59 
f 1780//59 1462//59 1457//59 
f 1780//59 1779//59 1463//59 
f 1779//59 1460//59 1464//59 
f 1803//59 1465//59 1459//59 
f 1461//59 1466//59 1803//59 
f 1803//59 1455//59 1467//59 
f 1780//59 1468//59 1452//59 
f 1463//59 1462//59 1780//59 
f 1779//59 1469//59 1470//59 
f 1464//59 1471//59 1779//59 
f 1466//59 1465//59 1803//59 
f 1455//59 1472//59 1467//59 
f 1458//59 1468//59 1780//59 
f 1779//59 1473//59 1469//59 
f 1460//59 1779//59 1803//59 
f 1456//59 1472//59 1455//59 
f 1470//59 1474//59 1779//59 
f 1467//59 1453//59 1803//59 
f 1471//59 1473//59 1779//59 
f 1780//59 1446//59 1475//59 
f 1475//59 1476//59 1780//59 
f 1781//59 1780//59 1477//59 
f 1783//59 1781//59 1478//59 
f 1478//59 1479//59 1783//59 
f 1956//59 1479//59 1480//59 
f 1957//59 1956//59 1481//59 
f 1957//59 1482//59 1483//59 
f 1483//59 1958//59 1957//59 
f 1774//59 1958//59 1484//59 
f 1958//59 1485//59 1484//59 
f 1950//59 1486//59 1487//59 
f 1950//59 1015//59 1486//59 
f 1949//59 1487//59 1488//59 
f 1948//59 1947//59 1489//59 
f 1947//59 1488//59 1489//59 
f 1948//59 1490//59 1491//59 
f 1794//59 1492//59 1493//59 
f 1794//59 1948//59 1492//59 
f 1795//59 1493//59 1494//59 
f 1797//59 1494//59 1495//59 
f 1799//59 1496//59 1497//59 
f 1799//59 1495//59 1496//59 
f 1801//59 1497//59 1498//59 
f 1801//59 1499//59 1500//59 
f 1499//59 1501//59 1500//59 
f 1819//59 1502//59 1503//59 
f 1500//59 1504//59 1801//59 
f 1503//59 1505//59 1819//59 
f 1817//59 1506//59 1502//59 
f 1817//59 1507//59 1508//59 
f 1499//59 1509//59 1501//59 
f 1499//59 1510//59 1511//59 
f 1512//59 1819//59 1513//59 
f 1505//59 1514//59 1819//59 
f 1817//59 1515//59 1506//59 
f 1817//59 1516//59 1507//59 
f 1511//59 1509//59 1499//59 
f 1512//59 1517//59 1510//59 
f 1819//59 1518//59 1513//59 
f 1502//59 1819//59 1817//59 
f 1508//59 1519//59 1817//59 
f 1817//59 1801//59 1520//59 
f 1510//59 1499//59 1512//59 
f 1512//59 1521//59 1522//59 
f 1819//59 1523//59 1518//59 
f 1519//59 1515//59 1817//59 
f 1520//59 1524//59 1817//59 
f 1801//59 1525//59 1526//59 
f 1522//59 1517//59 1512//59 
f 1514//59 1523//59 1819//59 
f 1801//59 1527//59 1520//59 
f 1801//59 1528//59 1529//59 
f 1504//59 1525//59 1801//59 
f 1524//59 1516//59 1817//59 
f 1526//59 1528//59 1801//59 
f 1529//59 1527//59 1801//59 
f 1819//59 1512//59 1530//59 
f 1832//59 1819//59 1531//59 
f 1531//59 1532//59 1832//59 
f 1532//59 1533//59 1832//59 
f 1534//59 1832//59 1535//59 
f 1959//59 1832//59 1534//59 
f 1832//59 1536//59 1535//59 
f 1535//59 1537//59 1534//59 
f 1538//59 1959//59 1539//59 
f 1959//59 1540//59 1541//59 
f 1541//59 1539//59 1959//59 
f 1542//59 1543//59 1541//59 
f 1541//59 1540//59 1542//59 
f 1863//59 1861//59 1544//59 
f 1831//59 1545//59 1544//59 
f 1544//59 1861//59 1831//59 
f 1959//59 1538//59 1545//59 
f 1545//59 1831//59 1959//59 
f 1863//59 1546//59 1547//59 
f 1863//59 1548//59 1549//59 
f 1863//59 1550//59 1551//59 
f 1549//59 1546//59 1863//59 
f 1548//59 1552//59 1553//59 
f 1551//59 1554//59 1863//59 
f 1553//59 1549//59 1548//59 
f 1548//59 1555//59 1556//59 
f 1557//59 1863//59 1558//59 
f 1547//59 1550//59 1863//59 
f 1548//59 1559//59 1555//59 
f 1557//59 1560//59 1561//59 
f 1558//59 1562//59 1557//59 
f 1863//59 1563//59 1564//59 
f 1556//59 1552//59 1548//59 
f 1565//59 1566//59 1559//59 
f 1557//59 1567//59 1568//59 
f 1562//59 1560//59 1557//59 
f 1554//59 1563//59 1863//59 
f 1565//59 1569//59 1566//59 
f 1565//59 1570//59 1571//59 
f 1565//59 1572//59 1573//59 
f 1561//59 1567//59 1557//59 
f 1559//59 1548//59 1565//59 
f 1573//59 1570//59 1565//59 
f 1564//59 1558//59 1863//59 
f 1565//59 1574//59 1572//59 
f 1575//59 1574//59 1565//59 
f 1557//59 1576//59 1577//59 
f 1571//59 1569//59 1565//59 
f 1575//59 1578//59 1574//59 
f 1579//59 1863//59 1557//59 
f 1568//59 1576//59 1557//59 
f 1575//59 1577//59 1578//59 
f 1577//59 1575//59 1557//59 
f 1557//59 1580//59 1579//59 
f 1581//59 1582//59 1548//59 
f 1548//59 1863//59 1581//59 
f 1960//59 1863//59 1583//59 
f 1579//59 1584//59 1583//59 
f 1583//59 1863//59 1579//59 
f 1585//59 1960//59 1586//59 
f 1960//59 1587//59 1588//59 
f 1588//59 1586//59 1960//59 
f 1589//59 1590//59 1588//59 
f 1588//59 1587//59 1589//59 
f 1892//59 1890//59 1591//59 
f 1862//59 1592//59 1591//59 
f 1591//59 1890//59 1862//59 
f 1960//59 1585//59 1592//59 
f 1592//59 1862//59 1960//59 
f 1593//59 1892//59 1594//59 
f 1892//59 1595//59 1596//59 
f 1597//59 1594//59 1596//59 
f 1596//59 1594//59 1892//59 
f 1594//59 1598//59 1593//59 
f 1599//59 1600//59 1595//59 
f 1595//59 1892//59 1599//59 
f 1909//59 1892//59 1601//59 
f 1593//59 1602//59 1601//59 
f 1601//59 1892//59 1593//59 
f 1951//59 1909//59 1603//59 
f 1327//59 1951//59 1604//59 
f 1951//59 1605//59 1606//59 
f 1606//59 1604//59 1951//59 
f 1607//59 1608//59 1606//59 
f 1606//59 1605//59 1607//59 
f 1609//59 1871//59 1872//59 
f 1610//59 1961//59 1871//59 
f 1611//59 1962//59 1961//59 
f 1901//59 1887//59 1612//59 
f 1962//59 1611//59 1612//59 
f 1612//59 1887//59 1962//59 
f 1915//59 1901//59 1613//59 
f 1930//59 1928//59 1614//59 
f 1915//59 1615//59 1614//59 
f 1614//59 1928//59 1915//59 
f 1930//59 1616//59 1617//59 
f 1932//59 1617//59 1618//59 
f 1934//59 1618//59 1619//59 
f 1902//59 1916//59 1620//59 
f 1936//59 1619//59 1620//59 
f 1620//59 1916//59 1936//59 
f 1621//59 1622//59 1888//59 
f 1872//59 1873//59 1623//59 
f 1888//59 1622//59 1623//59 
f 1623//59 1873//59 1888//59 
f 1624//59 1855//59 1856//59 
f 1625//59 1626//59 1855//59 
f 1626//59 1627//59 1840//59 
f 1627//59 1628//59 1824//59 
f 1809//59 1810//59 1629//59 
f 1824//59 1628//59 1629//59 
f 1629//59 1810//59 1824//59 
f 1630//59 1808//59 1809//59 
f 1839//59 1807//59 1631//59 
f 1808//59 1630//59 1631//59 
f 1631//59 1807//59 1808//59 
f 1854//59 1632//59 1633//59 
f 1839//59 1634//59 1635//59 
f 1636//59 1637//59 1638//59 
f 1854//59 1639//59 1632//59 
f 1854//59 1640//59 1641//59 
f 1854//59 1642//59 1643//59 
f 1854//59 1839//59 1644//59 
f 1839//59 1645//59 1634//59 
f 1839//59 1646//59 1647//59 
f 1636//59 1648//59 1649//59 
f 1638//59 1650//59 1636//59 
f 1854//59 1651//59 1652//59 
f 1641//59 1639//59 1854//59 
f 1644//59 1642//59 1854//59 
f 1839//59 1653//59 1654//59 
f 1647//59 1645//59 1839//59 
f 1655//59 1656//59 1657//59 
f 1636//59 1658//59 1659//59 
f 1650//59 1648//59 1636//59 
f 1652//59 1636//59 1854//59 
f 1643//59 1640//59 1854//59 
f 1635//59 1653//59 1839//59 
f 1655//59 1660//59 1646//59 
f 1655//59 1661//59 1656//59 
f 1659//59 1655//59 1636//59 
f 1652//59 1637//59 1636//59 
f 1654//59 1644//59 1839//59 
f 1655//59 1662//59 1660//59 
f 1659//59 1661//59 1655//59 
f 1633//59 1651//59 1854//59 
f 1657//59 1662//59 1655//59 
f 1646//59 1839//59 1655//59 
f 1870//59 1854//59 1636//59 
f 1885//59 1883//59 1663//59 
f 1883//59 1870//59 1664//59 
f 1664//59 1663//59 1883//59 
f 1665//59 1666//59 1664//59 
f 1664//59 1870//59 1665//59 
f 1885//59 1667//59 1668//59 
f 1887//59 1668//59 1669//59 
f 1962//59 1669//59 1670//59 
f 1856//59 1857//59 1671//59 
f 1871//59 1672//59 1671//59 
f 1671//59 1857//59 1871//59 
f 1961//59 1670//59 1672//59 
f 1672//59 1871//59 1961//59 
f 1848//59 1673//59 1674//59 
f 1874//59 1675//59 1676//59 
f 1847//59 1677//59 1678//59 
f 1847//59 1679//59 1680//59 
f 1674//59 1847//59 1848//59 
f 1874//59 1681//59 1675//59 
f 1874//59 1682//59 1683//59 
f 1678//59 1874//59 1847//59 
f 1847//59 1684//59 1679//59 
f 1674//59 1685//59 1847//59 
f 1874//59 1686//59 1681//59 
f 1683//59 1687//59 1874//59 
f 1847//59 1688//59 1677//59 
f 1685//59 1684//59 1847//59 
f 1876//59 1676//59 1689//59 
f 1687//59 1686//59 1874//59 
f 1680//59 1688//59 1847//59 
f 1689//59 1690//59 1876//59 
f 1678//59 1682//59 1874//59 
f 1848//59 1691//59 1692//59 
f 1676//59 1876//59 1874//59 
f 1848//59 1693//59 1691//59 
f 1692//59 1673//59 1848//59 
f 1849//59 1694//59 1693//59 
f 1860//59 1876//59 1695//59 
f 1849//59 1696//59 1694//59 
f 1860//59 1697//59 1698//59 
f 1695//59 1699//59 1860//59 
f 1849//59 1700//59 1696//59 
f 1849//59 1698//59 1701//59 
f 1860//59 1702//59 1697//59 
f 1699//59 1703//59 1860//59 
f 1701//59 1700//59 1849//59 
f 1703//59 1702//59 1860//59 
f 1698//59 1849//59 1860//59 
f 1833//59 1704//59 1705//59 
f 1833//59 1706//59 1704//59 
f 1865//59 1707//59 1708//59 
f 1865//59 1705//59 1709//59 
f 1833//59 1710//59 1706//59 
f 1865//59 1711//59 1707//59 
f 1705//59 1865//59 1833//59 
f 1833//59 1834//59 1712//59 
f 1709//59 1711//59 1865//59 
f 1712//59 1713//59 1833//59 
f 1713//59 1710//59 1833//59 
f 1836//59 1714//59 1715//59 
f 1715//59 1834//59 1836//59 
f 1836//59 1716//59 1717//59 
f 1852//59 1866//59 1718//59 
f 1717//59 1714//59 1836//59 
f 1836//59 1719//59 1720//59 
f 1836//59 1852//59 1721//59 
f 1852//59 1722//59 1723//59 
f 1718//59 1724//59 1852//59 
f 1720//59 1716//59 1836//59 
f 1721//59 1725//59 1836//59 
f 1852//59 1726//59 1727//59 
f 1724//59 1722//59 1852//59 
f 1834//59 1728//59 1729//59 
f 1725//59 1719//59 1836//59 
f 1723//59 1726//59 1852//59 
f 1866//59 1730//59 1731//59 
f 1866//59 1708//59 1732//59 
f 1729//59 1733//59 1834//59 
f 1727//59 1721//59 1852//59 
f 1732//59 1730//59 1866//59 
f 1733//59 1734//59 1834//59 
f 1731//59 1718//59 1866//59 
f 1715//59 1728//59 1834//59 
f 1735//59 1736//59 1785//59 
f 1736//59 1737//59 1738//59 
f 1958//59 1774//59 1739//59 
f 1778//59 1740//59 1739//59 
f 1739//59 1774//59 1778//59 
f 1785//59 1738//59 1740//59 
f 1740//59 1778//59 1785//59 
f 1741//59 1957//59 1958//59 
f 1783//59 1956//59 1742//59 
f 1957//59 1741//59 1742//59 
f 1742//59 1956//59 1957//59 
f 1806//59 1783//59 1743//59 
f 1744//59 1745//59 1746//59 
f 1806//59 1747//59 1746//59 
f 1823//59 1806//59 1745//59 
f 1746//59 1745//59 1806//59 
f 1746//59 1748//59 1744//59 
f 1748//59 1749//59 1750//59 
f 1807//59 1751//59 1750//59 
f 1784//59 1807//59 1749//59 
f 1750//59 1749//59 1807//59 
f 1750//59 1744//59 1748//59 
f 1749//59 1735//59 1784//59 
f 1745//59 1139//59 1823//59 
f 1743//59 1747//59 1806//59 
f 1742//59 1743//59 1783//59 
f 1958//59 1752//59 1741//59 
f 1739//59 1752//59 1958//59 
f 1738//59 1785//59 1736//59 
f 1785//59 1784//59 1735//59 
f 1734//59 1712//59 1834//59 
f 1708//59 1866//59 1865//59 
f 1693//59 1848//59 1849//59 
f 1690//59 1695//59 1876//59 
f 1671//59 1753//59 1856//59 
f 1670//59 1961//59 1962//59 
f 1669//59 1962//59 1887//59 
f 1668//59 1887//59 1885//59 
f 1663//59 1667//59 1885//59 
f 1636//59 1665//59 1870//59 
f 1649//59 1658//59 1636//59 
f 1631//59 1655//59 1839//59 
f 1809//59 1754//59 1630//59 
f 1629//59 1754//59 1809//59 
f 1824//59 1840//59 1627//59 
f 1840//59 1855//59 1626//59 
f 1855//59 1624//59 1625//59 
f 1856//59 1753//59 1624//59 
f 1623//59 1755//59 1872//59 
f 1888//59 1902//59 1621//59 
f 1620//59 1621//59 1902//59 
f 1619//59 1936//59 1934//59 
f 1618//59 1934//59 1932//59 
f 1617//59 1932//59 1930//59 
f 1614//59 1616//59 1930//59 
f 1613//59 1615//59 1915//59 
f 1612//59 1613//59 1901//59 
f 1961//59 1610//59 1611//59 
f 1871//59 1609//59 1610//59 
f 1872//59 1755//59 1609//59 
f 1604//59 1756//59 1327//59 
f 1603//59 1605//59 1951//59 
f 1601//59 1603//59 1909//59 
f 1596//59 1757//59 1597//59 
f 1591//59 1599//59 1892//59 
f 1586//59 1758//59 1585//59 
f 1583//59 1587//59 1960//59 
f 1565//59 1759//59 1575//59 
f 1544//59 1581//59 1863//59 
f 1539//59 1760//59 1538//59 
f 1534//59 1540//59 1959//59 
f 1533//59 1536//59 1832//59 
f 1530//59 1531//59 1819//59 
f 1513//59 1521//59 1512//59 
f 1498//59 1499//59 1801//59 
f 1497//59 1801//59 1799//59 
f 1495//59 1799//59 1797//59 
f 1494//59 1797//59 1795//59 
f 1493//59 1795//59 1794//59 
f 1491//59 1492//59 1948//59 
f 1489//59 1490//59 1948//59 
f 1488//59 1947//59 1949//59 
f 1487//59 1949//59 1950//59 
f 1484//59 1012//59 1774//59 
f 1483//59 1485//59 1958//59 
f 1481//59 1482//59 1957//59 
f 1480//59 1481//59 1956//59 
f 1479//59 1956//59 1783//59 
f 1477//59 1478//59 1781//59 
f 1476//59 1477//59 1780//59 
f 1474//59 1463//59 1779//59 
f 1443//59 1455//59 1803//59 
f 1441//59 1803//59 1802//59 
f 1439//59 1442//59 1955//59 
f 1436//59 1438//59 1955//59 
f 1432//59 1761//59 1431//59 
f 1429//59 1434//59 1820//59 
f 1416//59 1762//59 1426//59 
f 1394//59 1954//59 1392//59 
f 1954//59 1051//59 1391//59 
f 1387//59 1763//59 1386//59 
f 1384//59 1389//59 1851//59 
f 1381//59 1764//59 1380//59 
f 1378//59 1953//59 1376//59 
f 1953//59 1053//59 1375//59 
f 1371//59 1765//59 1370//59 
f 1354//59 1373//59 1893//59 
f 1349//59 1766//59 1348//59 
f 1919//59 1346//59 1347//59 
f 1921//59 1767//59 1346//59 
f 1344//59 1767//59 1921//59 
f 1343//59 1768//59 1090//59 
f 1929//59 1769//59 1342//59 
f 1340//59 1769//59 1929//59 
f 1339//59 1770//59 1338//59 
f 1943//59 1336//59 1337//59 
f 1952//59 1334//59 1336//59 
f 1335//59 1771//59 1334//59 
f 1329//59 1335//59 1952//59 
f 1330//59 1772//59 1328//59 
f 1325//59 1332//59 1944//59 
f 1313//59 1303//59 1867//59 
f 1302//59 1896//59 1894//59 
f 1283//59 1877//59 1878//59 
f 1275//59 1289//59 1905//59 
f 1255//59 1368//59 1895//59 
f 1228//59 1225//59 1917//59 
f 1218//59 1946//59 1945//59 
f 1214//59 1197//59 1907//59 
f 1187//59 1215//59 1940//59 
f 1184//59 1164//59 1900//59 
f 1159//59 1913//59 1884//59 
f 1152//59 1143//59 1844//59 
f 1150//59 1153//59 1826//59 
f 1145//59 1127//59 1793//59 
f 1142//59 1147//59 1813//59 
f 1140//59 1751//59 1807//59 
f 1138//59 1141//59 1837//59 
f 1137//59 1151//59 1812//59 
f 1136//59 1137//59 1792//59 
f 1135//59 1792//59 1790//59 
f 1132//59 1134//59 1790//59 
f 1949//59 1130//59 1131//59 
f 1947//59 1773//59 1130//59 
f 1129//59 1773//59 1947//59 
f 1794//59 1793//59 1127//59 
f 1938//59 1338//59 1126//59 
f 1946//59 1126//59 1102//59 
f 1113//59 1118//59 1102//59 
f 1937//59 1094//59 1093//59 
f 1935//59 1093//59 1092//59 
f 1933//59 1092//59 1091//59 
f 35//59 32//59 1090//59 
f 1924//59 1089//59 1088//59 
f 1923//59 1088//59 1087//59 
f 1944//59 1952//59 1943//59 
f 1942//59 1943//59 1941//59 
f 1940//59 1941//59 1938//59 
f 1916//59 1945//59 1937//59 
f 1936//59 1937//59 1935//59 
f 1934//59 1935//59 1933//59 
f 1932//59 1933//59 1931//59 
f 1930//59 1931//59 1929//59 
f 1928//59 1929//59 1927//59 
f 1914//59 1927//59 1926//59 
f 1925//59 1926//59 1924//59 
f 1912//59 1924//59 1923//59 
f 1085//59 1066//59 1923//59 
f 1910//59 1922//59 1921//59 
f 1920//59 1921//59 1919//59 
f 1918//59 1919//59 1056//59 
f 1906//59 1939//59 1917//59 
f 1904//59 1917//59 1916//59 
f 1915//59 1928//59 1914//59 
f 1913//59 1925//59 1912//59 
f 1899//59 1912//59 1911//59 
f 1898//59 1911//59 1910//59 
f 1909//59 1951//59 1908//59 
f 1891//59 1908//59 1907//59 
f 1889//59 1907//59 1906//59 
f 1905//59 1906//59 1904//59 
f 1903//59 1904//59 1902//59 
f 1901//59 1915//59 1900//59 
f 1884//59 1913//59 1899//59 
f 1882//59 1899//59 1898//59 
f 1881//59 1898//59 1897//59 
f 1896//59 1897//59 1895//59 
f 1894//59 1895//59 1893//59 
f 1880//59 1893//59 1055//59 
f 1892//59 1909//59 1891//59 
f 1890//59 1891//59 1889//59 
f 1875//59 1903//59 1888//59 
f 1887//59 1901//59 1886//59 
f 1885//59 1886//59 1884//59 
f 1883//59 1884//59 1882//59 
f 1869//59 1882//59 1881//59 
f 1864//59 1894//59 1880//59 
f 1053//59 1953//59 1879//59 
f 1862//59 1890//59 1878//59 
f 1860//59 1878//59 1877//59 
f 1876//59 1877//59 1875//59 
f 1874//59 1875//59 1873//59 
f 1859//59 1873//59 1872//59 
f 1858//59 1872//59 1871//59 
f 1870//59 1883//59 1869//59 
f 1853//59 1869//59 1868//59 
f 1852//59 1868//59 1867//59 
f 1866//59 1867//59 1864//59 
f 1863//59 1960//59 1862//59 
f 1861//59 1862//59 1860//59 
f 1847//59 1874//59 1859//59 
f 1846//59 1859//59 1858//59 
f 1845//59 1858//59 1857//59 
f 1843//59 1857//59 1856//59 
f 1842//59 1856//59 1855//59 
f 1854//59 1870//59 1853//59 
f 1838//59 1853//59 1852//59 
f 1833//59 1865//59 1851//59 
f 1051//59 1954//59 1850//59 
f 1831//59 1861//59 1849//59 
f 1830//59 1849//59 1848//59 
f 1829//59 1848//59 1847//59 
f 1828//59 1847//59 1846//59 
f 1827//59 1846//59 1845//59 
f 1844//59 1845//59 1843//59 
f 1046//59 1048//59 1843//59 
f 1825//59 1842//59 1840//59 
f 1839//59 1854//59 1838//59 
f 1837//59 1838//59 1836//59 
f 1835//59 1836//59 1834//59 
f 1822//59 1834//59 1833//59 
f 1832//59 1959//59 1831//59 
f 1818//59 1831//59 1830//59 
f 1816//59 1830//59 1829//59 
f 1815//59 1829//59 1828//59 
f 1814//59 1828//59 1827//59 
f 1826//59 1841//59 1825//59 
f 1811//59 1825//59 1824//59 
f 1823//59 1835//59 1822//59 
f 1805//59 1822//59 1821//59 
f 1804//59 1821//59 1820//59 
f 1020//59 1955//59 1802//59 
f 1819//59 1832//59 1818//59 
f 1817//59 1818//59 1816//59 
f 1800//59 1816//59 1815//59 
f 1798//59 1815//59 1814//59 
f 1796//59 1814//59 1813//59 
f 1812//59 1826//59 1811//59 
f 1791//59 1811//59 1810//59 
f 1789//59 1810//59 1809//59 
f 1787//59 1809//59 1808//59 
f 1786//59 1808//59 1807//59 
f 1806//59 1823//59 1805//59 
f 1782//59 1805//59 1804//59 
f 1779//59 1804//59 1802//59 
f 1801//59 1817//59 1800//59 
f 1799//59 1800//59 1798//59 
f 1797//59 1798//59 1796//59 
f 1795//59 1796//59 1793//59 
f 1792//59 1812//59 1791//59 
f 1790//59 1791//59 1789//59 
f 1788//59 1789//59 1787//59 
f 1777//59 1787//59 1786//59 
f 1778//59 1786//59 1784//59 
f 1783//59 1806//59 1782//59 
f 1781//59 1782//59 1779//59 
f 1776//59 1788//59 1777//59 
f 1016//59 1019//59 1777//59 
f 1015//59 1950//59 1776//59 
f 1014//59 1776//59 1775//59 
f 1013//59 1775//59 1774//59 
o mesh3
f 569//60 565//60 1329//60 
f 1335//60 1329//60 565//60 
f 565//60 564//60 1335//60 
f 1771//60 1335//60 564//60 
f 564//60 563//60 1771//60 
f 1329//60 1328//60 569//60 
o mesh4
f 316//60 1594//60 1597//60 
f 1597//60 318//60 316//60 
o mesh5
f 333//60 1557//60 1575//60 
f 1575//60 364//60 333//60 
o mesh6
f 541//61 132//61 1055//61 
f 1054//61 1055//61 132//61 
f 132//61 822//61 1054//61 
f 1053//61 1054//61 822//61 
f 822//61 133//61 1053//61 
f 1055//61 1370//61 541//61 
o mesh7
f 526//61 524//61 1052//61 
f 1051//61 1052//61 524//61 
f 524//61 134//61 1051//61 
f 1052//61 1386//61 526//61 
o mesh8
f 481//61 479//61 1021//61 
f 1020//61 1021//61 479//61 
f 479//61 164//61 1020//61 
f 1021//61 1431//61 481//61 
o mesh9
f 559//62 101//62 1338//62 
f 1126//62 1338//62 101//62 
f 101//62 100//62 1126//62 
f 1102//62 1126//62 100//62 
f 100//62 71//62 1102//62 
f 1094//62 1102//62 71//62 
f 71//62 68//62 1094//62 
f 1093//62 1094//62 68//62 
f 68//62 67//62 1093//62 
f 1092//62 1093//62 67//62 
f 67//62 66//62 1092//62 
f 1091//62 1092//62 66//62 
f 66//62 65//62 1091//62 
f 1341//62 1091//62 65//62 
f 65//62 801//62 1341//62 
f 1338//62 1770//62 559//62 
o mesh10
f 554//62 64//62 1090//62 
f 1089//62 1090//62 64//62 
f 64//62 63//62 1089//62 
f 1088//62 1089//62 63//62 
f 63//62 62//62 1088//62 
f 1087//62 1088//62 62//62 
f 62//62 61//62 1087//62 
f 1345//62 1087//62 61//62 
f 61//62 802//62 1345//62 
f 1090//62 1768//62 554//62 
o mesh11
f 366//63 329//63 1579//63 
f 1584//63 1579//63 329//63 
f 329//63 814//63 1584//63 
f 1579//63 1580//63 366//63 
o mesh12
f 320//63 312//63 1593//63 
f 1602//63 1593//63 312//63 
f 312//63 817//63 1602//63 
f 1593//63 1598//63 320//63 
o mesh13
f 521//64 520//64 1392//64 
f 1393//64 1392//64 520//64 
f 520//64 808//64 1393//64 
f 1392//64 1391//64 521//64 
o mesh14
f 537//64 536//64 1376//64 
f 1377//64 1376//64 536//64 
f 536//64 805//64 1377//64 
f 1376//64 1375//64 537//64 
o mesh15
f 299//65 298//65 1755//65 
f 1609//65 1755//65 298//65 
f 298//65 297//65 1609//65 
f 1610//65 1609//65 297//65 
f 297//65 296//65 1610//65 
f 1611//65 1610//65 296//65 
f 296//65 295//65 1611//65 
f 1612//65 1611//65 295//65 
f 295//65 309//65 1612//65 
f 1755//65 1623//65 299//65 
o mesh16
f 309//66 308//66 1613//66 
f 1615//66 1613//66 308//66 
f 308//66 307//66 1615//66 
f 1614//66 1615//66 307//66 
f 307//66 305//66 1614//66 
f 1613//66 1612//66 309//66 
o mesh17
f 305//67 306//67 1616//67 
f 1617//67 1616//67 306//67 
f 306//67 304//67 1617//67 
f 1618//67 1617//67 304//67 
f 304//67 303//67 1618//67 
f 1619//67 1618//67 303//67 
f 303//67 302//67 1619//67 
f 1620//67 1619//67 302//67 
f 302//67 301//67 1620//67 
f 1616//67 1614//67 305//67 
o mesh18
f 278//66 248//66 1655//66 
f 1636//66 1655//66 248//66 
f 248//66 247//66 1636//66 
f 1665//66 1636//66 247//66 
f 247//66 246//66 1665//66 
f 1666//66 1665//66 246//66 
f 246//66 819//66 1666//66 
f 1655//66 1631//66 278//66 
o mesh19
f 284//68 283//68 1626//68 
f 1627//68 1626//68 283//68 
f 283//68 282//68 1627//68 
f 1628//68 1627//68 282//68 
f 282//68 820//68 1628//68 
f 1629//68 1628//68 820//68 
f 820//68 281//68 1629//68 
f 1626//68 1625//68 284//68 
o mesh20
f 1437//68 811//68 476//69 
f 1439//70 1438//71 475//71 
f 476//69 475//71 1438//71 
f 1438//71 1436//72 476//69 
f 1440//73 1442//74 472//74 
f 474//75 472//74 1442//74 
f 1442//74 1439//70 474//75 
f 1443//76 1441//77 473//77 
f 471//78 473//77 1441//77 
f 1441//77 1440//73 471//78 
f 1475//79 1446//80 439//80 
f 444//81 439//80 1446//80 
f 1446//80 1455//81 444//81 
f 470//82 444//81 1455//81 
f 1455//81 1443//76 470//82 
f 1475//79 438//83 437//84 
f 1480//85 1479//86 434//86 
f 435//87 434//86 1479//86 
f 1479//86 1478//87 435//87 
f 436//88 435//87 1478//87 
f 1478//87 1477//88 436//88 
f 437//84 436//88 1477//88 
f 1477//88 1476//89 437//84 
f 1483//90 1482//91 431//91 
f 432//92 431//91 1482//91 
f 1482//91 1481//92 432//92 
f 433//93 432//92 1481//92 
f 1481//92 1480//85 433//93 
f 1484//94 1485//95 430//95 
f 429//96 430//95 1485//95 
f 1485//95 1483//90 429//96 
f 430//95 428//97 1484//94 
f 431//91 429//96 1483//90 
f 434//86 433//93 1480//85 
f 437//84 1476//89 1475//79 
f 439//80 438//83 1475//79 
f 473//77 470//82 1443//76 
f 472//74 471//78 1440//73 
f 475//71 474//75 1439//70 
f 476//69 1436//72 1437//68 
o mesh21
f 1012//97 1484//97 428//97 
f 1013//97 1012//97 427//97 
f 427//97 169//97 1013//97 
f 1014//97 1013//97 169//97 
f 169//97 170//97 1014//97 
f 1015//97 1014//97 170//97 
f 170//97 171//97 1015//97 
f 1486//97 1015//97 171//97 
f 171//97 426//97 1486//97 
f 428//97 427//97 1012//97 
o mesh22
f 281//98 280//98 1754//98 
f 1630//98 1754//98 280//98 
f 280//98 279//98 1630//98 
f 1631//98 1630//98 279//98 
f 279//98 278//98 1631//98 
f 1754//98 1629//98 281//98 
o mesh23
f 1489//99 1488//100 424//100 
f 425//101 424//100 1488//100 
f 1488//100 1487//101 425//101 
f 426//102 425//101 1487//101 
f 1487//101 1486//102 426//102 
f 1491//103 1490//104 422//104 
f 423//105 422//104 1490//104 
f 1490//104 1489//99 423//105 
f 1496//106 1495//107 417//107 
f 418//108 417//107 1495//107 
f 1495//107 1494//108 418//108 
f 419//109 418//108 1494//108 
f 1494//108 1493//109 419//109 
f 420//110 419//109 1493//109 
f 1493//109 1492//110 420//110 
f 421//111 420//110 1492//110 
f 1492//110 1491//103 421//111 
f 1498//112 1497//113 415//113 
f 416//114 415//113 1497//113 
f 1497//113 1496//106 416//114 
f 1530//115 1512//116 396//116 
f 385//117 396//116 1512//116 
f 1512//116 1499//117 385//117 
f 414//118 385//117 1499//117 
f 1499//117 1498//112 414//118 
f 1532//119 1531//120 379//120 
f 382//121 379//120 1531//120 
f 1531//120 1530//115 382//121 
f 1532//119 378//122 380//123 
f 1535//124 1536//125 381//125 
f 380//123 381//125 1536//125 
f 1536//125 1533//126 380//123 
f 1535//124 377//127 376//128 
f 376//128 1537//128 1535//124 
f 381//125 377//127 1535//124 
f 380//123 1533//126 1532//119 
f 379//120 378//122 1532//119 
f 396//116 382//121 1530//115 
f 415//113 414//118 1498//112 
f 417//107 416//114 1496//106 
f 422//104 421//111 1491//103 
f 424//100 423//105 1489//99 
o mesh24
f 301//129 300//129 1621//129 
f 1622//129 1621//129 300//129 
f 300//129 818//129 1622//129 
f 1623//129 1622//129 818//129 
f 818//129 299//129 1623//129 
f 1621//129 1620//129 301//129 
o mesh25
f 521//130 1391//130 1051//130 
f 1051//130 134//130 521//130 
o mesh26
f 533//129 532//129 1382//129 
f 1382//129 1378//129 533//129 
o mesh27
f 1377//131 805//131 533//131 
f 533//131 1378//131 1377//131 
o mesh28
f 537//130 1375//130 1053//130 
f 1053//130 133//130 537//130 
o mesh29
f 549//132 102//132 1056//132 
f 1057//132 1056//132 102//132 
f 102//132 544//132 1057//132 
f 1351//132 1057//132 544//132 
f 544//132 543//132 1351//132 
f 1056//132 1347//132 549//132 
o mesh30
f 164//133 811//133 1437//133 
f 1437//133 1020//133 164//133 
o mesh31
f 493//132 517//132 1427//132 
f 1427//132 1394//132 493//132 
o mesh32
f 1393//134 808//134 493//134 
f 493//134 1394//134 1393//134 
o mesh33
f 316//134 320//134 1598//134 
f 1598//134 1594//134 316//134 
o mesh34
f 330//135 324//135 1587//135 
f 1589//135 1587//135 324//135 
f 324//135 323//135 1589//135 
f 1587//135 1583//135 330//135 
o mesh35
f 1584//136 814//136 330//136 
f 330//136 1583//136 1584//136 
o mesh36
f 313//135 311//135 1603//135 
f 1605//135 1603//135 311//135 
f 311//135 310//135 1605//135 
f 1607//135 1605//135 310//135 
f 310//135 577//135 1607//135 
f 1603//135 1601//135 313//135 
o mesh37
f 1602//136 817//136 313//136 
f 313//136 1601//136 1602//136 
o mesh38
f 333//137 366//137 1580//137 
f 1580//137 1557//137 333//137 
o mesh39
f 375//138 370//138 1540//138 
f 1542//138 1540//138 370//138 
f 370//138 369//138 1542//138 
f 1540//138 1534//138 375//138 
o mesh40
f 1537//139 376//139 375//139 
f 375//139 1534//139 1537//139 
o mesh41
f 558//138 559//138 1770//138 
f 1770//138 1339//138 558//138 
o mesh42
f 1339//139 1337//139 560//139 
f 561//139 560//139 1337//139 
f 1337//139 1336//139 561//139 
f 562//139 561//139 1336//139 
f 1336//139 1334//139 562//139 
f 563//139 562//139 1334//139 
f 1334//139 1771//139 563//139 
f 560//139 558//139 1339//139 
o mesh43
f 1345//140 802//140 552//140 
f 552//140 1344//140 1345//140 
o mesh44
f 550//139 549//139 1347//139 
f 551//139 550//139 1346//139 
f 1346//139 1767//139 551//139 
f 552//139 551//139 1767//139 
f 1767//139 1344//139 552//139 
f 1347//139 1346//139 550//139 
o mesh45
f 553//141 554//141 1768//141 
f 1768//141 1343//141 553//141 
o mesh46
f 1343//142 1342//142 555//142 
f 556//142 555//142 1342//142 
f 1342//142 1769//142 556//142 
f 557//142 556//142 1769//142 
f 1769//142 1340//142 557//142 
f 555//142 553//142 1343//142 
o mesh47
f 1341//143 801//143 557//143 
f 557//143 1340//143 1341//143 
o mesh48
f 1666//142 819//142 293//142 
f 293//142 1664//142 1666//142 
o mesh49
f 1672//143 287//143 288//143 
f 288//143 1671//143 1672//143 
o mesh50
f 1672//144 1670//144 289//144 
f 290//144 289//144 1670//144 
f 1670//144 1669//144 290//144 
f 291//144 290//144 1669//144 
f 1669//144 1668//144 291//144 
f 294//144 291//144 1668//144 
f 1668//144 1667//144 294//144 
f 292//144 294//144 1667//144 
f 1667//144 1663//144 292//144 
f 289//144 287//144 1672//144 
o mesh51
f 1664//145 293//145 292//145 
f 292//145 1663//145 1664//145 
o mesh52
f 288//146 286//146 1753//146 
f 1624//146 1753//146 286//146 
f 286//146 285//146 1624//146 
f 1625//146 1624//146 285//146 
f 285//146 284//146 1625//146 
f 1753//146 1671//146 288//146 
o mesh53
f 1428//147 1427//147 517//147 
f 517//147 809//147 1428//147 
o mesh54
f 482//146 481//146 1431//146 
f 1431//146 1761//146 482//146 
o mesh55
f 1432//148 480//148 482//148 
f 482//148 1761//148 1432//148 
o mesh56
f 478//149 480//149 1432//149 
f 1432//149 1433//149 478//149 
o mesh57
f 810//150 478//150 1433//150 
f 1433//150 1435//150 810//150 
o mesh58
f 1434//149 477//149 810//149 
f 484//149 477//149 1434//149 
f 1434//149 1429//149 484//149 
f 810//149 1435//149 1434//149 
o mesh59
f 483//150 484//150 1429//150 
f 1429//150 1430//150 483//150 
o mesh60
f 518//151 1426//151 1762//151 
f 1430//151 1426//151 518//151 
f 518//151 483//151 1430//151 
f 1762//151 519//151 518//151 
o mesh61
f 488//150 519//150 1762//150 
f 1762//150 1416//150 488//150 
o mesh62
f 1416//151 1399//151 502//151 
f 502//151 488//151 1416//151 
o mesh63
f 1428//152 809//152 502//152 
f 502//152 1399//152 1428//152 
o mesh64
f 1383//151 1382//151 532//151 
f 532//151 806//151 1383//151 
o mesh65
f 527//153 526//153 1386//153 
f 1386//153 1763//153 527//153 
o mesh66
f 1387//152 525//152 527//152 
f 527//152 1763//152 1387//152 
o mesh67
f 523//153 525//153 1387//153 
f 1387//153 1388//153 523//153 
o mesh68
f 807//154 523//154 1388//154 
f 1388//154 1390//154 807//154 
o mesh69
f 1389//153 522//153 807//153 
f 529//153 522//153 1389//153 
f 1389//153 1384//153 529//153 
f 807//153 1390//153 1389//153 
o mesh70
f 528//154 529//154 1384//154 
f 1384//154 1385//154 528//154 
o mesh71
f 534//155 1380//155 1764//155 
f 1385//155 1380//155 534//155 
f 534//155 528//155 1385//155 
f 1764//155 535//155 534//155 
o mesh72
f 530//154 535//154 1764//154 
f 1764//154 1381//154 530//154 
o mesh73
f 1381//155 1379//155 531//155 
f 531//155 530//155 1381//155 
o mesh74
f 1383//156 806//156 531//156 
f 531//156 1379//156 1383//156 
o mesh75
f 1352//155 1351//155 543//155 
f 543//155 803//155 1352//155 
o mesh76
f 542//157 541//157 1370//157 
f 1370//157 1765//157 542//157 
o mesh77
f 1371//156 540//156 542//156 
f 542//156 1765//156 1371//156 
o mesh78
f 539//157 540//157 1371//157 
f 1371//157 1372//157 539//157 
o mesh79
f 804//158 539//158 1372//158 
f 1372//158 1374//158 804//158 
o mesh80
f 1373//157 538//157 804//157 
f 640//157 538//157 1373//157 
f 1373//157 1354//157 640//157 
f 804//157 1374//157 1373//157 
o mesh81
f 643//158 640//158 1354//158 
f 1354//158 1353//158 643//158 
o mesh82
f 547//159 1348//159 1766//159 
f 1353//159 1348//159 547//159 
f 547//159 643//159 1353//159 
f 1766//159 548//159 547//159 
o mesh83
f 546//158 548//158 1766//158 
f 1766//158 1349//158 546//158 
o mesh84
f 1349//159 1350//159 545//159 
f 545//159 546//159 1349//159 
o mesh85
f 1352//160 803//160 545//160 
f 545//160 1350//160 1352//160 
o mesh86
f 369//161 812//161 1543//161 
f 1543//161 1542//161 369//161 
o mesh87
f 1759//162 365//162 364//162 
f 364//162 1575//162 1759//162 
o mesh88
f 1565//163 348//163 365//163 
f 365//163 1759//163 1565//163 
o mesh89
f 1548//162 336//162 348//162 
f 348//162 1565//162 1548//162 
o mesh90
f 813//164 336//164 1548//164 
f 1548//164 1582//164 813//164 
o mesh91
f 1582//165 1581//165 362//165 
f 368//165 362//165 1581//165 
f 1581//165 1544//165 368//165 
f 362//165 813//165 1582//165 
o mesh92
f 367//164 368//164 1544//164 
f 1544//164 1545//164 367//164 
o mesh93
f 374//166 373//166 1538//166 
f 1545//166 1538//166 373//166 
f 373//166 367//166 1545//166 
f 1538//166 1760//166 374//166 
o mesh94
f 372//167 374//167 1760//167 
f 1760//167 1539//167 372//167 
o mesh95
f 371//166 372//166 1539//166 
f 1539//166 1541//166 371//166 
o mesh96
f 1543//168 812//168 371//168 
f 371//168 1541//168 1543//168 
o mesh97
f 323//169 815//169 1590//169 
f 1590//169 1589//169 323//169 
o mesh98
f 1757//170 319//170 318//170 
f 318//170 1597//170 1757//170 
o mesh99
f 1596//171 317//171 319//171 
f 319//171 1757//171 1596//171 
o mesh100
f 1595//170 315//170 317//170 
f 317//170 1596//170 1595//170 
o mesh101
f 816//172 315//172 1595//172 
f 1595//172 1600//172 816//172 
o mesh102
f 1600//173 1599//173 314//173 
f 322//173 314//173 1599//173 
f 1599//173 1591//173 322//173 
f 314//173 816//173 1600//173 
o mesh103
f 321//172 322//172 1591//172 
f 1591//172 1592//172 321//172 
o mesh104
f 328//174 327//174 1585//174 
f 1592//174 1585//174 327//174 
f 327//174 321//174 1592//174 
f 1585//174 1758//174 328//174 
o mesh105
f 326//175 328//175 1758//175 
f 1758//175 1586//175 326//175 
o mesh106
f 325//174 326//174 1586//174 
f 1586//174 1588//174 325//174 
o mesh107
f 1590//176 815//176 325//176 
f 325//176 1588//176 1590//176 
o mesh108
f 577//177 799//177 1608//177 
f 1608//177 1607//177 577//177 
o mesh109
f 1772//178 570//178 569//178 
f 569//178 1328//178 1772//178 
o mesh110
f 1330//179 568//179 570//179 
f 570//179 1772//179 1330//179 
o mesh111
f 1331//178 567//178 568//178 
f 568//178 1330//178 1331//178 
o mesh112
f 800//180 567//180 1331//180 
f 1331//180 1333//180 800//180 
o mesh113
f 1333//181 1332//181 566//181 
f 572//181 566//181 1332//181 
f 1332//181 1325//181 572//181 
f 566//181 800//181 1333//181 
o mesh114
f 571//180 572//180 1325//180 
f 1325//180 1326//180 571//180 
o mesh115
f 576//182 575//182 1327//182 
f 1326//182 1327//182 575//182 
f 575//182 571//182 1326//182 
f 1327//182 1756//182 576//182 
o mesh116
f 573//183 576//183 1756//183 
f 1756//183 1604//183 573//183 
o mesh117
f 574//182 573//182 1604//182 
f 1604//182 1606//182 574//182 
o mesh118
f 1608//184 799//184 574//184 
f 574//184 1606//184 1608//184 
o mesh119
f 771//185 770//185 1144//185 
f 1145//185 1144//185 770//185 
f 770//185 776//185 1145//185 
f 1144//185 1149//185 771//185 
o mesh120
f 177//186 771//186 1149//186 
f 178//186 177//186 1151//186 
f 1151//186 1137//186 178//186 
f 179//186 178//186 1137//186 
f 1137//186 1136//186 179//186 
f 1149//186 1151//186 177//186 
o mesh121
f 1128//187 821//187 175//187 
f 176//187 821//187 1128//187 
f 1128//187 1127//187 176//187 
f 776//187 176//187 1127//187 
f 1127//187 1145//187 776//187 
f 175//187 1129//187 1128//187 
o mesh122
f 768//188 769//188 1143//188 
f 1142//188 1143//188 769//188 
f 769//188 766//188 1142//188 
f 1143//188 1152//188 768//188 
o mesh123
f 1152//189 1153//189 773//189 
f 772//189 773//189 1153//189 
f 1153//189 1150//189 772//189 
f 773//189 768//189 1152//189 
o mesh124
f 1150//190 1148//190 774//190 
f 775//190 774//190 1148//190 
f 1148//190 1146//190 775//190 
f 774//190 772//190 1150//190 
o mesh125
f 766//191 767//191 1147//191 
f 1146//191 1147//191 767//191 
f 767//191 775//191 1146//191 
f 1147//191 1142//191 766//191 
o mesh126
f 781//191 798//191 1737//191 
f 783//191 781//191 1736//191 
f 1736//191 1735//191 783//191 
f 786//191 783//191 1735//191 
f 1735//191 1749//191 786//191 
f 1737//191 1736//191 781//191 
o mesh127
f 1749//192 1748//192 787//192 
f 789//192 787//192 1748//192 
f 1748//192 1746//192 789//192 
f 787//192 786//192 1749//192 
o mesh128
f 792//193 1743//193 1742//193 
f 1747//193 1743//193 792//193 
f 792//193 791//193 1747//193 
f 1746//193 1747//193 791//193 
f 791//193 789//193 1746//193 
f 1742//193 793//193 792//193 
o mesh129
f 785//194 784//194 1744//194 
f 1745//194 1744//194 784//194 
f 784//194 788//194 1745//194 
f 1744//194 1750//194 785//194 
o mesh130
f 1751//195 778//195 785//195 
f 777//195 778//195 1751//195 
f 1751//195 1140//195 777//195 
f 785//195 1750//195 1751//195 
o mesh131
f 1140//196 1141//196 780//196 
f 779//196 780//196 1141//196 
f 1141//196 1138//196 779//196 
f 780//196 777//196 1140//196 
o mesh132
f 790//197 1139//197 1745//197 
f 1138//197 1139//197 790//197 
f 790//197 779//197 1138//197 
f 1745//197 788//197 790//197 
o mesh133
f 796//198 1739//198 1740//198 
f 1740//198 797//198 796//198 
o mesh134
f 796//199 795//199 1752//199 
f 1741//199 1752//199 795//199 
f 795//199 794//199 1741//199 
f 1742//199 1741//199 794//199 
f 794//199 793//199 1742//199 
f 1752//199 1739//199 796//199 
o mesh135
f 1740//200 1738//200 782//200 
f 798//200 782//200 1738//200 
f 1738//200 1737//200 798//200 
f 782//200 797//200 1740//200 
o mesh136
f 1133//201 182//201 181//201 
f 181//201 1132//201 1133//201 
o mesh137
f 175//202 174//202 1773//202 
f 1130//202 1773//202 174//202 
f 174//202 173//202 1130//202 
f 1131//202 1130//202 173//202 
f 173//202 172//202 1131//202 
f 1133//202 1131//202 172//202 
f 172//202 182//202 1133//202 
f 1773//202 1129//202 175//202 
o mesh138
f 1136//203 1135//203 180//203 
f 183//203 180//203 1135//203 
f 1135//203 1134//203 183//203 
f 181//203 183//203 1134//203 
f 1134//203 1132//203 181//203 
f 180//203 179//203 1136//203 
o mesh139
f 168//204 1018//204 1019//204 
f 1019//204 167//204 168//204 
o mesh140
f 1016//203 165//203 167//203 
f 167//203 1019//203 1016//203 
o mesh141
f 1017//205 166//205 165//205 
f 165//205 1016//205 1017//205 
o mesh142
f 168//206 166//206 1017//206 
f 1017//206 1018//206 168//206 
o mesh143
f 98//207 94//208 1095//208 
f 86//209 98//207 1097//210 
f 87//211 86//209 1101//212 
f 84//213 87//211 1109//214 
f 85//215 84//213 1108//216 
f 97//217 85//215 1111//218 
f 82//219 97//217 1110//220 
f 83//221 82//219 1121//222 
f 80//223 83//221 1115//224 
f 81//225 80//223 1122//226 
f 93//227 81//225 1117//228 
f 92//229 93//227 1116//230 
f 76//231 92//229 1123//232 
f 69//233 76//231 1125//234 
f 72//235 70//236 1118//236 
f 1124//237 1118//236 70//236 
f 70//236 69//233 1124//237 
f 79//238 72//235 1113//239 
f 78//240 79//238 1112//241 
f 74//242 78//240 1119//243 
f 75//244 74//242 1114//245 
f 77//246 75//244 1104//247 
f 73//248 77//246 1103//249 
f 99//250 73//248 1106//251 
f 90//252 99//250 1105//253 
f 91//254 90//252 1120//255 
f 96//256 91//254 1099//257 
f 95//258 96//256 1098//259 
f 88//260 95//258 1107//261 
f 89//262 88//260 1100//263 
f 94//208 89//262 1096//262 
f 1096//262 1095//208 94//208 
f 1100//263 1096//262 89//262 
f 1107//261 1100//263 88//260 
f 1098//259 1107//261 95//258 
f 1099//257 1098//259 96//256 
f 1120//255 1099//257 91//254 
f 1105//253 1120//255 90//252 
f 1106//251 1105//253 99//250 
f 1103//249 1106//251 73//248 
f 1104//247 1103//249 77//246 
f 1114//245 1104//247 75//244 
f 1119//243 1114//245 74//242 
f 1112//241 1119//243 78//240 
f 1113//239 1112//241 79//238 
f 1118//236 1113//239 72//235 
f 1125//234 1124//237 69//233 
f 1123//232 1125//234 76//231 
f 1116//230 1123//232 92//229 
f 1117//228 1116//230 93//227 
f 1122//226 1117//228 81//225 
f 1115//224 1122//226 80//223 
f 1121//222 1115//224 83//221 
f 1110//220 1121//222 82//219 
f 1111//218 1110//220 97//217 
f 1108//216 1111//218 85//215 
f 1109//214 1108//216 84//213 
f 1101//212 1109//214 87//211 
f 1097//210 1101//212 86//209 
f 1095//208 1097//210 98//207 
o mesh144
f 1304//264 1307//265 590//265 
f 1305//266 1304//264 589//267 
f 1310//268 1305//266 588//269 
f 1311//270 1310//268 591//271 
f 1315//272 1311//270 593//273 
f 1308//274 1315//272 592//275 
f 1309//276 1308//274 595//277 
f 1314//278 1309//276 594//279 
f 1312//280 1314//278 597//281 
f 1313//282 1312//280 596//283 
f 1299//284 1303//285 586//285 
f 598//286 586//285 1303//285 
f 1303//285 1313//282 598//286 
f 1300//287 1299//284 585//288 
f 1296//289 1300//287 581//290 
f 1294//291 1296//289 580//292 
f 1295//293 1294//291 579//294 
f 1297//295 1295//293 578//296 
f 1298//297 1297//295 582//298 
f 1301//299 1298//297 584//300 
f 1323//301 1302//302 587//302 
f 583//303 587//302 1302//302 
f 1302//302 1301//299 583//303 
f 1321//304 1323//301 600//305 
f 1322//306 1321//304 599//307 
f 1324//308 1322//306 602//309 
f 1320//310 1324//308 601//311 
f 1318//312 1320//310 604//313 
f 1319//314 1318//312 603//315 
f 1316//316 1319//314 606//317 
f 1317//318 1316//316 605//319 
f 1306//320 1317//318 608//321 
f 1307//265 1306//320 607//320 
f 607//320 590//265 1307//265 
f 608//321 607//320 1306//320 
f 605//319 608//321 1317//318 
f 606//317 605//319 1316//316 
f 603//315 606//317 1319//314 
f 604//313 603//315 1318//312 
f 601//311 604//313 1320//310 
f 602//309 601//311 1324//308 
f 599//307 602//309 1322//306 
f 600//305 599//307 1321//304 
f 587//302 600//305 1323//301 
f 584//300 583//303 1301//299 
f 582//298 584//300 1298//297 
f 578//296 582//298 1297//295 
f 579//294 578//296 1295//293 
f 580//292 579//294 1294//291 
f 581//290 580//292 1296//289 
f 585//288 581//290 1300//287 
f 586//285 585//288 1299//284 
f 596//283 598//286 1313//282 
f 597//281 596//283 1312//280 
f 594//279 597//281 1314//278 
f 595//277 594//279 1309//276 
f 592//275 595//277 1308//274 
f 593//273 592//275 1315//272 
f 591//271 593//273 1311//270 
f 588//269 591//271 1310//268 
f 589//267 588//269 1305//266 
f 590//265 589//267 1304//264 
o mesh145
f 1286//322 1284//323 237//323 
f 1291//324 1286//322 236//325 
f 1290//326 1291//324 241//327 
f 1285//328 1290//326 244//329 
f 1280//330 1283//331 242//331 
f 245//332 242//331 1283//331 
f 1283//331 1285//328 245//332 
f 1281//333 1280//330 227//334 
f 1268//335 1281//333 222//336 
f 1274//337 1268//335 216//338 
f 1279//339 1274//337 215//340 
f 1282//341 1279//339 219//342 
f 1277//343 1282//341 223//344 
f 1278//345 1277//343 228//346 
f 1267//347 1278//345 225//348 
f 1265//349 1267//347 224//350 
f 1266//351 1265//349 218//352 
f 1272//353 1266//351 217//354 
f 1273//355 1272//353 226//356 
f 1276//357 1273//355 230//358 
f 1271//359 1276//357 229//360 
f 1264//361 1271//359 234//362 
f 1263//363 1264//361 231//364 
f 1269//365 1263//363 221//366 
f 1270//367 1269//365 220//368 
f 1275//369 1270//367 233//370 
f 1293//371 1289//372 235//372 
f 232//373 235//372 1289//372 
f 1289//372 1275//369 232//373 
f 1287//374 1293//371 238//375 
f 1288//376 1287//374 243//377 
f 1292//378 1288//376 240//379 
f 1284//323 1292//378 239//378 
f 239//378 237//323 1284//323 
f 240//379 239//378 1292//378 
f 243//377 240//379 1288//376 
f 238//375 243//377 1287//374 
f 235//372 238//375 1293//371 
f 233//370 232//373 1275//369 
f 220//368 233//370 1270//367 
f 221//366 220//368 1269//365 
f 231//364 221//366 1263//363 
f 234//362 231//364 1264//361 
f 229//360 234//362 1271//359 
f 230//358 229//360 1276//357 
f 226//356 230//358 1273//355 
f 217//354 226//356 1272//353 
f 218//352 217//354 1266//351 
f 224//350 218//352 1265//349 
f 225//348 224//350 1267//347 
f 228//346 225//348 1278//345 
f 223//344 228//346 1277//343 
f 219//342 223//344 1282//341 
f 215//340 219//342 1279//339 
f 216//338 215//340 1274//337 
f 222//336 216//338 1268//335 
f 227//334 222//336 1281//333 
f 242//331 227//334 1280//330 
f 244//329 245//332 1285//328 
f 241//327 244//329 1290//326 
f 236//325 241//327 1291//324 
f 237//323 236//325 1286//322 
o mesh146
f 1701//380 1698//381 633//381 
f 1700//382 1701//380 638//383 
f 1696//384 1700//382 637//385 
f 1694//386 1696//384 639//387 
f 626//388 1691//388 1693//389 
f 1694//386 634//390 631//389 
f 631//389 1693//389 1694//386 
f 1692//391 1691//388 626//388 
f 1673//392 1692//391 625//391 
f 1674//393 1673//392 624//392 
f 1685//394 1674//393 609//393 
f 1684//395 1685//394 610//394 
f 1679//396 1684//395 616//395 
f 1680//397 1679//396 617//396 
f 1688//398 1680//397 612//397 
f 1677//399 1688//398 611//398 
f 1678//400 1677//399 621//399 
f 1682//401 1678//400 614//400 
f 1683//402 1682//401 613//401 
f 1687//403 1683//402 619//402 
f 1686//404 1687//403 618//403 
f 1681//405 1686//404 622//404 
f 1675//406 1681//405 623//405 
f 1676//407 1675//406 620//406 
f 1689//408 1676//407 615//407 
f 1690//409 1689//408 628//408 
f 1699//410 1695//411 629//411 
f 627//412 629//411 1695//411 
f 1695//411 1690//409 627//412 
f 1703//413 1699//410 630//414 
f 1702//415 1703//413 632//416 
f 1697//417 1702//415 635//418 
f 1698//381 1697//417 636//417 
f 636//417 633//381 1698//381 
f 635//418 636//417 1697//417 
f 632//416 635//418 1702//415 
f 630//414 632//416 1703//413 
f 629//411 630//414 1699//410 
f 628//408 627//412 1690//409 
f 615//407 628//408 1689//408 
f 620//406 615//407 1676//407 
f 623//405 620//406 1675//406 
f 622//404 623//405 1681//405 
f 618//403 622//404 1686//404 
f 619//402 618//403 1687//403 
f 613//401 619//402 1683//402 
f 614//400 613//401 1682//401 
f 621//399 614//400 1678//400 
f 611//398 621//399 1677//399 
f 612//397 611//398 1688//398 
f 617//396 612//397 1680//397 
f 616//395 617//396 1679//396 
f 610//394 616//395 1684//395 
f 609//393 610//394 1685//394 
f 624//392 609//393 1674//393 
f 625//391 624//392 1673//392 
f 626//388 625//391 1692//391 
f 1693//389 631//389 626//388 
f 639//387 634//390 1694//386 
f 637//385 639//387 1696//384 
f 638//383 637//385 1700//382 
f 633//381 638//383 1701//380 
o mesh147
f 1719//419 1725//420 202//420 
f 1720//421 1719//419 206//422 
f 1716//423 1720//421 208//424 
f 1717//425 1716//423 207//426 
f 1714//427 1717//425 204//428 
f 1715//429 1714//427 203//430 
f 1728//431 1715//429 199//432 
f 1729//433 1728//431 205//434 
f 1733//435 1729//433 210//436 
f 1734//437 1733//435 209//438 
f 1713//439 1712//440 187//440 
f 212//441 187//440 1712//440 
f 1712//440 1734//437 212//441 
f 1710//442 1713//439 186//443 
f 1706//444 1710//442 191//445 
f 1704//446 1706//444 188//447 
f 1705//448 1704//446 185//449 
f 1709//450 1705//448 184//451 
f 1711//452 1709//450 190//453 
f 1707//454 1711//452 189//455 
f 1732//456 1708//457 192//457 
f 193//458 192//457 1708//457 
f 1708//457 1707//454 193//458 
f 1730//459 1732//456 214//460 
f 1731//461 1730//459 213//462 
f 1718//463 1731//461 211//464 
f 1724//465 1718//463 195//466 
f 1722//467 1724//465 194//468 
f 1723//469 1722//467 196//470 
f 1726//471 1723//469 198//472 
f 1727//473 1726//471 197//474 
f 1721//475 1727//473 201//476 
f 1725//420 1721//475 200//475 
f 200//475 202//420 1725//420 
f 201//476 200//475 1721//475 
f 197//474 201//476 1727//473 
f 198//472 197//474 1726//471 
f 196//470 198//472 1723//469 
f 194//468 196//470 1722//467 
f 195//466 194//468 1724//465 
f 211//464 195//466 1718//463 
f 213//462 211//464 1731//461 
f 214//460 213//462 1730//459 
f 192//457 214//460 1732//456 
f 189//455 193//458 1707//454 
f 190//453 189//455 1711//452 
f 184//451 190//453 1709//450 
f 185//449 184//451 1705//448 
f 188//447 185//449 1704//446 
f 191//445 188//447 1706//444 
f 186//443 191//445 1710//442 
f 187//440 186//443 1713//439 
f 209//438 212//441 1734//437 
f 210//436 209//438 1733//435 
f 205//434 210//436 1729//433 
f 199//432 205//434 1728//431 
f 203//430 199//432 1715//429 
f 204//428 203//430 1714//427 
f 207//426 204//428 1717//425 
f 208//424 207//426 1716//423 
f 206//422 208//424 1720//421 
f 202//420 206//422 1719//419 
o mesh148
f 1076//477 1066//478 104//478 
f 1075//479 1076//477 103//480 
f 1064//481 1075//479 109//482 
f 1065//483 1064//481 114//484 
f 1079//485 1065//483 111//486 
f 1074//487 1079//485 110//488 
f 1072//489 1074//487 123//490 
f 1073//491 1072//489 115//492 
f 1070//493 1073//491 117//494 
f 1071//495 1070//493 116//496 
f 1083//497 1071//495 119//498 
f 1068//499 1083//497 118//500 
f 1069//501 1068//499 127//502 
f 1063//503 1069//501 129//504 
f 1058//505 1063//503 128//506 
f 1059//507 1058//505 130//508 
f 1062//509 1059//507 121//510 
f 1078//511 1062//509 120//512 
f 1067//513 1078//511 124//514 
f 1060//515 1067//513 125//516 
f 1061//517 1060//515 122//518 
f 1077//519 1061//517 113//520 
f 1082//521 1077//519 112//522 
f 1080//523 1082//521 126//524 
f 1081//525 1080//523 131//526 
f 1086//527 1081//525 106//528 
f 1084//529 1086//527 105//530 
f 1085//531 1084//529 108//532 
f 1066//478 1085//531 107//531 
f 107//531 104//478 1066//478 
f 108//532 107//531 1085//531 
f 105//530 108//532 1084//529 
f 106//528 105//530 1086//527 
f 131//526 106//528 1081//525 
f 126//524 131//526 1080//523 
f 112//522 126//524 1082//521 
f 113//520 112//522 1077//519 
f 122//518 113//520 1061//517 
f 125//516 122//518 1060//515 
f 124//514 125//516 1067//513 
f 120//512 124//514 1078//511 
f 121//510 120//512 1062//509 
f 130//508 121//510 1059//507 
f 128//506 130//508 1058//505 
f 129//504 128//506 1063//503 
f 127//502 129//504 1069//501 
f 118//500 127//502 1068//499 
f 119//498 118//500 1083//497 
f 116//496 119//498 1071//495 
f 117//494 116//496 1070//493 
f 115//492 117//494 1073//491 
f 123//490 115//492 1072//489 
f 110//488 123//490 1074//487 
f 111//486 110//488 1079//485 
f 114//484 111//486 1065//483 
f 109//482 114//484 1064//481 
f 103//480 109//482 1075//479 
f 104//478 103//480 1076//477 
o mesh149
f 1050//533 1048//534 146//534 
f 1049//535 1050//533 145//536 
f 1043//537 1049//535 155//538 
f 1044//539 1043//537 156//540 
f 1041//541 1044//539 140//542 
f 1042//543 1041//541 139//544 
f 1022//545 1042//543 142//546 
f 1027//547 1022//545 141//548 
f 1038//549 1027//547 143//550 
f 1037//551 1038//549 147//552 
f 1025//553 1037//551 157//554 
f 1026//555 1025//553 158//556 
f 1036//557 1026//555 149//558 
f 1034//559 1036//557 148//560 
f 1035//561 1034//559 160//562 
f 1032//563 1035//561 159//564 
f 1033//565 1032//563 163//566 
f 1040//567 1033//565 151//568 
f 1039//569 1040//567 150//570 
f 1031//571 1039//569 161//572 
f 1023//573 1031//571 162//574 
f 1024//575 1023//573 152//576 
f 1030//577 1024//575 144//578 
f 1028//579 1030//577 136//580 
f 1029//581 1028//579 135//582 
f 1047//583 1029//581 138//584 
f 1045//585 1047//583 137//586 
f 1046//587 1045//585 153//588 
f 1048//534 1046//587 154//587 
f 154//587 146//534 1048//534 
f 153//588 154//587 1046//587 
f 137//586 153//588 1045//585 
f 138//584 137//586 1047//583 
f 135//582 138//584 1029//581 
f 136//580 135//582 1028//579 
f 144//578 136//580 1030//577 
f 152//576 144//578 1024//575 
f 162//574 152//576 1023//573 
f 161//572 162//574 1031//571 
f 150//570 161//572 1039//569 
f 151//568 150//570 1040//567 
f 163//566 151//568 1033//565 
f 159//564 163//566 1032//563 
f 160//562 159//564 1035//561 
f 148//560 160//562 1034//559 
f 149//558 148//560 1036//557 
f 158//556 149//558 1026//555 
f 157//554 158//556 1025//553 
f 147//552 157//554 1037//551 
f 143//550 147//552 1038//549 
f 141//548 143//550 1027//547 
f 142//546 141//548 1022//545 
f 139//544 142//546 1042//543 
f 140//542 139//544 1041//541 
f 156//540 140//542 1044//539 
f 155//538 156//540 1043//537 
f 145//536 155//538 1049//535 
f 146//534 145//536 1050//533 
o mesh150
f 1659//589 1658//590 252//590 
f 1661//591 1659//589 249//592 
f 1656//593 1661//591 254//594 
f 1657//595 1656//593 261//596 
f 1662//597 1657//595 257//598 
f 1660//599 1662//597 256//600 
f 1646//601 1660//599 274//602 
f 1647//603 1646//601 268//604 
f 1645//605 1647//603 270//606 
f 1634//607 1645//605 269//608 
f 1635//609 1634//607 271//610 
f 1653//611 1635//609 263//612 
f 1654//613 1653//611 262//614 
f 1644//615 1654//613 276//616 
f 1642//617 1644//615 275//618 
f 1643//619 1642//617 277//620 
f 1640//621 1643//619 273//622 
f 1641//623 1640//621 272//624 
f 1639//625 1641//623 265//626 
f 1632//627 1639//625 264//628 
f 1633//629 1632//627 266//630 
f 1651//631 1633//629 259//632 
f 1652//633 1651//631 258//634 
f 1637//635 1652//633 260//636 
f 1638//637 1637//635 267//638 
f 1650//639 1638//637 251//640 
f 1648//641 1650//639 250//642 
f 1649//643 1648//641 255//644 
f 1658//590 1649//643 253//643 
f 253//643 252//590 1658//590 
f 255//644 253//643 1649//643 
f 250//642 255//644 1648//641 
f 251//640 250//642 1650//639 
f 267//638 251//640 1638//637 
f 260//636 267//638 1637//635 
f 258//634 260//636 1652//633 
f 259//632 258//634 1651//631 
f 266//630 259//632 1633//629 
f 264//628 266//630 1632//627 
f 265//626 264//628 1639//625 
f 272//624 265//626 1641//623 
f 273//622 272//624 1640//621 
f 277//620 273//622 1643//619 
f 275//618 277//620 1642//617 
f 276//616 275//618 1644//615 
f 262//614 276//616 1654//613 
f 263//612 262//614 1653//611 
f 271//610 263//612 1635//609 
f 269//608 271//610 1634//607 
f 270//606 269//608 1645//605 
f 268//604 270//606 1647//603 
f 274//602 268//604 1646//601 
f 256//600 274//602 1660//599 
f 257//598 256//600 1662//597 
f 261//596 257//598 1657//595 
f 254//594 261//596 1656//593 
f 249//592 254//594 1661//591 
f 252//590 249//592 1659//589 
o mesh151
f 1425//645 1424//646 490//646 
f 1419//647 1425//645 489//648 
f 1420//649 1419//647 499//650 
f 1423//651 1420//649 501//652 
f 1417//653 1423//651 500//654 
f 1418//655 1417//653 507//656 
f 1400//657 1418//655 503//658 
f 1401//659 1400//657 508//660 
f 1410//661 1401//659 505//662 
f 1408//663 1410//661 504//664 
f 1409//665 1408//663 509//666 
f 1407//667 1409//665 511//668 
f 1415//669 1407//667 510//670 
f 1414//671 1415//669 512//672 
f 1405//673 1414//671 515//674 
f 1406//675 1405//673 516//676 
f 1403//677 1406//675 514//678 
f 1404//679 1403//677 513//680 
f 1398//681 1404//679 492//682 
f 1397//683 1398//681 491//684 
f 1395//685 1397//683 506//686 
f 1396//687 1395//685 494//688 
f 1402//689 1396//687 485//690 
f 1413//691 1402//689 487//692 
f 1411//693 1413//691 486//694 
f 1412//695 1411//693 495//696 
f 1421//697 1412//695 497//698 
f 1422//699 1421//697 496//700 
f 1424//646 1422//699 498//699 
f 498//699 490//646 1424//646 
f 496//700 498//699 1422//699 
f 497//698 496//700 1421//697 
f 495//696 497//698 1412//695 
f 486//694 495//696 1411//693 
f 487//692 486//694 1413//691 
f 485//690 487//692 1402//689 
f 494//688 485//690 1396//687 
f 506//686 494//688 1395//685 
f 491//684 506//686 1397//683 
f 492//682 491//684 1398//681 
f 513//680 492//682 1404//679 
f 514//678 513//680 1403//677 
f 516//676 514//678 1406//675 
f 515//674 516//676 1405//673 
f 512//672 515//674 1414//671 
f 510//670 512//672 1415//669 
f 511//668 510//670 1407//667 
f 509//666 511//668 1409//665 
f 504//664 509//666 1408//663 
f 505//662 504//664 1410//661 
f 508//660 505//662 1401//659 
f 503//658 508//660 1400//657 
f 507//656 503//658 1418//655 
f 500//654 507//656 1417//653 
f 501//652 500//654 1423//651 
f 499//650 501//652 1420//649 
f 489//648 499//650 1419//647 
f 490//646 489//648 1425//645 
o mesh152
f 1522//701 1521//702 401//702 
f 1517//703 1522//701 404//704 
f 1510//705 1517//703 403//706 
f 1511//707 1510//705 397//708 
f 1509//709 1511//707 390//710 
f 1501//711 1509//709 389//712 
f 1500//713 1501//711 391//714 
f 1504//715 1500//713 384//716 
f 1525//717 1504//715 383//718 
f 1526//719 1525//717 386//720 
f 1528//721 1526//719 407//722 
f 1529//723 1528//721 406//724 
f 1527//725 1529//723 410//726 
f 1520//727 1527//725 409//728 
f 1524//729 1520//727 412//730 
f 1516//731 1524//729 411//732 
f 1507//733 1516//731 413//734 
f 1508//735 1507//733 393//736 
f 1519//737 1508//735 392//738 
f 1515//739 1519//737 398//740 
f 1506//741 1515//739 405//742 
f 1502//743 1506//741 399//744 
f 1503//745 1502//743 394//746 
f 1505//747 1503//745 388//748 
f 1514//749 1505//747 387//750 
f 1523//751 1514//749 395//752 
f 1518//753 1523//751 400//754 
f 1513//755 1518//753 408//756 
f 1521//702 1513//755 402//755 
f 402//755 401//702 1521//702 
f 408//756 402//755 1513//755 
f 400//754 408//756 1518//753 
f 395//752 400//754 1523//751 
f 387//750 395//752 1514//749 
f 388//748 387//750 1505//747 
f 394//746 388//748 1503//745 
f 399//744 394//746 1502//743 
f 405//742 399//744 1506//741 
f 398//740 405//742 1515//739 
f 392//738 398//740 1519//737 
f 393//736 392//738 1508//735 
f 413//734 393//736 1507//733 
f 411//732 413//734 1516//731 
f 412//730 411//732 1524//729 
f 409//728 412//730 1520//727 
f 410//726 409//728 1527//725 
f 406//724 410//726 1529//723 
f 407//722 406//724 1528//721 
f 386//720 407//722 1526//719 
f 383//718 386//720 1525//717 
f 384//716 383//718 1504//715 
f 391//714 384//716 1500//713 
f 389//712 391//714 1501//711 
f 390//710 389//712 1509//709 
f 397//708 390//710 1511//707 
f 403//706 397//708 1510//705 
f 404//704 403//706 1517//703 
f 401//702 404//704 1522//701 
o mesh153
f 1462//757 1463//758 451//758 
f 1457//759 1462//757 450//760 
f 1458//761 1457//759 465//762 
f 1468//763 1458//761 458//764 
f 1452//765 1468//763 457//766 
f 1444//767 1452//765 467//768 
f 1445//769 1444//767 443//770 
f 1447//771 1445//769 440//772 
f 1450//773 1447//771 441//774 
f 1451//775 1450//773 442//776 
f 1448//777 1451//775 452//778 
f 1449//779 1448//777 453//780 
f 1456//781 1449//779 445//782 
f 1472//783 1456//781 460//784 
f 1467//785 1472//783 459//786 
f 1453//787 1467//785 469//788 
f 1454//789 1453//787 468//790 
f 1461//791 1454//789 447//792 
f 1466//793 1461//791 446//794 
f 1465//795 1466//793 454//796 
f 1459//797 1465//795 461//798 
f 1460//799 1459//797 462//800 
f 1464//801 1460//799 455//802 
f 1471//803 1464//801 464//804 
f 1473//805 1471//803 463//806 
f 1469//807 1473//805 466//808 
f 1470//809 1469//807 456//810 
f 1474//811 1470//809 449//812 
f 1463//758 1474//811 448//811 
f 448//811 451//758 1463//758 
f 449//812 448//811 1474//811 
f 456//810 449//812 1470//809 
f 466//808 456//810 1469//807 
f 463//806 466//808 1473//805 
f 464//804 463//806 1471//803 
f 455//802 464//804 1464//801 
f 462//800 455//802 1460//799 
f 461//798 462//800 1459//797 
f 454//796 461//798 1465//795 
f 446//794 454//796 1466//793 
f 447//792 446//794 1461//791 
f 468//790 447//792 1454//789 
f 469//788 468//790 1453//787 
f 459//786 469//788 1467//785 
f 460//784 459//786 1472//783 
f 445//782 460//784 1456//781 
f 453//780 445//782 1449//779 
f 452//778 453//780 1448//777 
f 442//776 452//778 1451//775 
f 441//774 442//776 1450//773 
f 440//772 441//774 1447//771 
f 443//770 440//772 1445//769 
f 467//768 443//770 1444//767 
f 457//766 467//768 1452//765 
f 458//764 457//766 1468//763 
f 465//762 458//764 1458//761 
f 450//760 465//762 1457//759 
f 451//758 450//760 1462//757 
o mesh154
f 1578//813 1577//814 361//814 
f 1574//815 1578//813 360//816 
f 1572//817 1574//815 363//818 
f 1573//819 1572//817 350//820 
f 1570//821 1573//819 349//822 
f 1571//823 1570//821 356//824 
f 1569//825 1571//823 358//826 
f 1566//827 1569//825 357//828 
f 1559//829 1566//827 359//830 
f 1555//831 1559//829 351//832 
f 1556//833 1555//831 352//834 
f 1552//835 1556//833 338//836 
f 1553//837 1552//835 337//838 
f 1549//839 1553//837 340//840 
f 1546//841 1549//839 339//842 
f 1547//843 1546//841 341//844 
f 1550//845 1547//843 343//846 
f 1551//847 1550//845 342//848 
f 1554//849 1551//847 332//850 
f 1563//851 1554//849 331//852 
f 1564//853 1563//851 344//854 
f 1558//855 1564//853 353//856 
f 1562//857 1558//855 335//858 
f 1560//859 1562//857 334//860 
f 1561//861 1560//859 345//862 
f 1567//863 1561//861 347//864 
f 1568//865 1567//863 346//866 
f 1576//867 1568//865 355//868 
f 1577//814 1576//867 354//867 
f 354//867 361//814 1577//814 
f 355//868 354//867 1576//867 
f 346//866 355//868 1568//865 
f 347//864 346//866 1567//863 
f 345//862 347//864 1561//861 
f 334//860 345//862 1560//859 
f 335//858 334//860 1562//857 
f 353//856 335//858 1558//855 
f 344//854 353//856 1564//853 
f 331//852 344//854 1563//851 
f 332//850 331//852 1554//849 
f 342//848 332//850 1551//847 
f 343//846 342//848 1550//845 
f 341//844 343//846 1547//843 
f 339//842 341//844 1546//841 
f 340//840 339//842 1549//839 
f 337//838 340//840 1553//837 
f 338//836 337//838 1552//835 
f 352//834 338//836 1556//833 
f 351//832 352//834 1555//831 
f 359//830 351//832 1559//829 
f 357//828 359//830 1566//827 
f 358//826 357//828 1569//825 
f 356//824 358//826 1571//823 
f 349//822 356//824 1570//821 
f 350//820 349//822 1573//819 
f 363//818 350//820 1572//817 
f 360//816 363//818 1574//815 
f 361//814 360//816 1578//813 
o mesh155
f 1251//869 1248//870 658//870 
f 1252//871 1251//869 659//872 
f 1253//873 1252//871 661//874 
f 1254//875 1253//873 660//876 
f 1249//877 1254//875 664//878 
f 1250//879 1249//877 663//880 
f 1255//881 1250//879 662//882 
f 1369//883 1368//884 657//884 
f 665//885 657//884 1368//884 
f 1368//884 1255//881 665//885 
f 1366//886 1369//883 646//887 
f 1367//888 1366//886 645//889 
f 1364//890 1367//888 647//891 
f 1365//892 1364//890 654//893 
f 1361//894 1365//892 649//895 
f 1356//896 1361//894 648//897 
f 1355//898 1356//896 642//899 
f 1359//900 1355//898 641//901 
f 1360//902 1359//900 644//903 
f 1363//904 1360//902 651//905 
f 1362//906 1363//904 650//907 
f 1357//908 1362//906 655//909 
f 1358//910 1357//908 656//911 
f 1260//912 1262//913 652//913 
f 653//914 652//913 1262//913 
f 1262//913 1358//910 653//914 
f 1261//915 1260//912 667//916 
f 1258//917 1261//915 666//918 
f 1259//919 1258//917 672//920 
f 1256//921 1259//919 669//922 
f 1257//923 1256//921 668//924 
f 1247//925 1257//923 671//926 
f 1248//870 1247//925 670//925 
f 670//925 658//870 1248//870 
f 671//926 670//925 1247//925 
f 668//924 671//926 1257//923 
f 669//922 668//924 1256//921 
f 672//920 669//922 1259//919 
f 666//918 672//920 1258//917 
f 667//916 666//918 1261//915 
f 652//913 667//916 1260//912 
f 656//911 653//914 1358//910 
f 655//909 656//911 1357//908 
f 650//907 655//909 1362//906 
f 651//905 650//907 1363//904 
f 644//903 651//905 1360//902 
f 641//901 644//903 1359//900 
f 642//899 641//901 1355//898 
f 648//897 642//899 1356//896 
f 649//895 648//897 1361//894 
f 654//893 649//895 1365//892 
f 647//891 654//893 1364//890 
f 645//889 647//891 1367//888 
f 646//887 645//889 1366//886 
f 657//884 646//887 1369//883 
f 662//882 665//885 1255//881 
f 663//880 662//882 1250//879 
f 664//878 663//880 1249//877 
f 660//876 664//878 1254//875 
f 661//874 660//876 1253//873 
f 659//872 661//874 1252//871 
f 658//870 659//872 1251//869 
o mesh156
f 1232//927 1226//928 684//928 
f 1242//929 1232//927 683//930 
f 1240//931 1242//929 692//932 
f 1241//933 1240//931 700//934 
f 1239//935 1241//933 702//936 
f 1231//937 1239//935 701//938 
f 1229//939 1231//937 703//940 
f 1230//941 1229//939 693//942 
f 1227//943 1230//941 695//944 
f 1228//945 1227//943 694//946 
f 1223//947 1225//948 676//948 
f 696//949 676//948 1225//948 
f 1225//948 1228//945 696//949 
f 1224//950 1223//947 675//951 
f 1222//952 1224//950 678//953 
f 1216//954 1222//952 677//955 
f 1221//956 1216//954 674//957 
f 1219//958 1221//956 673//959 
f 1220//960 1219//958 679//961 
f 1217//962 1220//960 681//963 
f 1238//964 1218//965 682//965 
f 680//966 682//965 1218//965 
f 1218//965 1217//962 680//966 
f 1236//967 1238//964 686//968 
f 1237//969 1236//967 685//970 
f 1235//971 1237//969 688//972 
f 1246//973 1235//971 687//974 
f 1244//975 1246//973 689//976 
f 1245//977 1244//975 697//978 
f 1233//979 1245//977 699//980 
f 1234//981 1233//979 698//982 
f 1243//983 1234//981 691//984 
f 1226//928 1243//983 690//983 
f 690//983 684//928 1226//928 
f 691//984 690//983 1243//983 
f 698//982 691//984 1234//981 
f 699//980 698//982 1233//979 
f 697//978 699//980 1245//977 
f 689//976 697//978 1244//975 
f 687//974 689//976 1246//973 
f 688//972 687//974 1235//971 
f 685//970 688//972 1237//969 
f 686//968 685//970 1236//967 
f 682//965 686//968 1238//964 
f 681//963 680//966 1217//962 
f 679//961 681//963 1220//960 
f 673//959 679//961 1219//958 
f 674//957 673//959 1221//956 
f 677//955 674//957 1216//954 
f 678//953 677//955 1222//952 
f 675//951 678//953 1224//950 
f 676//948 675//951 1223//947 
f 694//946 696//949 1228//945 
f 695//944 694//946 1227//943 
f 693//942 695//944 1230//941 
f 703//940 693//942 1229//939 
f 701//938 703//940 1231//937 
f 702//936 701//938 1239//935 
f 700//934 702//936 1241//933 
f 692//932 700//934 1240//931 
f 683//930 692//932 1242//929 
f 684//928 683//930 1232//927 
o mesh157
f 1204//985 1203//986 729//986 
f 1211//987 1204//985 723//988 
f 1209//989 1211//987 722//990 
f 1210//991 1209//989 730//992 
f 1202//993 1210//991 731//994 
f 1208//995 1202//993 725//996 
f 1214//997 1208//995 724//998 
f 1192//999 1197//1000 734//1000 
f 732//1001 734//1000 1197//1000 
f 1197//1000 1214//997 732//1001 
f 1193//1002 1192//999 707//1003 
f 1199//1004 1193//1002 705//1005 
f 1195//1006 1199//1004 713//1007 
f 1196//1008 1195//1006 716//1009 
f 1191//1010 1196//1008 709//1011 
f 1185//1012 1191//1010 708//1013 
f 1186//1014 1185//1012 706//1015 
f 1189//1016 1186//1014 704//1017 
f 1190//1018 1189//1016 710//1019 
f 1198//1020 1190//1018 715//1021 
f 1194//1022 1198//1020 714//1023 
f 1188//1024 1194//1022 718//1025 
f 1187//1026 1188//1024 717//1027 
f 1206//1028 1215//1029 711//1029 
f 712//1030 711//1029 1215//1029 
f 1215//1029 1187//1026 712//1030 
f 1207//1031 1206//1028 733//1032 
f 1212//1033 1207//1031 720//1034 
f 1213//1035 1212//1033 726//1036 
f 1205//1037 1213//1035 728//1038 
f 1200//1039 1205//1037 727//1040 
f 1201//1041 1200//1039 721//1042 
f 1203//986 1201//1041 719//1041 
f 719//1041 729//986 1203//986 
f 721//1042 719//1041 1201//1041 
f 727//1040 721//1042 1200//1039 
f 728//1038 727//1040 1205//1037 
f 726//1036 728//1038 1213//1035 
f 720//1034 726//1036 1212//1033 
f 733//1032 720//1034 1207//1031 
f 711//1029 733//1032 1206//1028 
f 717//1027 712//1030 1187//1026 
f 718//1025 717//1027 1188//1024 
f 714//1023 718//1025 1194//1022 
f 715//1021 714//1023 1198//1020 
f 710//1019 715//1021 1190//1018 
f 704//1017 710//1019 1189//1016 
f 706//1015 704//1017 1186//1014 
f 708//1013 706//1015 1185//1012 
f 709//1011 708//1013 1191//1010 
f 716//1009 709//1011 1196//1008 
f 713//1007 716//1009 1195//1006 
f 705//1005 713//1007 1199//1004 
f 707//1003 705//1005 1193//1002 
f 734//1000 707//1003 1192//999 
f 724//998 732//1001 1214//997 
f 725//996 724//998 1208//995 
f 731//994 725//996 1202//993 
f 730//992 731//994 1210//991 
f 722//990 730//992 1209//989 
f 723//988 722//990 1211//987 
f 729//986 723//988 1204//985 
o mesh158
f 1180//1043 1168//1044 754//1044 
f 1184//1045 1180//1043 753//1046 
f 1162//1047 1164//1048 743//1048 
f 764//1049 743//1048 1164//1048 
f 1164//1048 1184//1045 764//1049 
f 1163//1050 1162//1047 742//1051 
f 1161//1052 1163//1050 745//1053 
f 1160//1054 1161//1052 744//1055 
f 1156//1056 1160//1054 740//1057 
f 1157//1058 1156//1056 739//1059 
f 1154//1060 1157//1058 736//1061 
f 1155//1062 1154//1060 735//1063 
f 1158//1064 1155//1062 738//1065 
f 1171//1066 1159//1067 741//1067 
f 737//1068 741//1067 1159//1067 
f 1159//1067 1158//1064 737//1068 
f 1179//1069 1171//1066 747//1070 
f 1178//1071 1179//1069 746//1072 
f 1165//1073 1178//1071 749//1074 
f 1166//1075 1165//1073 755//1076 
f 1170//1077 1166//1075 748//1078 
f 1176//1079 1170//1077 750//1080 
f 1177//1081 1176//1079 756//1082 
f 1174//1083 1177//1081 758//1084 
f 1175//1085 1174//1083 757//1086 
f 1182//1087 1175//1085 760//1088 
f 1183//1089 1182//1087 759//1090 
f 1172//1091 1183//1089 763//1092 
f 1173//1093 1172//1091 765//1094 
f 1181//1095 1173//1093 762//1096 
f 1169//1097 1181//1095 761//1098 
f 1167//1099 1169//1097 752//1100 
f 1168//1044 1167//1099 751//1099 
f 751//1099 754//1044 1168//1044 
f 752//1100 751//1099 1167//1099 
f 761//1098 752//1100 1169//1097 
f 762//1096 761//1098 1181//1095 
f 765//1094 762//1096 1173//1093 
f 763//1092 765//1094 1172//1091 
f 759//1090 763//1092 1183//1089 
f 760//1088 759//1090 1182//1087 
f 757//1086 760//1088 1175//1085 
f 758//1084 757//1086 1174//1083 
f 756//1082 758//1084 1177//1081 
f 750//1080 756//1082 1176//1079 
f 748//1078 750//1080 1170//1077 
f 755//1076 748//1078 1166//1075 
f 749//1074 755//1076 1165//1073 
f 746//1072 749//1074 1178//1071 
f 747//1070 746//1072 1179//1069 
f 741//1067 747//1070 1171//1066 
f 738//1065 737//1068 1158//1064 
f 735//1063 738//1065 1155//1062 
f 736//1061 735//1063 1154//1060 
f 739//1059 736//1061 1157//1058 
f 740//1057 739//1059 1156//1056 
f 744//1055 740//1057 1160//1054 
f 745//1053 744//1055 1161//1052 
f 742//1051 745//1053 1163//1050 
f 743//1048 742//1051 1162//1047 
f 753//1046 764//1049 1184//1045 
f 754//1044 753//1046 1180//1043 
