# OBJ generated by ONSHAPE BY PTC INC, 1.219 Units = meters
mtllib Assembly 2 - Layer 0.mtl
g Layer 0
v 0.0853589 0.0323883 0 
v 0.085325 0.0327 0 
v 0.085325 0.0327 0.00635 
v 0.085459 0.0320912 0 
v 0.0853589 0.0323883 0.00635 
v 0.0856207 0.0318225 0 
v 0.085459 0.0320912 0.00635 
v 0.0858363 0.0315949 0 
v 0.0856207 0.0318225 0.00635 
v 0.0860958 0.0314189 0 
v 0.0858363 0.0315949 0.00635 
v 0.0863871 0.0313029 0 
v 0.0860958 0.0314189 0.00635 
v 0.0866965 0.0312521 0 
v 0.0863871 0.0313029 0.00635 
v 0.0870096 0.0312691 0 
v 0.0866965 0.0312521 0.00635 
v 0.0873117 0.031353 0 
v 0.0870096 0.0312691 0.00635 
v 0.0875887 0.0314999 0 
v 0.0873117 0.031353 0.00635 
v 0.0878277 0.0317028 0 
v 0.0875887 0.0314999 0.00635 
v 0.0880174 0.0319524 0 
v 0.0878277 0.0317028 0.00635 
v 0.0881491 0.032237 0 
v 0.0880174 0.0319524 0.00635 
v 0.0882165 0.0325432 0 
v 0.0881491 0.032237 0.00635 
v 0.0882165 0.0328568 0 
v 0.088225 0.0327 0 
v 0.088225 0.0327 0.00635 
v 0.0882165 0.0325432 0.00635 
v 0.0881491 0.033163 0 
v 0.0882165 0.0328568 0.00635 
v 0.0880174 0.0334476 0 
v 0.0881491 0.033163 0.00635 
v 0.0878277 0.0336972 0 
v 0.0880174 0.0334476 0.00635 
v 0.0875887 0.0339001 0 
v 0.0878277 0.0336972 0.00635 
v 0.0873117 0.034047 0 
v 0.0875887 0.0339001 0.00635 
v 0.0870096 0.0341309 0 
v 0.0873117 0.034047 0.00635 
v 0.0866965 0.0341479 0 
v 0.0870096 0.0341309 0.00635 
v 0.0863871 0.0340971 0 
v 0.0866965 0.0341479 0.00635 
v 0.0860958 0.0339811 0 
v 0.0863871 0.0340971 0.00635 
v 0.0858363 0.0338051 0 
v 0.0860958 0.0339811 0.00635 
v 0.0856207 0.0335775 0 
v 0.0858363 0.0338051 0.00635 
v 0.085459 0.0333088 0 
v 0.0856207 0.0335775 0.00635 
v 0.0853589 0.0330117 0 
v 0.085459 0.0333088 0.00635 
v 0.0853589 0.0330117 0.00635 
v 0.059315 0 0.00635 
v 0.078235 0 0.00635 
v 0.08455 0 0.00635 
v 0.064045 0.0127 0.00635 
v 0.064045 0.00635 0.00635 
v 0.073505 0.00635 0.00635 
v 0.073505 0.0127 0.00635 
v 0.028975 0.2032 0.00635 
v 0.0392767 0.199809 0.00635 
v 0.039265 0.200025 0.00635 
v 0.03902 0.2032 0.00635 
v 0.0392767 0.200241 0.00635 
v 0.0393697 0.200664 0.00635 
v 0.0395513 0.201056 0.00635 
v 0.0393697 0.199386 0.00635 
v 0.0405247 0.201883 0.00635 
v 0.0409414 0.201999 0.00635 
v 0.039813 0.2014 0.00635 
v 0.0401426 0.20168 0.00635 
v 0.039813 0.19865 0.00635 
v 0.0395513 0.198994 0.00635 
v 0.0425598 0.198501 0.00635 
v 0.0422018 0.198258 0.00635 
v 0.0432182 0.199595 0.00635 
v 0.0430802 0.199185 0.00635 
v 0.04545 0.2032 0.00635 
v 0.043265 0.200025 0.00635 
v 0.0428572 0.201235 0.00635 
v 0.0430802 0.200865 0.00635 
v 0.0418001 0.201952 0.00635 
v 0.0422018 0.201792 0.00635 
v 0.0405247 0.198167 0.00635 
v 0.0401426 0.19837 0.00635 
v 0.0428572 0.198815 0.00635 
v 0.0432182 0.200455 0.00635 
v 0.0425598 0.201549 0.00635 
v 0.0413733 0.198028 0.00635 
v 0.0409414 0.198051 0.00635 
v 0.0418001 0.198098 0.00635 
v 0.0413733 0.202022 0.00635 
v 0.08455 0.2032 0.00635 
v 0.0942967 0.199809 0.00635 
v 0.094285 0.200025 0.00635 
v 0.0921 0.2032 0.00635 
v 0.0942967 0.200241 0.00635 
v 0.09853 0.2032 0.00635 
v 0.0959614 0.201999 0.00635 
v 0.094833 0.2014 0.00635 
v 0.0951626 0.20168 0.00635 
v 0.0943897 0.199386 0.00635 
v 0.0955447 0.201883 0.00635 
v 0.0945713 0.201056 0.00635 
v 0.0943897 0.200664 0.00635 
v 0.0955447 0.198167 0.00635 
v 0.0951626 0.19837 0.00635 
v 0.0963933 0.198028 0.00635 
v 0.0959614 0.198051 0.00635 
v 0.0975798 0.198501 0.00635 
v 0.0972218 0.198258 0.00635 
v 0.0981002 0.199185 0.00635 
v 0.0978772 0.198815 0.00635 
v 0.0981002 0.200865 0.00635 
v 0.0982382 0.200455 0.00635 
v 0.0968201 0.201952 0.00635 
v 0.0972218 0.201792 0.00635 
v 0.0945713 0.198994 0.00635 
v 0.094833 0.19865 0.00635 
v 0.098285 0.200025 0.00635 
v 0.0978772 0.201235 0.00635 
v 0.0975798 0.201549 0.00635 
v 0.0968201 0.198098 0.00635 
v 0.0982382 0.199595 0.00635 
v 0.0963933 0.202022 0.00635 
v 0.0067475 0.062685 0.00635 
v 0.0088 0.061085 0.00635 
v 0.012 0.061085 0.00635 
v 0.0132 0.062685 0.00635 
v 0.012 0.062685 0.00635 
v 0.0132 0.066685 0.00635 
v 0.012 0.068285 0.00635 
v 0.012 0.066685 0.00635 
v 0.0088 0.068285 0.00635 
v 0.0067475 0.066685 0.00635 
v 0.0088 0.066685 0.00635 
v 0.003175 0.05 0.00635 
v 0.000759612 0.0413176 0.00635 
v 0.00301537 0.032899 0.00635 
v -2.50951e-17 0.05 0.00635 
v 0.003175 0.062685 0.00635 
v 0.00414958 0.0304667 0.00635 
v 0.00669873 0.025 0.00635 
v 0.0067475 0.0249303 0.00635 
v 0.00750397 0.02385 0.00635 
v 0.0116978 0.0178606 0.00635 
v 0.0143584 0.0152 0.00635 
v 0.0178606 0.0116978 0.00635 
v 0.025 0.00669873 0.00635 
v 0.0325567 0.003175 0.00635 
v 0.032899 0.00301537 0.00635 
v 0.03902 0.00137525 0.00635 
v 0.0413176 0.000759612 0.00635 
v 0.04545 0.000398073 0.00635 
v 0.05 0 0.00635 
v 0.04755 0.000214347 0.00635 
v 0.08755 0 0.00635 
v 0.0962324 0.000759612 0.00635 
v 0.0921 0.000398073 0.00635 
v 0.09853 0.00137525 0.00635 
v 0.104651 0.00301537 0.00635 
v 0.11255 0.00669873 0.00635 
v 0.119689 0.0116978 0.00635 
v 0.108575 0.00484516 0.00635 
v 0.123192 0.0152 0.00635 
v 0.125852 0.0178606 0.00635 
v 0.130046 0.02385 0.00635 
v 0.130851 0.025 0.00635 
v 0.134375 0.066685 0.00635 
v 0.134375 0.07937 0.00635 
v 0.12875 0.068285 0.00635 
v 0.12875 0.066685 0.00635 
v 0.13755 0.0916875 0.00635 
v 0.12555 0.068285 0.00635 
v 0.12435 0.066685 0.00635 
v 0.12555 0.066685 0.00635 
v 0.12435 0.062685 0.00635 
v 0.12555 0.061085 0.00635 
v 0.12555 0.062685 0.00635 
v 0.134375 0.05 0.00635 
v 0.12875 0.061085 0.00635 
v 0.13679 0.0413176 0.00635 
v 0.13755 0.05 0.00635 
v 0.134375 0.062685 0.00635 
v 0.12875 0.062685 0.00635 
v 0.134535 0.032899 0.00635 
v 0.1334 0.0304667 0.00635 
v 0.13755 0.140525 0.00635 
v 0.124055 0.13885 0.00635 
v 0.134375 0.13811 0.00635 
v 0.124055 0.135675 0.00635 
v 0.113735 0.135675 0.00635 
v 0.12555 0.127025 0.00635 
v 0.12875 0.127025 0.00635 
v 0.134375 0.125425 0.00635 
v 0.13755 0.13811 0.00635 
v 0.12435 0.121425 0.00635 
v 0.12435 0.125425 0.00635 
v 0.113735 0.13885 0.00635 
v 0.12555 0.125425 0.00635 
v 0.12555 0.119825 0.00635 
v 0.12555 0.121425 0.00635 
v 0.134375 0.10874 0.00635 
v 0.12875 0.119825 0.00635 
v 0.134375 0.121425 0.00635 
v 0.12875 0.121425 0.00635 
v 0.13755 0.10874 0.00635 
v 0.134375 0.16748 0.00635 
v 0.13755 0.16748 0.00635 
v 0.134375 0.184165 0.00635 
v 0.134375 0.196113 0.00635 
v 0.12875 0.185765 0.00635 
v 0.12555 0.185765 0.00635 
v 0.12435 0.184165 0.00635 
v 0.12555 0.184165 0.00635 
v 0.12435 0.180165 0.00635 
v 0.12555 0.178565 0.00635 
v 0.12555 0.180165 0.00635 
v 0.134375 0.1682 0.00635 
v 0.12875 0.178565 0.00635 
v 0.134375 0.180165 0.00635 
v 0.12875 0.180165 0.00635 
v 0.108575 0.2032 0.00635 
v 0.11004 0.19685 0.00635 
v 0.134375 0.19685 0.00635 
v 0.08253 0.19685 0.00635 
v 0.08253 0.2032 0.00635 
v 0.059315 0.19685 0.00635 
v 0.04755 0.2032 0.00635 
v 0.05502 0.19685 0.00635 
v 0.02751 0.19685 0.00635 
v 0.02751 0.2032 0.00635 
v 0.003175 0.19685 0.00635 
v 0.003175 0.196113 0.00635 
v 0.003175 0.184165 0.00635 
v 0.0067475 0.184165 0.00635 
v 0.0067475 0.180165 0.00635 
v 0.0088 0.178565 0.00635 
v 0.012 0.178565 0.00635 
v 0.0132 0.180165 0.00635 
v 0.012 0.180165 0.00635 
v 0.0132 0.184165 0.00635 
v 0.012 0.185765 0.00635 
v 0.012 0.184165 0.00635 
v 0.0088 0.185765 0.00635 
v 0.0088 0.184165 0.00635 
v 0.003175 0.180165 0.00635 
v 0.003175 0.1682 0.00635 
v -2.77556e-17 0.140525 0.00635 
v 0.003175 0.16748 0.00635 
v 0.0067475 0.125425 0.00635 
v 0.003175 0.13811 0.00635 
v -3.04161e-17 0.13811 0.00635 
v 0.0067475 0.121425 0.00635 
v 0.0088 0.119825 0.00635 
v 0.012 0.119825 0.00635 
v 0.0132 0.121425 0.00635 
v 0.012 0.121425 0.00635 
v 0.023815 0.135675 0.00635 
v 0.0132 0.125425 0.00635 
v 0.023815 0.13885 0.00635 
v 0.013495 0.13885 0.00635 
v 0.0088 0.127025 0.00635 
v 0.013495 0.135675 0.00635 
v 0.012 0.127025 0.00635 
v 0.012 0.125425 0.00635 
v 0.0088 0.125425 0.00635 
v -2.77556e-17 0.0916875 0.00635 
v 0.003175 0.10874 0.00635 
v 0.003175 0.121425 0.00635 
v 0.003175 0.07937 0.00635 
v -3.04161e-17 0.07937 0.00635 
v 0.044455 0.135675 0.00635 
v 0.044455 0.13885 0.00635 
v 0.03902 0.13885 0.00635 
v 0.034135 0.13885 0.00635 
v 0.034135 0.135675 0.00635 
v 0.03902 0.135675 0.00635 
v 0.103415 0.135675 0.00635 
v 0.103415 0.13885 0.00635 
v 0.09853 0.13885 0.00635 
v 0.093095 0.13885 0.00635 
v 0.093095 0.135675 0.00635 
v 0.09853 0.135675 0.00635 
v 0.045125 0.04135 0.00635 
v 0.03902 0.04135 0.00635 
v 0.045125 0.0296833 0.00635 
v 0.045125 0.0304667 0.00635 
v 0.038775 0.0296833 0.00635 
v 0.03902 0.0296833 0.00635 
v 0.038775 0.04135 0.00635 
v 0.038775 0.0304667 0.00635 
v 0.092425 0.0296833 0.00635 
v 0.09853 0.0296833 0.00635 
v 0.092425 0.04135 0.00635 
v 0.092425 0.0304667 0.00635 
v 0.098775 0.04135 0.00635 
v 0.09853 0.04135 0.00635 
v 0.098775 0.0296833 0.00635 
v 0.098775 0.0304667 0.00635 
v 0.0919897 0.193473 0.00635 
v 0.0921 0.193618 0.00635 
v 0.0918535 0.193179 0.00635 
v 0.0919897 0.191927 0.00635 
v 0.0918535 0.192221 0.00635 
v 0.0921 0.191782 0.00635 
v 0.0917838 0.192862 0.00635 
v 0.0917838 0.192538 0.00635 
v 0.0946364 0.19207 0.00635 
v 0.0944691 0.191792 0.00635 
v 0.0947399 0.192378 0.00635 
v 0.0947399 0.193022 0.00635 
v 0.094775 0.1927 0.00635 
v 0.0942461 0.193843 0.00635 
v 0.0944691 0.193608 0.00635 
v 0.0946364 0.19333 0.00635 
v 0.092186 0.193732 0.00635 
v 0.0924332 0.193942 0.00635 
v 0.0927198 0.191307 0.00635 
v 0.0924332 0.191458 0.00635 
v 0.0942461 0.191557 0.00635 
v 0.0939776 0.191375 0.00635 
v 0.0927198 0.194093 0.00635 
v 0.0930323 0.19418 0.00635 
v 0.092186 0.191668 0.00635 
v 0.0933562 0.191202 0.00635 
v 0.0930323 0.19122 0.00635 
v 0.0936763 0.194145 0.00635 
v 0.0939776 0.194025 0.00635 
v 0.0933562 0.194198 0.00635 
v 0.0936763 0.191255 0.00635 
v 0.0437198 0.194093 0.00635 
v 0.0440323 0.19418 0.00635 
v 0.0434332 0.193942 0.00635 
v 0.043186 0.193732 0.00635 
v 0.0440323 0.19122 0.00635 
v 0.0437198 0.191307 0.00635 
v 0.0428535 0.193179 0.00635 
v 0.0429897 0.193473 0.00635 
v 0.0427838 0.192538 0.00635 
v 0.0427838 0.192862 0.00635 
v 0.0428535 0.192221 0.00635 
v 0.0434332 0.191458 0.00635 
v 0.0443562 0.191202 0.00635 
v 0.043186 0.191668 0.00635 
v 0.0429897 0.191927 0.00635 
v 0.0443562 0.194198 0.00635 
v 0.0446763 0.191255 0.00635 
v 0.0452461 0.191557 0.00635 
v 0.0449776 0.191375 0.00635 
v 0.0446763 0.194145 0.00635 
v 0.0449776 0.194025 0.00635 
v 0.0452461 0.193843 0.00635 
v 0.04545 0.191772 0.00635 
v 0.045775 0.1927 0.00635 
v 0.0457399 0.192378 0.00635 
v 0.0456364 0.19333 0.00635 
v 0.0457399 0.193022 0.00635 
v 0.0456364 0.19207 0.00635 
v 0.0454691 0.193608 0.00635 
v 0.04545 0.193628 0.00635 
v 0.0454691 0.191792 0.00635 
v 0.083775 0.0389132 0.00635 
v 0.078235 0.0444532 0.00635 
v 0.083775 0.0304667 0.00635 
v 0.083775 0.0264868 0.00635 
v 0.0811382 0.02385 0.00635 
v 0.078235 0.0209468 0.00635 
v 0.0749882 0.0177 0.00635 
v 0.0625618 0.0177 0.00635 
v 0.059315 0.0209468 0.00635 
v 0.0564118 0.02385 0.00635 
v 0.053775 0.0264868 0.00635 
v 0.0493589 0.0330117 0.00635 
v 0.0506965 0.0312521 0.00635 
v 0.0503871 0.0313029 0.00635 
v 0.0510096 0.0341309 0.00635 
v 0.0513117 0.034047 0.00635 
v 0.053775 0.0389132 0.00635 
v 0.0503871 0.0340971 0.00635 
v 0.0506965 0.0341479 0.00635 
v 0.049459 0.0333088 0.00635 
v 0.0493589 0.0323883 0.00635 
v 0.049325 0.0327 0.00635 
v 0.0498363 0.0315949 0.00635 
v 0.0496207 0.0318225 0.00635 
v 0.0500958 0.0314189 0.00635 
v 0.053775 0.0304667 0.00635 
v 0.0510096 0.0312691 0.00635 
v 0.0521491 0.033163 0.00635 
v 0.0522165 0.0328568 0.00635 
v 0.0515887 0.0339001 0.00635 
v 0.0496207 0.0335775 0.00635 
v 0.0498363 0.0338051 0.00635 
v 0.049459 0.0320912 0.00635 
v 0.0515887 0.0314999 0.00635 
v 0.0513117 0.031353 0.00635 
v 0.052225 0.0327 0.00635 
v 0.0522165 0.0325432 0.00635 
v 0.0518277 0.0336972 0.00635 
v 0.0520174 0.0334476 0.00635 
v 0.0500958 0.0339811 0.00635 
v 0.0520174 0.0319524 0.00635 
v 0.0518277 0.0317028 0.00635 
v 0.0521491 0.032237 0.00635 
v 0.059315 0.0444532 0.00635 
v 0.0625618 0.0477 0.00635 
v 0.0749882 0.0477 0.00635 
v 0.0919897 0.144473 0.00635 
v 0.0921 0.144618 0.00635 
v 0.0918535 0.144179 0.00635 
v 0.0921 0.142782 0.00635 
v 0.0917838 0.143862 0.00635 
v 0.0919897 0.142927 0.00635 
v 0.0917838 0.143538 0.00635 
v 0.0918535 0.143221 0.00635 
v 0.0946364 0.14307 0.00635 
v 0.0944691 0.142792 0.00635 
v 0.0947399 0.143378 0.00635 
v 0.0947399 0.144022 0.00635 
v 0.094775 0.1437 0.00635 
v 0.0946364 0.14433 0.00635 
v 0.0942461 0.144843 0.00635 
v 0.0944691 0.144608 0.00635 
v 0.092186 0.144732 0.00635 
v 0.0927198 0.142307 0.00635 
v 0.0924332 0.142458 0.00635 
v 0.0942461 0.142557 0.00635 
v 0.0939776 0.142375 0.00635 
v 0.0927198 0.145093 0.00635 
v 0.0930323 0.14518 0.00635 
v 0.0924332 0.144942 0.00635 
v 0.092186 0.142668 0.00635 
v 0.0933562 0.142202 0.00635 
v 0.0930323 0.14222 0.00635 
v 0.0936763 0.145145 0.00635 
v 0.0939776 0.145025 0.00635 
v 0.0933562 0.145198 0.00635 
v 0.0936763 0.142255 0.00635 
v 0.0434332 0.144942 0.00635 
v 0.0437198 0.145093 0.00635 
v 0.0440323 0.14222 0.00635 
v 0.0440323 0.14518 0.00635 
v 0.043186 0.144732 0.00635 
v 0.0428535 0.144179 0.00635 
v 0.0437198 0.142307 0.00635 
v 0.0429897 0.144473 0.00635 
v 0.0427838 0.143538 0.00635 
v 0.0427838 0.143862 0.00635 
v 0.0434332 0.142458 0.00635 
v 0.0428535 0.143221 0.00635 
v 0.043186 0.142668 0.00635 
v 0.0429897 0.142927 0.00635 
v 0.0443562 0.142202 0.00635 
v 0.0443562 0.145198 0.00635 
v 0.0452461 0.142557 0.00635 
v 0.0449776 0.142375 0.00635 
v 0.0446763 0.145145 0.00635 
v 0.0449776 0.145025 0.00635 
v 0.0446763 0.142255 0.00635 
v 0.04545 0.142772 0.00635 
v 0.0452461 0.144843 0.00635 
v 0.0457399 0.144022 0.00635 
v 0.045775 0.1437 0.00635 
v 0.0457399 0.143378 0.00635 
v 0.0456364 0.14433 0.00635 
v 0.04545 0.144628 0.00635 
v 0.0454691 0.142792 0.00635 
v 0.0454691 0.144608 0.00635 
v 0.0456364 0.14307 0.00635 
v 0.045125 0.0152 0.00635 
v 0.045125 0.0127 0.00635 
v 0.04545 0.0127 0.00635 
v 0.04755 0.0127 0.00635 
v 0.054585 0.00635 0.00635 
v 0.054585 0.0127 0.00635 
v 0.04545 0.00635 0.00635 
v 0.03902 0.00635 0.00635 
v 0.038775 0.00635 0.00635 
v 0.028975 0.00484516 0.00635 
v 0.038775 0.0180167 0.00635 
v 0.038775 0.0152 0.00635 
v 0.045125 0.0180167 0.00635 
v 0.03902 0.0180167 0.00635 
v 0.08455 0.0127 0.00635 
v 0.0921 0.0127 0.00635 
v 0.092425 0.0127 0.00635 
v 0.092425 0.0180167 0.00635 
v 0.092425 0.0152 0.00635 
v 0.098775 0.0180167 0.00635 
v 0.09853 0.0180167 0.00635 
v 0.098775 0.0152 0.00635 
v 0.098775 0.00635 0.00635 
v 0.104993 0.003175 0.00635 
v 0.0921 0.00635 0.00635 
v 0.08455 0.00635 0.00635 
v 0.082965 0.0127 0.00635 
v 0.082965 0.00635 0.00635 
v 0.09853 0.00635 0.00635 
v 0.04755 0.00635 0.00635 
v 0.003175 0.066685 0.00635 
v -2.50951e-17 0.10874 0.00635 
v 0.0088 0.121425 0.00635 
v 0.003175 0.125425 0.00635 
v -2.50951e-17 0.16748 0.00635 
v 0.0088 0.180165 0.00635 
v 0.0067475 0.19685 0.00635 
v 0.05502 0.2032 0.00635 
v 0.078235 0.19685 0.00635 
v 0.11004 0.2032 0.00635 
v 0.12875 0.184165 0.00635 
v 0.12875 0.125425 0.00635 
v 0.13755 0.07937 0.00635 
v 0.0088 0.062685 0.00635 
v 0.059315 0.003175 0.00635 
v 0.078235 0.003175 0.00635 
v 0.078235 0.0152 0.00635 
v 0.059315 0.0152 0.00635 
v 0.04545 0.02385 0.00635 
v 0.04545 0.0152 0.00635 
v 0.04755 0.0152 0.00635 
v 0.08455 0.02385 0.00635 
v 0.08455 0.0152 0.00635 
v 0.0921 0.0152 0.00635 
v 0.04545 0.0304667 0.00635 
v 0.04755 0.02385 0.00635 
v 0.08455 0.0304667 0.00635 
v 0.0921 0.02385 0.00635 
v 0.04545 0.0916875 0.00635 
v 0.04755 0.0304667 0.00635 
v 0.0921 0.0916875 0.00635 
v 0.08455 0.0916875 0.00635 
v 0.0921 0.0304667 0.00635 
v 0.04545 0.140525 0.00635 
v 0.04755 0.0916875 0.00635 
v 0.04755 0.140525 0.00635 
v 0.059315 0.0916875 0.00635 
v 0.059315 0.140525 0.00635 
v 0.078235 0.0916875 0.00635 
v 0.078235 0.140525 0.00635 
v 0.08455 0.140525 0.00635 
v 0.0067475 0.1682 0.00635 
v 0.0067475 0.140525 0.00635 
v 0.028975 0.140525 0.00635 
v 0.028975 0.1682 0.00635 
v 0.03902 0.140525 0.00635 
v 0.04755 0.1682 0.00635 
v 0.059315 0.1682 0.00635 
v 0.078235 0.1682 0.00635 
v 0.09853 0.1682 0.00635 
v 0.09853 0.140525 0.00635 
v 0.108575 0.140525 0.00635 
v 0.028975 0.196113 0.00635 
v 0.03902 0.1682 0.00635 
v 0.04755 0.196113 0.00635 
v 0.059315 0.196113 0.00635 
v 0.078235 0.196113 0.00635 
v 0.08455 0.1682 0.00635 
v 0.09853 0.196113 0.00635 
v 0.108575 0.1682 0.00635 
v 0.03902 0.196113 0.00635 
v 0.04545 0.196113 0.00635 
v 0.08455 0.196113 0.00635 
v 0.0921 0.196113 0.00635 
v 0.108575 0.196113 0.00635 
v 0.0067475 0.0304667 0.00635 
v 0.028975 0.0304667 0.00635 
v 0.028975 0.0916875 0.00635 
v 0.0067475 0.0916875 0.00635 
v 0.028975 0.02385 0.00635 
v 0.028975 0.0152 0.00635 
v 0.03902 0.003175 0.00635 
v 0.04545 0.003175 0.00635 
v 0.04755 0.003175 0.00635 
v 0.0921 0.003175 0.00635 
v 0.08455 0.003175 0.00635 
v 0.09853 0.003175 0.00635 
v 0.108575 0.0152 0.00635 
v 0.108575 0.02385 0.00635 
v 0.108575 0.0304667 0.00635 
v 0.108575 0.0916875 0.00635 
v 0.0067475 0.196113 0.00635 
v 0.03902 0.0916875 0.00635 
v 0.09853 0.0916875 0.00635 
v 0.0921 0.140525 0.00635 
v 0.03902 0.02385 0.00635 
v 0.09853 0.02385 0.00635 
v 0.0921 0.1682 0.00635 
v 0.04545 0.1682 0.00635 
v 0.028975 0.2032 0 
v 0.03902 0.2032 0 
v 0.0432182 0.199595 0 
v 0.043265 0.200025 0 
v 0.04545 0.2032 0 
v 0.0432182 0.200455 0 
v 0.0430802 0.200865 0 
v 0.0425598 0.201549 0 
v 0.0422018 0.201792 0 
v 0.0428572 0.198815 0 
v 0.0430802 0.199185 0 
v 0.0428572 0.201235 0 
v 0.0418001 0.198098 0 
v 0.0422018 0.198258 0 
v 0.0425598 0.198501 0 
v 0.039265 0.200025 0 
v 0.0393697 0.200664 0 
v 0.0392767 0.200241 0 
v 0.039813 0.2014 0 
v 0.0395513 0.201056 0 
v 0.0405247 0.201883 0 
v 0.0401426 0.20168 0 
v 0.0413733 0.202022 0 
v 0.0409414 0.201999 0 
v 0.0418001 0.201952 0 
v 0.0393697 0.199386 0 
v 0.0395513 0.198994 0 
v 0.0392767 0.199809 0 
v 0.0413733 0.198028 0 
v 0.039813 0.19865 0 
v 0.0401426 0.19837 0 
v 0.0405247 0.198167 0 
v 0.0409414 0.198051 0 
v 0.04755 0.2032 0 
v 0.08455 0.2032 0 
v 0.0921 0.2032 0 
v 0.09853 0.2032 0 
v 0.098285 0.200025 0 
v 0.0982382 0.200455 0 
v 0.0982382 0.199595 0 
v 0.0975798 0.201549 0 
v 0.0972218 0.201792 0 
v 0.0981002 0.200865 0 
v 0.0981002 0.199185 0 
v 0.0955447 0.201883 0 
v 0.0951626 0.20168 0 
v 0.0963933 0.202022 0 
v 0.0959614 0.201999 0 
v 0.0978772 0.201235 0 
v 0.0975798 0.198501 0 
v 0.0978772 0.198815 0 
v 0.0968201 0.198098 0 
v 0.0972218 0.198258 0 
v 0.0943897 0.200664 0 
v 0.0942967 0.200241 0 
v 0.094833 0.2014 0 
v 0.0959614 0.198051 0 
v 0.094833 0.19865 0 
v 0.0951626 0.19837 0 
v 0.094285 0.200025 0 
v 0.0945713 0.201056 0 
v 0.0968201 0.201952 0 
v 0.0963933 0.198028 0 
v 0.0955447 0.198167 0 
v 0.0945713 0.198994 0 
v 0.0942967 0.199809 0 
v 0.0943897 0.199386 0 
v 0.108575 0.2032 0 
v 0.073505 0.00635 0 
v 0.064045 0.00635 0 
v 0.064045 0.0127 0 
v 0.073505 0.0127 0 
v 0.078235 0 0 
v 0.08455 0 0 
v -2.77556e-17 0.0916875 0 
v 0.003175 0.07937 0 
v 0.0067475 0.066685 0 
v 0.003175 0.066685 0 
v 0.0067475 0.121425 0 
v 0.003175 0.10874 0 
v -2.50951e-17 0.10874 0 
v 0.013495 0.135675 0 
v 0.023815 0.135675 0 
v 0.012 0.127025 0 
v 0.013495 0.13885 0 
v 0.0067475 0.125425 0 
v 0.0088 0.127025 0 
v 0.0132 0.121425 0 
v 0.0132 0.125425 0 
v 0.023815 0.13885 0 
v 0.012 0.125425 0 
v 0.012 0.119825 0 
v 0.012 0.121425 0 
v 0.0088 0.119825 0 
v 0.0088 0.121425 0 
v -2.77556e-17 0.140525 0 
v 0.003175 0.13811 0 
v 0.003175 0.125425 0 
v 0.003175 0.16748 0 
v -2.50951e-17 0.16748 0 
v 0.003175 0.180165 0 
v 0.0067475 0.180165 0 
v 0.0067475 0.184165 0 
v 0.0088 0.185765 0 
v 0.012 0.185765 0 
v 0.0132 0.184165 0 
v 0.012 0.184165 0 
v 0.0132 0.180165 0 
v 0.012 0.178565 0 
v 0.012 0.180165 0 
v 0.0088 0.178565 0 
v 0.0088 0.180165 0 
v 0.003175 0.196113 0 
v 0.003175 0.19685 0 
v 0.0067475 0.19685 0 
v 0.02751 0.19685 0 
v 0.05502 0.19685 0 
v 0.05502 0.2032 0 
v 0.059315 0.19685 0 
v 0.078235 0.19685 0 
v 0.08253 0.19685 0 
v 0.134375 0.196113 0 
v 0.11004 0.19685 0 
v 0.11004 0.2032 0 
v 0.134375 0.180165 0 
v 0.134375 0.1682 0 
v 0.12875 0.178565 0 
v 0.12555 0.178565 0 
v 0.12435 0.180165 0 
v 0.12555 0.180165 0 
v 0.12435 0.184165 0 
v 0.12555 0.185765 0 
v 0.12555 0.184165 0 
v 0.12875 0.185765 0 
v 0.134375 0.184165 0 
v 0.12875 0.184165 0 
v 0.13755 0.140525 0 
v 0.134375 0.16748 0 
v 0.134375 0.121425 0 
v 0.134375 0.10874 0 
v 0.12875 0.119825 0 
v 0.12875 0.121425 0 
v 0.13755 0.0916875 0 
v 0.12555 0.119825 0 
v 0.12435 0.121425 0 
v 0.12555 0.121425 0 
v 0.113735 0.135675 0 
v 0.12435 0.125425 0 
v 0.113735 0.13885 0 
v 0.12555 0.127025 0 
v 0.12555 0.125425 0 
v 0.124055 0.135675 0 
v 0.134375 0.13811 0 
v 0.12875 0.127025 0 
v 0.124055 0.13885 0 
v 0.134375 0.125425 0 
v 0.12875 0.125425 0 
v 0.13755 0.13811 0 
v 0.134375 0.062685 0 
v 0.134375 0.05 0 
v 0.12875 0.061085 0 
v 0.12555 0.061085 0 
v 0.12435 0.062685 0 
v 0.12555 0.062685 0 
v 0.12435 0.066685 0 
v 0.12555 0.068285 0 
v 0.12555 0.066685 0 
v 0.134375 0.07937 0 
v 0.12875 0.068285 0 
v 0.13679 0.0413176 0 
v 0.134375 0.066685 0 
v 0.12875 0.066685 0 
v 0.13755 0.05 0 
v 0.13755 0.07937 0 
v 0.134535 0.032899 0 
v 0.12875 0.062685 0 
v 0.130851 0.025 0 
v 0.130046 0.02385 0 
v 0.1334 0.0304667 0 
v 0.125852 0.0178606 0 
v 0.123192 0.0152 0 
v 0.119689 0.0116978 0 
v 0.11255 0.00669873 0 
v 0.104993 0.003175 0 
v 0.104651 0.00301537 0 
v 0.09853 0.00137525 0 
v 0.0962324 0.000759612 0 
v 0.0921 0.000398073 0 
v 0.08755 0 0 
v 0.059315 0 0 
v 0.05 0 0 
v 0.04755 0.000214347 0 
v 0.04545 0.000398073 0 
v 0.0413176 0.000759612 0 
v 0.03902 0.00137525 0 
v 0.032899 0.00301537 0 
v 0.028975 0.00484516 0 
v 0.025 0.00669873 0 
v 0.0178606 0.0116978 0 
v 0.0143584 0.0152 0 
v 0.0116978 0.0178606 0 
v 0.00750397 0.02385 0 
v 0.0067475 0.0249303 0 
v 0.00669873 0.025 0 
v 0.00301537 0.032899 0 
v 0.000759612 0.0413176 0 
v 0.00414958 0.0304667 0 
v 0.0067475 0.062685 0 
v 0.003175 0.05 0 
v -2.50951e-17 0.05 0 
v 0.012 0.068285 0 
v 0.0132 0.066685 0 
v 0.012 0.066685 0 
v 0.0132 0.062685 0 
v 0.012 0.061085 0 
v 0.012 0.062685 0 
v 0.0088 0.061085 0 
v 0.0088 0.062685 0 
v 0.0088 0.068285 0 
v 0.034135 0.135675 0 
v 0.034135 0.13885 0 
v 0.03902 0.13885 0 
v 0.044455 0.135675 0 
v 0.03902 0.135675 0 
v 0.044455 0.13885 0 
v 0.093095 0.135675 0 
v 0.093095 0.13885 0 
v 0.09853 0.13885 0 
v 0.103415 0.135675 0 
v 0.09853 0.135675 0 
v 0.103415 0.13885 0 
v 0.04755 0.0127 0 
v 0.045125 0.0152 0 
v 0.04545 0.0127 0 
v 0.045125 0.0180167 0 
v 0.038775 0.0180167 0 
v 0.03902 0.0180167 0 
v 0.038775 0.0152 0 
v 0.038775 0.00635 0 
v 0.0325567 0.003175 0 
v 0.03902 0.00635 0 
v 0.04545 0.00635 0 
v 0.04755 0.00635 0 
v 0.054585 0.00635 0 
v 0.054585 0.0127 0 
v 0.045125 0.04135 0 
v 0.045125 0.0304667 0 
v 0.038775 0.04135 0 
v 0.03902 0.04135 0 
v 0.038775 0.0296833 0 
v 0.038775 0.0304667 0 
v 0.045125 0.0296833 0 
v 0.03902 0.0296833 0 
v 0.092425 0.0296833 0 
v 0.092425 0.0304667 0 
v 0.098775 0.0296833 0 
v 0.09853 0.0296833 0 
v 0.098775 0.04135 0 
v 0.098775 0.0304667 0 
v 0.092425 0.04135 0 
v 0.09853 0.04135 0 
v 0.0919897 0.142927 0 
v 0.0921 0.142782 0 
v 0.0918535 0.143221 0 
v 0.0919897 0.144473 0 
v 0.0918535 0.144179 0 
v 0.0921 0.144618 0 
v 0.0917838 0.143538 0 
v 0.0917838 0.143862 0 
v 0.0946364 0.14433 0 
v 0.0944691 0.144608 0 
v 0.0947399 0.144022 0 
v 0.0947399 0.143378 0 
v 0.094775 0.1437 0 
v 0.0942461 0.142557 0 
v 0.0944691 0.142792 0 
v 0.0946364 0.14307 0 
v 0.092186 0.142668 0 
v 0.0924332 0.142458 0 
v 0.0927198 0.145093 0 
v 0.0924332 0.144942 0 
v 0.0942461 0.144843 0 
v 0.0939776 0.145025 0 
v 0.0927198 0.142307 0 
v 0.0930323 0.14222 0 
v 0.092186 0.144732 0 
v 0.0933562 0.145198 0 
v 0.0930323 0.14518 0 
v 0.0936763 0.142255 0 
v 0.0939776 0.142375 0 
v 0.0933562 0.142202 0 
v 0.0936763 0.145145 0 
v 0.0434332 0.191458 0 
v 0.0437198 0.191307 0 
v 0.0440323 0.19418 0 
v 0.0440323 0.19122 0 
v 0.043186 0.191668 0 
v 0.0427838 0.192538 0 
v 0.0428535 0.192221 0 
v 0.0437198 0.194093 0 
v 0.0429897 0.191927 0 
v 0.0427838 0.192862 0 
v 0.0434332 0.193942 0 
v 0.0428535 0.193179 0 
v 0.043186 0.193732 0 
v 0.0429897 0.193473 0 
v 0.0443562 0.194198 0 
v 0.0446763 0.194145 0 
v 0.0446763 0.191255 0 
v 0.0449776 0.191375 0 
v 0.0443562 0.191202 0 
v 0.0452461 0.193843 0 
v 0.0449776 0.194025 0 
v 0.0452461 0.191557 0 
v 0.04545 0.193628 0 
v 0.0457399 0.192378 0 
v 0.045775 0.1927 0 
v 0.0457399 0.193022 0 
v 0.0456364 0.19207 0 
v 0.0456364 0.19333 0 
v 0.0454691 0.191792 0 
v 0.04545 0.191772 0 
v 0.0454691 0.193608 0 
v 0.0749882 0.0477 0 
v 0.078235 0.0444532 0 
v 0.0625618 0.0477 0 
v 0.053775 0.0389132 0 
v 0.053775 0.0304667 0 
v 0.0522165 0.0328568 0 
v 0.0522165 0.0325432 0 
v 0.052225 0.0327 0 
v 0.0500958 0.0314189 0 
v 0.0503871 0.0313029 0 
v 0.0521491 0.032237 0 
v 0.0506965 0.0312521 0 
v 0.0498363 0.0315949 0 
v 0.049459 0.0320912 0 
v 0.0496207 0.0318225 0 
v 0.0510096 0.0341309 0 
v 0.0506965 0.0341479 0 
v 0.0520174 0.0319524 0 
v 0.0515887 0.0314999 0 
v 0.0518277 0.0317028 0 
v 0.0510096 0.0312691 0 
v 0.0513117 0.031353 0 
v 0.0493589 0.0323883 0 
v 0.0500958 0.0339811 0 
v 0.0498363 0.0338051 0 
v 0.0513117 0.034047 0 
v 0.0518277 0.0336972 0 
v 0.0515887 0.0339001 0 
v 0.0521491 0.033163 0 
v 0.0520174 0.0334476 0 
v 0.049325 0.0327 0 
v 0.0496207 0.0335775 0 
v 0.049459 0.0333088 0 
v 0.0503871 0.0340971 0 
v 0.0493589 0.0330117 0 
v 0.059315 0.0444532 0 
v 0.053775 0.0264868 0 
v 0.0564118 0.02385 0 
v 0.059315 0.0209468 0 
v 0.0625618 0.0177 0 
v 0.0749882 0.0177 0 
v 0.078235 0.0209468 0 
v 0.0811382 0.02385 0 
v 0.083775 0.0264868 0 
v 0.083775 0.0389132 0 
v 0.083775 0.0304667 0 
v 0.0919897 0.191927 0 
v 0.0921 0.191782 0 
v 0.0918535 0.192221 0 
v 0.0921 0.193618 0 
v 0.0917838 0.192538 0 
v 0.0919897 0.193473 0 
v 0.0917838 0.192862 0 
v 0.0918535 0.193179 0 
v 0.0946364 0.19333 0 
v 0.0944691 0.193608 0 
v 0.0947399 0.193022 0 
v 0.0947399 0.192378 0 
v 0.094775 0.1927 0 
v 0.0946364 0.19207 0 
v 0.0942461 0.191557 0 
v 0.0944691 0.191792 0 
v 0.092186 0.191668 0 
v 0.0927198 0.194093 0 
v 0.0924332 0.193942 0 
v 0.0942461 0.193843 0 
v 0.0939776 0.194025 0 
v 0.0927198 0.191307 0 
v 0.0930323 0.19122 0 
v 0.0924332 0.191458 0 
v 0.092186 0.193732 0 
v 0.0933562 0.194198 0 
v 0.0930323 0.19418 0 
v 0.0936763 0.191255 0 
v 0.0939776 0.191375 0 
v 0.0933562 0.191202 0 
v 0.0936763 0.194145 0 
v 0.0437198 0.142307 0 
v 0.0440323 0.14222 0 
v 0.0434332 0.142458 0 
v 0.043186 0.142668 0 
v 0.0440323 0.14518 0 
v 0.0437198 0.145093 0 
v 0.0428535 0.143221 0 
v 0.0429897 0.142927 0 
v 0.0427838 0.143862 0 
v 0.0427838 0.143538 0 
v 0.0429897 0.144473 0 
v 0.0428535 0.144179 0 
v 0.0434332 0.144942 0 
v 0.0443562 0.145198 0 
v 0.043186 0.144732 0 
v 0.0446763 0.142255 0 
v 0.0449776 0.142375 0 
v 0.0446763 0.145145 0 
v 0.0452461 0.142557 0 
v 0.0443562 0.142202 0 
v 0.0452461 0.144843 0 
v 0.0449776 0.145025 0 
v 0.04545 0.144628 0 
v 0.045775 0.1437 0 
v 0.0457399 0.144022 0 
v 0.0456364 0.14307 0 
v 0.0457399 0.143378 0 
v 0.04545 0.142772 0 
v 0.0454691 0.144608 0 
v 0.0454691 0.142792 0 
v 0.0456364 0.14433 0 
v 0.0921 0.0127 0 
v 0.082965 0.00635 0 
v 0.082965 0.0127 0 
v 0.08455 0.0127 0 
v 0.08455 0.00635 0 
v 0.0921 0.00635 0 
v 0.09853 0.00635 0 
v 0.098775 0.00635 0 
v 0.108575 0.00484516 0 
v 0.098775 0.0180167 0 
v 0.098775 0.0152 0 
v 0.092425 0.0180167 0 
v 0.09853 0.0180167 0 
v 0.092425 0.0152 0 
v 0.092425 0.0127 0 
v 0.045125 0.0127 0 
v 0.0088 0.066685 0 
v 0.003175 0.062685 0 
v 0.13755 0.10874 0 
v 0.13755 0.16748 0 
v 0.12875 0.180165 0 
v 0.134375 0.19685 0 
v 0.08253 0.2032 0 
v 0.02751 0.2032 0 
v 0.003175 0.184165 0 
v 0.0088 0.184165 0 
v 0.003175 0.1682 0 
v -3.04161e-17 0.13811 0 
v 0.0088 0.125425 0 
v 0.003175 0.121425 0 
v -3.04161e-17 0.07937 0 
v 0.03902 0.196113 0 
v 0.04545 0.196113 0 
v 0.04755 0.196113 0 
v 0.0921 0.196113 0 
v 0.09853 0.196113 0 
v 0.108575 0.196113 0 
v 0.028975 0.196113 0 
v 0.03902 0.1682 0 
v 0.059315 0.196113 0 
v 0.059315 0.1682 0 
v 0.078235 0.196113 0 
v 0.078235 0.1682 0 
v 0.08455 0.196113 0 
v 0.08455 0.1682 0 
v 0.108575 0.1682 0 
v 0.0067475 0.1682 0 
v 0.028975 0.1682 0 
v 0.028975 0.140525 0 
v 0.03902 0.140525 0 
v 0.04755 0.1682 0 
v 0.059315 0.140525 0 
v 0.078235 0.140525 0 
v 0.08455 0.140525 0 
v 0.09853 0.1682 0 
v 0.108575 0.140525 0 
v 0.04545 0.140525 0 
v 0.04755 0.140525 0 
v 0.04755 0.0916875 0 
v 0.059315 0.0916875 0 
v 0.078235 0.0916875 0 
v 0.08455 0.0916875 0 
v 0.0921 0.140525 0 
v 0.0921 0.0916875 0 
v 0.04545 0.0916875 0 
v 0.04755 0.0304667 0 
v 0.0921 0.0304667 0 
v 0.08455 0.0304667 0 
v 0.04545 0.0304667 0 
v 0.04755 0.02385 0 
v 0.0921 0.02385 0 
v 0.04545 0.02385 0 
v 0.04755 0.0152 0 
v 0.08455 0.02385 0 
v 0.0921 0.0152 0 
v 0.078235 0.0152 0 
v 0.078235 0.003175 0 
v 0.059315 0.003175 0 
v 0.059315 0.0152 0 
v 0.08455 0.003175 0 
v 0.0067475 0.0916875 0 
v 0.0067475 0.140525 0 
v 0.028975 0.0916875 0 
v 0.0067475 0.196113 0 
v 0.108575 0.0916875 0 
v 0.108575 0.0304667 0 
v 0.108575 0.02385 0 
v 0.108575 0.0152 0 
v 0.09853 0.003175 0 
v 0.0921 0.003175 0 
v 0.04755 0.003175 0 
v 0.03902 0.003175 0 
v 0.04545 0.003175 0 
v 0.028975 0.0152 0 
v 0.028975 0.02385 0 
v 0.028975 0.0304667 0 
v 0.0067475 0.0304667 0 
v 0.03902 0.0916875 0 
v 0.09853 0.0916875 0 
v 0.09853 0.140525 0 
v 0.04545 0.0152 0 
v 0.03902 0.02385 0 
v 0.09853 0.02385 0 
v 0.0921 0.1682 0 
v 0.04545 0.1682 0 
v 0.08455 0.0152 0 
vn 0.976621 0.21497 0 
vn 1 2.44929e-16 0 
vn 0.907575 0.419889 0 
vn 0.976621 0.21497 0 
vn 0.796093 0.605174 0 
vn 0.907575 0.419889 0 
vn 0.647386 0.762162 0 
vn 0.796093 0.605174 0 
vn 0.468408 0.883512 0 
vn 0.647386 0.762162 0 
vn 0.267528 0.96355 0 
vn 0.468408 0.883512 0 
vn 0.0541389 0.998533 0 
vn 0.267528 0.96355 0 
vn -0.161782 0.986827 0 
vn 0.0541389 0.998533 0 
vn -0.370138 0.928977 0 
vn -0.161782 0.986827 0 
vn -0.561187 0.827689 0 
vn -0.370138 0.928977 0 
vn -0.725995 0.687699 0 
vn -0.561187 0.827689 0 
vn -0.856857 0.515554 0 
vn -0.725995 0.687699 0 
vn -0.947653 0.319302 0 
vn -0.856857 0.515554 0 
vn -0.994138 0.108119 0 
vn -0.947653 0.319302 0 
vn -0.994138 -0.108119 0 
vn -1 -3.67394e-16 0 
vn -0.994138 0.108119 0 
vn -0.947653 -0.319302 0 
vn -0.994138 -0.108119 0 
vn -0.856857 -0.515554 0 
vn -0.947653 -0.319302 0 
vn -0.725995 -0.687699 0 
vn -0.856857 -0.515554 0 
vn -0.561187 -0.827689 0 
vn -0.725995 -0.687699 0 
vn -0.370138 -0.928977 0 
vn -0.561187 -0.827689 0 
vn -0.161782 -0.986827 0 
vn -0.370138 -0.928977 0 
vn 0.0541389 -0.998533 0 
vn -0.161782 -0.986827 0 
vn 0.267528 -0.96355 0 
vn 0.0541389 -0.998533 0 
vn 0.468408 -0.883512 0 
vn 0.267528 -0.96355 0 
vn 0.647386 -0.762162 0 
vn 0.468408 -0.883512 0 
vn 0.796093 -0.605174 0 
vn 0.647386 -0.762162 0 
vn 0.907575 -0.419889 0 
vn 0.796093 -0.605174 0 
vn 0.976621 -0.21497 0 
vn 0.907575 -0.419889 0 
vn 0 0 1 
vn 0 0 -1 
vn -1 -1.77193e-16 0 
vn 1 0 0 
vn 0 1 0 
vn -0.707107 -0.707107 0 
vn -1 0 0 
vn -0.707107 0.707107 0 
vn 0 1 0 
vn 0.707107 0.707107 0 
vn 1 0 0 
vn 0.707107 -0.707107 0 
vn -0.173648 -0.984808 0 
vn -0.0913468 -0.995819 0 
vn -0.0491515 -0.998791 0 
vn 1.83697e-16 -1 0 
vn -0.34202 -0.939693 0 
vn -0.220265 -0.97544 0 
vn -0.173648 -0.984808 0 
vn -0.5 -0.866025 0 
vn -0.422106 -0.906546 0 
vn -0.349087 -0.93709 0 
vn -0.34202 -0.939693 0 
vn -0.5 -0.866025 0 
vn -0.642788 -0.766044 0 
vn -0.766044 -0.642788 0 
vn -0.715504 -0.698609 0 
vn -0.642788 -0.766044 0 
vn -0.866025 -0.5 0 
vn -0.865177 -0.501467 0 
vn -0.851671 -0.524077 0 
vn -0.766044 -0.642788 0 
vn -0.939693 -0.34202 0 
vn -0.919992 -0.391938 0 
vn -0.866025 -0.5 0 
vn -0.939693 -0.34202 0 
vn -0.984808 -0.173648 0 
vn -1 -2.44929e-16 0 
vn 0 -1 0 
vn 1 1.22465e-16 0 
vn 0.984808 -0.173648 0 
vn 0.939693 -0.34202 0 
vn 0.866025 -0.5 0 
vn 0.919992 -0.391938 0 
vn 0.939693 -0.34202 0 
vn 0.766044 -0.642788 0 
vn 0.851671 -0.524077 0 
vn 0.866025 -0.5 0 
vn 0.642788 -0.766044 0 
vn 0.715504 -0.698609 0 
vn 0.766044 -0.642788 0 
vn 0.642788 -0.766044 0 
vn 0.5 -0.866025 0 
vn 0.34202 -0.939693 0 
vn 0.349087 -0.93709 0 
vn 0.422106 -0.906546 0 
vn 0.5 -0.866025 0 
vn 0.173648 -0.984808 0 
vn 0.220265 -0.97544 0 
vn 0.34202 -0.939693 0 
vn 1.83697e-16 -1 0 
vn 0.0913468 -0.995819 0 
vn 0.173648 -0.984808 0 
vn 1.83697e-16 -1 0 
vn -1 0 0 
vn 0 1 0 
vn 1 0 0 
vn -1 0 0 
vn 0 1 0 
vn 1 0 0 
vn 0 -1 0 
vn 0 1 0 
vn 1 0 0 
vn 0 -1 0 
vn -1 -1.77193e-16 0 
vn 0 1 0 
vn 0 -1 0 
vn -1 -1.77193e-16 0 
vn 0 1 0 
vn 1 0 0 
vn 0 -1 0 
vn -1 0 0 
vn 0 1 0 
vn 1 0 0 
vn 0 -1 0 
vn -1 0 0 
vn 0 1 0 
vn 1 0 0 
vn 0 -1 0 
vn 0 1 0 
vn 1 0 0 
vn 0 -1 0 
vn -1 0 0 
vn 0 1 0 
vn 0 -1 0 
vn -1 0 0 
vn 1 0 0 
vn 0 -1 0 
vn -1 0 0 
vn 0 1 0 
vn 1 0 0 
vn 0 -1 0 
vn -1 0 0 
vn 0 1 0 
vn 1 0 0 
vn 0 -1 0 
vn -1 0 0 
vn 0 1 0 
vn 1 0 0 
vn 0 -1 0 
vn -1 0 0 
vn 0 1 0 
vn 0 -1 0 
vn -1 0 0 
vn 1 0 0 
vn 0 -1 0 
vn 0 1 0 
vn 1 0 0 
vn -1 0 0 
vn 0 1 0 
vn 0 -1 0 
vn -1 0 0 
vn 1 0 0 
vn 0 -1 0 
vn 0 1 0 
vn 1 0 0 
vn -1 0 0 
vn 0 1 0 
vn 0 -1 0 
vn -1 0 0 
vn 1 0 0 
vn 0 -1 0 
vn 0 1 0 
vn 1 0 0 
vn -1 0 0 
vn 0 -1 0 
vn 0 1 0 
vn 1 0 0 
vn -1 0 0 
vn 0 1 0 
vn 0 -1 0 
vn -1 0 0 
vn 1 0 0 
vn 0 -1 0 
vn 0 1 0 
vn 1 0 0 
vn -1 0 0 
vn 0 1 0 
vn 0 -1 0 
vn -1 0 0 
vn 1 0 0 
vn 0 -1 0 
vn 0 1 0 
vn 1 0 0 
vn -1 0 0 
vn 0 1 0 
vn 0 -1 0 
vn -1 0 0 
vn 1 0 0 
vn 0.976621 0.21497 0 
vn 0.907575 0.419889 0 
vn 0.796093 0.605174 0 
vn 0.647386 0.762162 0 
vn 0.468408 0.883512 0 
vn 0.267528 0.96355 0 
vn 0.0541389 0.998533 0 
vn -0.161782 0.986827 0 
vn -0.370138 0.928977 0 
vn -0.561187 0.827689 0 
vn -0.725995 0.687699 0 
vn -0.856857 0.515554 0 
vn -0.947653 0.319302 0 
vn -0.994138 0.108119 0 
vn -0.994138 -0.108119 0 
vn -1 -3.67394e-16 0 
vn -0.994138 0.108119 0 
vn -0.947653 -0.319302 0 
vn -0.994138 -0.108119 0 
vn -0.856857 -0.515554 0 
vn -0.947653 -0.319302 0 
vn -0.725995 -0.687699 0 
vn -0.856857 -0.515554 0 
vn -0.561187 -0.827689 0 
vn -0.725995 -0.687699 0 
vn -0.370138 -0.928977 0 
vn -0.561187 -0.827689 0 
vn -0.161782 -0.986827 0 
vn -0.370138 -0.928977 0 
vn 0.0541389 -0.998533 0 
vn -0.161782 -0.986827 0 
vn 0.267528 -0.96355 0 
vn 0.0541389 -0.998533 0 
vn 0.468408 -0.883512 0 
vn 0.267528 -0.96355 0 
vn 0.647386 -0.762162 0 
vn 0.468408 -0.883512 0 
vn 0.796093 -0.605174 0 
vn 0.647386 -0.762162 0 
vn 0.907575 -0.419889 0 
vn 0.796093 -0.605174 0 
vn 0.976621 -0.21497 0 
vn 0.907575 -0.419889 0 
vn -0.976621 0.21497 0 
vn -1 2.44929e-16 0 
vn -0.907575 0.419889 0 
vn -0.976621 0.21497 0 
vn -0.796093 0.605174 0 
vn -0.907575 0.419889 0 
vn -0.784774 0.619782 0 
vn -0.647386 0.762162 0 
vn -0.796093 0.605174 0 
vn -0.468408 0.883512 0 
vn -0.267528 0.96355 0 
vn -0.0541389 0.998533 0 
vn 0.161782 0.986827 0 
vn 0.370138 0.928977 0 
vn 0.561187 0.827689 0 
vn 0.725995 0.687699 0 
vn 0.856857 0.515554 0 
vn 0.947653 0.319302 0 
vn 0.994138 0.108119 0 
vn 0.994138 -0.108119 0 
vn 0.947653 -0.319302 0 
vn 0.856857 -0.515554 0 
vn 0.725995 -0.687699 0 
vn 0.561187 -0.827689 0 
vn 0.370138 -0.928977 0 
vn 0.161782 -0.986827 0 
vn -0.0541389 -0.998533 0 
vn -0.267528 -0.96355 0 
vn -0.468408 -0.883512 0 
vn -0.647386 -0.762162 0 
vn -0.784774 -0.619782 0 
vn -0.796093 -0.605174 0 
vn -0.647386 -0.762162 0 
vn -0.907575 -0.419889 0 
vn -0.976621 -0.21497 0 
vn -0.976621 0.21497 0 
vn -1 2.44929e-16 0 
vn -0.907575 0.419889 0 
vn -0.976621 0.21497 0 
vn -0.796093 0.605174 0 
vn -0.907575 0.419889 0 
vn -0.647386 0.762162 0 
vn -0.796093 0.605174 0 
vn -0.468408 0.883512 0 
vn -0.647386 0.762162 0 
vn -0.267528 0.96355 0 
vn -0.468408 0.883512 0 
vn -0.0541389 0.998533 0 
vn -0.267528 0.96355 0 
vn 0.161782 0.986827 0 
vn -0.0541389 0.998533 0 
vn 0.370138 0.928977 0 
vn 0.161782 0.986827 0 
vn 0.561187 0.827689 0 
vn 0.370138 0.928977 0 
vn 0.725995 0.687699 0 
vn 0.561187 0.827689 0 
vn 0.787881 0.615827 0 
vn 0.856857 0.515554 0 
vn 0.725995 0.687699 0 
vn 0.947653 0.319302 0 
vn 0.994138 0.108119 0 
vn 0.994138 -0.108119 0 
vn 0.947653 -0.319302 0 
vn 0.856857 -0.515554 0 
vn 0.787881 -0.615827 0 
vn 0.725995 -0.687699 0 
vn 0.856857 -0.515554 0 
vn 0.561187 -0.827689 0 
vn 0.370138 -0.928977 0 
vn 0.161782 -0.986827 0 
vn -0.0541389 -0.998533 0 
vn -0.267528 -0.96355 0 
vn -0.468408 -0.883512 0 
vn -0.647386 -0.762162 0 
vn -0.796093 -0.605174 0 
vn -0.907575 -0.419889 0 
vn -0.976621 -0.21497 0 
vn -0.976621 0.21497 0 
vn -1 2.44929e-16 0 
vn -0.907575 0.419889 0 
vn -0.976621 0.21497 0 
vn -0.796093 0.605174 0 
vn -0.907575 0.419889 0 
vn -0.647386 0.762162 0 
vn -0.796093 0.605174 0 
vn -0.468408 0.883512 0 
vn -0.647386 0.762162 0 
vn -0.267528 0.96355 0 
vn -0.468408 0.883512 0 
vn -0.0541389 0.998533 0 
vn -0.267528 0.96355 0 
vn 0.161782 0.986827 0 
vn -0.0541389 0.998533 0 
vn 0.370138 0.928977 0 
vn 0.161782 0.986827 0 
vn 0.561187 0.827689 0 
vn 0.370138 0.928977 0 
vn 0.725995 0.687699 0 
vn 0.561187 0.827689 0 
vn 0.787881 0.615827 0 
vn 0.856857 0.515554 0 
vn 0.725995 0.687699 0 
vn 0.947653 0.319302 0 
vn 0.994138 0.108119 0 
vn 0.994138 -0.108119 0 
vn 0.947653 -0.319302 0 
vn 0.856857 -0.515554 0 
vn 0.787881 -0.615827 0 
vn 0.725995 -0.687699 0 
vn 0.856857 -0.515554 0 
vn 0.561187 -0.827689 0 
vn 0.370138 -0.928977 0 
vn 0.161782 -0.986827 0 
vn -0.0541389 -0.998533 0 
vn -0.267528 -0.96355 0 
vn -0.468408 -0.883512 0 
vn -0.647386 -0.762162 0 
vn -0.796093 -0.605174 0 
vn -0.907575 -0.419889 0 
vn -0.976621 -0.21497 0 
vn -0.976621 0.21497 0 
vn -1 2.44929e-16 0 
vn -0.907575 0.419889 0 
vn -0.976621 0.21497 0 
vn -0.796093 0.605174 0 
vn -0.907575 0.419889 0 
vn -0.784774 0.619782 0 
vn -0.647386 0.762162 0 
vn -0.796093 0.605174 0 
vn -0.468408 0.883512 0 
vn -0.267528 0.96355 0 
vn -0.0541389 0.998533 0 
vn 0.161782 0.986827 0 
vn 0.370138 0.928977 0 
vn 0.561187 0.827689 0 
vn 0.725995 0.687699 0 
vn 0.856857 0.515554 0 
vn 0.947653 0.319302 0 
vn 0.994138 0.108119 0 
vn 0.994138 -0.108119 0 
vn 0.947653 -0.319302 0 
vn 0.856857 -0.515554 0 
vn 0.725995 -0.687699 0 
vn 0.561187 -0.827689 0 
vn 0.370138 -0.928977 0 
vn 0.161782 -0.986827 0 
vn -0.0541389 -0.998533 0 
vn -0.267528 -0.96355 0 
vn -0.468408 -0.883512 0 
vn -0.647386 -0.762162 0 
vn -0.784774 -0.619782 0 
vn -0.796093 -0.605174 0 
vn -0.647386 -0.762162 0 
vn -0.907575 -0.419889 0 
vn -0.976621 -0.21497 0 
vn -0.976621 0.21497 0 
vn -1 2.44929e-16 0 
vn -0.907575 0.419889 0 
vn -0.976621 0.21497 0 
vn -0.796093 0.605174 0 
vn -0.907575 0.419889 0 
vn -0.647386 0.762162 0 
vn -0.796093 0.605174 0 
vn -0.468408 0.883512 0 
vn -0.647386 0.762162 0 
vn -0.267528 0.96355 0 
vn -0.468408 0.883512 0 
vn -0.0541389 0.998533 0 
vn -0.267528 0.96355 0 
vn 0.161782 0.986827 0 
vn -0.0541389 0.998533 0 
vn 0.370138 0.928977 0 
vn 0.161782 0.986827 0 
vn 0.561187 0.827689 0 
vn 0.370138 0.928977 0 
vn 0.725995 0.687699 0 
vn 0.561187 0.827689 0 
vn 0.856857 0.515554 0 
vn 0.725995 0.687699 0 
vn 0.947653 0.319302 0 
vn 0.856857 0.515554 0 
vn 0.994138 0.108119 0 
vn 0.947653 0.319302 0 
vn 0.994138 -0.108119 0 
vn 1 -3.67394e-16 0 
vn 0.994138 0.108119 0 
vn 0.947653 -0.319302 0 
vn 0.994138 -0.108119 0 
vn 0.856857 -0.515554 0 
vn 0.947653 -0.319302 0 
vn 0.725995 -0.687699 0 
vn 0.856857 -0.515554 0 
vn 0.561187 -0.827689 0 
vn 0.725995 -0.687699 0 
vn 0.370138 -0.928977 0 
vn 0.561187 -0.827689 0 
vn 0.161782 -0.986827 0 
vn 0.370138 -0.928977 0 
vn -0.0541389 -0.998533 0 
vn 0.161782 -0.986827 0 
vn -0.267528 -0.96355 0 
vn -0.0541389 -0.998533 0 
vn -0.468408 -0.883512 0 
vn -0.267528 -0.96355 0 
vn -0.647386 -0.762162 0 
vn -0.468408 -0.883512 0 
vn -0.796093 -0.605174 0 
vn -0.647386 -0.762162 0 
vn -0.907575 -0.419889 0 
vn -0.796093 -0.605174 0 
vn -0.976621 -0.21497 0 
vn -0.907575 -0.419889 0 
vn -0.976621 0.21497 0 
vn -1 2.44929e-16 0 
vn -0.907575 0.419889 0 
vn -0.976621 0.21497 0 
vn -0.796093 0.605174 0 
vn -0.907575 0.419889 0 
vn -0.647386 0.762162 0 
vn -0.796093 0.605174 0 
vn -0.468408 0.883512 0 
vn -0.647386 0.762162 0 
vn -0.267528 0.96355 0 
vn -0.468408 0.883512 0 
vn -0.0541389 0.998533 0 
vn -0.267528 0.96355 0 
vn 0.161782 0.986827 0 
vn -0.0541389 0.998533 0 
vn 0.370138 0.928977 0 
vn 0.161782 0.986827 0 
vn 0.561187 0.827689 0 
vn 0.370138 0.928977 0 
vn 0.725995 0.687699 0 
vn 0.561187 0.827689 0 
vn 0.856857 0.515554 0 
vn 0.725995 0.687699 0 
vn 0.947653 0.319302 0 
vn 0.856857 0.515554 0 
vn 0.994138 0.108119 0 
vn 0.947653 0.319302 0 
vn 0.994138 -0.108119 0 
vn 1 -3.67394e-16 0 
vn 0.994138 0.108119 0 
vn 0.947653 -0.319302 0 
vn 0.994138 -0.108119 0 
vn 0.856857 -0.515554 0 
vn 0.947653 -0.319302 0 
vn 0.725995 -0.687699 0 
vn 0.856857 -0.515554 0 
vn 0.561187 -0.827689 0 
vn 0.725995 -0.687699 0 
vn 0.370138 -0.928977 0 
vn 0.561187 -0.827689 0 
vn 0.161782 -0.986827 0 
vn 0.370138 -0.928977 0 
vn -0.0541389 -0.998533 0 
vn 0.161782 -0.986827 0 
vn -0.267528 -0.96355 0 
vn -0.0541389 -0.998533 0 
vn -0.468408 -0.883512 0 
vn -0.267528 -0.96355 0 
vn -0.647386 -0.762162 0 
vn -0.468408 -0.883512 0 
vn -0.796093 -0.605174 0 
vn -0.647386 -0.762162 0 
vn -0.907575 -0.419889 0 
vn -0.796093 -0.605174 0 
vn -0.976621 -0.21497 0 
vn -0.907575 -0.419889 0 
usemtl 0.615686_0.811765_0.929412_0.000000_0.000000
o mesh0
f 1//1 2//2 3//2 
f 4//3 1//1 5//4 
f 6//5 4//3 7//6 
f 8//7 6//5 9//8 
f 10//9 8//7 11//10 
f 12//11 10//9 13//12 
f 14//13 12//11 15//14 
f 16//15 14//13 17//16 
f 18//17 16//15 19//18 
f 20//19 18//17 21//20 
f 22//21 20//19 23//22 
f 24//23 22//21 25//24 
f 26//25 24//23 27//26 
f 28//27 26//25 29//28 
f 30//29 31//30 32//30 
f 33//31 32//30 31//30 
f 31//30 28//27 33//31 
f 34//32 30//29 35//33 
f 36//34 34//32 37//35 
f 38//36 36//34 39//37 
f 40//38 38//36 41//39 
f 42//40 40//38 43//41 
f 44//42 42//40 45//43 
f 46//44 44//42 47//45 
f 48//46 46//44 49//47 
f 50//48 48//46 51//49 
f 52//50 50//48 53//51 
f 54//52 52//50 55//53 
f 56//54 54//52 57//55 
f 58//56 56//54 59//57 
f 2//2 58//56 60//56 
f 60//56 3//2 2//2 
f 59//57 60//56 58//56 
f 57//55 59//57 56//54 
f 55//53 57//55 54//52 
f 53//51 55//53 52//50 
f 51//49 53//51 50//48 
f 49//47 51//49 48//46 
f 47//45 49//47 46//44 
f 45//43 47//45 44//42 
f 43//41 45//43 42//40 
f 41//39 43//41 40//38 
f 39//37 41//39 38//36 
f 37//35 39//37 36//34 
f 35//33 37//35 34//32 
f 32//30 35//33 30//29 
f 29//28 33//31 28//27 
f 27//26 29//28 26//25 
f 25//24 27//26 24//23 
f 23//22 25//24 22//21 
f 21//20 23//22 20//19 
f 19//18 21//20 18//17 
f 17//16 19//18 16//15 
f 15//14 17//16 14//13 
f 13//12 15//14 12//11 
f 11//10 13//12 10//9 
f 9//8 11//10 8//7 
f 7//6 9//8 6//5 
f 5//4 7//6 4//3 
f 3//2 5//4 1//1 
o mesh1
f 523//58 61//58 62//58 
f 524//58 62//58 63//58 
f 525//58 526//58 64//58 
f 526//58 523//58 65//58 
f 523//58 524//58 66//58 
f 525//58 67//58 66//58 
f 65//58 64//58 526//58 
f 66//58 524//58 525//58 
f 66//58 65//58 523//58 
f 527//58 528//58 529//58 
f 530//58 531//58 532//58 
f 533//58 527//58 534//58 
f 535//58 530//58 536//58 
f 537//58 533//58 538//58 
f 539//58 45//58 43//58 
f 539//58 540//58 49//58 
f 539//58 41//58 39//58 
f 539//58 47//58 45//58 
f 540//58 51//58 49//58 
f 540//58 57//58 55//58 
f 541//58 37//58 35//58 
f 39//58 541//58 539//58 
f 49//58 47//58 539//58 
f 55//58 53//58 540//58 
f 535//58 3//58 60//58 
f 535//58 9//58 7//58 
f 535//58 541//58 19//58 
f 39//58 37//58 541//58 
f 53//58 51//58 540//58 
f 540//58 60//58 59//58 
f 535//58 5//58 3//58 
f 535//58 11//58 9//58 
f 541//58 21//58 19//58 
f 43//58 41//58 539//58 
f 60//58 540//58 535//58 
f 535//58 13//58 11//58 
f 535//58 17//58 15//58 
f 541//58 23//58 21//58 
f 541//58 27//58 25//58 
f 541//58 32//58 33//58 
f 59//58 57//58 540//58 
f 15//58 13//58 535//58 
f 25//58 23//58 541//58 
f 33//58 29//58 541//58 
f 7//58 5//58 535//58 
f 29//58 27//58 541//58 
f 19//58 17//58 535//58 
f 542//58 537//58 543//58 
f 544//58 543//58 545//58 
f 546//58 545//58 547//58 
f 548//58 547//58 540//58 
f 549//58 540//58 539//58 
f 550//58 551//58 552//58 
f 553//58 552//58 554//58 
f 555//58 544//58 546//58 
f 556//58 546//58 548//58 
f 557//58 548//58 549//58 
f 558//58 559//58 560//58 
f 561//58 553//58 562//58 
f 563//58 555//58 556//58 
f 564//58 556//58 557//58 
f 565//58 557//58 566//58 
f 567//58 558//58 568//58 
f 68//58 561//58 569//58 
f 569//58 69//58 70//58 
f 70//58 71//58 569//58 
f 70//58 72//58 71//58 
f 71//58 73//58 74//58 
f 569//58 75//58 69//58 
f 71//58 76//58 77//58 
f 71//58 78//58 79//58 
f 72//58 73//58 71//58 
f 569//58 80//58 81//58 
f 79//58 76//58 71//58 
f 81//58 75//58 569//58 
f 570//58 82//58 83//58 
f 570//58 84//58 85//58 
f 570//58 86//58 87//58 
f 86//58 88//58 89//58 
f 86//58 90//58 91//58 
f 74//58 78//58 71//58 
f 569//58 92//58 93//58 
f 570//58 94//58 82//58 
f 87//58 84//58 570//58 
f 89//58 95//58 86//58 
f 91//58 96//58 86//58 
f 93//58 80//58 569//58 
f 569//58 97//58 98//58 
f 570//58 99//58 97//58 
f 85//58 94//58 570//58 
f 96//58 88//58 86//58 
f 86//58 71//58 100//58 
f 98//58 92//58 569//58 
f 83//58 99//58 570//58 
f 100//58 90//58 86//58 
f 97//58 569//58 570//58 
f 77//58 100//58 71//58 
f 86//58 570//58 563//58 
f 101//58 571//58 572//58 
f 572//58 102//58 103//58 
f 103//58 104//58 572//58 
f 103//58 105//58 104//58 
f 106//58 104//58 107//58 
f 104//58 108//58 109//58 
f 572//58 110//58 102//58 
f 104//58 111//58 107//58 
f 104//58 112//58 108//58 
f 105//58 113//58 104//58 
f 572//58 114//58 115//58 
f 567//58 116//58 117//58 
f 567//58 118//58 119//58 
f 567//58 120//58 121//58 
f 106//58 122//58 123//58 
f 106//58 124//58 125//58 
f 109//58 111//58 104//58 
f 572//58 126//58 110//58 
f 115//58 127//58 572//58 
f 117//58 572//58 567//58 
f 121//58 118//58 567//58 
f 567//58 106//58 128//58 
f 106//58 129//58 122//58 
f 125//58 130//58 106//58 
f 113//58 112//58 104//58 
f 117//58 114//58 572//58 
f 119//58 131//58 567//58 
f 128//58 132//58 567//58 
f 130//58 129//58 106//58 
f 127//58 126//58 572//58 
f 132//58 120//58 567//58 
f 106//58 133//58 124//58 
f 131//58 116//58 567//58 
f 107//58 133//58 106//58 
f 106//58 567//58 573//58 
f 134//58 574//58 135//58 
f 574//58 575//58 136//58 
f 136//58 135//58 574//58 
f 137//58 138//58 136//58 
f 136//58 575//58 137//58 
f 576//58 139//58 137//58 
f 137//58 575//58 576//58 
f 139//58 576//58 140//58 
f 140//58 141//58 139//58 
f 577//58 142//58 140//58 
f 140//58 576//58 577//58 
f 143//58 144//58 142//58 
f 142//58 577//58 143//58 
f 574//58 145//58 146//58 
f 146//58 147//58 574//58 
f 145//58 148//58 146//58 
f 134//58 149//58 145//58 
f 145//58 574//58 134//58 
f 574//58 150//58 151//58 
f 575//58 152//58 153//58 
f 575//58 574//58 152//58 
f 578//58 154//58 155//58 
f 578//58 153//58 154//58 
f 579//58 156//58 157//58 
f 579//58 155//58 156//58 
f 580//58 158//58 159//58 
f 580//58 160//58 161//58 
f 161//58 581//58 580//58 
f 582//58 581//58 162//58 
f 523//58 582//58 163//58 
f 582//58 164//58 163//58 
f 583//58 584//58 165//58 
f 584//58 63//58 165//58 
f 585//58 583//58 166//58 
f 583//58 167//58 166//58 
f 585//58 168//58 169//58 
f 586//58 170//58 171//58 
f 586//58 172//58 170//58 
f 587//58 586//58 173//58 
f 173//58 174//58 587//58 
f 588//58 587//58 175//58 
f 175//58 176//58 588//58 
f 177//58 178//58 179//58 
f 179//58 180//58 177//58 
f 178//58 181//58 179//58 
f 181//58 589//58 182//58 
f 182//58 179//58 181//58 
f 183//58 184//58 182//58 
f 182//58 589//58 183//58 
f 589//58 588//58 185//58 
f 185//58 183//58 589//58 
f 185//58 588//58 186//58 
f 186//58 187//58 185//58 
f 188//58 189//58 186//58 
f 190//58 191//58 188//58 
f 186//58 588//58 188//58 
f 192//58 193//58 189//58 
f 588//58 194//58 190//58 
f 189//58 188//58 192//58 
f 588//58 195//58 194//58 
f 188//58 588//58 190//58 
f 196//58 197//58 198//58 
f 198//58 197//58 199//58 
f 199//58 200//58 201//58 
f 199//58 202//58 198//58 
f 203//58 198//58 202//58 
f 198//58 204//58 196//58 
f 560//58 589//58 200//58 
f 200//58 589//58 205//58 
f 201//58 202//58 199//58 
f 201//58 200//58 206//58 
f 560//58 207//58 197//58 
f 205//58 206//58 200//58 
f 206//58 208//58 201//58 
f 200//58 207//58 560//58 
f 197//58 196//58 560//58 
f 205//58 589//58 209//58 
f 209//58 210//58 205//58 
f 211//58 212//58 209//58 
f 209//58 589//58 211//58 
f 213//58 214//58 212//58 
f 212//58 211//58 213//58 
f 181//58 215//58 211//58 
f 211//58 589//58 181//58 
f 568//58 560//58 216//58 
f 196//58 217//58 216//58 
f 216//58 560//58 196//58 
f 218//58 219//58 220//58 
f 219//58 573//58 221//58 
f 221//58 220//58 219//58 
f 221//58 573//58 222//58 
f 222//58 223//58 221//58 
f 573//58 568//58 224//58 
f 224//58 222//58 573//58 
f 225//58 226//58 224//58 
f 224//58 568//58 225//58 
f 227//58 228//58 225//58 
f 225//58 568//58 227//58 
f 229//58 230//58 228//58 
f 228//58 227//58 229//58 
f 231//58 573//58 232//58 
f 219//58 233//58 232//58 
f 232//58 573//58 219//58 
f 565//58 571//58 234//58 
f 101//58 235//58 234//58 
f 234//58 571//58 101//58 
f 236//58 564//58 565//58 
f 237//58 563//58 238//58 
f 564//58 236//58 238//58 
f 238//58 563//58 564//58 
f 590//58 561//58 239//58 
f 68//58 240//58 239//58 
f 239//58 561//58 68//58 
f 241//58 242//58 590//58 
f 242//58 243//58 244//58 
f 245//58 550//58 246//58 
f 550//58 553//58 247//58 
f 247//58 246//58 550//58 
f 247//58 553//58 248//58 
f 248//58 249//58 247//58 
f 561//58 250//58 248//58 
f 248//58 553//58 561//58 
f 251//58 252//58 250//58 
f 250//58 561//58 251//58 
f 590//58 253//58 251//58 
f 251//58 561//58 590//58 
f 244//58 254//58 253//58 
f 253//58 590//58 244//58 
f 255//58 256//58 550//58 
f 257//58 551//58 258//58 
f 550//58 256//58 258//58 
f 258//58 551//58 550//58 
f 259//58 551//58 260//58 
f 257//58 261//58 260//58 
f 260//58 551//58 257//58 
f 262//58 577//58 263//58 
f 577//58 576//58 264//58 
f 264//58 263//58 577//58 
f 265//58 266//58 264//58 
f 267//58 268//58 265//58 
f 552//58 269//58 267//58 
f 264//58 576//58 265//58 
f 267//58 576//58 552//58 
f 552//58 551//58 270//58 
f 551//58 271//58 272//58 
f 265//58 576//58 267//58 
f 273//58 274//58 268//58 
f 272//58 270//58 551//58 
f 272//58 271//58 273//58 
f 268//58 267//58 273//58 
f 273//58 267//58 272//58 
f 270//58 269//58 552//58 
f 259//58 275//58 271//58 
f 271//58 551//58 259//58 
f 276//58 577//58 277//58 
f 262//58 278//58 277//58 
f 277//58 577//58 262//58 
f 143//58 577//58 279//58 
f 276//58 280//58 279//58 
f 279//58 577//58 276//58 
f 591//58 537//58 281//58 
f 542//58 282//58 281//58 
f 281//58 537//58 542//58 
f 554//58 283//58 282//58 
f 282//58 542//58 554//58 
f 554//58 552//58 284//58 
f 552//58 576//58 285//58 
f 285//58 284//58 552//58 
f 591//58 286//58 285//58 
f 285//58 576//58 591//58 
f 592//58 589//58 287//58 
f 560//58 288//58 287//58 
f 287//58 589//58 560//58 
f 559//58 289//58 288//58 
f 288//58 560//58 559//58 
f 559//58 593//58 290//58 
f 593//58 539//58 291//58 
f 291//58 290//58 593//58 
f 592//58 292//58 291//58 
f 291//58 539//58 592//58 
f 533//58 537//58 293//58 
f 591//58 294//58 293//58 
f 293//58 537//58 591//58 
f 594//58 527//58 295//58 
f 533//58 296//58 295//58 
f 295//58 527//58 533//58 
f 575//58 578//58 297//58 
f 594//58 298//58 297//58 
f 297//58 578//58 594//58 
f 591//58 576//58 299//58 
f 575//58 300//58 299//58 
f 299//58 576//58 575//58 
f 541//58 536//58 301//58 
f 595//58 302//58 301//58 
f 301//58 536//58 595//58 
f 592//58 539//58 303//58 
f 541//58 304//58 303//58 
f 303//58 539//58 541//58 
f 588//58 589//58 305//58 
f 592//58 306//58 305//58 
f 305//58 589//58 592//58 
f 595//58 587//58 307//58 
f 588//58 308//58 307//58 
f 307//58 587//58 588//58 
f 571//58 309//58 310//58 
f 571//58 311//58 309//58 
f 566//58 312//58 313//58 
f 566//58 596//58 314//58 
f 571//58 315//58 311//58 
f 314//58 312//58 566//58 
f 571//58 316//58 315//58 
f 313//58 571//58 566//58 
f 313//58 316//58 571//58 
f 558//58 317//58 318//58 
f 558//58 567//58 319//58 
f 319//58 317//58 558//58 
f 567//58 320//58 321//58 
f 567//58 322//58 323//58 
f 321//58 319//58 567//58 
f 323//58 324//58 567//58 
f 572//58 325//58 326//58 
f 596//58 327//58 328//58 
f 558//58 329//58 330//58 
f 324//58 320//58 567//58 
f 572//58 331//58 332//58 
f 572//58 310//58 325//58 
f 328//58 333//58 596//58 
f 596//58 334//58 335//58 
f 318//58 329//58 558//58 
f 567//58 336//58 337//58 
f 572//58 338//58 336//58 
f 326//58 331//58 572//58 
f 335//58 327//58 596//58 
f 558//58 339//58 334//58 
f 337//58 322//58 567//58 
f 332//58 338//58 572//58 
f 334//58 596//58 558//58 
f 336//58 567//58 572//58 
f 330//58 339//58 558//58 
f 569//58 340//58 341//58 
f 569//58 342//58 340//58 
f 569//58 343//58 342//58 
f 562//58 344//58 345//58 
f 341//58 570//58 569//58 
f 569//58 346//58 347//58 
f 569//58 348//58 349//58 
f 569//58 562//58 350//58 
f 345//58 351//58 562//58 
f 597//58 352//58 344//58 
f 347//58 343//58 569//58 
f 350//58 348//58 569//58 
f 562//58 353//58 354//58 
f 344//58 562//58 597//58 
f 349//58 346//58 569//58 
f 351//58 353//58 562//58 
f 354//58 350//58 562//58 
f 341//58 355//58 570//58 
f 597//58 356//58 352//58 
f 597//58 357//58 358//58 
f 570//58 359//58 360//58 
f 358//58 356//58 597//58 
f 355//58 359//58 570//58 
f 360//58 361//58 570//58 
f 597//58 362//58 357//58 
f 563//58 363//58 364//58 
f 364//58 555//58 563//58 
f 563//58 365//58 366//58 
f 366//58 363//58 563//58 
f 364//58 367//58 555//58 
f 563//58 368//58 365//58 
f 563//58 570//58 369//58 
f 555//58 370//58 362//58 
f 369//58 368//58 563//58 
f 367//58 370//58 555//58 
f 535//58 540//58 371//58 
f 540//58 547//58 372//58 
f 372//58 371//58 540//58 
f 535//58 373//58 374//58 
f 374//58 530//58 535//58 
f 531//58 530//58 375//58 
f 375//58 376//58 531//58 
f 526//58 525//58 377//58 
f 377//58 378//58 526//58 
f 525//58 376//58 377//58 
f 529//58 526//58 379//58 
f 379//58 380//58 529//58 
f 538//58 534//58 381//58 
f 534//58 380//58 381//58 
f 543//58 538//58 382//58 
f 538//58 383//58 384//58 
f 385//58 386//58 387//58 
f 543//58 388//58 389//58 
f 382//58 390//58 543//58 
f 538//58 391//58 392//58 
f 538//58 393//58 394//58 
f 384//58 395//58 538//58 
f 396//58 397//58 383//58 
f 387//58 398//58 399//58 
f 387//58 386//58 400//58 
f 389//58 385//58 543//58 
f 543//58 401//58 402//58 
f 392//58 382//58 538//58 
f 394//58 403//58 538//58 
f 383//58 538//58 396//58 
f 396//58 404//58 405//58 
f 396//58 406//58 407//58 
f 399//58 396//58 387//58 
f 387//58 408//58 409//58 
f 387//58 543//58 385//58 
f 402//58 410//58 543//58 
f 403//58 391//58 538//58 
f 405//58 397//58 396//58 
f 396//58 411//58 412//58 
f 407//58 413//58 396//58 
f 409//58 398//58 387//58 
f 410//58 388//58 543//58 
f 395//58 393//58 538//58 
f 413//58 411//58 396//58 
f 400//58 408//58 387//58 
f 412//58 404//58 396//58 
f 543//58 387//58 414//58 
f 390//58 401//58 543//58 
f 399//58 406//58 396//58 
f 545//58 415//58 416//58 
f 416//58 547//58 545//58 
f 545//58 414//58 415//58 
f 566//58 417//58 418//58 
f 566//58 549//58 419//58 
f 419//58 417//58 566//58 
f 549//58 593//58 420//58 
f 549//58 421//58 419//58 
f 420//58 422//58 549//58 
f 549//58 423//58 421//58 
f 422//58 424//58 549//58 
f 424//58 423//58 549//58 
f 559//58 425//58 426//58 
f 559//58 427//58 425//58 
f 559//58 428//58 429//58 
f 559//58 558//58 430//58 
f 558//58 431//58 432//58 
f 429//58 427//58 559//58 
f 432//58 430//58 558//58 
f 596//58 418//58 433//58 
f 593//58 434//58 435//58 
f 559//58 436//58 437//58 
f 430//58 428//58 559//58 
f 596//58 438//58 439//58 
f 433//58 440//58 596//58 
f 435//58 441//58 593//58 
f 593//58 442//58 443//58 
f 426//58 436//58 559//58 
f 558//58 444//58 445//58 
f 558//58 596//58 446//58 
f 440//58 438//58 596//58 
f 443//58 434//58 593//58 
f 593//58 559//58 447//58 
f 445//58 431//58 558//58 
f 439//58 446//58 596//58 
f 447//58 442//58 593//58 
f 446//58 444//58 558//58 
f 437//58 447//58 559//58 
f 562//58 448//58 449//58 
f 554//58 542//58 450//58 
f 597//58 562//58 451//58 
f 562//58 452//58 448//58 
f 562//58 554//58 453//58 
f 450//58 454//58 554//58 
f 449//58 451//58 562//58 
f 453//58 455//58 562//58 
f 554//58 456//58 457//58 
f 454//58 458//58 554//58 
f 455//58 452//58 562//58 
f 554//58 459//58 456//58 
f 554//58 460//58 461//58 
f 542//58 462//58 450//58 
f 457//58 453//58 554//58 
f 458//58 460//58 554//58 
f 461//58 459//58 554//58 
f 451//58 463//58 597//58 
f 542//58 464//58 465//58 
f 597//58 466//58 467//58 
f 542//58 468//58 462//58 
f 542//58 469//58 464//58 
f 467//58 470//58 597//58 
f 465//58 468//58 542//58 
f 463//58 466//58 597//58 
f 544//58 555//58 471//58 
f 544//58 472//58 473//58 
f 555//58 474//58 471//58 
f 555//58 597//58 475//58 
f 544//58 476//58 469//58 
f 471//58 472//58 544//58 
f 475//58 477//58 555//58 
f 544//58 478//58 476//58 
f 477//58 474//58 555//58 
f 473//58 478//58 544//58 
f 479//58 480//58 481//58 
f 528//58 481//58 482//58 
f 582//58 523//58 483//58 
f 526//58 484//58 483//58 
f 483//58 523//58 526//58 
f 529//58 482//58 484//58 
f 484//58 526//58 529//58 
f 485//58 581//58 582//58 
f 486//58 580//58 581//58 
f 579//58 158//58 487//58 
f 579//58 488//58 158//58 
f 580//58 486//58 487//58 
f 487//58 158//58 580//58 
f 594//58 578//58 489//58 
f 579//58 490//58 489//58 
f 489//58 578//58 579//58 
f 528//58 527//58 491//58 
f 594//58 492//58 491//58 
f 491//58 527//58 594//58 
f 531//58 493//58 494//58 
f 532//58 494//58 495//58 
f 595//58 536//58 496//58 
f 532//58 497//58 496//58 
f 496//58 536//58 532//58 
f 586//58 587//58 498//58 
f 595//58 499//58 498//58 
f 498//58 587//58 595//58 
f 586//58 500//58 501//58 
f 585//58 502//58 501//58 
f 501//58 502//58 586//58 
f 502//58 172//58 586//58 
f 503//58 583//58 585//58 
f 504//58 584//58 583//58 
f 531//58 525//58 505//58 
f 525//58 524//58 506//58 
f 506//58 505//58 525//58 
f 584//58 504//58 506//58 
f 506//58 524//58 584//58 
f 505//58 493//58 531//58 
f 583//58 503//58 504//58 
f 585//58 507//58 503//58 
f 501//58 507//58 585//58 
f 498//58 500//58 586//58 
f 496//58 499//58 595//58 
f 495//58 497//58 532//58 
f 494//58 532//58 531//58 
f 491//58 479//58 528//58 
f 489//58 492//58 594//58 
f 487//58 490//58 579//58 
f 581//58 485//58 486//58 
f 582//58 508//58 485//58 
f 483//58 508//58 582//58 
f 482//58 529//58 528//58 
f 481//58 528//58 479//58 
f 469//58 542//58 544//58 
f 470//58 475//58 597//58 
f 441//58 420//58 593//58 
f 418//58 596//58 566//58 
f 416//58 372//58 547//58 
f 414//58 545//58 543//58 
f 381//58 396//58 538//58 
f 380//58 534//58 529//58 
f 378//58 379//58 526//58 
f 376//58 525//58 531//58 
f 374//58 375//58 530//58 
f 371//58 373//58 535//58 
f 362//58 597//58 555//58 
f 361//58 369//58 570//58 
f 333//58 314//58 596//58 
f 310//58 572//58 571//58 
f 307//58 302//58 595//58 
f 305//58 308//58 588//58 
f 303//58 306//58 592//58 
f 301//58 304//58 541//58 
f 299//58 294//58 591//58 
f 297//58 300//58 575//58 
f 295//58 298//58 594//58 
f 293//58 296//58 533//58 
f 290//58 289//58 559//58 
f 287//58 292//58 592//58 
f 284//58 283//58 554//58 
f 281//58 286//58 591//58 
f 279//58 509//58 143//58 
f 277//58 510//58 276//58 
f 263//58 511//58 262//58 
f 260//58 512//58 259//58 
f 258//58 513//58 257//58 
f 550//58 245//58 255//58 
f 246//58 514//58 245//58 
f 244//58 590//58 242//58 
f 590//58 515//58 241//58 
f 239//58 515//58 590//58 
f 238//58 516//58 237//58 
f 565//58 517//58 236//58 
f 234//58 517//58 565//58 
f 232//58 518//58 231//58 
f 220//58 519//58 218//58 
f 216//58 227//58 568//58 
f 202//58 520//58 203//58 
f 178//58 521//58 181//58 
f 176//58 195//58 588//58 
f 174//58 175//58 587//58 
f 171//58 173//58 586//58 
f 169//58 502//58 585//58 
f 166//58 168//58 585//58 
f 165//58 167//58 583//58 
f 163//58 61//58 523//58 
f 162//58 164//58 582//58 
f 161//58 162//58 581//58 
f 159//58 160//58 580//58 
f 157//58 488//58 579//58 
f 155//58 579//58 578//58 
f 153//58 578//58 575//58 
f 151//58 152//58 574//58 
f 147//58 150//58 574//58 
f 135//58 522//58 134//58 
f 573//58 231//58 106//58 
f 123//58 128//58 106//58 
f 572//58 104//58 101//58 
f 563//58 237//58 86//58 
f 95//58 87//58 86//58 
f 569//58 71//58 68//58 
f 568//58 573//58 567//58 
f 566//58 571//58 565//58 
f 557//58 565//58 564//58 
f 556//58 564//58 563//58 
f 562//58 569//58 561//58 
f 560//58 568//58 558//58 
f 549//58 566//58 557//58 
f 548//58 557//58 556//58 
f 546//58 556//58 555//58 
f 554//58 562//58 553//58 
f 552//58 553//58 550//58 
f 539//58 593//58 549//58 
f 540//58 549//58 548//58 
f 547//58 548//58 546//58 
f 545//58 546//58 544//58 
f 543//58 544//58 542//58 
f 35//58 32//58 541//58 
f 538//58 543//58 537//58 
f 536//58 541//58 535//58 
f 534//58 538//58 533//58 
f 532//58 536//58 530//58 
f 529//58 534//58 527//58 
f 64//58 67//58 525//58 
f 63//58 584//58 524//58 
f 62//58 524//58 523//58 
o mesh2
f 598//59 599//59 1060//59 
f 1061//59 600//59 601//59 
f 602//59 603//59 604//59 
f 601//59 602//59 1061//59 
f 602//59 605//59 606//59 
f 601//59 603//59 602//59 
f 1061//59 607//59 608//59 
f 602//59 609//59 605//59 
f 608//59 600//59 1061//59 
f 1061//59 610//59 611//59 
f 604//59 609//59 602//59 
f 611//59 612//59 1061//59 
f 1060//59 599//59 613//59 
f 599//59 614//59 615//59 
f 599//59 616//59 617//59 
f 599//59 618//59 619//59 
f 599//59 620//59 621//59 
f 602//59 622//59 620//59 
f 612//59 607//59 1061//59 
f 1060//59 623//59 624//59 
f 613//59 625//59 1060//59 
f 617//59 614//59 599//59 
f 621//59 618//59 599//59 
f 606//59 622//59 602//59 
f 1061//59 1060//59 626//59 
f 1060//59 627//59 628//59 
f 625//59 623//59 1060//59 
f 619//59 616//59 599//59 
f 626//59 610//59 1061//59 
f 1060//59 629//59 630//59 
f 624//59 627//59 1060//59 
f 620//59 599//59 602//59 
f 628//59 629//59 1060//59 
f 630//59 626//59 1060//59 
f 602//59 631//59 1062//59 
f 632//59 633//59 1063//59 
f 634//59 635//59 636//59 
f 1064//59 637//59 635//59 
f 634//59 638//59 639//59 
f 636//59 640//59 634//59 
f 1064//59 641//59 637//59 
f 633//59 642//59 643//59 
f 634//59 644//59 645//59 
f 634//59 646//59 638//59 
f 635//59 634//59 1064//59 
f 1064//59 647//59 648//59 
f 1064//59 649//59 650//59 
f 633//59 651//59 652//59 
f 643//59 653//59 633//59 
f 645//59 633//59 634//59 
f 640//59 646//59 634//59 
f 650//59 647//59 1064//59 
f 1064//59 1063//59 654//59 
f 1063//59 655//59 656//59 
f 1063//59 633//59 657//59 
f 633//59 658//59 651//59 
f 645//59 642//59 633//59 
f 639//59 659//59 634//59 
f 1064//59 660//59 649//59 
f 1063//59 661//59 654//59 
f 1063//59 662//59 655//59 
f 657//59 663//59 1063//59 
f 653//59 658//59 633//59 
f 648//59 641//59 1064//59 
f 656//59 661//59 1063//59 
f 663//59 664//59 1063//59 
f 659//59 644//59 634//59 
f 664//59 662//59 1063//59 
f 654//59 660//59 1064//59 
f 634//59 665//59 1065//59 
f 1066//59 1060//59 1067//59 
f 1062//59 1068//59 1069//59 
f 1068//59 1070//59 1071//59 
f 1070//59 1072//59 1073//59 
f 1064//59 1065//59 1074//59 
f 1075//59 1076//59 1077//59 
f 1076//59 1067//59 1078//59 
f 1079//59 1069//59 1080//59 
f 1069//59 1071//59 1081//59 
f 1071//59 1073//59 1082//59 
f 1083//59 1074//59 1084//59 
f 1085//59 1086//59 1087//59 
f 1086//59 1080//59 1088//59 
f 1080//59 1081//59 1089//59 
f 1081//59 1082//59 1090//59 
f 1082//59 1091//59 1092//59 
f 1093//59 1087//59 1094//59 
f 1095//59 28//59 31//59 
f 1092//59 44//59 46//59 
f 1092//59 38//59 40//59 
f 31//59 30//59 1095//59 
f 1090//59 48//59 50//59 
f 46//59 1090//59 1092//59 
f 40//59 42//59 1092//59 
f 1095//59 34//59 36//59 
f 1095//59 26//59 28//59 
f 1090//59 56//59 58//59 
f 50//59 52//59 1090//59 
f 42//59 44//59 1092//59 
f 36//59 1092//59 1095//59 
f 1095//59 24//59 26//59 
f 1096//59 14//59 16//59 
f 1096//59 1//59 4//59 
f 1090//59 54//59 56//59 
f 46//59 48//59 1090//59 
f 30//59 34//59 1095//59 
f 16//59 1095//59 1096//59 
f 4//59 6//59 1096//59 
f 58//59 1096//59 1090//59 
f 36//59 38//59 1092//59 
f 1095//59 20//59 22//59 
f 16//59 18//59 1095//59 
f 1096//59 10//59 12//59 
f 6//59 8//59 1096//59 
f 52//59 54//59 1090//59 
f 18//59 20//59 1095//59 
f 8//59 10//59 1096//59 
f 22//59 24//59 1095//59 
f 1096//59 2//59 1//59 
f 12//59 14//59 1096//59 
f 1097//59 1094//59 1098//59 
f 1096//59 1095//59 1099//59 
f 1100//59 1098//59 1101//59 
f 1102//59 1099//59 1103//59 
f 1104//59 1105//59 666//59 
f 1105//59 1106//59 667//59 
f 667//59 666//59 1105//59 
f 1107//59 668//59 667//59 
f 1107//59 1104//59 669//59 
f 667//59 1106//59 1107//59 
f 666//59 669//59 1104//59 
f 1106//59 1105//59 670//59 
f 1105//59 1108//59 671//59 
f 672//59 1109//59 673//59 
f 674//59 675//59 673//59 
f 673//59 1109//59 674//59 
f 676//59 1109//59 677//59 
f 672//59 678//59 677//59 
f 677//59 1109//59 672//59 
f 679//59 680//59 681//59 
f 1110//59 682//59 679//59 
f 683//59 1110//59 684//59 
f 679//59 684//59 1110//59 
f 1077//59 1111//59 680//59 
f 680//59 1111//59 685//59 
f 681//59 684//59 679//59 
f 681//59 680//59 686//59 
f 1077//59 687//59 682//59 
f 685//59 686//59 680//59 
f 686//59 688//59 681//59 
f 680//59 687//59 1077//59 
f 682//59 1110//59 1077//59 
f 685//59 1111//59 689//59 
f 689//59 690//59 685//59 
f 1109//59 691//59 689//59 
f 689//59 1111//59 1109//59 
f 676//59 692//59 691//59 
f 691//59 1109//59 676//59 
f 693//59 1110//59 694//59 
f 683//59 695//59 694//59 
f 694//59 1110//59 683//59 
f 1075//59 1110//59 696//59 
f 693//59 697//59 696//59 
f 696//59 1110//59 693//59 
f 698//59 699//59 1075//59 
f 700//59 1112//59 701//59 
f 1112//59 1066//59 702//59 
f 702//59 701//59 1112//59 
f 702//59 1066//59 703//59 
f 703//59 704//59 702//59 
f 1066//59 1076//59 705//59 
f 705//59 703//59 1066//59 
f 706//59 707//59 705//59 
f 705//59 1076//59 706//59 
f 1075//59 708//59 706//59 
f 706//59 1076//59 1075//59 
f 699//59 709//59 708//59 
f 708//59 1075//59 699//59 
f 710//59 1112//59 700//59 
f 711//59 712//59 1112//59 
f 598//59 1066//59 713//59 
f 1112//59 712//59 713//59 
f 713//59 1066//59 1112//59 
f 1068//59 1062//59 714//59 
f 631//59 715//59 714//59 
f 714//59 1062//59 631//59 
f 716//59 717//59 1070//59 
f 632//59 1072//59 718//59 
f 1070//59 717//59 718//59 
f 718//59 1072//59 1070//59 
f 719//59 1065//59 720//59 
f 665//59 721//59 720//59 
f 720//59 1065//59 665//59 
f 722//59 723//59 724//59 
f 723//59 1074//59 725//59 
f 725//59 724//59 723//59 
f 725//59 1074//59 726//59 
f 726//59 727//59 725//59 
f 1065//59 728//59 726//59 
f 726//59 1074//59 1065//59 
f 729//59 730//59 728//59 
f 728//59 1065//59 729//59 
f 719//59 731//59 729//59 
f 729//59 1065//59 719//59 
f 732//59 733//59 731//59 
f 731//59 719//59 732//59 
f 734//59 1084//59 735//59 
f 1074//59 723//59 735//59 
f 735//59 1084//59 1074//59 
f 736//59 737//59 738//59 
f 738//59 739//59 736//59 
f 737//59 740//59 738//59 
f 740//59 1113//59 741//59 
f 741//59 738//59 740//59 
f 742//59 743//59 741//59 
f 744//59 745//59 742//59 
f 1084//59 746//59 744//59 
f 741//59 1113//59 742//59 
f 744//59 1113//59 1084//59 
f 742//59 1113//59 744//59 
f 747//59 748//59 745//59 
f 749//59 750//59 751//59 
f 745//59 744//59 747//59 
f 747//59 744//59 749//59 
f 752//59 734//59 750//59 
f 751//59 747//59 749//59 
f 753//59 754//59 751//59 
f 1084//59 734//59 752//59 
f 734//59 755//59 750//59 
f 751//59 750//59 753//59 
f 750//59 749//59 752//59 
f 752//59 746//59 1084//59 
f 756//59 757//59 758//59 
f 757//59 1114//59 759//59 
f 759//59 758//59 757//59 
f 760//59 761//59 759//59 
f 759//59 1114//59 760//59 
f 1113//59 762//59 760//59 
f 760//59 1114//59 1113//59 
f 762//59 1113//59 763//59 
f 763//59 764//59 762//59 
f 765//59 766//59 763//59 
f 767//59 1114//59 757//59 
f 763//59 1113//59 765//59 
f 768//59 769//59 766//59 
f 757//59 770//59 767//59 
f 766//59 765//59 768//59 
f 740//59 771//59 765//59 
f 767//59 772//59 1114//59 
f 765//59 1113//59 740//59 
f 758//59 773//59 756//59 
f 1114//59 774//59 775//59 
f 1114//59 776//59 774//59 
f 1115//59 777//59 778//59 
f 1115//59 775//59 777//59 
f 1116//59 778//59 779//59 
f 779//59 780//59 1116//59 
f 1117//59 781//59 782//59 
f 1117//59 783//59 784//59 
f 784//59 1118//59 1117//59 
f 1118//59 785//59 786//59 
f 786//59 1108//59 1118//59 
f 1106//59 787//59 788//59 
f 788//59 1119//59 1106//59 
f 1119//59 789//59 790//59 
f 1120//59 1121//59 791//59 
f 1121//59 790//59 791//59 
f 1120//59 792//59 793//59 
f 1122//59 794//59 795//59 
f 795//59 796//59 1122//59 
f 1123//59 1122//59 797//59 
f 797//59 798//59 1123//59 
f 1124//59 1123//59 799//59 
f 799//59 800//59 1124//59 
f 1125//59 800//59 801//59 
f 1125//59 802//59 803//59 
f 1125//59 804//59 802//59 
f 805//59 1125//59 806//59 
f 803//59 806//59 1125//59 
f 803//59 807//59 806//59 
f 1109//59 1111//59 808//59 
f 809//59 810//59 808//59 
f 808//59 1111//59 809//59 
f 1111//59 1124//59 811//59 
f 811//59 809//59 1111//59 
f 811//59 1124//59 812//59 
f 812//59 813//59 811//59 
f 1125//59 814//59 812//59 
f 812//59 1124//59 1125//59 
f 805//59 815//59 814//59 
f 674//59 1109//59 816//59 
f 814//59 1125//59 805//59 
f 808//59 816//59 1109//59 
f 1126//59 1111//59 817//59 
f 1077//59 818//59 817//59 
f 817//59 1111//59 1077//59 
f 1078//59 819//59 818//59 
f 818//59 1077//59 1078//59 
f 1085//59 1093//59 820//59 
f 1126//59 821//59 820//59 
f 1078//59 1085//59 822//59 
f 820//59 1093//59 1126//59 
f 820//59 822//59 1085//59 
f 1127//59 1092//59 823//59 
f 1091//59 824//59 823//59 
f 823//59 1092//59 1091//59 
f 1128//59 825//59 824//59 
f 824//59 1091//59 1128//59 
f 1084//59 1113//59 826//59 
f 1127//59 827//59 826//59 
f 1128//59 1084//59 828//59 
f 826//59 1113//59 1127//59 
f 826//59 828//59 1084//59 
f 1129//59 1101//59 829//59 
f 830//59 1129//59 831//59 
f 1130//59 1100//59 832//59 
f 1129//59 830//59 832//59 
f 832//59 1100//59 1129//59 
f 1122//59 1123//59 833//59 
f 1130//59 834//59 833//59 
f 833//59 1123//59 1130//59 
f 1122//59 835//59 836//59 
f 1120//59 837//59 836//59 
f 836//59 837//59 1122//59 
f 837//59 794//59 1122//59 
f 838//59 839//59 1121//59 
f 839//59 840//59 1119//59 
f 1107//59 1106//59 841//59 
f 1119//59 840//59 841//59 
f 1101//59 1107//59 842//59 
f 841//59 1106//59 1119//59 
f 841//59 842//59 1107//59 
f 1126//59 1093//59 843//59 
f 1097//59 844//59 843//59 
f 843//59 1093//59 1097//59 
f 1124//59 1111//59 845//59 
f 1126//59 846//59 845//59 
f 845//59 1111//59 1126//59 
f 1130//59 1123//59 847//59 
f 1124//59 848//59 847//59 
f 847//59 1123//59 1124//59 
f 1097//59 1100//59 849//59 
f 1130//59 850//59 849//59 
f 849//59 1100//59 1130//59 
f 1131//59 1099//59 851//59 
f 1095//59 852//59 851//59 
f 851//59 1099//59 1095//59 
f 1114//59 1115//59 853//59 
f 1131//59 854//59 853//59 
f 853//59 1115//59 1131//59 
f 1127//59 1113//59 855//59 
f 1114//59 856//59 855//59 
f 855//59 1113//59 1114//59 
f 1095//59 1092//59 857//59 
f 1127//59 858//59 857//59 
f 857//59 1092//59 1127//59 
f 1082//59 859//59 860//59 
f 1082//59 861//59 859//59 
f 1073//59 862//59 863//59 
f 1073//59 1132//59 864//59 
f 1082//59 865//59 861//59 
f 864//59 862//59 1073//59 
f 1082//59 866//59 865//59 
f 863//59 1082//59 1073//59 
f 863//59 866//59 1082//59 
f 1083//59 867//59 868//59 
f 1128//59 869//59 867//59 
f 867//59 1083//59 1128//59 
f 1128//59 870//59 871//59 
f 1128//59 872//59 873//59 
f 871//59 869//59 1128//59 
f 873//59 874//59 1128//59 
f 1091//59 875//59 876//59 
f 1132//59 877//59 878//59 
f 1083//59 879//59 880//59 
f 874//59 870//59 1128//59 
f 1091//59 881//59 882//59 
f 1091//59 860//59 875//59 
f 878//59 883//59 1132//59 
f 1132//59 884//59 885//59 
f 868//59 879//59 1083//59 
f 1128//59 886//59 887//59 
f 1091//59 888//59 886//59 
f 876//59 881//59 1091//59 
f 885//59 877//59 1132//59 
f 1083//59 889//59 884//59 
f 887//59 872//59 1128//59 
f 882//59 888//59 1091//59 
f 884//59 1132//59 1083//59 
f 886//59 1128//59 1091//59 
f 880//59 889//59 1083//59 
f 1067//59 890//59 891//59 
f 1060//59 1061//59 892//59 
f 1133//59 1067//59 893//59 
f 1067//59 894//59 890//59 
f 1060//59 895//59 896//59 
f 892//59 897//59 1060//59 
f 891//59 893//59 1067//59 
f 1067//59 896//59 898//59 
f 1060//59 899//59 895//59 
f 897//59 900//59 1060//59 
f 898//59 894//59 1067//59 
f 1060//59 901//59 899//59 
f 1060//59 902//59 903//59 
f 1061//59 904//59 892//59 
f 896//59 1067//59 1060//59 
f 900//59 902//59 1060//59 
f 903//59 901//59 1060//59 
f 1061//59 905//59 904//59 
f 1133//59 906//59 907//59 
f 893//59 908//59 1133//59 
f 908//59 906//59 1133//59 
f 1061//59 909//59 910//59 
f 910//59 905//59 1061//59 
f 907//59 911//59 1133//59 
f 1061//59 912//59 909//59 
f 1062//59 1079//59 913//59 
f 1062//59 914//59 915//59 
f 1079//59 916//59 913//59 
f 913//59 914//59 1062//59 
f 915//59 917//59 1062//59 
f 1079//59 918//59 916//59 
f 1079//59 1133//59 919//59 
f 1062//59 920//59 912//59 
f 919//59 918//59 1079//59 
f 917//59 920//59 1062//59 
f 1088//59 1089//59 921//59 
f 1089//59 922//59 921//59 
f 921//59 923//59 1088//59 
f 924//59 925//59 926//59 
f 925//59 927//59 928//59 
f 928//59 926//59 925//59 
f 1094//59 929//59 930//59 
f 925//59 931//59 927//59 
f 925//59 1094//59 932//59 
f 1094//59 933//59 929//59 
f 1094//59 934//59 935//59 
f 1087//59 936//59 937//59 
f 936//59 1087//59 924//59 
f 925//59 938//59 931//59 
f 925//59 939//59 940//59 
f 925//59 941//59 942//59 
f 930//59 932//59 1094//59 
f 1094//59 943//59 934//59 
f 1087//59 944//59 945//59 
f 924//59 946//59 936//59 
f 924//59 947//59 948//59 
f 924//59 949//59 950//59 
f 940//59 938//59 925//59 
f 932//59 941//59 925//59 
f 1094//59 951//59 943//59 
f 1087//59 952//59 953//59 
f 1087//59 954//59 944//59 
f 948//59 946//59 924//59 
f 926//59 949//59 924//59 
f 935//59 933//59 1094//59 
f 953//59 1094//59 1087//59 
f 937//59 954//59 1087//59 
f 942//59 939//59 925//59 
f 953//59 955//59 1094//59 
f 950//59 947//59 924//59 
f 945//59 952//59 1087//59 
f 1087//59 1088//59 956//59 
f 956//59 924//59 1087//59 
f 1094//59 925//59 957//59 
f 957//59 1098//59 1094//59 
f 1101//59 958//59 959//59 
f 1101//59 1098//59 958//59 
f 1107//59 960//59 961//59 
f 1107//59 959//59 960//59 
f 961//59 1104//59 1107//59 
f 1134//59 1104//59 962//59 
f 962//59 963//59 1134//59 
f 1096//59 1102//59 964//59 
f 1102//59 963//59 964//59 
f 1090//59 965//59 922//59 
f 1096//59 966//59 965//59 
f 965//59 1090//59 1096//59 
f 1073//59 967//59 968//59 
f 1073//59 1072//59 969//59 
f 969//59 967//59 1073//59 
f 1072//59 1063//59 970//59 
f 1072//59 971//59 969//59 
f 970//59 972//59 1072//59 
f 1072//59 973//59 971//59 
f 972//59 974//59 1072//59 
f 974//59 973//59 1072//59 
f 1064//59 975//59 976//59 
f 1064//59 977//59 975//59 
f 1064//59 978//59 979//59 
f 1083//59 980//59 978//59 
f 1083//59 981//59 982//59 
f 979//59 977//59 1064//59 
f 982//59 980//59 1083//59 
f 1132//59 968//59 983//59 
f 1063//59 984//59 985//59 
f 1064//59 986//59 987//59 
f 978//59 1064//59 1083//59 
f 1132//59 988//59 989//59 
f 983//59 990//59 1132//59 
f 985//59 991//59 1063//59 
f 1063//59 992//59 993//59 
f 976//59 986//59 1064//59 
f 1083//59 994//59 995//59 
f 1083//59 1132//59 996//59 
f 990//59 988//59 1132//59 
f 993//59 984//59 1063//59 
f 1063//59 1064//59 997//59 
f 995//59 981//59 1083//59 
f 989//59 996//59 1132//59 
f 997//59 992//59 1063//59 
f 996//59 994//59 1083//59 
f 987//59 997//59 1064//59 
f 1078//59 998//59 999//59 
f 1078//59 1000//59 998//59 
f 1078//59 1001//59 1000//59 
f 1067//59 1002//59 1003//59 
f 999//59 1085//59 1078//59 
f 1078//59 1004//59 1005//59 
f 1078//59 1006//59 1007//59 
f 1067//59 1008//59 1009//59 
f 1003//59 1010//59 1067//59 
f 1133//59 1011//59 1002//59 
f 1005//59 1001//59 1078//59 
f 1078//59 1009//59 1006//59 
f 1067//59 1012//59 1008//59 
f 1002//59 1067//59 1133//59 
f 1007//59 1004//59 1078//59 
f 1010//59 1012//59 1067//59 
f 1009//59 1078//59 1067//59 
f 1085//59 1013//59 1014//59 
f 1133//59 1015//59 1011//59 
f 1014//59 1016//59 1085//59 
f 999//59 1017//59 1085//59 
f 1133//59 1018//59 1019//59 
f 1017//59 1013//59 1085//59 
f 1133//59 1020//59 1018//59 
f 1019//59 1015//59 1133//59 
f 1086//59 1021//59 1022//59 
f 1022//59 1079//59 1086//59 
f 1086//59 1023//59 1024//59 
f 1086//59 1085//59 1025//59 
f 1079//59 1026//59 1020//59 
f 1024//59 1021//59 1086//59 
f 1025//59 1027//59 1086//59 
f 1079//59 1028//59 1026//59 
f 1027//59 1023//59 1086//59 
f 1022//59 1028//59 1079//59 
f 1134//59 1103//59 1029//59 
f 1108//59 1105//59 1030//59 
f 1104//59 1031//59 1030//59 
f 1030//59 1105//59 1104//59 
f 1134//59 1032//59 1031//59 
f 1031//59 1104//59 1134//59 
f 1033//59 1034//59 1118//59 
f 1034//59 1035//59 1117//59 
f 1116//59 781//59 1036//59 
f 1116//59 1037//59 781//59 
f 1117//59 1035//59 1036//59 
f 1036//59 781//59 1117//59 
f 1131//59 1115//59 1038//59 
f 1116//59 1039//59 1038//59 
f 1038//59 1115//59 1116//59 
f 1103//59 1099//59 1040//59 
f 1131//59 1041//59 1040//59 
f 1040//59 1099//59 1131//59 
f 1103//59 1042//59 1043//59 
f 1043//59 1029//59 1103//59 
f 1040//59 1042//59 1103//59 
f 1038//59 1041//59 1131//59 
f 1036//59 1039//59 1116//59 
f 1117//59 1118//59 1034//59 
f 1118//59 1108//59 1033//59 
f 1030//59 1033//59 1108//59 
f 1029//59 1032//59 1134//59 
f 1020//59 1133//59 1079//59 
f 1016//59 1025//59 1085//59 
f 991//59 970//59 1063//59 
f 968//59 1132//59 1073//59 
f 922//59 1089//59 1090//59 
f 964//59 966//59 1096//59 
f 963//59 1102//59 1134//59 
f 961//59 962//59 1104//59 
f 959//59 1107//59 1101//59 
f 957//59 958//59 1098//59 
f 955//59 951//59 1094//59 
f 923//59 956//59 1088//59 
f 912//59 1061//59 1062//59 
f 911//59 919//59 1133//59 
f 883//59 864//59 1132//59 
f 860//59 1091//59 1082//59 
f 857//59 852//59 1095//59 
f 855//59 858//59 1127//59 
f 853//59 856//59 1114//59 
f 851//59 854//59 1131//59 
f 849//59 844//59 1097//59 
f 847//59 850//59 1130//59 
f 845//59 848//59 1124//59 
f 843//59 846//59 1126//59 
f 842//59 829//59 1101//59 
f 1119//59 1121//59 839//59 
f 1121//59 1120//59 838//59 
f 836//59 838//59 1120//59 
f 833//59 835//59 1122//59 
f 832//59 834//59 1130//59 
f 831//59 1044//59 830//59 
f 829//59 831//59 1129//59 
f 828//59 825//59 1128//59 
f 823//59 827//59 1127//59 
f 822//59 819//59 1078//59 
f 817//59 821//59 1126//59 
f 816//59 1045//59 674//59 
f 806//59 1046//59 805//59 
f 801//59 804//59 1125//59 
f 800//59 1125//59 1124//59 
f 798//59 799//59 1123//59 
f 796//59 797//59 1122//59 
f 793//59 837//59 1120//59 
f 791//59 792//59 1120//59 
f 790//59 1121//59 1119//59 
f 788//59 789//59 1119//59 
f 786//59 671//59 1108//59 
f 784//59 785//59 1118//59 
f 782//59 783//59 1117//59 
f 780//59 1037//59 1116//59 
f 778//59 1116//59 1115//59 
f 775//59 1115//59 1114//59 
f 772//59 776//59 1114//59 
f 737//59 1047//59 740//59 
f 735//59 1048//59 734//59 
f 724//59 1049//59 722//59 
f 720//59 1050//59 719//59 
f 718//59 1051//59 632//59 
f 1070//59 1068//59 716//59 
f 714//59 716//59 1068//59 
f 713//59 1052//59 598//59 
f 1112//59 710//59 711//59 
f 700//59 1053//59 710//59 
f 701//59 1054//59 700//59 
f 1075//59 1055//59 698//59 
f 696//59 1055//59 1075//59 
f 694//59 1056//59 693//59 
f 684//59 1057//59 683//59 
f 677//59 1058//59 676//59 
f 673//59 1059//59 672//59 
f 671//59 670//59 1105//59 
f 670//59 787//59 1106//59 
f 669//59 668//59 1107//59 
f 1103//59 1134//59 1102//59 
f 1101//59 1129//59 1100//59 
f 1099//59 1102//59 1096//59 
f 1098//59 1100//59 1097//59 
f 58//59 2//59 1096//59 
f 1094//59 1097//59 1093//59 
f 1092//59 1090//59 1082//59 
f 1090//59 1089//59 1081//59 
f 1089//59 1088//59 1080//59 
f 1088//59 1087//59 1086//59 
f 1087//59 1093//59 1085//59 
f 1084//59 1128//59 1083//59 
f 1082//59 1081//59 1071//59 
f 1081//59 1080//59 1069//59 
f 1080//59 1086//59 1079//59 
f 1078//59 1077//59 1076//59 
f 1077//59 1110//59 1075//59 
f 1074//59 1083//59 1064//59 
f 1073//59 1071//59 1070//59 
f 1071//59 1069//59 1068//59 
f 1069//59 1079//59 1062//59 
f 1067//59 1076//59 1066//59 
f 1065//59 1064//59 634//59 
f 652//59 657//59 633//59 
f 1063//59 1072//59 632//59 
f 1062//59 1061//59 602//59 
f 615//59 613//59 599//59 
f 1060//59 1066//59 598//59 
o mesh3
f 806//60 145//60 149//60 
f 149//60 1046//60 806//60 
o mesh4
f 677//60 277//60 278//60 
f 278//60 1058//60 677//60 
o mesh5
f 698//60 1055//60 256//60 
f 258//60 256//60 1055//60 
f 1055//60 696//60 258//60 
f 256//60 255//60 698//60 
o mesh6
f 765//61 178//61 177//61 
f 177//61 768//61 765//61 
o mesh7
f 750//61 198//61 203//61 
f 203//61 753//61 750//61 
o mesh8
f 732//61 719//61 219//61 
f 233//61 219//61 719//61 
f 719//61 1050//61 233//61 
f 219//61 218//61 732//61 
o mesh9
f 830//60 1044//60 480//60 
f 832//60 830//60 479//60 
f 479//60 491//60 832//60 
f 480//60 479//60 830//60 
o mesh10
f 280//60 276//60 672//60 
f 678//60 672//60 276//60 
f 276//60 510//60 678//60 
f 672//60 1059//60 280//60 
o mesh11
f 261//60 257//60 693//60 
f 697//60 693//60 257//60 
f 257//60 513//60 697//60 
f 693//60 1056//60 261//60 
o mesh12
f 712//62 711//62 241//62 
f 713//62 712//62 515//62 
f 515//62 239//62 713//62 
f 241//62 515//62 712//62 
o mesh13
f 215//61 181//61 740//61 
f 771//61 740//61 181//61 
f 181//61 521//61 771//61 
f 740//61 1047//61 215//61 
o mesh14
f 217//61 196//61 734//61 
f 755//61 734//61 196//61 
f 196//61 204//61 755//61 
f 734//61 1048//61 217//61 
o mesh15
f 240//62 68//62 598//62 
f 599//62 598//62 68//62 
f 68//62 71//62 599//62 
f 602//62 599//62 71//62 
f 71//62 86//62 602//62 
f 631//62 602//62 86//62 
f 86//62 237//62 631//62 
f 715//62 631//62 237//62 
f 237//62 516//62 715//62 
f 598//62 1052//62 240//62 
o mesh16
f 235//62 101//62 632//62 
f 633//62 632//62 101//62 
f 101//62 104//62 633//62 
f 634//62 633//62 104//62 
f 104//62 106//62 634//62 
f 665//62 634//62 106//62 
f 106//62 231//62 665//62 
f 721//62 665//62 231//62 
f 231//62 518//62 721//62 
f 632//62 1051//62 235//62 
o mesh17
f 371//63 372//63 922//63 
f 416//63 921//63 922//63 
f 922//63 372//63 416//63 
f 922//63 965//63 371//63 
o mesh18
f 374//64 373//64 966//64 
f 965//64 966//64 373//64 
f 373//64 371//64 965//64 
f 966//64 964//64 374//64 
o mesh19
f 964//65 963//65 375//65 
f 376//65 375//65 963//65 
f 963//65 962//65 376//65 
f 377//65 376//65 962//65 
f 962//65 961//65 377//65 
f 375//65 374//65 964//65 
o mesh20
f 377//66 961//66 960//66 
f 960//66 378//66 377//66 
o mesh21
f 960//67 959//67 379//67 
f 380//67 379//67 959//67 
f 959//67 958//67 380//67 
f 381//67 380//67 958//67 
f 958//67 957//67 381//67 
f 379//67 378//67 960//67 
o mesh22
f 387//68 396//68 925//68 
f 957//68 925//68 396//68 
f 396//68 381//68 957//68 
f 925//68 924//68 387//68 
o mesh23
f 924//69 956//69 414//69 
f 415//69 414//69 956//69 
f 956//69 923//69 415//69 
f 414//69 387//69 924//69 
o mesh24
f 791//70 790//71 162//71 
f 164//72 162//71 790//71 
f 790//71 789//72 164//72 
f 163//73 164//72 789//72 
f 789//72 788//73 163//73 
f 793//74 792//75 160//75 
f 161//76 160//75 792//75 
f 792//75 791//70 161//76 
f 795//77 794//78 488//78 
f 158//79 488//78 794//78 
f 794//78 837//79 158//79 
f 159//80 158//79 837//79 
f 837//79 793//74 159//80 
f 795//77 157//81 156//82 
f 798//83 797//84 155//84 
f 156//82 155//84 797//84 
f 797//84 796//85 156//82 
f 801//86 800//87 152//87 
f 153//88 152//87 800//87 
f 800//87 799//88 153//88 
f 154//89 153//88 799//88 
f 799//88 798//83 154//89 
f 802//90 804//91 150//91 
f 151//92 150//91 804//91 
f 804//91 801//86 151//92 
f 802//90 147//93 146//94 
f 803//94 146//94 148//95 
f 148//95 807//95 803//94 
f 146//94 803//94 802//90 
f 150//91 147//93 802//90 
f 152//87 151//92 801//86 
f 155//84 154//89 798//83 
f 156//82 796//85 795//77 
f 488//78 157//81 795//77 
f 160//75 159//80 793//74 
f 162//71 161//76 791//70 
o mesh25
f 671//96 786//96 165//96 
f 670//96 671//96 63//96 
f 63//96 62//96 670//96 
f 787//96 670//96 62//96 
f 62//96 61//96 787//96 
f 788//96 787//96 61//96 
f 61//96 163//96 788//96 
f 165//96 63//96 671//96 
o mesh26
f 770//97 191//97 190//98 
f 767//98 190//98 194//99 
f 774//100 776//101 195//101 
f 194//99 195//101 776//101 
f 776//101 772//102 194//99 
f 777//103 775//104 175//104 
f 176//105 175//104 775//104 
f 775//104 774//100 176//105 
f 779//106 778//107 173//107 
f 174//108 173//107 778//107 
f 778//107 777//103 174//108 
f 779//106 171//109 170//110 
f 782//111 781//112 502//112 
f 502//112 781//112 1037//113 
f 1037//113 172//113 502//112 
f 780//114 170//110 172//113 
f 172//113 1037//113 780//114 
f 784//115 783//116 168//116 
f 169//117 168//116 783//116 
f 783//116 782//111 169//117 
f 786//118 785//119 167//119 
f 166//120 167//119 785//119 
f 785//119 784//115 166//120 
f 167//119 165//121 786//118 
f 168//116 166//120 784//115 
f 502//112 169//117 782//111 
f 170//110 780//114 779//106 
f 173//107 171//109 779//106 
f 175//104 174//108 777//103 
f 195//101 176//105 774//100 
f 194//99 772//102 767//98 
f 190//98 767//98 770//97 
o mesh27
f 415//121 923//121 921//121 
f 921//121 416//121 415//121 
o mesh28
f 718//122 234//122 235//122 
f 235//122 1051//122 718//122 
o mesh29
f 238//123 236//123 716//123 
f 717//123 716//123 236//123 
f 236//123 517//123 717//123 
f 718//123 717//123 517//123 
f 517//123 234//123 718//123 
f 716//123 714//123 238//123 
o mesh30
f 516//124 238//124 714//124 
f 714//124 715//124 516//124 
o mesh31
f 713//125 239//125 240//125 
f 240//125 1052//125 713//125 
o mesh32
f 232//126 233//126 1050//126 
f 1050//126 720//126 232//126 
o mesh33
f 518//127 232//127 720//127 
f 720//127 721//127 518//127 
o mesh34
f 737//126 211//126 215//126 
f 215//126 1047//126 737//126 
o mesh35
f 737//127 736//127 213//127 
f 213//127 211//127 737//127 
o mesh36
f 204//128 198//128 750//128 
f 750//128 755//128 204//128 
o mesh37
f 735//129 216//129 217//129 
f 217//129 1048//129 735//129 
o mesh38
f 735//130 723//130 227//130 
f 229//130 227//130 723//130 
f 723//130 722//130 229//130 
f 227//130 216//130 735//130 
o mesh39
f 757//129 188//129 191//129 
f 191//129 770//129 757//129 
o mesh40
f 757//130 756//130 192//130 
f 192//130 188//130 757//130 
o mesh41
f 521//131 178//131 765//131 
f 765//131 771//131 521//131 
o mesh42
f 260//131 261//131 1056//131 
f 1056//131 694//131 260//131 
o mesh43
f 694//132 695//132 512//132 
f 512//132 260//132 694//132 
o mesh44
f 277//133 677//133 678//133 
f 678//133 510//133 277//133 
o mesh45
f 711//132 710//132 242//132 
f 243//132 242//132 710//132 
f 710//132 1053//132 243//132 
f 242//132 241//132 711//132 
o mesh46
f 258//133 696//133 697//133 
f 697//133 513//133 258//133 
o mesh47
f 279//134 280//134 1059//134 
f 1059//134 673//134 279//134 
o mesh48
f 673//135 675//135 509//135 
f 509//135 279//135 673//135 
o mesh49
f 145//136 806//136 807//136 
f 807//136 148//136 145//136 
o mesh50
f 853//136 854//136 302//136 
f 301//136 302//136 854//136 
f 854//136 851//136 301//136 
f 302//136 307//136 853//136 
o mesh51
f 303//137 304//137 852//137 
f 851//137 852//137 304//137 
f 304//137 301//137 851//137 
f 852//137 857//137 303//137 
o mesh52
f 305//138 306//138 858//138 
f 857//138 858//138 306//138 
f 306//138 303//138 857//138 
f 858//138 855//138 305//138 
o mesh53
f 855//139 856//139 308//139 
f 307//139 308//139 856//139 
f 856//139 853//139 307//139 
f 308//139 305//139 855//139 
o mesh54
f 1036//140 1035//140 507//140 
f 503//140 507//140 1035//140 
f 1035//140 1034//140 503//140 
f 504//140 503//140 1034//140 
f 1034//140 1033//140 504//140 
f 506//140 504//140 1033//140 
f 1033//140 1030//140 506//140 
f 507//140 501//140 1036//140 
o mesh55
f 497//141 1042//141 1040//141 
f 1043//141 1042//141 497//141 
f 497//141 495//141 1043//141 
f 1040//141 496//141 497//141 
o mesh56
f 498//142 499//142 1041//142 
f 1040//142 1041//142 499//142 
f 499//142 496//142 1040//142 
f 1041//142 1038//142 498//142 
o mesh57
f 1039//143 500//143 498//143 
f 501//143 500//143 1039//143 
f 1039//143 1036//143 501//143 
f 498//143 1038//143 1039//143 
o mesh58
f 845//142 846//142 294//142 
f 293//142 294//142 846//142 
f 846//142 843//142 293//142 
f 294//142 299//142 845//142 
o mesh59
f 844//143 849//143 295//143 
f 843//143 844//143 296//143 
f 296//143 293//143 843//143 
f 295//143 296//143 844//143 
o mesh60
f 297//144 298//144 850//144 
f 849//144 850//144 298//144 
f 298//144 295//144 849//144 
f 850//144 847//144 297//144 
o mesh61
f 300//145 297//145 847//145 
f 299//145 300//145 848//145 
f 848//145 845//145 299//145 
f 847//145 848//145 300//145 
o mesh62
f 833//146 834//146 492//146 
f 491//146 492//146 834//146 
f 834//146 832//146 491//146 
f 492//146 489//146 833//146 
o mesh63
f 841//147 840//147 508//147 
f 485//147 508//147 840//147 
f 840//147 839//147 485//147 
f 486//147 485//147 839//147 
f 839//147 838//147 486//147 
f 487//147 486//147 838//147 
f 838//147 836//147 487//147 
f 508//147 483//147 841//147 
o mesh64
f 835//148 490//148 487//148 
f 489//148 490//148 835//148 
f 835//148 833//148 489//148 
f 487//148 836//148 835//148 
o mesh65
f 668//148 64//148 65//148 
f 65//148 667//148 668//148 
o mesh66
f 67//149 64//149 668//149 
f 668//149 669//149 67//149 
o mesh67
f 67//150 669//150 666//150 
f 666//150 66//150 67//150 
o mesh68
f 667//151 65//151 66//151 
f 66//151 666//151 667//151 
o mesh69
f 484//152 482//152 829//152 
f 831//152 829//152 482//152 
f 482//152 481//152 831//152 
f 1044//152 831//152 481//152 
f 481//152 480//152 1044//152 
f 829//152 842//152 484//152 
o mesh70
f 484//153 842//153 841//153 
f 841//153 483//153 484//153 
o mesh71
f 1031//154 505//154 506//154 
f 506//154 1030//154 1031//154 
o mesh72
f 495//155 494//155 1029//155 
f 1032//155 1029//155 494//155 
f 494//155 493//155 1032//155 
f 1031//155 1032//155 493//155 
f 493//155 505//155 1031//155 
f 1029//155 1043//155 495//155 
o mesh73
f 824//154 290//154 291//154 
f 291//154 823//154 824//154 
o mesh74
f 824//155 825//155 289//155 
f 288//155 289//155 825//155 
f 825//155 828//155 288//155 
f 289//155 290//155 824//155 
o mesh75
f 826//156 287//156 288//156 
f 288//156 828//156 826//156 
o mesh76
f 826//157 827//157 292//157 
f 291//157 292//157 827//157 
f 827//157 823//157 291//157 
f 292//157 287//157 826//157 
o mesh77
f 746//158 207//158 200//158 
f 200//158 744//158 746//158 
o mesh78
f 752//159 197//159 207//159 
f 207//159 746//159 752//159 
o mesh79
f 749//160 199//160 197//160 
f 197//160 752//160 749//160 
o mesh80
f 744//161 200//161 199//161 
f 199//161 749//161 744//161 
o mesh81
f 682//162 270//162 272//162 
f 272//162 679//162 682//162 
o mesh82
f 687//163 269//163 270//163 
f 270//163 682//163 687//163 
o mesh83
f 680//164 267//164 269//164 
f 269//164 687//164 680//164 
o mesh84
f 679//165 272//165 267//165 
f 267//165 680//165 679//165 
o mesh85
f 818//166 284//166 285//166 
f 285//166 817//166 818//166 
o mesh86
f 818//167 819//167 283//167 
f 282//167 283//167 819//167 
f 819//167 822//167 282//167 
f 283//167 284//167 818//167 
o mesh87
f 820//168 281//168 282//168 
f 282//168 822//168 820//168 
o mesh88
f 820//169 821//169 286//169 
f 285//169 286//169 821//169 
f 821//169 817//169 285//169 
f 286//169 281//169 820//169 
o mesh89
f 1049//169 230//169 229//169 
f 229//169 722//169 1049//169 
o mesh90
f 218//170 519//170 733//170 
f 733//170 732//170 218//170 
o mesh91
f 519//171 220//171 731//171 
f 731//171 733//171 519//171 
o mesh92
f 220//170 221//170 729//170 
f 729//170 731//170 220//170 
o mesh93
f 729//172 221//172 223//172 
f 223//172 730//172 729//172 
o mesh94
f 223//173 222//173 728//173 
f 728//173 730//173 223//173 
o mesh95
f 728//172 222//172 224//172 
f 224//172 726//172 728//172 
o mesh96
f 726//174 224//174 226//174 
f 226//174 727//174 726//174 
o mesh97
f 727//175 226//175 225//175 
f 225//175 725//175 727//175 
o mesh98
f 725//174 225//174 228//174 
f 228//174 724//174 725//174 
o mesh99
f 228//176 230//176 1049//176 
f 1049//176 724//176 228//176 
o mesh100
f 739//177 214//177 213//177 
f 213//177 736//177 739//177 
o mesh101
f 203//178 520//178 754//178 
f 754//178 753//178 203//178 
o mesh102
f 520//179 202//179 751//179 
f 751//179 754//179 520//179 
o mesh103
f 202//178 201//178 747//178 
f 747//178 751//178 202//178 
o mesh104
f 747//180 201//180 208//180 
f 208//180 748//180 747//180 
o mesh105
f 208//181 206//181 745//181 
f 745//181 748//181 208//181 
o mesh106
f 745//180 206//180 205//180 
f 205//180 742//180 745//180 
o mesh107
f 742//182 205//182 210//182 
f 210//182 743//182 742//182 
o mesh108
f 743//183 210//183 209//183 
f 209//183 741//183 743//183 
o mesh109
f 741//182 209//182 212//182 
f 212//182 738//182 741//182 
o mesh110
f 212//184 214//184 739//184 
f 739//184 738//184 212//184 
o mesh111
f 773//185 193//185 192//185 
f 192//185 756//185 773//185 
o mesh112
f 177//186 180//186 769//186 
f 769//186 768//186 177//186 
o mesh113
f 180//187 179//187 766//187 
f 766//187 769//187 180//187 
o mesh114
f 179//186 182//186 763//186 
f 763//186 766//186 179//186 
o mesh115
f 763//188 182//188 184//188 
f 184//188 764//188 763//188 
o mesh116
f 184//189 183//189 762//189 
f 762//189 764//189 184//189 
o mesh117
f 762//188 183//188 185//188 
f 185//188 760//188 762//188 
o mesh118
f 760//190 185//190 187//190 
f 187//190 761//190 760//190 
o mesh119
f 761//191 187//191 186//191 
f 186//191 759//191 761//191 
o mesh120
f 759//190 186//190 189//190 
f 189//190 758//190 759//190 
o mesh121
f 189//192 193//192 773//192 
f 773//192 758//192 189//192 
o mesh122
f 244//193 243//193 1053//193 
f 254//193 244//193 700//193 
f 700//193 1054//193 254//193 
f 1053//193 700//193 244//193 
o mesh123
f 699//194 698//194 255//194 
f 709//194 699//194 245//194 
f 245//194 514//194 709//194 
f 255//194 245//194 699//194 
o mesh124
f 514//195 246//195 708//195 
f 708//195 709//195 514//195 
o mesh125
f 706//194 708//194 246//194 
f 246//194 247//194 706//194 
o mesh126
f 706//196 247//196 249//196 
f 249//196 707//196 706//196 
o mesh127
f 248//197 705//197 707//197 
f 707//197 249//197 248//197 
o mesh128
f 705//196 248//196 250//196 
f 250//196 703//196 705//196 
o mesh129
f 703//198 250//198 252//198 
f 252//198 704//198 703//198 
o mesh130
f 704//199 252//199 251//199 
f 251//199 702//199 704//199 
o mesh131
f 251//198 253//198 701//198 
f 701//198 702//198 251//198 
o mesh132
f 253//200 254//200 1054//200 
f 1054//200 701//200 253//200 
o mesh133
f 259//201 512//201 695//201 
f 275//201 259//201 683//201 
f 683//201 1057//201 275//201 
f 695//201 683//201 259//201 
o mesh134
f 676//202 1058//202 278//202 
f 692//202 676//202 262//202 
f 262//202 511//202 692//202 
f 278//202 262//202 676//202 
o mesh135
f 511//203 263//203 691//203 
f 691//203 692//203 511//203 
o mesh136
f 689//202 691//202 263//202 
f 263//202 264//202 689//202 
o mesh137
f 689//204 264//204 266//204 
f 266//204 690//204 689//204 
o mesh138
f 265//205 685//205 690//205 
f 690//205 266//205 265//205 
o mesh139
f 685//204 265//204 268//204 
f 268//204 686//204 685//204 
o mesh140
f 686//206 268//206 274//206 
f 274//206 688//206 686//206 
o mesh141
f 688//207 274//207 273//207 
f 273//207 681//207 688//207 
o mesh142
f 273//206 271//206 684//206 
f 684//206 681//206 273//206 
o mesh143
f 271//208 275//208 1057//208 
f 1057//208 684//208 271//208 
o mesh144
f 143//209 509//209 675//209 
f 144//209 143//209 674//209 
f 674//209 1045//209 144//209 
f 675//209 674//209 143//209 
o mesh145
f 805//210 1046//210 149//210 
f 815//210 805//210 134//210 
f 134//210 522//210 815//210 
f 149//210 134//210 805//210 
o mesh146
f 522//211 135//211 814//211 
f 814//211 815//211 522//211 
o mesh147
f 812//210 814//210 135//210 
f 135//210 136//210 812//210 
o mesh148
f 812//212 136//212 138//212 
f 138//212 813//212 812//212 
o mesh149
f 137//213 811//213 813//213 
f 813//213 138//213 137//213 
o mesh150
f 811//212 137//212 139//212 
f 139//212 809//212 811//212 
o mesh151
f 809//214 139//214 141//214 
f 141//214 810//214 809//214 
o mesh152
f 810//215 141//215 140//215 
f 140//215 808//215 810//215 
o mesh153
f 140//214 142//214 816//214 
f 816//214 808//214 140//214 
o mesh154
f 142//216 144//216 1045//216 
f 1045//216 816//216 142//216 
o mesh155
f 943//217 951//216 392//216 
f 934//218 943//217 391//217 
f 935//219 934//218 403//218 
f 933//220 935//219 394//219 
f 929//221 933//220 393//220 
f 930//222 929//221 395//221 
f 932//223 930//222 384//222 
f 941//224 932//223 383//223 
f 942//225 941//224 397//224 
f 939//226 942//225 405//225 
f 940//227 939//226 404//226 
f 938//228 940//227 412//227 
f 931//229 938//228 411//228 
f 927//230 931//229 413//229 
f 926//231 928//232 406//232 
f 407//233 406//232 928//232 
f 928//232 927//230 407//233 
f 949//234 926//231 399//235 
f 950//236 949//234 398//237 
f 947//238 950//236 409//239 
f 948//240 947//238 408//241 
f 946//242 948//240 400//243 
f 936//244 946//242 386//245 
f 937//246 936//244 385//247 
f 954//248 937//246 389//249 
f 944//250 954//248 388//251 
f 945//252 944//250 410//253 
f 952//254 945//252 402//255 
f 953//256 952//254 401//257 
f 955//258 953//256 390//259 
f 951//216 955//258 382//258 
f 382//258 392//216 951//216 
f 390//259 382//258 955//258 
f 401//257 390//259 953//256 
f 402//255 401//257 952//254 
f 410//253 402//255 945//252 
f 388//251 410//253 944//250 
f 389//249 388//251 954//248 
f 385//247 389//249 937//246 
f 386//245 385//247 936//244 
f 400//243 386//245 946//242 
f 408//241 400//243 948//240 
f 409//239 408//241 947//238 
f 398//237 409//239 950//236 
f 399//235 398//237 949//234 
f 406//232 399//235 926//231 
f 413//229 407//233 927//230 
f 411//228 413//229 931//229 
f 412//227 411//228 938//228 
f 404//226 412//227 940//227 
f 405//225 404//226 939//226 
f 397//224 405//225 942//225 
f 383//223 397//224 941//224 
f 384//222 383//223 932//223 
f 395//221 384//222 930//222 
f 393//220 395//221 929//221 
f 394//219 393//220 933//220 
f 403//218 394//219 935//219 
f 391//217 403//218 934//218 
f 392//216 391//217 943//217 
o mesh156
f 364//260 363//261 914//261 
f 367//262 364//260 913//263 
f 370//264 367//262 916//265 
f 919//266 911//267 357//267 
f 919//266 362//266 370//264 
f 370//264 918//268 919//266 
f 358//269 357//267 911//267 
f 356//270 358//269 907//269 
f 352//271 356//270 906//270 
f 344//272 352//271 908//271 
f 345//273 344//272 893//272 
f 351//274 345//273 891//273 
f 353//275 351//274 890//274 
f 354//276 353//275 894//275 
f 350//277 354//276 898//276 
f 348//278 350//277 896//277 
f 349//279 348//278 895//278 
f 346//280 349//279 899//279 
f 347//281 346//280 901//280 
f 343//282 347//281 903//281 
f 342//283 343//282 902//282 
f 340//284 342//283 900//283 
f 341//285 340//284 897//284 
f 355//286 341//285 892//285 
f 359//287 355//286 904//286 
f 360//288 359//287 905//287 
f 361//289 360//288 910//288 
f 912//290 920//291 368//291 
f 912//290 369//290 361//289 
f 361//289 909//292 912//290 
f 365//293 368//291 920//291 
f 366//294 365//293 917//293 
f 363//261 366//294 915//294 
f 915//294 914//261 363//261 
f 917//293 915//294 366//294 
f 920//291 917//293 365//293 
f 368//291 369//290 912//290 
f 910//288 909//292 361//289 
f 905//287 910//288 360//288 
f 904//286 905//287 359//287 
f 892//285 904//286 355//286 
f 897//284 892//285 341//285 
f 900//283 897//284 340//284 
f 902//282 900//283 342//283 
f 903//281 902//282 343//282 
f 901//280 903//281 347//281 
f 899//279 901//280 346//280 
f 895//278 899//279 349//279 
f 896//277 895//278 348//278 
f 898//276 896//277 350//277 
f 894//275 898//276 354//276 
f 890//274 894//275 353//275 
f 891//273 890//274 351//274 
f 893//272 891//273 345//273 
f 908//271 893//272 344//272 
f 906//270 908//271 352//271 
f 907//269 906//270 356//270 
f 911//267 907//269 358//269 
f 357//267 362//266 919//266 
f 916//265 918//268 370//264 
f 913//263 916//265 367//262 
f 914//261 913//263 364//260 
o mesh157
f 319//295 321//296 979//296 
f 317//297 319//295 978//298 
f 318//299 317//297 980//300 
f 329//301 318//299 982//302 
f 330//303 329//301 981//304 
f 339//305 330//303 995//306 
f 334//307 339//305 994//308 
f 335//309 334//307 996//310 
f 327//311 335//309 989//312 
f 328//313 327//311 988//314 
f 333//315 328//313 990//316 
f 968//317 967//318 312//318 
f 968//317 314//317 333//315 
f 333//315 983//319 968//317 
f 313//320 312//318 967//318 
f 316//321 313//320 969//320 
f 315//322 316//321 971//321 
f 311//323 315//322 973//322 
f 309//324 311//323 974//323 
f 970//325 991//326 325//326 
f 970//325 310//325 309//324 
f 309//324 972//327 970//325 
f 326//328 325//326 991//326 
f 331//329 326//328 985//328 
f 332//330 331//329 984//329 
f 338//331 332//330 993//330 
f 336//332 338//331 992//331 
f 337//333 336//332 997//332 
f 322//334 337//333 987//333 
f 323//335 322//334 986//334 
f 324//336 323//335 976//335 
f 320//337 324//336 975//336 
f 321//296 320//337 977//337 
f 977//337 979//296 321//296 
f 975//336 977//337 320//337 
f 976//335 975//336 324//336 
f 986//334 976//335 323//335 
f 987//333 986//334 322//334 
f 997//332 987//333 337//333 
f 992//331 997//332 336//332 
f 993//330 992//331 338//331 
f 984//329 993//330 332//330 
f 985//328 984//329 331//329 
f 991//326 985//328 326//328 
f 325//326 310//325 970//325 
f 974//323 972//327 309//324 
f 973//322 974//323 311//323 
f 971//321 973//322 315//322 
f 969//320 971//321 316//321 
f 967//318 969//320 313//320 
f 312//318 314//317 968//317 
f 990//316 983//319 333//315 
f 988//314 990//316 328//313 
f 989//312 988//314 327//311 
f 996//310 989//312 335//309 
f 994//308 996//310 334//307 
f 995//306 994//308 339//305 
f 981//304 995//306 330//303 
f 982//302 981//304 329//301 
f 980//300 982//302 318//299 
f 978//298 980//300 317//297 
f 979//296 978//298 319//295 
o mesh158
f 427//338 429//339 871//339 
f 425//340 427//338 870//341 
f 426//342 425//340 874//343 
f 436//344 426//342 873//345 
f 437//346 436//344 872//347 
f 447//348 437//346 887//349 
f 442//350 447//348 886//351 
f 443//352 442//350 888//353 
f 434//354 443//352 882//355 
f 435//356 434//354 881//357 
f 441//358 435//356 876//359 
f 860//360 859//361 422//361 
f 860//360 420//360 441//358 
f 441//358 875//362 860//360 
f 424//363 422//361 859//361 
f 423//364 424//363 861//363 
f 421//365 423//364 865//364 
f 419//366 421//365 866//365 
f 417//367 419//366 863//366 
f 864//368 883//369 433//369 
f 864//368 418//368 417//367 
f 417//367 862//370 864//368 
f 440//371 433//369 883//369 
f 438//372 440//371 878//371 
f 439//373 438//372 877//372 
f 446//374 439//373 885//373 
f 444//375 446//374 884//374 
f 445//376 444//375 889//375 
f 431//377 445//376 880//376 
f 432//378 431//377 879//377 
f 430//379 432//378 868//378 
f 428//380 430//379 867//379 
f 429//339 428//380 869//380 
f 869//380 871//339 429//339 
f 867//379 869//380 428//380 
f 868//378 867//379 430//379 
f 879//377 868//378 432//378 
f 880//376 879//377 431//377 
f 889//375 880//376 445//376 
f 884//374 889//375 444//375 
f 885//373 884//374 446//374 
f 877//372 885//373 439//373 
f 878//371 877//372 438//372 
f 883//369 878//371 440//371 
f 433//369 418//368 864//368 
f 863//366 862//370 417//367 
f 866//365 863//366 419//366 
f 865//364 866//365 421//365 
f 861//363 865//364 423//364 
f 859//361 861//363 424//363 
f 422//361 420//360 860//360 
f 876//359 875//362 441//358 
f 881//357 876//359 435//356 
f 882//355 881//357 434//354 
f 888//353 882//355 443//352 
f 886//351 888//353 442//350 
f 887//349 886//351 447//348 
f 872//347 887//349 437//346 
f 873//345 872//347 436//344 
f 874//343 873//345 426//342 
f 870//341 874//343 425//340 
f 871//339 870//341 427//338 
o mesh159
f 473//381 472//382 1021//382 
f 478//383 473//381 1024//384 
f 476//385 478//383 1023//386 
f 1025//387 1016//388 464//388 
f 1025//387 469//387 476//385 
f 476//385 1027//389 1025//387 
f 465//390 464//388 1016//388 
f 468//391 465//390 1014//390 
f 462//392 468//391 1013//391 
f 450//393 462//392 1017//392 
f 454//394 450//393 999//393 
f 458//395 454//394 998//394 
f 460//396 458//395 1000//395 
f 461//397 460//396 1001//396 
f 459//398 461//397 1005//397 
f 456//399 459//398 1004//398 
f 457//400 456//399 1007//399 
f 453//401 457//400 1006//400 
f 455//402 453//401 1009//401 
f 452//403 455//402 1008//402 
f 448//404 452//403 1012//403 
f 449//405 448//404 1010//404 
f 451//406 449//405 1003//405 
f 463//407 451//406 1002//406 
f 466//408 463//407 1011//407 
f 467//409 466//408 1015//408 
f 470//410 467//409 1019//409 
f 1020//411 1026//412 477//412 
f 1020//411 475//411 470//410 
f 470//410 1018//413 1020//411 
f 474//414 477//412 1026//412 
f 471//415 474//414 1028//414 
f 472//382 471//415 1022//415 
f 1022//415 1021//382 472//382 
f 1028//414 1022//415 471//415 
f 1026//412 1028//414 474//414 
f 477//412 475//411 1020//411 
f 1019//409 1018//413 470//410 
f 1015//408 1019//409 467//409 
f 1011//407 1015//408 466//408 
f 1002//406 1011//407 463//407 
f 1003//405 1002//406 451//406 
f 1010//404 1003//405 449//405 
f 1012//403 1010//404 448//404 
f 1008//402 1012//403 452//403 
f 1009//401 1008//402 455//402 
f 1006//400 1009//401 453//401 
f 1007//399 1006//400 457//400 
f 1004//398 1007//399 456//399 
f 1005//397 1004//398 459//398 
f 1001//396 1005//397 461//397 
f 1000//395 1001//396 460//396 
f 998//394 1000//395 458//395 
f 999//393 998//394 454//394 
f 1017//392 999//393 450//393 
f 1013//391 1017//392 462//392 
f 1014//390 1013//391 468//391 
f 1016//388 1014//390 465//390 
f 464//388 469//387 1025//387 
f 1023//386 1027//389 476//385 
f 1024//384 1023//386 478//383 
f 1021//382 1024//384 473//381 
o mesh160
f 84//416 87//417 601//417 
f 85//418 84//416 600//419 
f 94//420 85//418 608//421 
f 82//422 94//420 607//423 
f 83//424 82//422 612//425 
f 99//426 83//424 611//427 
f 97//428 99//426 610//429 
f 98//430 97//428 626//431 
f 92//432 98//430 630//433 
f 93//434 92//432 629//435 
f 80//436 93//434 628//437 
f 81//438 80//436 627//439 
f 75//440 81//438 624//441 
f 69//442 75//440 623//443 
f 72//444 70//445 613//445 
f 625//446 613//445 70//445 
f 70//445 69//442 625//446 
f 73//447 72//444 615//448 
f 74//449 73//447 614//450 
f 78//451 74//449 617//452 
f 79//453 78//451 616//454 
f 76//455 79//453 619//456 
f 77//457 76//455 618//458 
f 100//459 77//457 621//460 
f 90//461 100//459 620//462 
f 91//463 90//461 622//464 
f 96//465 91//463 606//466 
f 88//467 96//465 605//468 
f 89//469 88//467 609//470 
f 95//471 89//469 604//472 
f 87//417 95//471 603//471 
f 603//471 601//417 87//417 
f 604//472 603//471 95//471 
f 609//470 604//472 89//469 
f 605//468 609//470 88//467 
f 606//466 605//468 96//465 
f 622//464 606//466 91//463 
f 620//462 622//464 90//461 
f 621//460 620//462 100//459 
f 618//458 621//460 77//457 
f 619//456 618//458 76//455 
f 616//454 619//456 79//453 
f 617//452 616//454 78//451 
f 614//450 617//452 74//449 
f 615//448 614//450 73//447 
f 613//445 615//448 72//444 
f 623//443 625//446 69//442 
f 624//441 623//443 75//440 
f 627//439 624//441 81//438 
f 628//437 627//439 80//436 
f 629//435 628//437 93//434 
f 630//433 629//435 92//432 
f 626//431 630//433 98//430 
f 610//429 626//431 97//428 
f 611//427 610//429 99//426 
f 612//425 611//427 83//424 
f 607//423 612//425 82//422 
f 608//421 607//423 94//420 
f 600//419 608//421 85//418 
f 601//417 600//419 84//416 
o mesh161
f 132//473 128//474 635//474 
f 120//475 132//473 637//476 
f 121//477 120//475 641//478 
f 118//479 121//477 648//480 
f 119//481 118//479 647//482 
f 131//483 119//481 650//484 
f 116//485 131//483 649//486 
f 117//487 116//485 660//488 
f 114//489 117//487 654//490 
f 115//491 114//489 661//492 
f 127//493 115//491 656//494 
f 126//495 127//493 655//496 
f 110//497 126//495 662//498 
f 102//499 110//497 664//500 
f 105//501 103//502 657//502 
f 663//503 657//502 103//502 
f 103//502 102//499 663//503 
f 113//504 105//501 652//505 
f 112//506 113//504 651//507 
f 108//508 112//506 658//509 
f 109//510 108//508 653//511 
f 111//512 109//510 643//513 
f 107//514 111//512 642//515 
f 133//516 107//514 645//517 
f 124//518 133//516 644//519 
f 125//520 124//518 659//521 
f 130//522 125//520 639//523 
f 129//524 130//522 638//525 
f 122//526 129//524 646//527 
f 123//528 122//526 640//529 
f 128//474 123//528 636//528 
f 636//528 635//474 128//474 
f 640//529 636//528 123//528 
f 646//527 640//529 122//526 
f 638//525 646//527 129//524 
f 639//523 638//525 130//522 
f 659//521 639//523 125//520 
f 644//519 659//521 124//518 
f 645//517 644//519 133//516 
f 642//515 645//517 107//514 
f 643//513 642//515 111//512 
f 653//511 643//513 109//510 
f 658//509 653//511 108//508 
f 651//507 658//509 112//506 
f 652//505 651//507 113//504 
f 657//502 652//505 105//501 
f 664//500 663//503 102//499 
f 662//498 664//500 110//497 
f 655//496 662//498 126//495 
f 656//494 655//496 127//493 
f 661//492 656//494 115//491 
f 654//490 661//492 114//489 
f 660//488 654//490 117//487 
f 649//486 660//488 116//485 
f 650//484 649//486 131//483 
f 647//482 650//484 119//481 
f 648//480 647//482 118//479 
f 641//478 648//480 121//477 
f 637//476 641//478 120//475 
f 635//474 637//476 132//473 
