# OBJ generated by ONSHAPE BY PTC INC, 1.219 Units = meters
mtllib Assembly 2 - Whacker.mtl
g Whacker
v 0.00976753 -0.000161228 0 
v 0.00975 -6.42201e-18 0 
v 0.00975 -6.42201e-18 0.003175 
v 0.00981932 -0.000314917 0 
v 0.00976753 -0.000161228 0.003175 
v 0.00990293 -0.000453881 0 
v 0.00981932 -0.000314917 0.003175 
v 0.0100145 -0.000571622 0 
v 0.00990293 -0.000453881 0.003175 
v 0.0101487 -0.000662634 0 
v 0.0100145 -0.000571622 0.003175 
v 0.0102994 -0.000722662 0 
v 0.0101487 -0.000662634 0.003175 
v 0.0104594 -0.0007489 0 
v 0.0102994 -0.000722662 0.003175 
v 0.0106213 -0.00074012 0 
v 0.0104594 -0.0007489 0.003175 
v 0.0107776 -0.000696733 0 
v 0.0106213 -0.00074012 0.003175 
v 0.0109209 -0.000620767 0 
v 0.0107776 -0.000696733 0.003175 
v 0.0110445 -0.000515775 0 
v 0.0109209 -0.000620767 0.003175 
v 0.0111426 -0.000386665 0 
v 0.0110445 -0.000515775 0.003175 
v 0.0112107 -0.000239476 0 
v 0.0111426 -0.000386665 0.003175 
v 0.0112456 -8.10893e-05 0 
v 0.0112107 -0.000239476 0.003175 
v 0.0112456 8.10893e-05 0.003175 
v 0.0112456 8.10893e-05 0 
v 0.01125 -6.14646e-18 0 
v 0.0112456 -8.10893e-05 0.003175 
v 0.01125 -6.33016e-18 0.003175 
v 0.0112107 0.000239476 0 
v 0.0111426 0.000386665 0 
v 0.0112107 0.000239476 0.003175 
v 0.0110445 0.000515775 0 
v 0.0111426 0.000386665 0.003175 
v 0.0109209 0.000620767 0 
v 0.0110445 0.000515775 0.003175 
v 0.0107776 0.000696733 0 
v 0.0109209 0.000620767 0.003175 
v 0.0106213 0.00074012 0 
v 0.0107776 0.000696733 0.003175 
v 0.0104594 0.0007489 0 
v 0.0106213 0.00074012 0.003175 
v 0.0102994 0.000722662 0 
v 0.0104594 0.0007489 0.003175 
v 0.0101487 0.000662634 0 
v 0.0102994 0.000722662 0.003175 
v 0.0100145 0.000571622 0 
v 0.0101487 0.000662634 0.003175 
v 0.00990293 0.000453881 0 
v 0.0100145 0.000571622 0.003175 
v 0.00981932 0.000314917 0 
v 0.00990293 0.000453881 0.003175 
v 0.00976753 0.000161228 0 
v 0.00981932 0.000314917 0.003175 
v 0.00976753 0.000161228 0.003175 
v 0.000277604 -0.0158033 0.003175 
v 0.00042089 -0.0158792 0.003175 
v -0.000732465 -0.0166612 0.003175 
v -0.00075 -0.0165 0.003175 
v 0.000121336 -0.0157599 0.003175 
v -4.06042e-05 -0.0157511 0.003175 
v -0.000680682 -0.0161851 0.003175 
v -0.00059707 -0.0160461 0.003175 
v -0.000732465 -0.0163388 0.003175 
v -0.000680682 -0.0168149 0.003175 
v 0.000121336 -0.0172401 0.003175 
v -4.06042e-05 -0.0172489 0.003175 
v 0.00071074 -0.0162605 0.003175 
v 0.000745603 -0.0164189 0.003175 
v 0.000544497 -0.0159842 0.003175 
v 0.000642643 -0.0161133 0.003175 
v -0.000351306 -0.0158374 0.003175 
v -0.000200646 -0.0157773 0.003175 
v -0.00048554 -0.0159284 0.003175 
v -0.00048554 -0.0170716 0.003175 
v -0.00059707 -0.0169539 0.003175 
v 0.000277604 -0.0171967 0.003175 
v 0.000544497 -0.0170158 0.003175 
v 0.00042089 -0.0171208 0.003175 
v 0.00075 -0.0165 0.003175 
v 0.000745603 -0.0165811 0.003175 
v -0.000351306 -0.0171626 0.003175 
v -0.000200646 -0.0172227 0.003175 
v 0.00071074 -0.0167395 0.003175 
v 0.000642643 -0.0168867 0.003175 
v 0.000277604 -0.0128033 0.003175 
v 0.00042089 -0.0128792 0.003175 
v 0.000121336 -0.0127599 0.003175 
v -4.06042e-05 -0.0127511 0.003175 
v -0.00075 -0.0135 0.003175 
v -0.000732465 -0.0133388 0.003175 
v -0.000732465 -0.0136612 0.003175 
v 0.000745603 -0.0134189 0.003175 
v 0.00075 -0.0135 0.003175 
v -0.00059707 -0.0139539 0.003175 
v -0.000680682 -0.0138149 0.003175 
v 0.000121336 -0.0142401 0.003175 
v -4.06042e-05 -0.0142489 0.003175 
v 0.00071074 -0.0132605 0.003175 
v 0.000544497 -0.0129842 0.003175 
v 0.000642643 -0.0131133 0.003175 
v -0.000200646 -0.0127773 0.003175 
v -0.00048554 -0.0129284 0.003175 
v -0.000351306 -0.0128374 0.003175 
v -0.000680682 -0.0131851 0.003175 
v -0.00059707 -0.0130461 0.003175 
v 0.000277604 -0.0141967 0.003175 
v 0.000544497 -0.0140158 0.003175 
v 0.00042089 -0.0141208 0.003175 
v -0.000351306 -0.0141626 0.003175 
v -0.00048554 -0.0140716 0.003175 
v -0.000200646 -0.0142227 0.003175 
v 0.00071074 -0.0137395 0.003175 
v 0.000642643 -0.0138867 0.003175 
v 0.000745603 -0.0135811 0.003175 
v -0.000732465 -0.0103388 0.003175 
v -0.000680682 -0.0101851 0.003175 
v -0.000732465 -0.0106612 0.003175 
v -0.00075 -0.0105 0.003175 
v -0.00059707 -0.0100461 0.003175 
v 0.00075 -0.0105 0.003175 
v 0.00071074 -0.0102605 0.003175 
v 0.000745603 -0.0104189 0.003175 
v -0.00059707 -0.0109539 0.003175 
v -0.000680682 -0.0108149 0.003175 
v 0.000121336 -0.0112401 0.003175 
v -4.06042e-05 -0.0112489 0.003175 
v 0.000642643 -0.0108867 0.003175 
v 0.000544497 -0.0110158 0.003175 
v 0.000745603 -0.0105811 0.003175 
v 0.000642643 -0.0101133 0.003175 
v 0.000277604 -0.00980327 0.003175 
v 0.00042089 -0.00987923 0.003175 
v -0.000351306 -0.0111626 0.003175 
v -0.00048554 -0.0110716 0.003175 
v -0.000200646 -0.0112227 0.003175 
v 0.000277604 -0.0111967 0.003175 
v 0.00042089 -0.0111208 0.003175 
v 0.00071074 -0.0107395 0.003175 
v 0.000544497 -0.00998423 0.003175 
v 0.000121336 -0.00975988 0.003175 
v -4.06042e-05 -0.0097511 0.003175 
v -0.00048554 -0.00992838 0.003175 
v -0.000351306 -0.00983737 0.003175 
v -0.000200646 -0.00977734 0.003175 
v -0.0159555 -0.000515775 0.003175 
v -0.0160791 -0.000620767 0.003175 
v -0.0162224 -0.000696733 0.003175 
v -0.0165406 -0.0007489 0.003175 
v -0.0163787 -0.00074012 0.003175 
v -0.01575 4.86059e-18 0.003175 
v -0.0157544 -8.10893e-05 0.003175 
v -0.0157544 8.10893e-05 0.003175 
v -0.0172325 0.000161228 0.003175 
v -0.0171807 0.000314917 0.003175 
v -0.01725 4.76874e-18 0.003175 
v -0.0167006 -0.000722662 0.003175 
v -0.0168513 -0.000662634 0.003175 
v -0.0157893 -0.000239476 0.003175 
v -0.0157893 0.000239476 0.003175 
v -0.0160791 0.000620767 0.003175 
v -0.0159555 0.000515775 0.003175 
v -0.0167006 0.000722662 0.003175 
v -0.0165406 0.0007489 0.003175 
v -0.0171807 -0.000314917 0.003175 
v -0.0172325 -0.000161228 0.003175 
v -0.0158574 -0.000386665 0.003175 
v -0.0158574 0.000386665 0.003175 
v -0.0162224 0.000696733 0.003175 
v -0.0163787 0.00074012 0.003175 
v -0.0168513 0.000662634 0.003175 
v -0.0170971 0.000453881 0.003175 
v -0.0169855 0.000571622 0.003175 
v -0.0169855 -0.000571622 0.003175 
v -0.0170971 -0.000453881 0.003175 
v -0.0133787 -0.00074012 0.003175 
v -0.0135406 -0.0007489 0.003175 
v -0.0132224 -0.000696733 0.003175 
v -0.0129555 -0.000515775 0.003175 
v -0.0130791 -0.000620767 0.003175 
v -0.01425 4.95243e-18 0.003175 
v -0.0141807 -0.000314917 0.003175 
v -0.0142325 -0.000161228 0.003175 
v -0.01275 5.04428e-18 0.003175 
v -0.0127544 -8.10893e-05 0.003175 
v -0.0127544 8.10893e-05 0.003175 
v -0.0142325 0.000161228 0.003175 
v -0.0141807 0.000314917 0.003175 
v -0.0137006 -0.000722662 0.003175 
v -0.0138513 -0.000662634 0.003175 
v -0.0127893 -0.000239476 0.003175 
v -0.0127893 0.000239476 0.003175 
v -0.0130791 0.000620767 0.003175 
v -0.0129555 0.000515775 0.003175 
v -0.0135406 0.0007489 0.003175 
v -0.0139855 -0.000571622 0.003175 
v -0.0140971 -0.000453881 0.003175 
v -0.0128574 -0.000386665 0.003175 
v -0.0128574 0.000386665 0.003175 
v -0.0132224 0.000696733 0.003175 
v -0.0133787 0.00074012 0.003175 
v -0.0138513 0.000662634 0.003175 
v -0.0137006 0.000722662 0.003175 
v -0.0140971 0.000453881 0.003175 
v -0.0139855 0.000571622 0.003175 
v -0.0103787 -0.00074012 0.003175 
v -0.0105406 -0.0007489 0.003175 
v -0.0102224 -0.000696733 0.003175 
v -0.0099555 -0.000515775 0.003175 
v -0.0100791 -0.000620767 0.003175 
v -0.01125 5.13613e-18 0.003175 
v -0.0111807 -0.000314917 0.003175 
v -0.0112325 -0.000161228 0.003175 
v -0.00975 5.22798e-18 0.003175 
v -0.0097544 -8.10893e-05 0.003175 
v -0.0097544 8.10893e-05 0.003175 
v -0.0112325 0.000161228 0.003175 
v -0.0111807 0.000314917 0.003175 
v -0.0107006 -0.000722662 0.003175 
v -0.0108513 -0.000662634 0.003175 
v -0.00978926 -0.000239476 0.003175 
v -0.00978926 0.000239476 0.003175 
v -0.0100791 0.000620767 0.003175 
v -0.0099555 0.000515775 0.003175 
v -0.0105406 0.0007489 0.003175 
v -0.0109855 -0.000571622 0.003175 
v -0.0110971 -0.000453881 0.003175 
v -0.00985736 -0.000386665 0.003175 
v -0.00985736 0.000386665 0.003175 
v -0.0102224 0.000696733 0.003175 
v -0.0103787 0.00074012 0.003175 
v -0.0108513 0.000662634 0.003175 
v -0.0107006 0.000722662 0.003175 
v -0.0110971 0.000453881 0.003175 
v -0.0109855 0.000571622 0.003175 
v 0.0127675 0.000161228 0.003175 
v 0.0128193 0.000314917 0.003175 
v 0.0129029 0.000453881 0.003175 
v 0.01275 -6.60571e-18 0.003175 
v 0.0127675 -0.000161228 0.003175 
v 0.0129029 -0.000453881 0.003175 
v 0.0128193 -0.000314917 0.003175 
v 0.0136213 -0.00074012 0.003175 
v 0.0134594 -0.0007489 0.003175 
v 0.01425 -6.51386e-18 0.003175 
v 0.0142107 0.000239476 0.003175 
v 0.0142456 8.10893e-05 0.003175 
v 0.0130145 -0.000571622 0.003175 
v 0.0142456 -8.10893e-05 0.003175 
v 0.0141426 0.000386665 0.003175 
v 0.0137776 0.000696733 0.003175 
v 0.0139209 0.000620767 0.003175 
v 0.0130145 0.000571622 0.003175 
v 0.0131487 0.000662634 0.003175 
v 0.0132994 -0.000722662 0.003175 
v 0.0140445 -0.000515775 0.003175 
v 0.0139209 -0.000620767 0.003175 
v 0.0142107 -0.000239476 0.003175 
v 0.0140445 0.000515775 0.003175 
v 0.0136213 0.00074012 0.003175 
v 0.0134594 0.0007489 0.003175 
v 0.0131487 -0.000662634 0.003175 
v 0.0137776 -0.000696733 0.003175 
v 0.0141426 -0.000386665 0.003175 
v 0.0132994 0.000722662 0.003175 
v -0.000732465 0.0103388 0.003175 
v -0.00075 0.0105 0.003175 
v -0.000680682 0.0101851 0.003175 
v -0.000732465 0.0106612 0.003175 
v -0.000680682 0.0108149 0.003175 
v -0.000351306 0.00983737 0.003175 
v -0.00048554 0.00992838 0.003175 
v 0.000121336 0.00975988 0.003175 
v -4.06042e-05 0.0097511 0.003175 
v -0.00059707 0.0100461 0.003175 
v -0.00059707 0.0109539 0.003175 
v -0.00048554 0.0110716 0.003175 
v -0.000200646 0.00977734 0.003175 
v 0.000642643 0.0101133 0.003175 
v 0.000544497 0.00998423 0.003175 
v 0.00075 0.0105 0.003175 
v 0.00071074 0.0107395 0.003175 
v 0.000745603 0.0105811 0.003175 
v 0.000544497 0.0110158 0.003175 
v 0.000642643 0.0108867 0.003175 
v -4.06042e-05 0.0112489 0.003175 
v -0.000351306 0.0111626 0.003175 
v 0.00042089 0.00987923 0.003175 
v 0.000745603 0.0104189 0.003175 
v -0.000200646 0.0112227 0.003175 
v 0.000277604 0.00980327 0.003175 
v 0.00071074 0.0102605 0.003175 
v 0.00042089 0.0111208 0.003175 
v 0.000121336 0.0112401 0.003175 
v 0.000277604 0.0111967 0.003175 
v -0.00075 0.0135 0.003175 
v -0.00059707 0.0139539 0.003175 
v -0.00048554 0.0140716 0.003175 
v -0.000732465 0.0136612 0.003175 
v -0.000680682 0.0131851 0.003175 
v -0.000732465 0.0133388 0.003175 
v -0.000680682 0.0138149 0.003175 
v -0.000351306 0.0128374 0.003175 
v -0.00048554 0.0129284 0.003175 
v -0.00059707 0.0130461 0.003175 
v -0.000351306 0.0141626 0.003175 
v -0.000200646 0.0142227 0.003175 
v -4.06042e-05 0.0142489 0.003175 
v -4.06042e-05 0.0127511 0.003175 
v -0.000200646 0.0127773 0.003175 
v 0.000121336 0.0127599 0.003175 
v 0.000745603 0.0135811 0.003175 
v 0.00075 0.0135 0.003175 
v 0.000121336 0.0142401 0.003175 
v 0.000277604 0.0128033 0.003175 
v 0.000544497 0.0129842 0.003175 
v 0.00042089 0.0128792 0.003175 
v 0.00071074 0.0137395 0.003175 
v 0.00042089 0.0141208 0.003175 
v 0.000544497 0.0140158 0.003175 
v 0.00071074 0.0132605 0.003175 
v 0.000642643 0.0131133 0.003175 
v 0.000745603 0.0134189 0.003175 
v 0.000642643 0.0138867 0.003175 
v 0.000277604 0.0141967 0.003175 
v 0.0133368 0.0154444 0.003175 
v 0.0126219 0.0175406 0.003175 
v 0.0135885 0.015 0.003175 
v 0.0112998 0.0254757 0.003175 
v 0.00980711 0.0421539 0.003175 
v 0.012 0.0212732 0.003175 
v 0.00320682 0.149727 0.003175 
v 0.00230126 0.151814 0.003175 
v 0.00204835 0.15202 0.003175 
v 0.0028182 0.151003 0.003175 
v 0.00253537 0.151531 0.003175 
v 0.001875 0.152111 0.003175 
v 0.00434335 0.140669 0.003175 
v 0.00614436 0.111532 0.003175 
v 0.00826251 0.06813 0.003175 
v 0.009 0.0557273 0.003175 
v -0.001875 0.152111 0.003175 
v -0.000732465 0.0166612 0.003175 
v -0.00059707 0.0169539 0.003175 
v -0.00048554 0.0170716 0.003175 
v -0.00075 0.0165 0.003175 
v -0.000680682 0.0161851 0.003175 
v -0.000732465 0.0163388 0.003175 
v -4.06042e-05 0.0172489 0.003175 
v -8.35239e-53 0.1524 0.003175 
v -0.00133477 0.152303 0.003175 
v 0.00173678 0.152183 0.003175 
v 0.00133477 0.152303 0.003175 
v 0.000121336 0.0172401 0.003175 
v -0.000680682 0.0168149 0.003175 
v -0.00048554 0.0159284 0.003175 
v -0.00059707 0.0160461 0.003175 
v 0.000277604 0.0171967 0.003175 
v 0.00042089 0.0171208 0.003175 
v -0.00173678 0.152183 0.003175 
v -0.000351306 0.0171626 0.003175 
v -0.000200646 0.0172227 0.003175 
v -0.000351306 0.0158374 0.003175 
v -4.06042e-05 0.0157511 0.003175 
v -0.000200646 0.0157773 0.003175 
v 0.000121336 0.0157599 0.003175 
v 0.000544497 0.0170158 0.003175 
v 0.000642643 0.0168867 0.003175 
v 0.000277604 0.0158033 0.003175 
v 0.000544497 0.0159842 0.003175 
v 0.00042089 0.0158792 0.003175 
v 0.00071074 0.0167395 0.003175 
v 0.000745603 0.0165811 0.003175 
v 0.00071074 0.0162605 0.003175 
v 0.000642643 0.0161133 0.003175 
v 0.00075 0.0165 0.003175 
v 0.000745603 0.0164189 0.003175 
v -0.00230126 0.151814 0.003175 
v -0.00253537 0.151531 0.003175 
v -0.0028182 0.151003 0.003175 
v -0.00320682 0.149727 0.003175 
v -0.00204835 0.15202 0.003175 
v -0.00434335 0.140669 0.003175 
v -0.00614436 0.111532 0.003175 
v -0.00826251 0.06813 0.003175 
v -0.009 0.0557273 0.003175 
v -0.0112998 0.0254757 0.003175 
v -0.012 0.0212732 0.003175 
v -0.00980711 0.0421539 0.003175 
v -0.0126219 0.0175406 0.003175 
v -0.0133368 0.0154444 0.003175 
v -0.0145695 0.0136516 0.003175 
v -0.015 0.013221 0.003175 
v -0.0140423 0.0142413 0.003175 
v -0.0139408 0.014378 0.003175 
v -0.0135885 0.015 0.003175 
v -0.0150559 0.0131651 0.003175 
v -0.0158693 0.012 0.003175 
v -0.0175472 0.00959672 0.003175 
v -0.018625 0.0069854 0.003175 
v -0.0177935 0.009 0.003175 
v -0.0192076 0.00557399 0.003175 
v -0.0199585 0.00128735 0.003175 
v -0.0198556 0.001875 0.003175 
v -0.0198174 -0.001875 0.003175 
v -0.0197645 -0.00306024 0.003175 
v -0.0186346 -0.00726294 0.003175 
v -0.018625 -0.00728142 0.003175 
v -0.0166225 -0.0111218 0.003175 
v -0.0158847 -0.012 0.003175 
v -0.0177289 -0.009 0.003175 
v -0.0138233 -0.014454 0.003175 
v -0.0131111 -0.015 0.003175 
v -0.015 -0.0130532 0.003175 
v -0.012 -0.0158518 0.003175 
v -0.0103696 -0.0171018 0.003175 
v -0.00710073 -0.018625 0.003175 
v -0.009 -0.01774 0.003175 
v -0.00642486 -0.0189399 0.003175 
v -0.00217596 -0.0198813 0.003175 
v -0.001875 -0.0198813 0.003175 
v 0.001875 -0.0198813 0.003175 
v 0.00217596 -0.0198813 0.003175 
v 0.00642486 -0.0189399 0.003175 
v 0.00710073 -0.018625 0.003175 
v 0.0103696 -0.0171018 0.003175 
v 0.012 -0.0158518 0.003175 
v 0.009 -0.01774 0.003175 
v 0.0138233 -0.014454 0.003175 
v 0.015 -0.0130532 0.003175 
v 0.0131111 -0.015 0.003175 
v 0.0158847 -0.012 0.003175 
v 0.0166225 -0.0111218 0.003175 
v 0.0177289 -0.009 0.003175 
v 0.0186346 -0.00726294 0.003175 
v 0.0197645 -0.00306024 0.003175 
v 0.0164594 0.0007489 0.003175 
v 0.0166213 0.00074012 0.003175 
v 0.0158193 0.000314917 0.003175 
v 0.0159029 0.000453881 0.003175 
v 0.0160145 -0.000571622 0.003175 
v 0.0159029 -0.000453881 0.003175 
v 0.0162994 0.000722662 0.003175 
v 0.0157675 0.000161228 0.003175 
v 0.0157675 -0.000161228 0.003175 
v 0.01575 -6.7894e-18 0.003175 
v 0.0158193 -0.000314917 0.003175 
v 0.0198174 -0.001875 0.003175 
v 0.0166213 -0.00074012 0.003175 
v 0.0199585 0.00128735 0.003175 
v 0.0172107 0.000239476 0.003175 
v 0.0172456 8.10893e-05 0.003175 
v 0.0171426 0.000386665 0.003175 
v 0.0161487 0.000662634 0.003175 
v 0.0164594 -0.0007489 0.003175 
v 0.01725 -6.69756e-18 0.003175 
v 0.0172456 -8.10893e-05 0.003175 
v 0.0198556 0.001875 0.003175 
v 0.0167776 0.000696733 0.003175 
v 0.0169209 0.000620767 0.003175 
v 0.0160145 0.000571622 0.003175 
v 0.0162994 -0.000722662 0.003175 
v 0.0170445 0.000515775 0.003175 
v 0.0161487 -0.000662634 0.003175 
v 0.0170445 -0.000515775 0.003175 
v 0.0169209 -0.000620767 0.003175 
v 0.0172107 -0.000239476 0.003175 
v 0.0167776 -0.000696733 0.003175 
v 0.0171426 -0.000386665 0.003175 
v 0.0192076 0.00557399 0.003175 
v 0.0177935 0.009 0.003175 
v 0.0175472 0.00959672 0.003175 
v 0.0158693 0.012 0.003175 
v 0.0150559 0.0131651 0.003175 
v 0.015 0.013221 0.003175 
v 0.0145695 0.0136516 0.003175 
v 0.0139408 0.014378 0.003175 
v 0.0140423 0.0142413 0.003175 
v 0.00217799 -0.0020631 0.003175 
v 0.001875 -0.00232046 0.003175 
v 0.00232098 -0.001875 0.003175 
v -0.000802585 -0.00289065 0.003175 
v -0.00048554 -0.00692838 0.003175 
v -0.000351306 -0.00683737 0.003175 
v 0.000485346 -0.00296048 0.003175 
v -0.000162417 -0.0029956 0.003175 
v -4.06042e-05 -0.0067511 0.003175 
v -0.001875 -0.00233202 0.003175 
v -0.000732465 -0.00733877 0.003175 
v -0.000680682 -0.00718508 0.003175 
v -0.00075 -0.0075 0.003175 
v 0.00071074 -0.00726052 0.003175 
v 0.000745603 -0.00741891 0.003175 
v -0.000200646 -0.00677734 0.003175 
v -0.00059707 -0.00704612 0.003175 
v -0.000732465 -0.00766123 0.003175 
v -0.00059707 -0.00795388 0.003175 
v -0.000680682 -0.00781492 0.003175 
v 0.00111041 -0.00278693 0.003175 
v 0.000277604 -0.00680327 0.003175 
v 0.00042089 -0.00687923 0.003175 
v -0.00140523 -0.00265054 0.003175 
v -0.00048554 -0.00807162 0.003175 
v 0.000642643 -0.00711333 0.003175 
v 0.000121336 -0.00675988 0.003175 
v 0.000544497 -0.00698423 0.003175 
v 0.00168356 -0.00248307 0.003175 
v 0.00042089 -0.00812077 0.003175 
v 0.000277604 -0.00819673 0.003175 
v 0.000642643 -0.00788667 0.003175 
v 0.000544497 -0.00801577 0.003175 
v 0.00075 -0.0075 0.003175 
v 0.000745603 -0.00758109 0.003175 
v -0.000200646 -0.00822266 0.003175 
v -0.000351306 -0.00816263 0.003175 
v 0.000121336 -0.00824012 0.003175 
v -4.06042e-05 -0.0082489 0.003175 
v 0.00071074 -0.00773948 0.003175 
v -0.00194216 -0.00228649 0.003175 
v -0.00233194 -0.001875 0.003175 
v -0.0067544 -8.10893e-05 0.003175 
v -0.00292986 -0.000644911 0.003175 
v -0.003 1.83697e-19 0.003175 
v -0.0072224 -0.000696733 0.003175 
v -0.00737866 -0.00074012 0.003175 
v -0.00675 5.41168e-18 0.003175 
v -0.0067544 8.10893e-05 0.003175 
v -0.0069555 -0.000515775 0.003175 
v -0.00707911 -0.000620767 0.003175 
v -0.00678926 -0.000239476 0.003175 
v -0.00292986 0.000644911 0.003175 
v -0.00678926 0.000239476 0.003175 
v -0.00825 5.31983e-18 0.003175 
v -0.00818068 -0.000314917 0.003175 
v -0.00823247 -0.000161228 0.003175 
v -0.00685736 -0.000386665 0.003175 
v -0.00272273 -0.00125967 0.003175 
v -0.00238828 -0.00181552 0.003175 
v -0.00685736 0.000386665 0.003175 
v -0.00823247 0.000161228 0.003175 
v -0.00818068 0.000314917 0.003175 
v -0.00770065 -0.000722662 0.003175 
v -0.00785131 -0.000662634 0.003175 
v -0.0075406 -0.0007489 0.003175 
v -0.00272273 0.00125967 0.003175 
v -0.00238828 0.00181552 0.003175 
v -0.00233194 0.001875 0.003175 
v -0.00707911 0.000620767 0.003175 
v -0.0069555 0.000515775 0.003175 
v -0.00737866 0.00074012 0.003175 
v -0.00798554 -0.000571622 0.003175 
v -0.00809707 -0.000453881 0.003175 
v -0.0072224 0.000696733 0.003175 
v -0.0075406 0.0007489 0.003175 
v -0.00785131 0.000662634 0.003175 
v -0.00770065 0.000722662 0.003175 
v -0.00809707 0.000453881 0.003175 
v -0.00798554 0.000571622 0.003175 
v -0.00194216 0.00228649 0.003175 
v -0.001875 0.00233202 0.003175 
v -0.00075 0.0075 0.003175 
v -0.000732465 0.00766123 0.003175 
v -0.00059707 0.00795388 0.003175 
v -0.00048554 0.00807162 0.003175 
v -0.000732465 0.00733877 0.003175 
v -0.00140523 0.00265054 0.003175 
v -0.000680682 0.00718508 0.003175 
v -0.000351306 0.00683737 0.003175 
v -0.00048554 0.00692838 0.003175 
v -0.000351306 0.00816263 0.003175 
v -0.000200646 0.00822266 0.003175 
v -0.000680682 0.00781492 0.003175 
v -0.00059707 0.00704612 0.003175 
v -0.000200646 0.00677734 0.003175 
v -0.000802585 0.00289065 0.003175 
v -0.000162417 0.0029956 0.003175 
v -4.06042e-05 0.0067511 0.003175 
v 0.000277604 0.00680327 0.003175 
v 0.000121336 0.00675988 0.003175 
v 0.000485346 0.00296048 0.003175 
v 0.00111041 0.00278693 0.003175 
v 0.00042089 0.00687923 0.003175 
v -4.06042e-05 0.0082489 0.003175 
v 0.001875 0.00232046 0.003175 
v 0.000745603 0.00741891 0.003175 
v 0.000121336 0.00824012 0.003175 
v 0.00075 0.0075 0.003175 
v 0.00071074 0.00773948 0.003175 
v 0.000745603 0.00758109 0.003175 
v 0.00042089 0.00812077 0.003175 
v 0.000544497 0.00801577 0.003175 
v 0.00168356 0.00248307 0.003175 
v 0.000642643 0.00711333 0.003175 
v 0.000544497 0.00698423 0.003175 
v 0.00071074 0.00726052 0.003175 
v 0.000642643 0.00788667 0.003175 
v 0.000277604 0.00819673 0.003175 
v 0.00217799 0.0020631 0.003175 
v 0.00232098 0.001875 0.003175 
v 0.00681932 0.000314917 0.003175 
v 0.00257057 0.00154666 0.003175 
v 0.00284296 0.000957905 0.003175 
v 0.00676753 0.000161228 0.003175 
v 0.00298241 0.000324357 0.003175 
v 0.003 5.51091e-19 0.003175 
v 0.00675 -6.23831e-18 0.003175 
v 0.00298241 -0.000324357 0.003175 
v 0.00676753 -0.000161228 0.003175 
v 0.00690293 0.000453881 0.003175 
v 0.00681932 -0.000314917 0.003175 
v 0.00284296 -0.000957905 0.003175 
v 0.00701446 0.000571622 0.003175 
v 0.00257057 -0.00154666 0.003175 
v 0.00690293 -0.000453881 0.003175 
v 0.00825 -6.14646e-18 0.003175 
v 0.00821074 0.000239476 0.003175 
v 0.0082456 8.10893e-05 0.003175 
v 0.0074594 -0.0007489 0.003175 
v 0.00729935 -0.000722662 0.003175 
v 0.00792089 -0.000620767 0.003175 
v 0.0077776 -0.000696733 0.003175 
v 0.00814264 -0.000386665 0.003175 
v 0.0080445 -0.000515775 0.003175 
v 0.0082456 -8.10893e-05 0.003175 
v 0.00814264 0.000386665 0.003175 
v 0.0077776 0.000696733 0.003175 
v 0.00792089 0.000620767 0.003175 
v 0.00714869 -0.000662634 0.003175 
v 0.00701446 -0.000571622 0.003175 
v 0.00762134 -0.00074012 0.003175 
v 0.00821074 -0.000239476 0.003175 
v 0.0080445 0.000515775 0.003175 
v 0.00762134 0.00074012 0.003175 
v 0.00729935 0.000722662 0.003175 
v 0.00714869 0.000662634 0.003175 
v 0.0074594 0.0007489 0.003175 
v 0.001875 -0.015 0.003175 
v -0.001875 -0.018625 0.003175 
v -0.001875 -0.015 0.003175 
v 0.001875 -0.018625 0.003175 
v -0.012 -0.012 0.003175 
v -0.012 -0.015 0.003175 
v -0.009 -0.015 0.003175 
v -0.009 -0.012 0.003175 
v 0.001875 -0.012 0.003175 
v -0.001875 -0.012 0.003175 
v 0.009 -0.015 0.003175 
v 0.009 -0.012 0.003175 
v 0.012 -0.015 0.003175 
v -0.015 -0.009 0.003175 
v -0.015 -0.012 0.003175 
v -0.012 -0.009 0.003175 
v -0.009 -0.009 0.003175 
v -0.001875 -0.009 0.003175 
v 0.001875 -0.009 0.003175 
v 0.009 -0.009 0.003175 
v 0.012 -0.012 0.003175 
v 0.012 -0.009 0.003175 
v 0.015 -0.012 0.003175 
v -0.015 -0.001875 0.003175 
v -0.012 -0.001875 0.003175 
v 0.009 -0.001875 0.003175 
v 0.012 -0.001875 0.003175 
v 0.015 -0.009 0.003175 
v -0.018625 -0.001875 0.003175 
v -0.015 0.001875 0.003175 
v -0.018625 0.001875 0.003175 
v -0.012 0.001875 0.003175 
v -0.009 -0.001875 0.003175 
v -0.009 0.001875 0.003175 
v 0.009 0.001875 0.003175 
v 0.012 0.001875 0.003175 
v 0.015 -0.001875 0.003175 
v 0.015 0.001875 0.003175 
v -0.015 0.009 0.003175 
v -0.012 0.009 0.003175 
v 0.009 0.009 0.003175 
v 0.012 0.009 0.003175 
v -0.015 0.012 0.003175 
v -0.012 0.012 0.003175 
v -0.009 0.009 0.003175 
v -0.009 0.012 0.003175 
v -0.001875 0.009 0.003175 
v -0.001875 0.012 0.003175 
v 0.001875 0.009 0.003175 
v 0.001875 0.012 0.003175 
v 0.009 0.012 0.003175 
v 0.012 0.012 0.003175 
v 0.015 0.009 0.003175 
v -0.012 0.015 0.003175 
v -0.009 0.015 0.003175 
v -0.001875 0.015 0.003175 
v 0.001875 0.015 0.003175 
v 0.009 0.015 0.003175 
v 0.012 0.015 0.003175 
v 0.015 0.012 0.003175 
v 0.00075 0.0135 0 
v 0.000745603 0.0134189 0 
v 0.00071074 0.0132605 0 
v -0.00059707 0.0130461 0 
v -0.00048554 0.0129284 0 
v -0.000732465 0.0136612 0 
v -0.00075 0.0135 0 
v -0.000351306 0.0141626 0 
v -0.00048554 0.0140716 0 
v 0.000745603 0.0135811 0 
v -4.06042e-05 0.0127511 0 
v -0.000680682 0.0131851 0 
v -0.000732465 0.0133388 0 
v -0.000680682 0.0138149 0 
v -0.00059707 0.0139539 0 
v 0.000642643 0.0138867 0 
v 0.000544497 0.0140158 0 
v 0.00071074 0.0137395 0 
v 0.000544497 0.0129842 0 
v 0.000642643 0.0131133 0 
v 0.000277604 0.0128033 0 
v 0.00042089 0.0128792 0 
v 0.000121336 0.0127599 0 
v -0.000351306 0.0128374 0 
v -0.000200646 0.0127773 0 
v -4.06042e-05 0.0142489 0 
v -0.000200646 0.0142227 0 
v 0.000121336 0.0142401 0 
v 0.00042089 0.0141208 0 
v 0.000277604 0.0141967 0 
v 0.000745603 0.0104189 0 
v 0.00075 0.0105 0 
v 0.000745603 0.0105811 0 
v 0.00071074 0.0107395 0 
v 0.000642643 0.0108867 0 
v 0.00071074 0.0102605 0 
v 0.00042089 0.00987923 0 
v 0.000544497 0.00998423 0 
v 0.000642643 0.0101133 0 
v 0.000277604 0.00980327 0 
v -4.06042e-05 0.0097511 0 
v -0.00059707 0.0100461 0 
v -0.00048554 0.00992838 0 
v -0.00075 0.0105 0 
v -0.00059707 0.0109539 0 
v -0.000680682 0.0108149 0 
v -0.000351306 0.0111626 0 
v -0.00048554 0.0110716 0 
v 0.000544497 0.0110158 0 
v 0.000121336 0.00975988 0 
v -0.000200646 0.00977734 0 
v -0.000680682 0.0101851 0 
v -0.000732465 0.0103388 0 
v -0.000732465 0.0106612 0 
v -0.000200646 0.0112227 0 
v 0.000121336 0.0112401 0 
v -4.06042e-05 0.0112489 0 
v 0.00042089 0.0111208 0 
v 0.000277604 0.0111967 0 
v -0.000351306 0.00983737 0 
v -0.01575 5.04428e-18 0 
v -0.0157544 -8.10893e-05 0 
v -0.0157893 -0.000239476 0 
v -0.0162224 -0.000696733 0 
v -0.0160791 -0.000620767 0 
v -0.0157544 8.10893e-05 0 
v -0.0163787 -0.00074012 0 
v -0.0157893 0.000239476 0 
v -0.0165406 -0.0007489 0 
v -0.0167006 -0.000722662 0 
v -0.0158574 -0.000386665 0 
v -0.0169855 -0.000571622 0 
v -0.0168513 -0.000662634 0 
v -0.0158574 0.000386665 0 
v -0.0159555 0.000515775 0 
v -0.0159555 -0.000515775 0 
v -0.0160791 0.000620767 0 
v -0.0165406 0.0007489 0 
v -0.0171807 -0.000314917 0 
v -0.0170971 -0.000453881 0 
v -0.0172325 0.000161228 0 
v -0.01725 4.76874e-18 0 
v -0.0170971 0.000453881 0 
v -0.0171807 0.000314917 0 
v -0.0167006 0.000722662 0 
v -0.0162224 0.000696733 0 
v -0.0163787 0.00074012 0 
v -0.0172325 -0.000161228 0 
v -0.0168513 0.000662634 0 
v -0.0169855 0.000571622 0 
v -0.01275 5.22798e-18 0 
v -0.0127544 -8.10893e-05 0 
v -0.0127893 -0.000239476 0 
v -0.0135406 -0.0007489 0 
v -0.0127544 8.10893e-05 0 
v -0.0132224 -0.000696733 0 
v -0.0130791 -0.000620767 0 
v -0.0133787 -0.00074012 0 
v -0.0127893 0.000239476 0 
v -0.0128574 -0.000386665 0 
v -0.0137006 -0.000722662 0 
v -0.0139855 -0.000571622 0 
v -0.0138513 -0.000662634 0 
v -0.0129555 -0.000515775 0 
v -0.0141807 -0.000314917 0 
v -0.0140971 -0.000453881 0 
v -0.01425 4.95243e-18 0 
v -0.0142325 -0.000161228 0 
v -0.0133787 0.00074012 0 
v -0.0135406 0.0007489 0 
v -0.0128574 0.000386665 0 
v -0.0129555 0.000515775 0 
v -0.0142325 0.000161228 0 
v -0.0140971 0.000453881 0 
v -0.0141807 0.000314917 0 
v -0.0137006 0.000722662 0 
v -0.0132224 0.000696733 0 
v -0.0130791 0.000620767 0 
v -0.0138513 0.000662634 0 
v -0.0139855 0.000571622 0 
v -0.00975 5.41168e-18 0 
v -0.0097544 -8.10893e-05 0 
v -0.00978926 -0.000239476 0 
v -0.0105406 -0.0007489 0 
v -0.0097544 8.10893e-05 0 
v -0.0102224 -0.000696733 0 
v -0.0100791 -0.000620767 0 
v -0.0103787 -0.00074012 0 
v -0.00978926 0.000239476 0 
v -0.00985736 -0.000386665 0 
v -0.0107006 -0.000722662 0 
v -0.0109855 -0.000571622 0 
v -0.0108513 -0.000662634 0 
v -0.0099555 -0.000515775 0 
v -0.0111807 -0.000314917 0 
v -0.0110971 -0.000453881 0 
v -0.01125 5.13613e-18 0 
v -0.0112325 -0.000161228 0 
v -0.0103787 0.00074012 0 
v -0.0105406 0.0007489 0 
v -0.00985736 0.000386665 0 
v -0.0099555 0.000515775 0 
v -0.0112325 0.000161228 0 
v -0.0110971 0.000453881 0 
v -0.0111807 0.000314917 0 
v -0.0107006 0.000722662 0 
v -0.0102224 0.000696733 0 
v -0.0100791 0.000620767 0 
v -0.0108513 0.000662634 0 
v -0.0109855 0.000571622 0 
v 0.0142456 -8.10893e-05 0 
v 0.01425 -6.33016e-18 0 
v 0.0142456 8.10893e-05 0 
v 0.0142107 -0.000239476 0 
v 0.0142107 0.000239476 0 
v 0.0141426 -0.000386665 0 
v 0.0140445 0.000515775 0 
v 0.0139209 0.000620767 0 
v 0.0140445 -0.000515775 0 
v 0.0134594 -0.0007489 0 
v 0.0137776 0.000696733 0 
v 0.0141426 0.000386665 0 
v 0.0137776 -0.000696733 0 
v 0.0139209 -0.000620767 0 
v 0.0132994 -0.000722662 0 
v 0.0127675 -0.000161228 0 
v 0.0128193 -0.000314917 0 
v 0.0129029 0.000453881 0 
v 0.0128193 0.000314917 0 
v 0.0136213 0.00074012 0 
v 0.0134594 0.0007489 0 
v 0.0136213 -0.00074012 0 
v 0.0131487 -0.000662634 0 
v 0.0129029 -0.000453881 0 
v 0.01275 -6.60571e-18 0 
v 0.0130145 0.000571622 0 
v 0.0130145 -0.000571622 0 
v 0.0127675 0.000161228 0 
v 0.0132994 0.000722662 0 
v 0.0131487 0.000662634 0 
v 0.000745603 -0.0105811 0 
v 0.00075 -0.0105 0 
v 0.000745603 -0.0104189 0 
v 0.00071074 -0.0107395 0 
v 0.00071074 -0.0102605 0 
v 0.000544497 -0.00998423 0 
v 0.00042089 -0.00987923 0 
v 0.000642643 -0.0108867 0 
v 0.000277604 -0.00980327 0 
v 0.000642643 -0.0101133 0 
v 0.00042089 -0.0111208 0 
v 0.000544497 -0.0110158 0 
v 0.000121336 -0.00975988 0 
v -4.06042e-05 -0.0097511 0 
v 0.000277604 -0.0111967 0 
v -4.06042e-05 -0.0112489 0 
v -0.00059707 -0.0100461 0 
v -0.000680682 -0.0101851 0 
v 0.000121336 -0.0112401 0 
v -0.000351306 -0.0111626 0 
v -0.000200646 -0.0112227 0 
v -0.000732465 -0.0106612 0 
v -0.000680682 -0.0108149 0 
v -0.00075 -0.0105 0 
v -0.00048554 -0.00992838 0 
v -0.00059707 -0.0109539 0 
v -0.00048554 -0.0110716 0 
v -0.000732465 -0.0103388 0 
v -0.000200646 -0.00977734 0 
v -0.000351306 -0.00983737 0 
v 0.000745603 -0.0135811 0 
v 0.00075 -0.0135 0 
v 0.000121336 -0.0127599 0 
v -4.06042e-05 -0.0127511 0 
v 0.000277604 -0.0128033 0 
v 0.000544497 -0.0129842 0 
v 0.00042089 -0.0128792 0 
v 0.000745603 -0.0134189 0 
v 0.00071074 -0.0132605 0 
v 0.000642643 -0.0131133 0 
v 0.00071074 -0.0137395 0 
v -4.06042e-05 -0.0142489 0 
v -0.000200646 -0.0127773 0 
v -0.000351306 -0.0128374 0 
v 0.000544497 -0.0140158 0 
v 0.000642643 -0.0138867 0 
v 0.000277604 -0.0141967 0 
v 0.00042089 -0.0141208 0 
v 0.000121336 -0.0142401 0 
v -0.000351306 -0.0141626 0 
v -0.000200646 -0.0142227 0 
v -0.000680682 -0.0131851 0 
v -0.000732465 -0.0133388 0 
v -0.00048554 -0.0129284 0 
v -0.00059707 -0.0130461 0 
v -0.000732465 -0.0136612 0 
v -0.000680682 -0.0138149 0 
v -0.00075 -0.0135 0 
v -0.00059707 -0.0139539 0 
v -0.00048554 -0.0140716 0 
v 0.000745603 -0.0165811 0 
v 0.00075 -0.0165 0 
v 0.000544497 -0.0159842 0 
v 0.00042089 -0.0158792 0 
v 0.000745603 -0.0164189 0 
v 0.000121336 -0.0157599 0 
v -4.06042e-05 -0.0157511 0 
v 0.000277604 -0.0158033 0 
v 0.00071074 -0.0162605 0 
v 0.000642643 -0.0161133 0 
v 0.00071074 -0.0167395 0 
v -4.06042e-05 -0.0172489 0 
v -0.000200646 -0.0157773 0 
v 0.000544497 -0.0170158 0 
v 0.000642643 -0.0168867 0 
v 0.000277604 -0.0171967 0 
v 0.00042089 -0.0171208 0 
v 0.000121336 -0.0172401 0 
v -0.00048554 -0.0159284 0 
v -0.00059707 -0.0160461 0 
v -0.000351306 -0.0171626 0 
v -0.000200646 -0.0172227 0 
v -0.000680682 -0.0161851 0 
v -0.000732465 -0.0163388 0 
v -0.000351306 -0.0158374 0 
v -0.000680682 -0.0168149 0 
v -0.00059707 -0.0169539 0 
v -0.00075 -0.0165 0 
v -0.00048554 -0.0170716 0 
v -0.000732465 -0.0166612 0 
v 0.00230126 0.151814 0 
v 0.00253537 0.151531 0 
v 0.0028182 0.151003 -4.33681e-19 
v 0.00320682 0.149727 -4.33681e-19 
v 0.001875 0.152111 0 
v 0.00204835 0.15202 0 
v 0.00434335 0.140669 0 
v 0.00614436 0.111532 0 
v 0.00826251 0.06813 0 
v 0.009 0.0557273 0 
v 0.0112998 0.0254757 4.33681e-19 
v 0.012 0.0212732 0 
v 0.00980711 0.0421539 0 
v 0.0126219 0.0175406 0 
v 0.0133368 0.0154444 0 
v 0.0145695 0.0136516 0 
v 0.015 0.013221 0 
v 0.0140423 0.0142413 0 
v 0.0139408 0.014378 0 
v 0.0135885 0.015 0 
v 0.0150559 0.0131651 0 
v 0.0158693 0.012 0 
v 0.0175472 0.00959672 0 
v 0.0177935 0.009 0 
v 0.0192076 0.00557399 0 
v 0.0199585 0.00128735 0 
v 0.0198174 -0.001875 0 
v 0.0172456 -8.10893e-05 0 
v 0.01725 -6.51386e-18 0 
v 0.0172456 8.10893e-05 0 
v 0.0171426 0.000386665 0 
v 0.0198556 0.001875 0 
v 0.0172107 -0.000239476 0 
v 0.0172107 0.000239476 0 
v 0.0166213 0.00074012 0 
v 0.0171426 -0.000386665 0 
v 0.0160145 0.000571622 0 
v 0.0159029 0.000453881 0 
v 0.0164594 0.0007489 0 
v 0.0170445 0.000515775 0 
v 0.0169209 0.000620767 0 
v 0.0164594 -0.0007489 0 
v 0.0166213 -0.00074012 0 
v 0.0158193 0.000314917 0 
v 0.0162994 0.000722662 0 
v 0.0167776 0.000696733 0 
v 0.0170445 -0.000515775 0 
v 0.0167776 -0.000696733 0 
v 0.0169209 -0.000620767 0 
v 0.0162994 -0.000722662 0 
v 0.0158193 -0.000314917 0 
v 0.0159029 -0.000453881 0 
v 0.0157675 0.000161228 0 
v 0.0161487 0.000662634 0 
v 0.0161487 -0.000662634 0 
v 0.0157675 -0.000161228 0 
v 0.01575 -6.7894e-18 0 
v 0.0160145 -0.000571622 0 
v 0.0186346 -0.00726294 0 
v 0.0197645 -0.00306024 0 
v 0.0166225 -0.0111218 0 
v 0.0158847 -0.012 0 
v 0.0177289 -0.009 0 
v 0.0138233 -0.014454 0 
v 0.0131111 -0.015 0 
v 0.015 -0.0130532 0 
v 0.012 -0.0158518 0 
v 0.0103696 -0.0171018 0 
v 0.00710073 -0.018625 0 
v 0.009 -0.01774 0 
v 0.00642486 -0.0189399 0 
v 0.00217596 -0.0198813 0 
v 0.001875 -0.0198813 0 
v -0.001875 -0.0198813 0 
v -0.00217596 -0.0198813 0 
v -0.00642486 -0.0189399 0 
v -0.00710073 -0.018625 0 
v -0.0103696 -0.0171018 0 
v -0.012 -0.0158518 0 
v -0.009 -0.01774 0 
v -0.0138233 -0.014454 0 
v -0.015 -0.0130532 0 
v -0.0131111 -0.015 0 
v -0.0158847 -0.012 0 
v -0.0166225 -0.0111218 0 
v -0.018625 -0.00728142 0 
v -0.0177289 -0.009 0 
v -0.0186346 -0.00726294 0 
v -0.0197645 -0.00306024 0 
v -0.0198174 -0.001875 0 
v -0.0199585 0.00128735 0 
v -0.0198556 0.001875 0 
v -0.0192076 0.00557399 0 
v -0.018625 0.0069854 0 
v -0.0175472 0.00959672 0 
v -0.0158693 0.012 0 
v -0.0177935 0.009 0 
v -0.0150559 0.0131651 0 
v -0.015 0.013221 0 
v -0.0145695 0.0136516 0 
v -0.0139408 0.014378 8.67362e-19 
v -0.0135885 0.015 0 
v -0.0140423 0.0142413 0 
v -0.0133368 0.0154444 0 
v -0.0126219 0.0175406 0 
v -0.0112998 0.0254757 0 
v -0.00980711 0.0421539 0 
v -0.012 0.0212732 0 
v -0.00320682 0.149727 0 
v -0.00230126 0.151814 0 
v -0.00204835 0.15202 -4.33681e-19 
v -0.0028182 0.151003 -4.33681e-19 
v -0.00253537 0.151531 0 
v -0.001875 0.152111 0 
v -0.00434335 0.140669 0 
v -0.00614436 0.111532 0 
v -0.00826251 0.06813 0 
v -0.009 0.0557273 0 
v 0.000544497 0.0170158 0 
v 0.00042089 0.0171208 0 
v -8.35239e-53 0.1524 0 
v 0.00133477 0.152303 0 
v -0.00173678 0.152183 0 
v -0.00133477 0.152303 0 
v 0.00173678 0.152183 0 
v -0.00048554 0.0170716 0 
v -0.00059707 0.0169539 0 
v 0.000745603 0.0165811 0 
v 0.00071074 0.0167395 0 
v 0.000745603 0.0164189 0 
v 0.00075 0.0165 0 
v -0.000680682 0.0168149 0 
v -0.000351306 0.0171626 0 
v -4.06042e-05 0.0172489 0 
v -0.000200646 0.0172227 0 
v -0.000680682 0.0161851 0 
v -0.00059707 0.0160461 0 
v -0.000732465 0.0166612 0 
v 0.000277604 0.0171967 0 
v 0.000642643 0.0168867 0 
v 0.00071074 0.0162605 0 
v -4.06042e-05 0.0157511 0 
v -0.000351306 0.0158374 0 
v -0.000200646 0.0157773 0 
v -0.00048554 0.0159284 0 
v 0.000121336 0.0172401 0 
v 0.000544497 0.0159842 0 
v 0.000642643 0.0161133 0 
v 0.000277604 0.0158033 0 
v 0.00042089 0.0158792 0 
v 0.000121336 0.0157599 0 
v -0.00075 0.0165 0 
v -0.000732465 0.0163388 0 
v 0.00217799 0.0020631 0 
v 0.001875 0.00232046 0 
v 0.00232098 0.001875 0 
v -0.000802585 0.00289065 0 
v -0.00048554 0.00692838 0 
v -0.000351306 0.00683737 0 
v 0.000277604 0.00680327 0 
v 0.00111041 0.00278693 0 
v 0.000485346 0.00296048 0 
v 0.000745603 0.00741891 0 
v 0.00075 0.0075 0 
v -0.00059707 0.00704612 0 
v 0.000121336 0.00675988 0 
v -0.000162417 0.0029956 0 
v -4.06042e-05 0.0067511 0 
v 0.000745603 0.00758109 0 
v 0.00071074 0.00726052 0 
v -0.00140523 0.00265054 0 
v -0.000732465 0.00733877 0 
v -0.000680682 0.00718508 0 
v -0.00075 0.0075 0 
v 0.00042089 0.00687923 0 
v 0.00168356 0.00248307 0 
v -0.000351306 0.00816263 0 
v -0.00048554 0.00807162 0 
v 0.00071074 0.00773948 0 
v -0.000200646 0.00677734 0 
v -0.00059707 0.00795388 0 
v -4.06042e-05 0.0082489 0 
v -0.000200646 0.00822266 0 
v 0.000642643 0.00711333 0 
v 0.000544497 0.00698423 0 
v -0.000680682 0.00781492 0 
v -0.000732465 0.00766123 0 
v 0.000121336 0.00824012 0 
v 0.000642643 0.00788667 0 
v 0.000544497 0.00801577 0 
v 0.000277604 0.00819673 0 
v 0.00042089 0.00812077 0 
v -0.001875 0.00233202 0 
v -0.00194216 0.00228649 0 
v -0.00233194 0.001875 0 
v -0.0067544 -8.10893e-05 0 
v -0.00675 5.59537e-18 0 
v -0.003 1.83697e-19 0 
v -0.0067544 8.10893e-05 0 
v -0.00292986 0.000644911 0 
v -0.00292986 -0.000644911 0 
v -0.00678926 -0.000239476 0 
v -0.00685736 -0.000386665 0 
v -0.00678926 0.000239476 0 
v -0.00685736 0.000386665 0 
v -0.00272273 0.00125967 0 
v -0.00233194 -0.001875 0 
v -0.00737866 -0.00074012 0 
v -0.00272273 -0.00125967 0 
v -0.00238828 -0.00181552 0 
v -0.0072224 -0.000696733 0 
v -0.00707911 -0.000620767 0 
v -0.0075406 -0.0007489 0 
v -0.00238828 0.00181552 0 
v -0.00770065 -0.000722662 0 
v -0.00798554 -0.000571622 0 
v -0.00785131 -0.000662634 0 
v -0.0069555 0.000515775 0 
v -0.0069555 -0.000515775 0 
v -0.0072224 0.000696733 0 
v -0.00737866 0.00074012 0 
v -0.00707911 0.000620767 0 
v -0.00818068 -0.000314917 0 
v -0.00809707 -0.000453881 0 
v -0.00825 5.31983e-18 0 
v -0.00823247 -0.000161228 0 
v -0.00823247 0.000161228 0 
v -0.00809707 0.000453881 0 
v -0.00818068 0.000314917 0 
v -0.0075406 0.0007489 0 
v -0.00770065 0.000722662 0 
v -0.00785131 0.000662634 0 
v -0.00798554 0.000571622 0 
v -0.00194216 -0.00228649 0 
v -0.001875 -0.00233202 0 
v 0.001875 -0.00232046 0 
v 0.000745603 -0.00741891 0 
v 0.000745603 -0.00758109 0 
v 0.00075 -0.0075 0 
v 0.00071074 -0.00773948 0 
v 0.000485346 -0.00296048 0 
v 0.000121336 -0.00675988 0 
v -4.06042e-05 -0.0067511 0 
v -0.000802585 -0.00289065 0 
v -0.000162417 -0.0029956 0 
v -0.000351306 -0.00683737 0 
v 0.000277604 -0.00680327 0 
v 0.00111041 -0.00278693 0 
v 0.000544497 -0.00698423 0 
v 0.00042089 -0.00687923 0 
v 0.00071074 -0.00726052 0 
v -0.00059707 -0.00704612 0 
v -0.000680682 -0.00718508 0 
v -0.00048554 -0.00692838 0 
v -0.00140523 -0.00265054 0 
v 0.00168356 -0.00248307 0 
v 0.000642643 -0.00788667 0 
v -0.000732465 -0.00733877 0 
v -0.000200646 -0.00677734 0 
v 0.000642643 -0.00711333 0 
v 0.00042089 -0.00812077 0 
v 0.000544497 -0.00801577 0 
v 0.000121336 -0.00824012 0 
v 0.000277604 -0.00819673 0 
v -0.000732465 -0.00766123 0 
v -0.000680682 -0.00781492 0 
v -4.06042e-05 -0.0082489 0 
v -0.00059707 -0.00795388 0 
v -0.000200646 -0.00822266 0 
v -0.00048554 -0.00807162 0 
v -0.000351306 -0.00816263 0 
v -0.00075 -0.0075 0 
v 0.00217799 -0.0020631 0 
v 0.00232098 -0.001875 0 
v 0.0082456 -8.10893e-05 0 
v 0.00825 -5.96277e-18 0 
v 0.0082456 8.10893e-05 0 
v 0.00821074 -0.000239476 0 
v 0.00821074 0.000239476 0 
v 0.0080445 0.000515775 0 
v 0.00792089 0.000620767 0 
v 0.00814264 -0.000386665 0 
v 0.00681932 0.000314917 0 
v 0.00676753 0.000161228 0 
v 0.00284296 0.000957905 0 
v 0.0077776 0.000696733 0 
v 0.00814264 0.000386665 0 
v 0.00792089 -0.000620767 0 
v 0.0080445 -0.000515775 0 
v 0.00762134 -0.00074012 0 
v 0.0077776 -0.000696733 0 
v 0.00681932 -0.000314917 0 
v 0.00257057 -0.00154666 0 
v 0.00284296 -0.000957905 0 
v 0.00257057 0.00154666 0 
v 0.00690293 0.000453881 0 
v 0.0074594 0.0007489 0 
v 0.00729935 0.000722662 0 
v 0.00729935 -0.000722662 0 
v 0.00676753 -0.000161228 0 
v 0.00298241 -0.000324357 0 
v 0.003 1.28588e-18 0 
v 0.00675 -6.23831e-18 0 
v 0.00298241 0.000324357 0 
v 0.00701446 0.000571622 0 
v 0.00762134 0.00074012 0 
v 0.0074594 -0.0007489 0 
v 0.00690293 -0.000453881 0 
v 0.00714869 -0.000662634 0 
v 0.00701446 -0.000571622 0 
v 0.00714869 0.000662634 0 
v -0.012 0.015 0 
v -0.009 0.015 0 
v -0.009 0.012 0 
v -0.001875 0.015 0 
v -0.001875 0.012 0 
v 0.001875 0.015 0 
v 0.001875 0.012 0 
v 0.009 0.015 0 
v 0.009 0.012 0 
v 0.012 0.015 0 
v 0.012 0.012 0 
v -0.015 0.012 0 
v -0.012 0.012 0 
v -0.012 0.009 0 
v -0.009 0.009 0 
v -0.001875 0.009 0 
v 0.001875 0.009 0 
v 0.009 0.009 0 
v 0.012 0.009 0 
v 0.015 0.012 0 
v 0.015 0.009 0 
v -0.015 0.009 0 
v -0.012 0.001875 0 
v -0.009 0.001875 0 
v 0.012 0.001875 0 
v 0.015 0.001875 0 
v -0.015 0.001875 0 
v -0.015 -0.001875 0 
v -0.018625 -0.001875 0 
v -0.018625 0.001875 0 
v -0.012 -0.001875 0 
v -0.009 -0.001875 0 
v 0.012 -0.001875 0 
v 0.009 -0.001875 0 
v 0.009 0.001875 0 
v 0.015 -0.001875 0 
v -0.012 -0.009 0 
v -0.009 -0.009 0 
v 0.012 -0.009 0 
v 0.015 -0.009 0 
v -0.015 -0.009 0 
v -0.012 -0.012 0 
v -0.009 -0.012 0 
v -0.001875 -0.009 0 
v -0.001875 -0.012 0 
v 0.001875 -0.012 0 
v 0.001875 -0.009 0 
v 0.009 -0.009 0 
v 0.009 -0.012 0 
v 0.012 -0.012 0 
v 0.015 -0.012 0 
v -0.009 -0.015 0 
v -0.001875 -0.015 0 
v 0.001875 -0.015 0 
v 0.009 -0.015 0 
v 0.012 -0.015 0 
v 0.001875 -0.018625 0 
v -0.001875 -0.018625 0 
v -0.012 -0.015 0 
v -0.015 -0.012 0 
vn 0.976621 0.21497 0 
vn 1 2.44929e-16 0 
vn 0.907575 0.419889 0 
vn 0.976621 0.21497 0 
vn 0.796093 0.605174 0 
vn 0.907575 0.419889 0 
vn 0.647386 0.762162 0 
vn 0.796093 0.605174 0 
vn 0.468408 0.883512 0 
vn 0.647386 0.762162 0 
vn 0.267528 0.96355 0 
vn 0.468408 0.883512 0 
vn 0.0541389 0.998533 0 
vn 0.267528 0.96355 0 
vn -0.161782 0.986827 0 
vn 0.0541389 0.998533 0 
vn -0.370138 0.928977 0 
vn -0.161782 0.986827 0 
vn -0.561187 0.827689 0 
vn -0.370138 0.928977 0 
vn -0.725995 0.687699 0 
vn -0.561187 0.827689 0 
vn -0.856857 0.515554 0 
vn -0.725995 0.687699 0 
vn -0.947653 0.319302 0 
vn -0.856857 0.515554 0 
vn -0.994138 0.108119 0 
vn -0.947653 0.319302 0 
vn -0.994138 -0.108119 0 
vn -1 -3.67394e-16 0 
vn -0.994138 0.108119 0 
vn -0.947653 -0.319302 0 
vn -0.856857 -0.515554 0 
vn -0.725995 -0.687699 0 
vn -0.561187 -0.827689 0 
vn -0.370138 -0.928977 0 
vn -0.161782 -0.986827 0 
vn 0.0541389 -0.998533 0 
vn 0.267528 -0.96355 0 
vn 0.468408 -0.883512 0 
vn 0.647386 -0.762162 0 
vn 0.796093 -0.605174 0 
vn 0.907575 -0.419889 0 
vn 0.976621 -0.21497 0 
vn 0 0 1 
vn 0 0 -1 
vn 0.205621 0.978632 0 
vn 0 1 0 
vn 0.374787 0.927111 0 
vn 0.552211 0.833704 0 
vn 0.451817 0.892111 0 
vn 0.704678 0.709527 0 
vn 0.82468 0.5656 0 
vn 0.919839 0.392295 0 
vn 0.974961 0.222377 0 
vn 0.996234 0.0867054 0 
vn 0.99873 0.0503841 0 
vn 0.998658 0.0517944 0 
vn 0.997475 0.0710248 0 
vn 0.998318 0.0579821 0 
vn 0.992892 0.119019 0 
vn 0.967014 0.254725 0 
vn 0.98748 0.157742 0 
vn 0.910739 0.412983 0 
vn 0.812844 0.582481 0 
vn 0.879986 0.474999 0 
vn 0.792509 0.60986 0 
vn 0.812844 0.582481 0 
vn 0.967014 0.254725 0 
vn 0.997475 0.0710248 0 
vn 0.552211 0.833704 0 
vn 0 1 0 
vn -0.812844 0.582481 0 
vn -0.792509 0.60986 0 
vn -0.910739 0.412983 0 
vn -0.879986 0.474999 0 
vn -0.812844 0.582481 0 
vn -0.967014 0.254725 0 
vn -0.992892 0.119019 0 
vn -0.98748 0.157742 0 
vn -0.997475 0.0710248 0 
vn -0.998658 0.0517944 0 
vn -0.998318 0.0579821 0 
vn -0.99873 0.0503841 0 
vn -0.996234 0.0867054 0 
vn -0.974961 0.222377 0 
vn -0.919839 0.392295 0 
vn -0.82468 0.5656 0 
vn -0.704678 0.709527 0 
vn -0.552211 0.833704 0 
vn -0.451817 0.892111 0 
vn -0.374787 0.927111 0 
vn -0.205621 0.978632 0 
vn 0 1 0 
vn -0.82468 0.5656 0 
vn -0.998658 0.0517944 0 
vn -0.992892 0.119019 0 
vn -0.910739 0.412983 0 
vn -0.705003 0.709205 0 
vn -0.723302 0.690532 0 
vn -0.734228 0.678903 0 
vn -0.792509 0.60986 0 
vn -0.705003 0.709205 0 
vn 0.877358 0.479836 0 
vn 0.797629 0.603148 0 
vn 0.752797 0.658253 0 
vn 0.960378 0.2787 0 
vn 0.892346 0.451352 0 
vn 0.877358 0.479836 0 
vn 0.997926 0.0643676 0 
vn 0.995571 0.0940137 0 
vn 0.960378 0.2787 0 
vn 0.988224 -0.153012 0 
vn 0.995554 -0.0941932 0 
vn 0.997926 0.0643676 0 
vn 0.988224 -0.153012 0 
vn 0.931732 -0.363147 0 
vn 0.831124 -0.556088 0 
vn 0.891683 -0.45266 0 
vn 0.931732 -0.363147 0 
vn 0.691163 -0.722699 0 
vn 0.754364 -0.656456 0 
vn 0.79791 -0.602776 0 
vn 0.831124 -0.556088 0 
vn 0.518478 -0.855091 0 
vn 0.603572 -0.797309 0 
vn 0.658108 -0.752923 0 
vn 0.691163 -0.722699 0 
vn 0.321243 -0.946997 0 
vn 0.356236 -0.934396 0 
vn 0.452434 -0.891798 0 
vn 0.518478 -0.855091 0 
vn 0.108798 -0.994064 0 
vn -0.108798 -0.994064 0 
vn -0.0938932 -0.995582 0 
vn 0.0938932 -0.995582 0 
vn 0.108798 -0.994064 0 
vn -0.108798 -0.994064 0 
vn -0.321243 -0.946997 0 
vn -0.518478 -0.855091 0 
vn -0.452434 -0.891798 0 
vn -0.356236 -0.934396 0 
vn -0.321243 -0.946997 0 
vn -0.691163 -0.722699 0 
vn -0.658108 -0.752923 0 
vn -0.603572 -0.797309 0 
vn -0.518478 -0.855091 0 
vn -0.831124 -0.556088 0 
vn -0.79791 -0.602776 0 
vn -0.754364 -0.656456 0 
vn -0.691163 -0.722699 0 
vn -0.931732 -0.363147 0 
vn -0.931355 -0.364112 0 
vn -0.891683 -0.45266 0 
vn -0.831124 -0.556088 0 
vn -0.931732 -0.363147 0 
vn -0.988224 -0.153012 0 
vn -0.997926 0.0643676 0 
vn -0.995554 -0.0941932 0 
vn -0.988224 -0.153012 0 
vn -0.960378 0.2787 0 
vn -0.995571 0.0940137 0 
vn -0.997926 0.0643676 0 
vn -0.877358 0.479836 0 
vn -0.892346 0.451352 0 
vn -0.936312 0.351169 0 
vn -0.960378 0.2787 0 
vn -0.752797 0.658253 0 
vn -0.797629 0.603148 0 
vn -0.877358 0.479836 0 
vn -0.752797 0.658253 0 
vn 0.705003 0.709205 0 
vn 0.792509 0.60986 0 
vn 0.734228 0.678903 0 
vn 0.723302 0.690532 0 
vn 0.792509 0.60986 0 
vn 0.976621 0.21497 0 
vn 1 2.44929e-16 0 
vn 0.907575 0.419889 0 
vn 0.976621 0.21497 0 
vn 0.796093 0.605174 0 
vn 0.907575 0.419889 0 
vn 0.647386 0.762162 0 
vn 0.796093 0.605174 0 
vn 0.468408 0.883512 0 
vn 0.647386 0.762162 0 
vn 0.267528 0.96355 0 
vn 0.468408 0.883512 0 
vn 0.0541389 0.998533 0 
vn 0.267528 0.96355 0 
vn -0.161782 0.986827 0 
vn 0.0541389 0.998533 0 
vn -0.370138 0.928977 0 
vn -0.161782 0.986827 0 
vn -0.561187 0.827689 0 
vn -0.370138 0.928977 0 
vn -0.725995 0.687699 0 
vn -0.561187 0.827689 0 
vn -0.856857 0.515554 0 
vn -0.725995 0.687699 0 
vn -0.947653 0.319302 0 
vn -0.856857 0.515554 0 
vn -0.994138 0.108119 0 
vn -0.947653 0.319302 0 
vn -0.994138 -0.108119 0 
vn -1 -3.67394e-16 0 
vn -0.994138 0.108119 0 
vn -0.947653 -0.319302 0 
vn -0.856857 -0.515554 0 
vn -0.725995 -0.687699 0 
vn -0.561187 -0.827689 0 
vn -0.370138 -0.928977 0 
vn -0.161782 -0.986827 0 
vn 0.0541389 -0.998533 0 
vn 0.267528 -0.96355 0 
vn 0.468408 -0.883512 0 
vn 0.647386 -0.762162 0 
vn 0.796093 -0.605174 0 
vn 0.907575 -0.419889 0 
vn 0.976621 -0.21497 0 
vn 0.976621 0.21497 0 
vn 1 2.44929e-16 0 
vn 0.907575 0.419889 0 
vn 0.976621 0.21497 0 
vn 0.796093 0.605174 0 
vn 0.907575 0.419889 0 
vn 0.647386 0.762162 0 
vn 0.796093 0.605174 0 
vn 0.468408 0.883512 0 
vn 0.647386 0.762162 0 
vn 0.267528 0.96355 0 
vn 0.468408 0.883512 0 
vn 0.0541389 0.998533 0 
vn 0.267528 0.96355 0 
vn -0.161782 0.986827 0 
vn 0.0541389 0.998533 0 
vn -0.370138 0.928977 0 
vn -0.161782 0.986827 0 
vn -0.561187 0.827689 0 
vn -0.370138 0.928977 0 
vn -0.725995 0.687699 0 
vn -0.561187 0.827689 0 
vn -0.856857 0.515554 0 
vn -0.725995 0.687699 0 
vn -0.947653 0.319302 0 
vn -0.856857 0.515554 0 
vn -0.994138 0.108119 0 
vn -0.947653 0.319302 0 
vn -0.994138 -0.108119 0 
vn -1 -3.67394e-16 0 
vn -0.994138 0.108119 0 
vn -0.947653 -0.319302 0 
vn -0.856857 -0.515554 0 
vn -0.725995 -0.687699 0 
vn -0.561187 -0.827689 0 
vn -0.370138 -0.928977 0 
vn -0.161782 -0.986827 0 
vn 0.0541389 -0.998533 0 
vn 0.267528 -0.96355 0 
vn 0.468408 -0.883512 0 
vn 0.647386 -0.762162 0 
vn 0.796093 -0.605174 0 
vn 0.907575 -0.419889 0 
vn 0.976621 -0.21497 0 
vn 0.976621 0.21497 0 
vn 1 2.44929e-16 0 
vn 0.907575 0.419889 0 
vn 0.976621 0.21497 0 
vn 0.796093 0.605174 0 
vn 0.907575 0.419889 0 
vn 0.647386 0.762162 0 
vn 0.796093 0.605174 0 
vn 0.468408 0.883512 0 
vn 0.647386 0.762162 0 
vn 0.267528 0.96355 0 
vn 0.468408 0.883512 0 
vn 0.0541389 0.998533 0 
vn 0.267528 0.96355 0 
vn -0.161782 0.986827 0 
vn 0.0541389 0.998533 0 
vn -0.370138 0.928977 0 
vn -0.161782 0.986827 0 
vn -0.561187 0.827689 0 
vn -0.370138 0.928977 0 
vn -0.725995 0.687699 0 
vn -0.561187 0.827689 0 
vn -0.856857 0.515554 0 
vn -0.725995 0.687699 0 
vn -0.947653 0.319302 0 
vn -0.856857 0.515554 0 
vn -0.994138 0.108119 0 
vn -0.947653 0.319302 0 
vn -0.994138 -0.108119 0 
vn -1 -3.67394e-16 0 
vn -0.994138 0.108119 0 
vn -0.947653 -0.319302 0 
vn -0.994138 -0.108119 0 
vn -0.856857 -0.515554 0 
vn -0.947653 -0.319302 0 
vn -0.725995 -0.687699 0 
vn -0.856857 -0.515554 0 
vn -0.561187 -0.827689 0 
vn -0.725995 -0.687699 0 
vn -0.370138 -0.928977 0 
vn -0.561187 -0.827689 0 
vn -0.161782 -0.986827 0 
vn -0.370138 -0.928977 0 
vn 0.0541389 -0.998533 0 
vn -0.161782 -0.986827 0 
vn 0.267528 -0.96355 0 
vn 0.0541389 -0.998533 0 
vn 0.468408 -0.883512 0 
vn 0.267528 -0.96355 0 
vn 0.647386 -0.762162 0 
vn 0.468408 -0.883512 0 
vn 0.796093 -0.605174 0 
vn 0.647386 -0.762162 0 
vn 0.907575 -0.419889 0 
vn 0.796093 -0.605174 0 
vn 0.976621 -0.21497 0 
vn 0.907575 -0.419889 0 
vn 0.976621 0.21497 0 
vn 1 2.44929e-16 0 
vn 0.907575 0.419889 0 
vn 0.976621 0.21497 0 
vn 0.796093 0.605174 0 
vn 0.907575 0.419889 0 
vn 0.647386 0.762162 0 
vn 0.796093 0.605174 0 
vn 0.468408 0.883512 0 
vn 0.647386 0.762162 0 
vn 0.267528 0.96355 0 
vn 0.468408 0.883512 0 
vn 0.0541389 0.998533 0 
vn 0.267528 0.96355 0 
vn -0.161782 0.986827 0 
vn 0.0541389 0.998533 0 
vn -0.370138 0.928977 0 
vn -0.161782 0.986827 0 
vn -0.561187 0.827689 0 
vn -0.370138 0.928977 0 
vn -0.725995 0.687699 0 
vn -0.561187 0.827689 0 
vn -0.856857 0.515554 0 
vn -0.725995 0.687699 0 
vn -0.947653 0.319302 0 
vn -0.856857 0.515554 0 
vn -0.994138 0.108119 0 
vn -0.947653 0.319302 0 
vn -0.994138 -0.108119 0 
vn -1 -3.67394e-16 0 
vn -0.994138 0.108119 0 
vn -0.947653 -0.319302 0 
vn -0.994138 -0.108119 0 
vn -0.856857 -0.515554 0 
vn -0.947653 -0.319302 0 
vn -0.725995 -0.687699 0 
vn -0.856857 -0.515554 0 
vn -0.561187 -0.827689 0 
vn -0.725995 -0.687699 0 
vn -0.370138 -0.928977 0 
vn -0.561187 -0.827689 0 
vn -0.161782 -0.986827 0 
vn -0.370138 -0.928977 0 
vn 0.0541389 -0.998533 0 
vn -0.161782 -0.986827 0 
vn 0.267528 -0.96355 0 
vn 0.0541389 -0.998533 0 
vn 0.468408 -0.883512 0 
vn 0.267528 -0.96355 0 
vn 0.647386 -0.762162 0 
vn 0.468408 -0.883512 0 
vn 0.796093 -0.605174 0 
vn 0.647386 -0.762162 0 
vn 0.907575 -0.419889 0 
vn 0.796093 -0.605174 0 
vn 0.976621 -0.21497 0 
vn 0.907575 -0.419889 0 
vn 0.976621 0.21497 0 
vn 1 2.44929e-16 0 
vn 0.907575 0.419889 0 
vn 0.976621 0.21497 0 
vn 0.796093 0.605174 0 
vn 0.907575 0.419889 0 
vn 0.647386 0.762162 0 
vn 0.796093 0.605174 0 
vn 0.468408 0.883512 0 
vn 0.647386 0.762162 0 
vn 0.267528 0.96355 0 
vn 0.468408 0.883512 0 
vn 0.0541389 0.998533 0 
vn 0.267528 0.96355 0 
vn -0.161782 0.986827 0 
vn 0.0541389 0.998533 0 
vn -0.370138 0.928977 0 
vn -0.161782 0.986827 0 
vn -0.561187 0.827689 0 
vn -0.370138 0.928977 0 
vn -0.725995 0.687699 0 
vn -0.561187 0.827689 0 
vn -0.856857 0.515554 0 
vn -0.725995 0.687699 0 
vn -0.947653 0.319302 0 
vn -0.856857 0.515554 0 
vn -0.994138 0.108119 0 
vn -0.947653 0.319302 0 
vn -0.994138 -0.108119 0 
vn -1 -3.67394e-16 0 
vn -0.994138 0.108119 0 
vn -0.947653 -0.319302 0 
vn -0.994138 -0.108119 0 
vn -0.856857 -0.515554 0 
vn -0.947653 -0.319302 0 
vn -0.725995 -0.687699 0 
vn -0.856857 -0.515554 0 
vn -0.561187 -0.827689 0 
vn -0.725995 -0.687699 0 
vn -0.370138 -0.928977 0 
vn -0.561187 -0.827689 0 
vn -0.161782 -0.986827 0 
vn -0.370138 -0.928977 0 
vn 0.0541389 -0.998533 0 
vn -0.161782 -0.986827 0 
vn 0.267528 -0.96355 0 
vn 0.0541389 -0.998533 0 
vn 0.468408 -0.883512 0 
vn 0.267528 -0.96355 0 
vn 0.647386 -0.762162 0 
vn 0.468408 -0.883512 0 
vn 0.796093 -0.605174 0 
vn 0.647386 -0.762162 0 
vn 0.907575 -0.419889 0 
vn 0.796093 -0.605174 0 
vn 0.976621 -0.21497 0 
vn 0.907575 -0.419889 0 
vn 0.976621 0.21497 0 
vn 1 2.44929e-16 0 
vn 0.907575 0.419889 0 
vn 0.976621 0.21497 0 
vn 0.796093 0.605174 0 
vn 0.907575 0.419889 0 
vn 0.647386 0.762162 0 
vn 0.796093 0.605174 0 
vn 0.468408 0.883512 0 
vn 0.647386 0.762162 0 
vn 0.267528 0.96355 0 
vn 0.468408 0.883512 0 
vn 0.0541389 0.998533 0 
vn 0.267528 0.96355 0 
vn -0.161782 0.986827 0 
vn 0.0541389 0.998533 0 
vn -0.370138 0.928977 0 
vn -0.161782 0.986827 0 
vn -0.561187 0.827689 0 
vn -0.370138 0.928977 0 
vn -0.725995 0.687699 0 
vn -0.561187 0.827689 0 
vn -0.856857 0.515554 0 
vn -0.725995 0.687699 0 
vn -0.947653 0.319302 0 
vn -0.856857 0.515554 0 
vn -0.994138 0.108119 0 
vn -0.947653 0.319302 0 
vn -0.994138 -0.108119 0 
vn -1 -3.67394e-16 0 
vn -0.994138 0.108119 0 
vn -0.947653 -0.319302 0 
vn -0.994138 -0.108119 0 
vn -0.856857 -0.515554 0 
vn -0.947653 -0.319302 0 
vn -0.725995 -0.687699 0 
vn -0.856857 -0.515554 0 
vn -0.561187 -0.827689 0 
vn -0.725995 -0.687699 0 
vn -0.370138 -0.928977 0 
vn -0.561187 -0.827689 0 
vn -0.161782 -0.986827 0 
vn -0.370138 -0.928977 0 
vn 0.0541389 -0.998533 0 
vn -0.161782 -0.986827 0 
vn 0.267528 -0.96355 0 
vn 0.0541389 -0.998533 0 
vn 0.468408 -0.883512 0 
vn 0.267528 -0.96355 0 
vn 0.647386 -0.762162 0 
vn 0.468408 -0.883512 0 
vn 0.796093 -0.605174 0 
vn 0.647386 -0.762162 0 
vn 0.907575 -0.419889 0 
vn 0.796093 -0.605174 0 
vn 0.976621 -0.21497 0 
vn 0.907575 -0.419889 0 
vn 0.976621 0.21497 0 
vn 1 2.44929e-16 0 
vn 0.907575 0.419889 0 
vn 0.976621 0.21497 0 
vn 0.796093 0.605174 0 
vn 0.907575 0.419889 0 
vn 0.647386 0.762162 0 
vn 0.796093 0.605174 0 
vn 0.468408 0.883512 0 
vn 0.647386 0.762162 0 
vn 0.267528 0.96355 0 
vn 0.468408 0.883512 0 
vn 0.0541389 0.998533 0 
vn 0.267528 0.96355 0 
vn -0.161782 0.986827 0 
vn 0.0541389 0.998533 0 
vn -0.370138 0.928977 0 
vn -0.161782 0.986827 0 
vn -0.561187 0.827689 0 
vn -0.370138 0.928977 0 
vn -0.725995 0.687699 0 
vn -0.561187 0.827689 0 
vn -0.856857 0.515554 0 
vn -0.725995 0.687699 0 
vn -0.947653 0.319302 0 
vn -0.856857 0.515554 0 
vn -0.994138 0.108119 0 
vn -0.947653 0.319302 0 
vn -0.994138 -0.108119 0 
vn -1 -3.67394e-16 0 
vn -0.994138 0.108119 0 
vn -0.947653 -0.319302 0 
vn -0.856857 -0.515554 0 
vn -0.725995 -0.687699 0 
vn -0.561187 -0.827689 0 
vn -0.370138 -0.928977 0 
vn -0.161782 -0.986827 0 
vn 0.0541389 -0.998533 0 
vn 0.267528 -0.96355 0 
vn 0.468408 -0.883512 0 
vn 0.647386 -0.762162 0 
vn 0.796093 -0.605174 0 
vn 0.907575 -0.419889 0 
vn 0.976621 -0.21497 0 
vn 0.976621 0.21497 0 
vn 1 2.44929e-16 0 
vn 0.907575 0.419889 0 
vn 0.976621 0.21497 0 
vn 0.796093 0.605174 0 
vn 0.907575 0.419889 0 
vn 0.647386 0.762162 0 
vn 0.796093 0.605174 0 
vn 0.468408 0.883512 0 
vn 0.647386 0.762162 0 
vn 0.267528 0.96355 0 
vn 0.468408 0.883512 0 
vn 0.0541389 0.998533 0 
vn 0.267528 0.96355 0 
vn -0.161782 0.986827 0 
vn 0.0541389 0.998533 0 
vn -0.370138 0.928977 0 
vn -0.161782 0.986827 0 
vn -0.561187 0.827689 0 
vn -0.370138 0.928977 0 
vn -0.725995 0.687699 0 
vn -0.561187 0.827689 0 
vn -0.856857 0.515554 0 
vn -0.725995 0.687699 0 
vn -0.947653 0.319302 0 
vn -0.856857 0.515554 0 
vn -0.994138 0.108119 0 
vn -0.947653 0.319302 0 
vn -0.994138 -0.108119 0 
vn -1 -3.67394e-16 0 
vn -0.994138 0.108119 0 
vn -0.947653 -0.319302 0 
vn -0.856857 -0.515554 0 
vn -0.725995 -0.687699 0 
vn -0.561187 -0.827689 0 
vn -0.370138 -0.928977 0 
vn -0.161782 -0.986827 0 
vn 0.0541389 -0.998533 0 
vn 0.267528 -0.96355 0 
vn 0.468408 -0.883512 0 
vn 0.647386 -0.762162 0 
vn 0.796093 -0.605174 0 
vn 0.907575 -0.419889 0 
vn 0.976621 -0.21497 0 
vn 0.976621 0.21497 0 
vn 1 2.44929e-16 0 
vn 0.907575 0.419889 0 
vn 0.976621 0.21497 0 
vn 0.796093 0.605174 0 
vn 0.907575 0.419889 0 
vn 0.647386 0.762162 0 
vn 0.796093 0.605174 0 
vn 0.468408 0.883512 0 
vn 0.647386 0.762162 0 
vn 0.267528 0.96355 0 
vn 0.468408 0.883512 0 
vn 0.0541389 0.998533 0 
vn 0.267528 0.96355 0 
vn -0.161782 0.986827 0 
vn 0.0541389 0.998533 0 
vn -0.370138 0.928977 0 
vn -0.161782 0.986827 0 
vn -0.561187 0.827689 0 
vn -0.370138 0.928977 0 
vn -0.725995 0.687699 0 
vn -0.561187 0.827689 0 
vn -0.856857 0.515554 0 
vn -0.725995 0.687699 0 
vn -0.947653 0.319302 0 
vn -0.856857 0.515554 0 
vn -0.994138 0.108119 0 
vn -0.947653 0.319302 0 
vn -0.994138 -0.108119 0 
vn -1 -3.67394e-16 0 
vn -0.994138 0.108119 0 
vn -0.947653 -0.319302 0 
vn -0.856857 -0.515554 0 
vn -0.725995 -0.687699 0 
vn -0.561187 -0.827689 0 
vn -0.370138 -0.928977 0 
vn -0.161782 -0.986827 0 
vn 0.0541389 -0.998533 0 
vn 0.267528 -0.96355 0 
vn 0.468408 -0.883512 0 
vn 0.647386 -0.762162 0 
vn 0.796093 -0.605174 0 
vn 0.907575 -0.419889 0 
vn 0.976621 -0.21497 0 
vn 0.976621 0.21497 0 
vn 1 2.44929e-16 0 
vn 0.907575 0.419889 0 
vn 0.976621 0.21497 0 
vn 0.796093 0.605174 0 
vn 0.907575 0.419889 0 
vn 0.647386 0.762162 0 
vn 0.796093 0.605174 0 
vn 0.468408 0.883512 0 
vn 0.647386 0.762162 0 
vn 0.267528 0.96355 0 
vn 0.468408 0.883512 0 
vn 0.0541389 0.998533 0 
vn 0.267528 0.96355 0 
vn -0.161782 0.986827 0 
vn 0.0541389 0.998533 0 
vn -0.370138 0.928977 0 
vn -0.161782 0.986827 0 
vn -0.561187 0.827689 0 
vn -0.370138 0.928977 0 
vn -0.725995 0.687699 0 
vn -0.561187 0.827689 0 
vn -0.856857 0.515554 0 
vn -0.725995 0.687699 0 
vn -0.947653 0.319302 0 
vn -0.856857 0.515554 0 
vn -0.994138 0.108119 0 
vn -0.947653 0.319302 0 
vn -0.994138 -0.108119 0 
vn -1 -3.67394e-16 0 
vn -0.994138 0.108119 0 
vn -0.947653 -0.319302 0 
vn -0.856857 -0.515554 0 
vn -0.725995 -0.687699 0 
vn -0.561187 -0.827689 0 
vn -0.370138 -0.928977 0 
vn -0.161782 -0.986827 0 
vn 0.0541389 -0.998533 0 
vn 0.267528 -0.96355 0 
vn 0.468408 -0.883512 0 
vn 0.647386 -0.762162 0 
vn 0.796093 -0.605174 0 
vn 0.907575 -0.419889 0 
vn 0.976621 -0.21497 0 
vn 0.976621 0.21497 0 
vn 1 2.44929e-16 0 
vn 0.907575 0.419889 0 
vn 0.976621 0.21497 0 
vn 0.796093 0.605174 0 
vn 0.907575 0.419889 0 
vn 0.647386 0.762162 0 
vn 0.796093 0.605174 0 
vn 0.468408 0.883512 0 
vn 0.647386 0.762162 0 
vn 0.267528 0.96355 0 
vn 0.468408 0.883512 0 
vn 0.0541389 0.998533 0 
vn 0.267528 0.96355 0 
vn -0.161782 0.986827 0 
vn 0.0541389 0.998533 0 
vn -0.370138 0.928977 0 
vn -0.161782 0.986827 0 
vn -0.561187 0.827689 0 
vn -0.370138 0.928977 0 
vn -0.725995 0.687699 0 
vn -0.561187 0.827689 0 
vn -0.856857 0.515554 0 
vn -0.725995 0.687699 0 
vn -0.947653 0.319302 0 
vn -0.856857 0.515554 0 
vn -0.994138 0.108119 0 
vn -0.947653 0.319302 0 
vn -0.994138 -0.108119 0 
vn -1 -3.67394e-16 0 
vn -0.994138 0.108119 0 
vn -0.947653 -0.319302 0 
vn -0.994138 -0.108119 0 
vn -0.856857 -0.515554 0 
vn -0.947653 -0.319302 0 
vn -0.725995 -0.687699 0 
vn -0.856857 -0.515554 0 
vn -0.561187 -0.827689 0 
vn -0.725995 -0.687699 0 
vn -0.370138 -0.928977 0 
vn -0.561187 -0.827689 0 
vn -0.161782 -0.986827 0 
vn -0.370138 -0.928977 0 
vn 0.0541389 -0.998533 0 
vn -0.161782 -0.986827 0 
vn 0.267528 -0.96355 0 
vn 0.0541389 -0.998533 0 
vn 0.468408 -0.883512 0 
vn 0.267528 -0.96355 0 
vn 0.647386 -0.762162 0 
vn 0.468408 -0.883512 0 
vn 0.796093 -0.605174 0 
vn 0.647386 -0.762162 0 
vn 0.907575 -0.419889 0 
vn 0.796093 -0.605174 0 
vn 0.976621 -0.21497 0 
vn 0.907575 -0.419889 0 
vn 0.976621 0.21497 0 
vn 1 2.44929e-16 0 
vn 0.907575 0.419889 0 
vn 0.976621 0.21497 0 
vn 0.796093 0.605174 0 
vn 0.907575 0.419889 0 
vn 0.647386 0.762162 0 
vn 0.796093 0.605174 0 
vn 0.468408 0.883512 0 
vn 0.647386 0.762162 0 
vn 0.267528 0.96355 0 
vn 0.468408 0.883512 0 
vn 0.0541389 0.998533 0 
vn 0.267528 0.96355 0 
vn -0.161782 0.986827 0 
vn 0.0541389 0.998533 0 
vn -0.370138 0.928977 0 
vn -0.161782 0.986827 0 
vn -0.561187 0.827689 0 
vn -0.370138 0.928977 0 
vn -0.725995 0.687699 0 
vn -0.561187 0.827689 0 
vn -0.856857 0.515554 0 
vn -0.725995 0.687699 0 
vn -0.947653 0.319302 0 
vn -0.856857 0.515554 0 
vn -0.994138 0.108119 0 
vn -0.947653 0.319302 0 
vn -0.994138 -0.108119 0 
vn -1 -3.67394e-16 0 
vn -0.994138 0.108119 0 
vn -0.947653 -0.319302 0 
vn -0.994138 -0.108119 0 
vn -0.856857 -0.515554 0 
vn -0.947653 -0.319302 0 
vn -0.725995 -0.687699 0 
vn -0.856857 -0.515554 0 
vn -0.561187 -0.827689 0 
vn -0.725995 -0.687699 0 
vn -0.370138 -0.928977 0 
vn -0.561187 -0.827689 0 
vn -0.161782 -0.986827 0 
vn -0.370138 -0.928977 0 
vn 0.0541389 -0.998533 0 
vn -0.161782 -0.986827 0 
vn 0.267528 -0.96355 0 
vn 0.0541389 -0.998533 0 
vn 0.468408 -0.883512 0 
vn 0.267528 -0.96355 0 
vn 0.647386 -0.762162 0 
vn 0.468408 -0.883512 0 
vn 0.796093 -0.605174 0 
vn 0.647386 -0.762162 0 
vn 0.907575 -0.419889 0 
vn 0.796093 -0.605174 0 
vn 0.976621 -0.21497 0 
vn 0.907575 -0.419889 0 
vn 0.976621 0.21497 0 
vn 1 2.44929e-16 0 
vn 0.907575 0.419889 0 
vn 0.976621 0.21497 0 
vn 0.796093 0.605174 0 
vn 0.907575 0.419889 0 
vn 0.647386 0.762162 0 
vn 0.796093 0.605174 0 
vn 0.468408 0.883512 0 
vn 0.647386 0.762162 0 
vn 0.267528 0.96355 0 
vn 0.468408 0.883512 0 
vn 0.0541389 0.998533 0 
vn 0.267528 0.96355 0 
vn -0.161782 0.986827 0 
vn 0.0541389 0.998533 0 
vn -0.370138 0.928977 0 
vn -0.161782 0.986827 0 
vn -0.561187 0.827689 0 
vn -0.370138 0.928977 0 
vn -0.725995 0.687699 0 
vn -0.561187 0.827689 0 
vn -0.856857 0.515554 0 
vn -0.725995 0.687699 0 
vn -0.947653 0.319302 0 
vn -0.856857 0.515554 0 
vn -0.994138 0.108119 0 
vn -0.947653 0.319302 0 
vn -0.994138 -0.108119 0 
vn -1 -3.67394e-16 0 
vn -0.994138 0.108119 0 
vn -0.947653 -0.319302 0 
vn -0.994138 -0.108119 0 
vn -0.856857 -0.515554 0 
vn -0.947653 -0.319302 0 
vn -0.725995 -0.687699 0 
vn -0.856857 -0.515554 0 
vn -0.561187 -0.827689 0 
vn -0.725995 -0.687699 0 
vn -0.370138 -0.928977 0 
vn -0.561187 -0.827689 0 
vn -0.161782 -0.986827 0 
vn -0.370138 -0.928977 0 
vn 0.0541389 -0.998533 0 
vn -0.161782 -0.986827 0 
vn 0.267528 -0.96355 0 
vn 0.0541389 -0.998533 0 
vn 0.468408 -0.883512 0 
vn 0.267528 -0.96355 0 
vn 0.647386 -0.762162 0 
vn 0.468408 -0.883512 0 
vn 0.796093 -0.605174 0 
vn 0.647386 -0.762162 0 
vn 0.907575 -0.419889 0 
vn 0.796093 -0.605174 0 
vn 0.976621 -0.21497 0 
vn 0.907575 -0.419889 0 
vn 0.976621 0.21497 0 
vn 1 2.44929e-16 0 
vn 0.907575 0.419889 0 
vn 0.976621 0.21497 0 
vn 0.796093 0.605174 0 
vn 0.907575 0.419889 0 
vn 0.647386 0.762162 0 
vn 0.796093 0.605174 0 
vn 0.468408 0.883512 0 
vn 0.647386 0.762162 0 
vn 0.267528 0.96355 0 
vn 0.468408 0.883512 0 
vn 0.0541389 0.998533 0 
vn 0.267528 0.96355 0 
vn -0.161782 0.986827 0 
vn 0.0541389 0.998533 0 
vn -0.370138 0.928977 0 
vn -0.161782 0.986827 0 
vn -0.561187 0.827689 0 
vn -0.370138 0.928977 0 
vn -0.725995 0.687699 0 
vn -0.561187 0.827689 0 
vn -0.856857 0.515554 0 
vn -0.725995 0.687699 0 
vn -0.947653 0.319302 0 
vn -0.856857 0.515554 0 
vn -0.994138 0.108119 0 
vn -0.947653 0.319302 0 
vn -0.994138 -0.108119 0 
vn -1 -3.67394e-16 0 
vn -0.994138 0.108119 0 
vn -0.947653 -0.319302 0 
vn -0.994138 -0.108119 0 
vn -0.856857 -0.515554 0 
vn -0.947653 -0.319302 0 
vn -0.725995 -0.687699 0 
vn -0.856857 -0.515554 0 
vn -0.561187 -0.827689 0 
vn -0.725995 -0.687699 0 
vn -0.370138 -0.928977 0 
vn -0.561187 -0.827689 0 
vn -0.161782 -0.986827 0 
vn -0.370138 -0.928977 0 
vn 0.0541389 -0.998533 0 
vn -0.161782 -0.986827 0 
vn 0.267528 -0.96355 0 
vn 0.0541389 -0.998533 0 
vn 0.468408 -0.883512 0 
vn 0.267528 -0.96355 0 
vn 0.647386 -0.762162 0 
vn 0.468408 -0.883512 0 
vn 0.796093 -0.605174 0 
vn 0.647386 -0.762162 0 
vn 0.907575 -0.419889 0 
vn 0.796093 -0.605174 0 
vn 0.976621 -0.21497 0 
vn 0.907575 -0.419889 0 
vn 0.976621 0.21497 0 
vn 1 2.44929e-16 0 
vn 0.907575 0.419889 0 
vn 0.976621 0.21497 0 
vn 0.796093 0.605174 0 
vn 0.907575 0.419889 0 
vn 0.647386 0.762162 0 
vn 0.779326 0.626619 0 
vn 0.796093 0.605174 0 
vn 0.468408 0.883512 0 
vn 0.626605 0.779337 0 
vn 0.647386 0.762162 0 
vn 0.267528 0.96355 0 
vn 0.468408 0.883512 0 
vn 0.0541389 0.998533 0 
vn 0.267528 0.96355 0 
vn -0.161782 0.986827 0 
vn 0.0541389 0.998533 0 
vn -0.370138 0.928977 0 
vn -0.161782 0.986827 0 
vn -0.561187 0.827689 0 
vn -0.370138 0.928977 0 
vn -0.725995 0.687699 0 
vn -0.628496 0.777813 0 
vn -0.561187 0.827689 0 
vn -0.856857 0.515554 0 
vn -0.777881 0.628411 0 
vn -0.725995 0.687699 0 
vn -0.947653 0.319302 0 
vn -0.856857 0.515554 0 
vn -0.994138 0.108119 0 
vn -0.947653 0.319302 0 
vn -0.994138 -0.108119 0 
vn -1 -3.67394e-16 0 
vn -0.994138 0.108119 0 
vn -0.947653 -0.319302 0 
vn -0.856857 -0.515554 0 
vn -0.725995 -0.687699 0 
vn -0.777881 -0.628411 0 
vn -0.856857 -0.515554 0 
vn -0.561187 -0.827689 0 
vn -0.628496 -0.777813 0 
vn -0.725995 -0.687699 0 
vn -0.370138 -0.928977 0 
vn -0.561187 -0.827689 0 
vn -0.161782 -0.986827 0 
vn -0.370138 -0.928977 0 
vn 0.0541389 -0.998533 0 
vn -0.161782 -0.986827 0 
vn 0.267528 -0.96355 0 
vn 0.0541389 -0.998533 0 
vn 0.468408 -0.883512 0 
vn 0.267528 -0.96355 0 
vn 0.647386 -0.762162 0 
vn 0.626605 -0.779337 0 
vn 0.468408 -0.883512 0 
vn 0.796093 -0.605174 0 
vn 0.779326 -0.626619 0 
vn 0.647386 -0.762162 0 
vn 0.907575 -0.419889 0 
vn 0.796093 -0.605174 0 
vn 0.976621 -0.21497 0 
vn 0.907575 -0.419889 0 
vn 0.976621 0.21497 0 
vn 1 2.44929e-16 0 
vn 0.907575 0.419889 0 
vn 0.976621 0.21497 0 
vn 0.796093 0.605174 0 
vn 0.907575 0.419889 0 
vn 0.647386 0.762162 0 
vn 0.796093 0.605174 0 
vn 0.468408 0.883512 0 
vn 0.647386 0.762162 0 
vn 0.267528 0.96355 0 
vn 0.468408 0.883512 0 
vn 0.0541389 0.998533 0 
vn 0.267528 0.96355 0 
vn -0.161782 0.986827 0 
vn 0.0541389 0.998533 0 
vn -0.370138 0.928977 0 
vn -0.161782 0.986827 0 
vn -0.561187 0.827689 0 
vn -0.370138 0.928977 0 
vn -0.725995 0.687699 0 
vn -0.561187 0.827689 0 
vn -0.856857 0.515554 0 
vn -0.725995 0.687699 0 
vn -0.947653 0.319302 0 
vn -0.856857 0.515554 0 
vn -0.994138 0.108119 0 
vn -0.947653 0.319302 0 
vn -0.994138 -0.108119 0 
vn -1 -3.67394e-16 0 
vn -0.994138 0.108119 0 
vn -0.947653 -0.319302 0 
vn -0.856857 -0.515554 0 
vn -0.725995 -0.687699 0 
vn -0.561187 -0.827689 0 
vn -0.370138 -0.928977 0 
vn -0.161782 -0.986827 0 
vn 0.0541389 -0.998533 0 
vn 0.267528 -0.96355 0 
vn 0.468408 -0.883512 0 
vn 0.647386 -0.762162 0 
vn 0.796093 -0.605174 0 
vn 0.907575 -0.419889 0 
vn 0.976621 -0.21497 0 
usemtl 0.615686_0.811765_0.929412_0.000000_0.000000
o mesh0
f 1//1 2//2 3//2 
f 4//3 1//1 5//4 
f 6//5 4//3 7//6 
f 8//7 6//5 9//8 
f 10//9 8//7 11//10 
f 12//11 10//9 13//12 
f 14//13 12//11 15//14 
f 16//15 14//13 17//16 
f 18//17 16//15 19//18 
f 20//19 18//17 21//20 
f 22//21 20//19 23//22 
f 24//23 22//21 25//24 
f 26//25 24//23 27//26 
f 28//27 26//25 29//28 
f 30//29 31//29 32//30 
f 28//27 33//31 34//30 
f 34//30 32//30 28//27 
f 35//32 31//29 30//29 
f 36//33 35//32 37//32 
f 38//34 36//33 39//33 
f 40//35 38//34 41//34 
f 42//36 40//35 43//35 
f 44//37 42//36 45//36 
f 46//38 44//37 47//37 
f 48//39 46//38 49//38 
f 50//40 48//39 51//39 
f 52//41 50//40 53//40 
f 54//42 52//41 55//41 
f 56//43 54//42 57//42 
f 58//44 56//43 59//43 
f 2//2 58//44 60//44 
f 60//44 3//2 2//2 
f 59//43 60//44 58//44 
f 57//42 59//43 56//43 
f 55//41 57//42 54//42 
f 53//40 55//41 52//41 
f 51//39 53//40 50//40 
f 49//38 51//39 48//39 
f 47//37 49//38 46//38 
f 45//36 47//37 44//37 
f 43//35 45//36 42//36 
f 41//34 43//35 40//35 
f 39//33 41//34 38//34 
f 37//32 39//33 36//33 
f 30//29 37//32 35//32 
f 32//30 34//30 30//29 
f 29//28 33//31 28//27 
f 27//26 29//28 26//25 
f 25//24 27//26 24//23 
f 23//22 25//24 22//21 
f 21//20 23//22 20//19 
f 19//18 21//20 18//17 
f 17//16 19//18 16//15 
f 15//14 17//16 14//13 
f 13//12 15//14 12//11 
f 11//10 13//12 10//9 
f 9//8 11//10 8//7 
f 7//6 9//8 6//5 
f 5//4 7//6 4//3 
f 3//2 5//4 1//1 
o mesh1
f 642//45 61//45 62//45 
f 643//45 63//45 64//45 
f 642//45 65//45 61//45 
f 642//45 644//45 66//45 
f 644//45 67//45 68//45 
f 644//45 64//45 69//45 
f 643//45 70//45 63//45 
f 645//45 71//45 72//45 
f 642//45 73//45 74//45 
f 642//45 75//45 76//45 
f 66//45 65//45 642//45 
f 644//45 77//45 78//45 
f 68//45 79//45 644//45 
f 64//45 644//45 643//45 
f 643//45 80//45 81//45 
f 645//45 82//45 71//45 
f 645//45 83//45 84//45 
f 642//45 85//45 86//45 
f 76//45 73//45 642//45 
f 78//45 66//45 644//45 
f 69//45 67//45 644//45 
f 643//45 87//45 80//45 
f 643//45 72//45 88//45 
f 84//45 82//45 645//45 
f 645//45 89//45 90//45 
f 86//45 645//45 642//45 
f 62//45 75//45 642//45 
f 81//45 70//45 643//45 
f 72//45 643//45 645//45 
f 86//45 89//45 645//45 
f 79//45 77//45 644//45 
f 90//45 83//45 645//45 
f 88//45 87//45 643//45 
f 646//45 647//45 648//45 
f 649//45 648//45 644//45 
f 650//45 91//45 92//45 
f 650//45 93//45 91//45 
f 650//45 651//45 94//45 
f 651//45 95//45 96//45 
f 644//45 97//45 95//45 
f 650//45 98//45 99//45 
f 94//45 93//45 650//45 
f 95//45 651//45 644//45 
f 644//45 100//45 101//45 
f 642//45 102//45 103//45 
f 650//45 104//45 98//45 
f 650//45 105//45 106//45 
f 651//45 107//45 94//45 
f 651//45 108//45 109//45 
f 651//45 110//45 111//45 
f 101//45 97//45 644//45 
f 642//45 112//45 102//45 
f 642//45 113//45 114//45 
f 106//45 104//45 650//45 
f 109//45 107//45 651//45 
f 96//45 110//45 651//45 
f 644//45 115//45 116//45 
f 644//45 103//45 117//45 
f 114//45 112//45 642//45 
f 642//45 118//45 119//45 
f 642//45 99//45 120//45 
f 92//45 105//45 650//45 
f 116//45 100//45 644//45 
f 103//45 644//45 642//45 
f 120//45 118//45 642//45 
f 111//45 108//45 651//45 
f 119//45 113//45 642//45 
f 117//45 115//45 644//45 
f 650//45 642//45 652//45 
f 653//45 652//45 654//45 
f 655//45 656//45 646//45 
f 657//45 646//45 649//45 
f 658//45 649//45 651//45 
f 659//45 121//45 122//45 
f 651//45 123//45 124//45 
f 122//45 125//45 659//45 
f 124//45 659//45 651//45 
f 650//45 660//45 126//45 
f 660//45 127//45 128//45 
f 124//45 121//45 659//45 
f 651//45 129//45 130//45 
f 650//45 131//45 132//45 
f 650//45 133//45 134//45 
f 126//45 135//45 650//45 
f 660//45 136//45 127//45 
f 660//45 137//45 138//45 
f 130//45 123//45 651//45 
f 651//45 139//45 140//45 
f 651//45 132//45 141//45 
f 650//45 142//45 131//45 
f 134//45 143//45 650//45 
f 135//45 144//45 650//45 
f 660//45 145//45 136//45 
f 660//45 146//45 137//45 
f 660//45 659//45 147//45 
f 659//45 148//45 149//45 
f 140//45 129//45 651//45 
f 132//45 651//45 650//45 
f 144//45 133//45 650//45 
f 138//45 145//45 660//45 
f 659//45 150//45 147//45 
f 125//45 148//45 659//45 
f 143//45 142//45 650//45 
f 147//45 146//45 660//45 
f 141//45 139//45 651//45 
f 149//45 150//45 659//45 
f 660//45 650//45 653//45 
f 661//45 653//45 662//45 
f 663//45 662//45 664//45 
f 665//45 655//45 657//45 
f 666//45 657//45 658//45 
f 667//45 661//45 663//45 
f 668//45 663//45 669//45 
f 665//45 151//45 152//45 
f 152//45 153//45 665//45 
f 670//45 665//45 154//45 
f 153//45 155//45 665//45 
f 665//45 156//45 157//45 
f 671//45 158//45 156//45 
f 672//45 159//45 160//45 
f 672//45 670//45 161//45 
f 670//45 162//45 163//45 
f 155//45 154//45 665//45 
f 157//45 164//45 665//45 
f 671//45 165//45 158//45 
f 671//45 166//45 167//45 
f 672//45 168//45 169//45 
f 161//45 159//45 672//45 
f 670//45 170//45 171//45 
f 154//45 162//45 670//45 
f 164//45 172//45 665//45 
f 671//45 173//45 165//45 
f 671//45 174//45 166//45 
f 671//45 169//45 175//45 
f 672//45 176//45 168//45 
f 672//45 177//45 178//45 
f 171//45 161//45 670//45 
f 670//45 179//45 180//45 
f 172//45 151//45 665//45 
f 167//45 173//45 671//45 
f 169//45 671//45 672//45 
f 160//45 177//45 672//45 
f 163//45 179//45 670//45 
f 175//45 174//45 671//45 
f 180//45 170//45 670//45 
f 178//45 176//45 672//45 
f 666//45 181//45 182//45 
f 666//45 183//45 181//45 
f 666//45 184//45 185//45 
f 671//45 665//45 186//45 
f 665//45 187//45 188//45 
f 185//45 183//45 666//45 
f 666//45 189//45 190//45 
f 673//45 191//45 189//45 
f 671//45 192//45 193//45 
f 188//45 186//45 665//45 
f 665//45 194//45 195//45 
f 182//45 665//45 666//45 
f 190//45 196//45 666//45 
f 673//45 197//45 191//45 
f 673//45 198//45 199//45 
f 673//45 671//45 200//45 
f 186//45 192//45 671//45 
f 665//45 201//45 202//45 
f 182//45 194//45 665//45 
f 196//45 203//45 666//45 
f 673//45 204//45 197//45 
f 673//45 205//45 198//45 
f 200//45 206//45 673//45 
f 671//45 207//45 208//45 
f 202//45 187//45 665//45 
f 203//45 184//45 666//45 
f 199//45 204//45 673//45 
f 208//45 200//45 671//45 
f 671//45 209//45 210//45 
f 195//45 201//45 665//45 
f 206//45 205//45 673//45 
f 193//45 209//45 671//45 
f 210//45 207//45 671//45 
f 674//45 211//45 212//45 
f 674//45 213//45 211//45 
f 674//45 214//45 215//45 
f 673//45 666//45 216//45 
f 666//45 217//45 218//45 
f 215//45 213//45 674//45 
f 674//45 219//45 220//45 
f 675//45 221//45 219//45 
f 673//45 222//45 223//45 
f 218//45 216//45 666//45 
f 666//45 224//45 225//45 
f 212//45 666//45 674//45 
f 220//45 226//45 674//45 
f 675//45 227//45 221//45 
f 675//45 228//45 229//45 
f 675//45 673//45 230//45 
f 216//45 222//45 673//45 
f 666//45 231//45 232//45 
f 212//45 224//45 666//45 
f 226//45 233//45 674//45 
f 675//45 234//45 227//45 
f 675//45 235//45 228//45 
f 230//45 236//45 675//45 
f 673//45 237//45 238//45 
f 232//45 217//45 666//45 
f 233//45 214//45 674//45 
f 229//45 234//45 675//45 
f 238//45 230//45 673//45 
f 673//45 239//45 240//45 
f 225//45 231//45 666//45 
f 236//45 235//45 675//45 
f 223//45 239//45 673//45 
f 240//45 237//45 673//45 
f 676//45 60//45 59//45 
f 59//45 57//45 676//45 
f 676//45 3//45 60//45 
f 667//45 5//45 3//45 
f 667//45 9//45 7//45 
f 668//45 19//45 17//45 
f 677//45 37//45 30//45 
f 3//45 676//45 667//45 
f 667//45 11//45 9//45 
f 17//45 667//45 668//45 
f 668//45 677//45 34//45 
f 677//45 39//45 37//45 
f 677//45 45//45 43//45 
f 676//45 55//45 53//45 
f 7//45 5//45 667//45 
f 17//45 15//45 667//45 
f 668//45 23//45 21//45 
f 668//45 27//45 25//45 
f 34//45 33//45 668//45 
f 677//45 41//45 39//45 
f 677//45 47//45 45//45 
f 677//45 676//45 49//45 
f 57//45 55//45 676//45 
f 15//45 13//45 667//45 
f 25//45 23//45 668//45 
f 33//45 29//45 668//45 
f 43//45 41//45 677//45 
f 676//45 51//45 49//45 
f 13//45 11//45 667//45 
f 29//45 27//45 668//45 
f 49//45 47//45 677//45 
f 21//45 19//45 668//45 
f 53//45 51//45 676//45 
f 677//45 241//45 242//45 
f 242//45 243//45 677//45 
f 677//45 244//45 241//45 
f 668//45 245//45 244//45 
f 668//45 246//45 247//45 
f 678//45 248//45 249//45 
f 678//45 679//45 250//45 
f 679//45 251//45 252//45 
f 244//45 677//45 668//45 
f 668//45 253//45 246//45 
f 249//45 668//45 678//45 
f 250//45 254//45 678//45 
f 679//45 255//45 251//45 
f 679//45 256//45 257//45 
f 677//45 258//45 259//45 
f 247//45 245//45 668//45 
f 249//45 260//45 668//45 
f 678//45 261//45 262//45 
f 254//45 263//45 678//45 
f 679//45 264//45 255//45 
f 679//45 265//45 256//45 
f 679//45 677//45 266//45 
f 243//45 258//45 677//45 
f 260//45 267//45 668//45 
f 262//45 268//45 678//45 
f 263//45 269//45 678//45 
f 257//45 264//45 679//45 
f 677//45 270//45 266//45 
f 267//45 253//45 668//45 
f 269//45 261//45 678//45 
f 266//45 265//45 679//45 
f 268//45 248//45 678//45 
f 259//45 270//45 677//45 
f 680//45 671//45 673//45 
f 681//45 673//45 675//45 
f 682//45 676//45 677//45 
f 683//45 677//45 679//45 
f 684//45 680//45 681//45 
f 685//45 681//45 686//45 
f 687//45 686//45 688//45 
f 688//45 271//45 272//45 
f 688//45 273//45 271//45 
f 689//45 274//45 275//45 
f 272//45 689//45 688//45 
f 688//45 276//45 277//45 
f 690//45 278//45 279//45 
f 272//45 274//45 689//45 
f 277//45 280//45 688//45 
f 279//45 688//45 690//45 
f 689//45 281//45 282//45 
f 280//45 273//45 688//45 
f 279//45 283//45 688//45 
f 690//45 284//45 285//45 
f 690//45 691//45 286//45 
f 691//45 287//45 288//45 
f 691//45 289//45 290//45 
f 691//45 689//45 291//45 
f 282//45 292//45 689//45 
f 283//45 276//45 688//45 
f 285//45 293//45 690//45 
f 286//45 294//45 690//45 
f 290//45 287//45 691//45 
f 689//45 295//45 291//45 
f 275//45 281//45 689//45 
f 293//45 296//45 690//45 
f 294//45 297//45 690//45 
f 691//45 298//45 289//45 
f 691//45 299//45 300//45 
f 292//45 295//45 689//45 
f 297//45 284//45 690//45 
f 300//45 298//45 691//45 
f 296//45 278//45 690//45 
f 291//45 299//45 691//45 
f 691//45 690//45 682//45 
f 692//45 682//45 683//45 
f 693//45 683//45 694//45 
f 695//45 685//45 687//45 
f 696//45 687//45 689//45 
f 697//45 689//45 301//45 
f 697//45 302//45 303//45 
f 301//45 304//45 697//45 
f 689//45 305//45 306//45 
f 697//45 307//45 302//45 
f 306//45 301//45 689//45 
f 689//45 308//45 309//45 
f 304//45 307//45 697//45 
f 309//45 310//45 689//45 
f 697//45 311//45 312//45 
f 310//45 305//45 689//45 
f 698//45 697//45 313//45 
f 303//45 311//45 697//45 
f 689//45 314//45 315//45 
f 691//45 316//45 314//45 
f 698//45 317//45 318//45 
f 313//45 319//45 698//45 
f 315//45 308//45 689//45 
f 691//45 320//45 316//45 
f 691//45 321//45 322//45 
f 698//45 323//45 317//45 
f 698//45 324//45 325//45 
f 312//45 313//45 697//45 
f 322//45 320//45 691//45 
f 691//45 326//45 327//45 
f 691//45 318//45 328//45 
f 698//45 329//45 323//45 
f 698//45 330//45 324//45 
f 314//45 689//45 691//45 
f 328//45 326//45 691//45 
f 325//45 329//45 698//45 
f 327//45 321//45 691//45 
f 319//45 330//45 698//45 
f 698//45 691//45 692//45 
f 699//45 692//45 693//45 
f 700//45 331//45 332//45 
f 700//45 333//45 331//45 
f 699//45 334//45 335//45 
f 699//45 700//45 336//45 
f 336//45 334//45 699//45 
f 337//45 338//45 339//45 
f 338//45 337//45 340//45 
f 340//45 341//45 338//45 
f 342//45 343//45 337//45 
f 342//45 698//45 344//45 
f 344//45 343//45 342//45 
f 698//45 345//45 344//45 
f 698//45 699//45 346//45 
f 346//45 345//45 698//45 
f 347//45 697//45 348//45 
f 347//45 349//45 350//45 
f 697//45 351//45 348//45 
f 697//45 352//45 353//45 
f 354//45 355//45 356//45 
f 354//45 357//45 358//45 
f 354//45 359//45 342//45 
f 347//45 360//45 349//45 
f 353//45 351//45 697//45 
f 697//45 361//45 362//45 
f 342//45 363//45 364//45 
f 356//45 365//45 354//45 
f 342//45 357//45 354//45 
f 347//45 366//45 367//45 
f 348//45 360//45 347//45 
f 697//45 368//45 361//45 
f 697//45 369//45 370//45 
f 342//45 359//45 363//45 
f 358//45 355//45 354//45 
f 350//45 366//45 347//45 
f 370//45 368//45 697//45 
f 698//45 371//45 369//45 
f 342//45 372//45 373//45 
f 365//45 347//45 354//45 
f 362//45 352//45 697//45 
f 698//45 374//45 371//45 
f 698//45 375//45 376//45 
f 698//45 377//45 378//45 
f 373//45 698//45 342//45 
f 367//45 354//45 347//45 
f 376//45 374//45 698//45 
f 373//45 377//45 698//45 
f 369//45 697//45 698//45 
f 698//45 379//45 380//45 
f 698//45 381//45 382//45 
f 364//45 372//45 342//45 
f 382//45 379//45 698//45 
f 380//45 375//45 698//45 
f 383//45 384//45 385//45 
f 386//45 347//45 387//45 
f 387//45 383//45 386//45 
f 347//45 388//45 389//45 
f 385//45 386//45 383//45 
f 386//45 388//45 347//45 
f 697//45 390//45 391//45 
f 389//45 697//45 347//45 
f 389//45 390//45 697//45 
f 696//45 392//45 393//45 
f 696//45 391//45 394//45 
f 394//45 392//45 696//45 
f 695//45 393//45 395//45 
f 395//45 396//45 695//45 
f 685//45 397//45 398//45 
f 685//45 399//45 397//45 
f 685//45 400//45 399//45 
f 685//45 695//45 401//45 
f 401//45 400//45 685//45 
f 684//45 398//45 402//45 
f 680//45 684//45 403//45 
f 403//45 404//45 680//45 
f 671//45 680//45 405//45 
f 680//45 406//45 405//45 
f 672//45 405//45 407//45 
f 670//45 672//45 408//45 
f 672//45 409//45 408//45 
f 670//45 410//45 411//45 
f 411//45 412//45 670//45 
f 665//45 670//45 413//45 
f 413//45 655//45 665//45 
f 655//45 414//45 415//45 
f 655//45 416//45 414//45 
f 646//45 417//45 418//45 
f 646//45 656//45 419//45 
f 419//45 417//45 646//45 
f 648//45 647//45 420//45 
f 420//45 421//45 648//45 
f 644//45 648//45 422//45 
f 648//45 423//45 422//45 
f 643//45 424//45 425//45 
f 643//45 422//45 424//45 
f 643//45 426//45 427//45 
f 645//45 428//45 429//45 
f 645//45 427//45 428//45 
f 642//45 645//45 430//45 
f 430//45 652//45 642//45 
f 652//45 431//45 432//45 
f 652//45 433//45 431//45 
f 662//45 434//45 435//45 
f 662//45 654//45 436//45 
f 436//45 434//45 662//45 
f 669//45 664//45 437//45 
f 437//45 438//45 669//45 
f 669//45 439//45 440//45 
f 440//45 678//45 669//45 
f 440//45 441//45 678//45 
f 679//45 442//45 443//45 
f 679//45 444//45 445//45 
f 678//45 446//45 447//45 
f 679//45 448//45 442//45 
f 679//45 449//45 444//45 
f 678//45 450//45 451//45 
f 447//45 452//45 678//45 
f 678//45 453//45 454//45 
f 455//45 456//45 457//45 
f 458//45 456//45 455//45 
f 679//45 459//45 448//45 
f 679//45 451//45 449//45 
f 452//45 450//45 678//45 
f 454//45 460//45 678//45 
f 455//45 461//45 462//45 
f 455//45 463//45 458//45 
f 463//45 464//45 465//45 
f 679//45 466//45 459//45 
f 451//45 679//45 678//45 
f 460//45 467//45 678//45 
f 462//45 453//45 455//45 
f 463//45 468//45 458//45 
f 463//45 443//45 464//45 
f 445//45 466//45 679//45 
f 467//45 469//45 678//45 
f 453//45 470//45 471//45 
f 462//45 472//45 453//45 
f 465//45 468//45 463//45 
f 469//45 446//45 678//45 
f 471//45 473//45 453//45 
f 472//45 474//45 453//45 
f 443//45 463//45 679//45 
f 474//45 470//45 453//45 
f 473//45 454//45 453//45 
f 679//45 475//45 476//45 
f 679//45 463//45 475//45 
f 694//45 477//45 478//45 
f 694//45 476//45 477//45 
f 701//45 478//45 479//45 
f 693//45 701//45 480//45 
f 480//45 481//45 693//45 
f 693//45 482//45 333//45 
f 481//45 483//45 693//45 
f 483//45 482//45 693//45 
f 661//45 484//45 485//45 
f 661//45 667//45 486//45 
f 486//45 484//45 661//45 
f 487//45 488//45 489//45 
f 490//45 491//45 492//45 
f 493//45 494//45 495//45 
f 659//45 496//45 494//45 
f 485//45 497//45 498//45 
f 489//45 491//45 487//45 
f 491//45 499//45 492//45 
f 495//45 500//45 493//45 
f 659//45 501//45 496//45 
f 659//45 502//45 503//45 
f 498//45 660//45 485//45 
f 504//45 505//45 506//45 
f 505//45 504//45 490//45 
f 487//45 507//45 488//45 
f 491//45 489//45 499//45 
f 494//45 493//45 659//45 
f 659//45 508//45 502//45 
f 485//45 509//45 497//45 
f 490//45 510//45 505//45 
f 511//45 485//45 512//45 
f 492//45 510//45 490//45 
f 503//45 501//45 659//45 
f 660//45 513//45 514//45 
f 660//45 515//45 516//45 
f 660//45 517//45 518//45 
f 485//45 511//45 509//45 
f 512//45 504//45 511//45 
f 500//45 488//45 493//45 
f 659//45 519//45 520//45 
f 660//45 521//45 522//45 
f 516//45 513//45 660//45 
f 518//45 523//45 660//45 
f 506//45 511//45 504//45 
f 520//45 508//45 659//45 
f 522//45 659//45 660//45 
f 523//45 515//45 660//45 
f 507//45 493//45 488//45 
f 514//45 521//45 660//45 
f 522//45 519//45 659//45 
f 658//45 524//45 525//45 
f 658//45 659//45 493//45 
f 493//45 524//45 658//45 
f 526//45 527//45 528//45 
f 525//45 529//45 530//45 
f 528//45 531//45 526//45 
f 532//45 531//45 528//45 
f 530//45 674//45 525//45 
f 525//45 533//45 534//45 
f 526//45 535//45 527//45 
f 536//45 537//45 532//45 
f 675//45 674//45 538//45 
f 674//45 539//45 540//45 
f 534//45 529//45 525//45 
f 541//45 542//45 527//45 
f 541//45 525//45 543//45 
f 536//45 544//45 537//45 
f 675//45 545//45 546//45 
f 540//45 538//45 674//45 
f 674//45 547//45 548//45 
f 530//45 549//45 674//45 
f 543//45 542//45 541//45 
f 544//45 550//45 551//45 
f 528//45 536//45 532//45 
f 552//45 553//45 554//45 
f 552//45 675//45 555//45 
f 538//45 545//45 675//45 
f 674//45 556//45 557//45 
f 549//45 547//45 674//45 
f 535//45 541//45 527//45 
f 536//45 550//45 544//45 
f 552//45 558//45 553//45 
f 675//45 559//45 555//45 
f 675//45 560//45 561//45 
f 557//45 539//45 674//45 
f 541//45 533//45 525//45 
f 554//45 544//45 552//45 
f 561//45 559//45 675//45 
f 675//45 562//45 563//45 
f 548//45 556//45 674//45 
f 555//45 558//45 552//45 
f 546//45 562//45 675//45 
f 563//45 560//45 675//45 
f 686//45 564//45 565//45 
f 686//45 675//45 552//45 
f 552//45 564//45 686//45 
f 688//45 566//45 567//45 
f 688//45 568//45 569//45 
f 688//45 570//45 566//45 
f 571//45 572//45 570//45 
f 571//45 573//45 574//45 
f 688//45 575//45 576//45 
f 688//45 577//45 568//45 
f 570//45 688//45 571//45 
f 574//45 578//45 571//45 
f 579//45 580//45 581//45 
f 569//45 575//45 688//45 
f 578//45 572//45 571//45 
f 581//45 582//45 579//45 
f 583//45 584//45 585//45 
f 567//45 577//45 688//45 
f 573//45 571//45 580//45 
f 585//45 584//45 582//45 
f 586//45 587//45 583//45 
f 690//45 688//45 588//45 
f 579//45 573//45 580//45 
f 585//45 586//45 583//45 
f 589//45 690//45 590//45 
f 588//45 591//45 690//45 
f 688//45 565//45 571//45 
f 582//45 581//45 585//45 
f 690//45 592//45 590//45 
f 690//45 593//45 594//45 
f 690//45 595//45 596//45 
f 576//45 588//45 688//45 
f 586//45 597//45 587//45 
f 589//45 598//45 599//45 
f 590//45 600//45 589//45 
f 690//45 601//45 593//45 
f 690//45 602//45 595//45 
f 597//45 589//45 587//45 
f 600//45 598//45 589//45 
f 596//45 601//45 690//45 
f 599//45 587//45 589//45 
f 591//45 602//45 690//45 
f 682//45 603//45 604//45 
f 682//45 690//45 589//45 
f 589//45 603//45 682//45 
f 605//45 606//45 607//45 
f 607//45 608//45 605//45 
f 609//45 610//45 611//45 
f 612//45 613//45 611//45 
f 605//45 614//45 606//45 
f 608//45 607//45 609//45 
f 611//45 610//45 612//45 
f 615//45 613//45 616//45 
f 617//45 604//45 606//45 
f 612//45 616//45 613//45 
f 618//45 619//45 615//45 
f 667//45 676//45 620//45 
f 676//45 621//45 622//45 
f 611//45 608//45 609//45 
f 616//45 618//45 615//45 
f 667//45 623//45 624//45 
f 667//45 625//45 626//45 
f 667//45 627//45 628//45 
f 620//45 629//45 667//45 
f 676//45 630//45 621//45 
f 676//45 631//45 632//45 
f 618//45 486//45 619//45 
f 486//45 633//45 634//45 
f 667//45 635//45 623//45 
f 628//45 625//45 667//45 
f 629//45 636//45 667//45 
f 676//45 637//45 630//45 
f 676//45 638//45 631//45 
f 676//45 604//45 639//45 
f 604//45 617//45 640//45 
f 634//45 619//45 486//45 
f 624//45 486//45 667//45 
f 636//45 627//45 667//45 
f 632//45 637//45 676//45 
f 639//45 641//45 676//45 
f 614//45 617//45 606//45 
f 626//45 635//45 667//45 
f 641//45 638//45 676//45 
f 624//45 633//45 486//45 
f 640//45 639//45 604//45 
f 622//45 620//45 676//45 
f 604//45 676//45 682//45 
f 594//45 592//45 690//45 
f 565//45 688//45 686//45 
f 551//45 552//45 544//45 
f 525//45 674//45 658//45 
f 498//45 517//45 660//45 
f 485//45 660//45 661//45 
f 333//45 700//45 693//45 
f 479//45 480//45 701//45 
f 478//45 701//45 694//45 
f 476//45 694//45 679//45 
f 457//45 461//45 455//45 
f 441//45 453//45 678//45 
f 438//45 439//45 669//45 
f 437//45 664//45 435//45 
f 435//45 664//45 662//45 
f 436//45 654//45 432//45 
f 432//45 654//45 652//45 
f 430//45 433//45 652//45 
f 429//45 430//45 645//45 
f 427//45 645//45 643//45 
f 425//45 426//45 643//45 
f 422//45 643//45 644//45 
f 421//45 423//45 648//45 
f 420//45 647//45 418//45 
f 418//45 647//45 646//45 
f 419//45 656//45 415//45 
f 415//45 656//45 655//45 
f 413//45 416//45 655//45 
f 412//45 413//45 670//45 
f 408//45 410//45 670//45 
f 407//45 409//45 672//45 
f 405//45 672//45 671//45 
f 404//45 406//45 680//45 
f 402//45 403//45 684//45 
f 398//45 684//45 685//45 
f 396//45 401//45 695//45 
f 393//45 695//45 696//45 
f 391//45 696//45 697//45 
f 378//45 381//45 698//45 
f 339//45 342//45 337//45 
f 335//45 346//45 699//45 
f 332//45 336//45 700//45 
f 693//45 700//45 699//45 
f 692//45 699//45 698//45 
f 318//45 691//45 698//45 
f 689//45 697//45 696//45 
f 687//45 696//45 695//45 
f 694//45 701//45 693//45 
f 683//45 693//45 692//45 
f 682//45 692//45 691//45 
f 288//45 286//45 691//45 
f 688//45 689//45 687//45 
f 686//45 687//45 685//45 
f 681//45 685//45 684//45 
f 679//45 694//45 683//45 
f 677//45 683//45 682//45 
f 675//45 686//45 681//45 
f 673//45 681//45 680//45 
f 252//45 250//45 679//45 
f 30//45 34//45 677//45 
f 219//45 674//45 675//45 
f 189//45 666//45 673//45 
f 156//45 665//45 671//45 
f 669//45 678//45 668//45 
f 663//45 668//45 667//45 
f 658//45 674//45 666//45 
f 657//45 666//45 665//45 
f 664//45 669//45 663//45 
f 662//45 663//45 661//45 
f 653//45 661//45 660//45 
f 128//45 126//45 660//45 
f 651//45 659//45 658//45 
f 649//45 658//45 657//45 
f 646//45 657//45 655//45 
f 654//45 662//45 653//45 
f 652//45 653//45 650//45 
f 99//45 642//45 650//45 
f 644//45 651//45 649//45 
f 648//45 649//45 646//45 
f 74//45 85//45 642//45 
o mesh2
f 1283//46 1284//46 1285//46 
f 1284//46 1286//46 1287//46 
f 1288//46 1289//46 702//46 
f 1289//46 703//46 702//46 
f 1289//46 704//46 703//46 
f 1287//46 705//46 706//46 
f 1286//46 707//46 708//46 
f 1286//46 709//46 710//46 
f 702//46 711//46 1288//46 
f 1289//46 1287//46 712//46 
f 1287//46 713//46 705//46 
f 1287//46 708//46 714//46 
f 1286//46 715//46 707//46 
f 710//46 716//46 1286//46 
f 1288//46 717//46 718//46 
f 711//46 719//46 1288//46 
f 1289//46 720//46 721//46 
f 1289//46 722//46 723//46 
f 712//46 724//46 1289//46 
f 1287//46 725//46 726//46 
f 714//46 713//46 1287//46 
f 716//46 715//46 1286//46 
f 1286//46 727//46 728//46 
f 1288//46 729//46 727//46 
f 718//46 730//46 1288//46 
f 721//46 704//46 1289//46 
f 724//46 722//46 1289//46 
f 706//46 725//46 1287//46 
f 728//46 709//46 1286//46 
f 1288//46 731//46 729//46 
f 719//46 717//46 1288//46 
f 726//46 712//46 1287//46 
f 727//46 1286//46 1288//46 
f 723//46 720//46 1289//46 
f 730//46 731//46 1288//46 
f 1288//46 1290//46 1291//46 
f 1290//46 1292//46 1293//46 
f 1294//46 1295//46 1296//46 
f 1295//46 1285//46 1297//46 
f 1285//46 1287//46 1298//46 
f 1299//46 732//46 733//46 
f 733//46 1289//46 1299//46 
f 733//46 734//46 1289//46 
f 1289//46 735//46 736//46 
f 1299//46 737//46 732//46 
f 734//46 735//46 1289//46 
f 1299//46 738//46 739//46 
f 1299//46 740//46 737//46 
f 1299//46 741//46 738//46 
f 1299//46 1298//46 742//46 
f 1298//46 743//46 744//46 
f 1298//46 1287//46 745//46 
f 1287//46 746//46 747//46 
f 1287//46 748//46 749//46 
f 736//46 750//46 1289//46 
f 1299//46 751//46 741//46 
f 1298//46 752//46 742//46 
f 1298//46 753//46 743//46 
f 745//46 754//46 1298//46 
f 747//46 755//46 1287//46 
f 1287//46 756//46 748//46 
f 1289//46 757//46 758//46 
f 1289//46 759//46 760//46 
f 739//46 740//46 1299//46 
f 1298//46 761//46 752//46 
f 754//46 753//46 1298//46 
f 749//46 746//46 1287//46 
f 758//46 1287//46 1289//46 
f 750//46 759//46 1289//46 
f 744//46 761//46 1298//46 
f 758//46 756//46 1287//46 
f 742//46 751//46 1299//46 
f 760//46 757//46 1289//46 
f 1289//46 1291//46 1300//46 
f 1291//46 1293//46 1301//46 
f 1293//46 1302//46 1303//46 
f 1304//46 1296//46 1305//46 
f 1296//46 1297//46 1306//46 
f 1300//46 1301//46 1307//46 
f 1301//46 1303//46 1308//46 
f 1309//46 1310//46 762//46 
f 1310//46 763//46 762//46 
f 1310//46 764//46 763//46 
f 1310//46 765//46 766//46 
f 762//46 767//46 1309//46 
f 1310//46 768//46 765//46 
f 767//46 769//46 1309//46 
f 1310//46 770//46 768//46 
f 1311//46 771//46 770//46 
f 1310//46 772//46 764//46 
f 770//46 1310//46 1311//46 
f 1311//46 773//46 774//46 
f 1309//46 775//46 776//46 
f 1310//46 777//46 772//46 
f 774//46 771//46 1311//46 
f 776//46 778//46 1309//46 
f 766//46 777//46 1310//46 
f 1312//46 1309//46 779//46 
f 769//46 775//46 1309//46 
f 1311//46 780//46 781//46 
f 1312//46 782//46 783//46 
f 1312//46 784//46 785//46 
f 779//46 786//46 1312//46 
f 1309//46 787//46 788//46 
f 781//46 773//46 1311//46 
f 1311//46 783//46 789//46 
f 785//46 782//46 1312//46 
f 1312//46 790//46 791//46 
f 788//46 779//46 1309//46 
f 789//46 780//46 1311//46 
f 791//46 784//46 1312//46 
f 778//46 787//46 1309//46 
f 786//46 790//46 1312//46 
f 1305//46 1313//46 792//46 
f 1313//46 793//46 792//46 
f 1313//46 794//46 793//46 
f 1313//46 1310//46 795//46 
f 792//46 796//46 1305//46 
f 1313//46 797//46 798//46 
f 795//46 799//46 1313//46 
f 796//46 800//46 1305//46 
f 799//46 797//46 1313//46 
f 1313//46 801//46 794//46 
f 1310//46 802//46 795//46 
f 1310//46 803//46 804//46 
f 1313//46 805//46 801//46 
f 804//46 802//46 1310//46 
f 1310//46 806//46 807//46 
f 1310//46 808//46 809//46 
f 1305//46 810//46 811//46 
f 1305//46 812//46 813//46 
f 798//46 805//46 1313//46 
f 809//46 806//46 1310//46 
f 1309//46 814//46 808//46 
f 1309//46 815//46 816//46 
f 1309//46 811//46 817//46 
f 1305//46 818//46 810//46 
f 813//46 819//46 1305//46 
f 807//46 803//46 1310//46 
f 816//46 814//46 1309//46 
f 1309//46 820//46 821//46 
f 811//46 1309//46 1305//46 
f 800//46 812//46 1305//46 
f 821//46 815//46 1309//46 
f 819//46 818//46 1305//46 
f 817//46 820//46 1309//46 
f 1306//46 1314//46 822//46 
f 1314//46 823//46 822//46 
f 1314//46 824//46 823//46 
f 1314//46 1313//46 825//46 
f 822//46 826//46 1306//46 
f 1314//46 827//46 828//46 
f 825//46 829//46 1314//46 
f 826//46 830//46 1306//46 
f 829//46 827//46 1314//46 
f 1314//46 831//46 824//46 
f 1313//46 832//46 825//46 
f 1313//46 833//46 834//46 
f 1314//46 835//46 831//46 
f 834//46 832//46 1313//46 
f 1313//46 836//46 837//46 
f 1313//46 838//46 839//46 
f 1306//46 840//46 841//46 
f 1306//46 842//46 843//46 
f 828//46 835//46 1314//46 
f 839//46 836//46 1313//46 
f 1305//46 844//46 838//46 
f 1305//46 845//46 846//46 
f 1305//46 841//46 847//46 
f 1306//46 848//46 840//46 
f 843//46 849//46 1306//46 
f 837//46 833//46 1313//46 
f 846//46 844//46 1305//46 
f 1305//46 850//46 851//46 
f 841//46 1305//46 1306//46 
f 830//46 842//46 1306//46 
f 851//46 845//46 1305//46 
f 849//46 848//46 1306//46 
f 847//46 850//46 1305//46 
f 1315//46 28//46 32//46 
f 32//46 1307//46 1315//46 
f 32//46 31//46 1307//46 
f 1315//46 26//46 28//46 
f 31//46 35//46 1307//46 
f 1307//46 38//46 40//46 
f 1315//46 24//46 26//46 
f 1315//46 1316//46 14//46 
f 40//46 42//46 1307//46 
f 35//46 36//46 1307//46 
f 1315//46 20//46 22//46 
f 1315//46 16//46 18//46 
f 1316//46 12//46 14//46 
f 1316//46 1//46 4//46 
f 1317//46 54//46 56//46 
f 1307//46 44//46 46//46 
f 36//46 38//46 1307//46 
f 18//46 20//46 1315//46 
f 1316//46 10//46 12//46 
f 4//46 6//46 1316//46 
f 1316//46 1317//46 2//46 
f 1317//46 52//46 54//46 
f 46//46 1317//46 1307//46 
f 22//46 24//46 1315//46 
f 1316//46 8//46 10//46 
f 2//46 1//46 1316//46 
f 56//46 58//46 1317//46 
f 1317//46 48//46 50//46 
f 42//46 44//46 1307//46 
f 6//46 8//46 1316//46 
f 50//46 52//46 1317//46 
f 14//46 16//46 1315//46 
f 46//46 48//46 1317//46 
f 1318//46 852//46 853//46 
f 853//46 1308//46 1318//46 
f 853//46 854//46 1308//46 
f 1318//46 855//46 852//46 
f 854//46 856//46 1308//46 
f 1318//46 857//46 855//46 
f 1308//46 858//46 859//46 
f 1318//46 860//46 857//46 
f 1318//46 1315//46 861//46 
f 859//46 862//46 1308//46 
f 856//46 863//46 1308//46 
f 1318//46 864//46 865//46 
f 1315//46 866//46 861//46 
f 1315//46 867//46 868//46 
f 1307//46 869//46 870//46 
f 1308//46 871//46 872//46 
f 863//46 858//46 1308//46 
f 1318//46 873//46 864//46 
f 1315//46 874//46 866//46 
f 868//46 875//46 1315//46 
f 1315//46 1307//46 876//46 
f 1307//46 877//46 869//46 
f 872//46 1307//46 1308//46 
f 865//46 860//46 1318//46 
f 1315//46 878//46 874//46 
f 876//46 867//46 1315//46 
f 870//46 879//46 1307//46 
f 1307//46 880//46 881//46 
f 862//46 871//46 1308//46 
f 875//46 878//46 1315//46 
f 881//46 877//46 1307//46 
f 861//46 873//46 1318//46 
f 872//46 880//46 1307//46 
f 1310//46 1313//46 1319//46 
f 1313//46 1314//46 1320//46 
f 1316//46 1315//46 1321//46 
f 1315//46 1318//46 1322//46 
f 1323//46 1319//46 1324//46 
f 1319//46 1320//46 1325//46 
f 1320//46 1326//46 1327//46 
f 1328//46 882//46 883//46 
f 883//46 1329//46 1328//46 
f 883//46 884//46 1329//46 
f 1328//46 885//46 882//46 
f 884//46 886//46 1329//46 
f 1329//46 887//46 888//46 
f 1328//46 889//46 885//46 
f 888//46 890//46 1329//46 
f 886//46 891//46 1329//46 
f 1328//46 892//46 893//46 
f 1329//46 894//46 895//46 
f 891//46 887//46 1329//46 
f 1328//46 896//46 892//46 
f 1328//46 1327//46 897//46 
f 1326//46 898//46 899//46 
f 895//46 1326//46 1329//46 
f 893//46 889//46 1328//46 
f 897//46 900//46 1328//46 
f 1327//46 901//46 902//46 
f 1327//46 903//46 904//46 
f 1327//46 1326//46 905//46 
f 1326//46 906//46 898//46 
f 890//46 894//46 1329//46 
f 902//46 897//46 1327//46 
f 1327//46 907//46 908//46 
f 905//46 903//46 1327//46 
f 899//46 909//46 1326//46 
f 1326//46 910//46 911//46 
f 900//46 896//46 1328//46 
f 904//46 907//46 1327//46 
f 911//46 906//46 1326//46 
f 908//46 901//46 1327//46 
f 895//46 910//46 1326//46 
f 1329//46 1330//46 1331//46 
f 1330//46 1321//46 1332//46 
f 1321//46 1322//46 1333//46 
f 1324//46 1325//46 1334//46 
f 1325//46 1327//46 1335//46 
f 1336//46 912//46 913//46 
f 1328//46 914//46 915//46 
f 913//46 1328//46 1336//46 
f 1328//46 916//46 914//46 
f 1328//46 917//46 918//46 
f 913//46 919//46 1328//46 
f 918//46 916//46 1328//46 
f 1328//46 920//46 921//46 
f 1336//46 922//46 912//46 
f 1336//46 1335//46 923//46 
f 1327//46 924//46 925//46 
f 915//46 1327//46 1328//46 
f 919//46 920//46 1328//46 
f 1336//46 926//46 927//46 
f 1336//46 928//46 929//46 
f 923//46 930//46 1336//46 
f 915//46 924//46 1327//46 
f 927//46 922//46 1336//46 
f 930//46 928//46 1336//46 
f 1335//46 931//46 932//46 
f 1327//46 933//46 934//46 
f 1327//46 935//46 936//46 
f 921//46 917//46 1328//46 
f 932//46 923//46 1335//46 
f 1335//46 937//46 938//46 
f 1335//46 1327//46 939//46 
f 936//46 933//46 1327//46 
f 929//46 926//46 1336//46 
f 1335//46 940//46 941//46 
f 939//46 937//46 1335//46 
f 925//46 935//46 1327//46 
f 938//46 940//46 1335//46 
f 941//46 931//46 1335//46 
f 1328//46 1331//46 1337//46 
f 1331//46 1332//46 1338//46 
f 1336//46 1339//46 942//46 
f 942//46 943//46 1336//46 
f 1336//46 944//46 945//46 
f 943//46 946//46 1336//46 
f 1336//46 947//46 948//46 
f 945//46 949//46 1336//46 
f 1336//46 950//46 951//46 
f 1339//46 952//46 942//46 
f 1339//46 1340//46 953//46 
f 1335//46 948//46 954//46 
f 949//46 947//46 1336//46 
f 946//46 950//46 1336//46 
f 1339//46 955//46 956//46 
f 1339//46 957//46 958//46 
f 953//46 959//46 1339//46 
f 1335//46 960//46 961//46 
f 948//46 1335//46 1336//46 
f 956//46 952//46 1339//46 
f 959//46 957//46 1339//46 
f 1340//46 962//46 963//46 
f 1335//46 964//46 965//46 
f 1335//46 966//46 960//46 
f 951//46 944//46 1336//46 
f 963//46 953//46 1340//46 
f 1340//46 967//46 968//46 
f 1340//46 1335//46 969//46 
f 961//46 964//46 1335//46 
f 958//46 955//46 1339//46 
f 968//46 970//46 1340//46 
f 969//46 971//46 1340//46 
f 954//46 966//46 1335//46 
f 971//46 967//46 1340//46 
f 970//46 962//46 1340//46 
f 972//46 973//46 974//46 
f 975//46 976//46 977//46 
f 977//46 972//46 975//46 
f 976//46 978//46 979//46 
f 974//46 975//46 972//46 
f 975//46 978//46 976//46 
f 1288//46 980//46 981//46 
f 979//46 1288//46 976//46 
f 979//46 980//46 1288//46 
f 1290//46 982//46 983//46 
f 1290//46 981//46 984//46 
f 984//46 982//46 1290//46 
f 1292//46 983//46 985//46 
f 985//46 986//46 1292//46 
f 1293//46 987//46 988//46 
f 1293//46 989//46 987//46 
f 1293//46 990//46 989//46 
f 1293//46 1292//46 991//46 
f 991//46 990//46 1293//46 
f 1302//46 988//46 992//46 
f 1303//46 1302//46 993//46 
f 993//46 994//46 1303//46 
f 1308//46 1303//46 995//46 
f 995//46 996//46 1308//46 
f 997//46 998//46 999//46 
f 999//46 1000//46 997//46 
f 1000//46 1001//46 997//46 
f 1002//46 1003//46 997//46 
f 998//46 1004//46 999//46 
f 1001//46 1005//46 997//46 
f 1308//46 1003//46 1006//46 
f 998//46 1007//46 1004//46 
f 1308//46 1008//46 1009//46 
f 1006//46 1010//46 1308//46 
f 1003//46 1011//46 1012//46 
f 997//46 1005//46 1002//46 
f 1318//46 1013//46 1014//46 
f 1009//46 1015//46 1308//46 
f 1010//46 1016//46 1308//46 
f 1012//46 1017//46 1003//46 
f 998//46 1018//46 1007//46 
f 998//46 1019//46 1020//46 
f 1318//46 1021//46 1013//46 
f 1318//46 1022//46 1023//46 
f 1015//46 1024//46 1308//46 
f 1016//46 1025//46 1308//46 
f 1002//46 1011//46 1003//46 
f 998//46 1014//46 1019//46 
f 1318//46 1026//46 1021//46 
f 1318//46 1027//46 1022//46 
f 1318//46 1308//46 1028//46 
f 1025//46 1008//46 1308//46 
f 1020//46 1018//46 998//46 
f 1318//46 1029//46 1026//46 
f 1028//46 1027//46 1318//46 
f 1017//46 1006//46 1003//46 
f 1023//46 1029//46 1318//46 
f 1014//46 998//46 1318//46 
f 1322//46 1318//46 1030//46 
f 1318//46 1031//46 1030//46 
f 1318//46 998//46 1031//46 
f 1322//46 1032//46 1033//46 
f 1322//46 1034//46 1032//46 
f 1332//46 1035//46 1036//46 
f 1332//46 1333//46 1037//46 
f 1037//46 1035//46 1332//46 
f 1337//46 1338//46 1038//46 
f 1038//46 1039//46 1337//46 
f 1336//46 1337//46 1040//46 
f 1337//46 1041//46 1040//46 
f 1339//46 1040//46 1042//46 
f 1042//46 1043//46 1339//46 
f 1340//46 1339//46 1044//46 
f 1340//46 1045//46 1046//46 
f 1046//46 1047//46 1340//46 
f 1335//46 1340//46 1048//46 
f 1048//46 1334//46 1335//46 
f 1334//46 1049//46 1050//46 
f 1334//46 1051//46 1049//46 
f 1324//46 1052//46 1053//46 
f 1324//46 1341//46 1054//46 
f 1054//46 1052//46 1324//46 
f 1323//46 1342//46 1055//46 
f 1055//46 1056//46 1323//46 
f 1310//46 1323//46 1057//46 
f 1323//46 1058//46 1057//46 
f 1311//46 1059//46 1060//46 
f 1311//46 1057//46 1059//46 
f 1311//46 1061//46 1062//46 
f 1062//46 1312//46 1311//46 
f 1312//46 1063//46 1064//46 
f 1309//46 1312//46 1065//46 
f 1065//46 1304//46 1309//46 
f 1304//46 1066//46 1067//46 
f 1304//46 1068//46 1066//46 
f 1294//46 1067//46 1069//46 
f 1295//46 1294//46 1070//46 
f 1070//46 1071//46 1295//46 
f 1295//46 1072//46 1073//46 
f 1071//46 1074//46 1295//46 
f 1074//46 1072//46 1295//46 
f 1283//46 1075//46 1076//46 
f 1283//46 1073//46 1075//46 
f 1284//46 1077//46 1078//46 
f 1284//46 1283//46 1079//46 
f 1079//46 1077//46 1284//46 
f 1080//46 1081//46 1082//46 
f 1081//46 1080//46 1083//46 
f 1083//46 1084//46 1081//46 
f 1085//46 1086//46 1080//46 
f 1085//46 1286//46 1087//46 
f 1087//46 1086//46 1085//46 
f 1286//46 1088//46 1087//46 
f 1286//46 1284//46 1089//46 
f 1089//46 1088//46 1286//46 
f 976//46 1090//46 1091//46 
f 1091//46 1092//46 1093//46 
f 1091//46 1094//46 1095//46 
f 1093//46 1096//46 1091//46 
f 1091//46 1085//46 1094//46 
f 1085//46 1097//46 1098//46 
f 1095//46 1092//46 1091//46 
f 1288//46 1099//46 1100//46 
f 1288//46 1101//46 1102//46 
f 1286//46 1098//46 1103//46 
f 1085//46 1104//46 1097//46 
f 1085//46 1105//46 1106//46 
f 1091//46 1096//46 976//46 
f 1102//46 1099//46 1288//46 
f 1286//46 1107//46 1108//46 
f 1103//46 1109//46 1286//46 
f 1106//46 1104//46 1085//46 
f 1091//46 1110//46 1085//46 
f 976//46 1100//46 1111//46 
f 1288//46 1112//46 1101//46 
f 1288//46 1286//46 1113//46 
f 1286//46 1114//46 1115//46 
f 1108//46 1116//46 1286//46 
f 1098//46 1286//46 1085//46 
f 1110//46 1117//46 1085//46 
f 1100//46 976//46 1288//46 
f 1288//46 1118//46 1119//46 
f 1288//46 1120//46 1121//46 
f 1113//46 1122//46 1288//46 
f 1116//46 1114//46 1286//46 
f 1286//46 1123//46 1124//46 
f 1117//46 1105//46 1085//46 
f 1119//46 1112//46 1288//46 
f 1122//46 1120//46 1288//46 
f 1124//46 1107//46 1286//46 
f 1111//46 1090//46 976//46 
f 1115//46 1113//46 1286//46 
f 1121//46 1118//46 1288//46 
f 1300//46 1125//46 1126//46 
f 1300//46 1317//46 1127//46 
f 1127//46 1125//46 1300//46 
f 1128//46 1129//46 1130//46 
f 1131//46 1132//46 1133//46 
f 1299//46 1134//46 1135//46 
f 1128//46 1136//46 1129//46 
f 1133//46 1137//46 1131//46 
f 1133//46 1138//46 1139//46 
f 1135//46 1140//46 1299//46 
f 1126//46 1141//46 1134//46 
f 1130//46 1138//46 1128//46 
f 1142//46 1298//46 1143//46 
f 1139//46 1137//46 1133//46 
f 1134//46 1299//46 1126//46 
f 1142//46 1144//46 1136//46 
f 1298//46 1145//46 1143//46 
f 1146//46 1147//46 1132//46 
f 1298//46 1148//46 1149//46 
f 1140//46 1150//46 1299//46 
f 1143//46 1144//46 1142//46 
f 1146//46 1126//46 1147//46 
f 1138//46 1130//46 1151//46 
f 1149//46 1152//46 1298//46 
f 1298//46 1153//46 1154//46 
f 1126//46 1155//46 1141//46 
f 1126//46 1146//46 1156//46 
f 1128//46 1142//46 1136//46 
f 1151//46 1139//46 1138//46 
f 1298//46 1157//46 1158//46 
f 1154//46 1148//46 1298//46 
f 1299//46 1159//46 1153//46 
f 1299//46 1160//46 1161//46 
f 1156//46 1155//46 1126//46 
f 1131//46 1146//46 1132//46 
f 1152//46 1157//46 1298//46 
f 1299//46 1162//46 1159//46 
f 1161//46 1163//46 1299//46 
f 1142//46 1164//46 1298//46 
f 1153//46 1298//46 1299//46 
f 1150//46 1160//46 1299//46 
f 1163//46 1162//46 1299//46 
f 1297//46 1165//46 1166//46 
f 1297//46 1298//46 1164//46 
f 1164//46 1165//46 1297//46 
f 1167//46 1168//46 1169//46 
f 1170//46 1171//46 1169//46 
f 1172//46 1173//46 1167//46 
f 1169//46 1168//46 1170//46 
f 1172//46 1174//46 1173//46 
f 1170//46 1175//46 1171//46 
f 1169//46 1172//46 1167//46 
f 1176//46 1177//46 1171//46 
f 1178//46 1314//46 1179//46 
f 1174//46 1180//46 1181//46 
f 1175//46 1176//46 1171//46 
f 1178//46 1182//46 1183//46 
f 1314//46 1184//46 1179//46 
f 1172//46 1180//46 1174//46 
f 1176//46 1166//46 1185//46 
f 1179//46 1182//46 1178//46 
f 1185//46 1177//46 1176//46 
f 1314//46 1186//46 1184//46 
f 1314//46 1187//46 1188//46 
f 1166//46 1176//46 1189//46 
f 1178//46 1190//46 1174//46 
f 1188//46 1186//46 1314//46 
f 1166//46 1191//46 1192//46 
f 1189//46 1193//46 1166//46 
f 1183//46 1190//46 1178//46 
f 1314//46 1194//46 1195//46 
f 1314//46 1196//46 1197//46 
f 1306//46 1198//46 1196//46 
f 1306//46 1199//46 1200//46 
f 1306//46 1201//46 1202//46 
f 1192//46 1306//46 1166//46 
f 1181//46 1178//46 1174//46 
f 1197//46 1194//46 1314//46 
f 1200//46 1198//46 1306//46 
f 1306//46 1203//46 1204//46 
f 1192//46 1201//46 1306//46 
f 1195//46 1187//46 1314//46 
f 1204//46 1199//46 1306//46 
f 1193//46 1191//46 1166//46 
f 1202//46 1203//46 1306//46 
f 1320//46 1205//46 1206//46 
f 1320//46 1314//46 1178//46 
f 1178//46 1205//46 1320//46 
f 1207//46 1329//46 1208//46 
f 1329//46 1209//46 1210//46 
f 1210//46 1208//46 1329//46 
f 1329//46 1211//46 1209//46 
f 1212//46 1213//46 1214//46 
f 1215//46 1216//46 1217//46 
f 1218//46 1213//46 1212//46 
f 1219//46 1220//46 1221//46 
f 1208//46 1222//46 1207//46 
f 1206//46 1223//46 1224//46 
f 1214//46 1216//46 1212//46 
f 1225//46 1226//46 1215//46 
f 1220//46 1219//46 1227//46 
f 1221//46 1218//46 1219//46 
f 1329//46 1228//46 1211//46 
f 1326//46 1206//46 1229//46 
f 1206//46 1225//46 1223//46 
f 1214//46 1230//46 1216//46 
f 1225//46 1206//46 1226//46 
f 1212//46 1219//46 1218//46 
f 1222//46 1231//46 1207//46 
f 1329//46 1232//46 1233//46 
f 1329//46 1234//46 1235//46 
f 1224//46 1229//46 1206//46 
f 1217//46 1225//46 1215//46 
f 1231//46 1220//46 1207//46 
f 1235//46 1232//46 1329//46 
f 1326//46 1236//46 1237//46 
f 1230//46 1217//46 1216//46 
f 1233//46 1228//46 1329//46 
f 1329//46 1326//46 1238//46 
f 1237//46 1239//46 1326//46 
f 1227//46 1207//46 1220//46 
f 1326//46 1240//46 1238//46 
f 1326//46 1241//46 1242//46 
f 1326//46 1243//46 1236//46 
f 1238//46 1234//46 1329//46 
f 1239//46 1241//46 1326//46 
f 1242//46 1240//46 1326//46 
f 1330//46 1244//46 1245//46 
f 1330//46 1329//46 1207//46 
f 1207//46 1244//46 1330//46 
f 1316//46 1246//46 1247//46 
f 1247//46 1317//46 1316//46 
f 1247//46 1248//46 1317//46 
f 1316//46 1249//46 1246//46 
f 1248//46 1250//46 1317//46 
f 1317//46 1251//46 1252//46 
f 1316//46 1253//46 1249//46 
f 1254//46 1255//46 1256//46 
f 1252//46 1257//46 1317//46 
f 1250//46 1258//46 1317//46 
f 1316//46 1259//46 1260//46 
f 1316//46 1261//46 1262//46 
f 1263//46 1264//46 1265//46 
f 1266//46 1267//46 1254//46 
f 1317//46 1268//46 1269//46 
f 1258//46 1251//46 1317//46 
f 1262//46 1259//46 1316//46 
f 1316//46 1245//46 1270//46 
f 1265//46 1271//46 1263//46 
f 1272//46 1273//46 1274//46 
f 1275//46 1255//46 1274//46 
f 1266//46 1276//46 1267//46 
f 1317//46 1277//46 1268//46 
f 1260//46 1253//46 1316//46 
f 1270//46 1278//46 1316//46 
f 1279//46 1245//46 1264//46 
f 1271//46 1265//46 1272//46 
f 1274//46 1273//46 1275//46 
f 1256//46 1266//46 1254//46 
f 1257//46 1277//46 1317//46 
f 1245//46 1280//46 1270//46 
f 1245//46 1279//46 1281//46 
f 1274//46 1271//46 1272//46 
f 1266//46 1127//46 1276//46 
f 1127//46 1269//46 1282//46 
f 1278//46 1261//46 1316//46 
f 1263//46 1279//46 1264//46 
f 1282//46 1276//46 1127//46 
f 1281//46 1280//46 1245//46 
f 1269//46 1127//46 1317//46 
f 1275//46 1256//46 1255//46 
f 1245//46 1316//46 1330//46 
f 1229//46 1243//46 1326//46 
f 1206//46 1326//46 1320//46 
f 1196//46 1314//46 1306//46 
f 1166//46 1306//46 1297//46 
f 1158//46 1145//46 1298//46 
f 1126//46 1299//46 1300//46 
f 1109//46 1123//46 1286//46 
f 1082//46 1085//46 1080//46 
f 1078//46 1089//46 1284//46 
f 1076//46 1079//46 1283//46 
f 1073//46 1283//46 1295//46 
f 1069//46 1070//46 1294//46 
f 1067//46 1294//46 1304//46 
f 1065//46 1068//46 1304//46 
f 1064//46 1065//46 1312//46 
f 1062//46 1063//46 1312//46 
f 1060//46 1061//46 1311//46 
f 1057//46 1311//46 1310//46 
f 1056//46 1058//46 1323//46 
f 1055//46 1342//46 1053//46 
f 1053//46 1342//46 1324//46 
f 1054//46 1341//46 1050//46 
f 1050//46 1341//46 1334//46 
f 1048//46 1051//46 1334//46 
f 1047//46 1048//46 1340//46 
f 1044//46 1045//46 1340//46 
f 1043//46 1044//46 1339//46 
f 1040//46 1339//46 1336//46 
f 1039//46 1041//46 1337//46 
f 1038//46 1338//46 1036//46 
f 1036//46 1338//46 1332//46 
f 1037//46 1333//46 1033//46 
f 1033//46 1333//46 1322//46 
f 1030//46 1034//46 1322//46 
f 1024//46 1028//46 1308//46 
f 996//46 1003//46 1308//46 
f 994//46 995//46 1303//46 
f 992//46 993//46 1302//46 
f 988//46 1302//46 1293//46 
f 986//46 991//46 1292//46 
f 983//46 1292//46 1290//46 
f 981//46 1290//46 1288//46 
f 965//46 969//46 1335//46 
f 1338//46 1337//46 1331//46 
f 1337//46 1336//46 1328//46 
f 934//46 939//46 1327//46 
f 1335//46 1334//46 1325//46 
f 1334//46 1341//46 1324//46 
f 1333//46 1332//46 1321//46 
f 1332//46 1331//46 1330//46 
f 1331//46 1328//46 1329//46 
f 909//46 905//46 1326//46 
f 1327//46 1325//46 1320//46 
f 1325//46 1324//46 1319//46 
f 1324//46 1342//46 1323//46 
f 1322//46 1321//46 1315//46 
f 1321//46 1330//46 1316//46 
f 1320//46 1319//46 1313//46 
f 1319//46 1323//46 1310//46 
f 879//46 876//46 1307//46 
f 58//46 2//46 1317//46 
f 838//46 1313//46 1305//46 
f 808//46 1310//46 1309//46 
f 783//46 1311//46 1312//46 
f 1308//46 1307//46 1301//46 
f 1307//46 1317//46 1300//46 
f 1306//46 1305//46 1296//46 
f 1305//46 1309//46 1304//46 
f 1303//46 1301//46 1293//46 
f 1301//46 1300//46 1291//46 
f 1300//46 1299//46 1289//46 
f 755//46 745//46 1287//46 
f 1298//46 1297//46 1285//46 
f 1297//46 1296//46 1295//46 
f 1296//46 1304//46 1294//46 
f 1293//46 1291//46 1290//46 
f 1291//46 1289//46 1288//46 
f 708//46 1287//46 1286//46 
f 1287//46 1285//46 1284//46 
f 1285//46 1295//46 1283//46 
o mesh3
f 358//47 1093//47 1092//48 
f 357//49 1096//49 1093//47 
f 977//50 976//51 342//51 
f 357//49 342//51 976//51 
f 976//51 1096//49 357//49 
f 338//52 972//52 977//50 
f 341//53 973//53 972//52 
f 340//54 974//54 973//53 
f 337//55 975//55 974//54 
f 343//56 978//56 975//55 
f 344//57 979//57 978//56 
f 345//58 980//58 979//57 
f 984//59 981//60 346//60 
f 345//58 346//60 981//60 
f 981//60 980//58 345//58 
f 334//61 982//61 984//59 
f 985//62 983//63 336//63 
f 336//63 983//63 982//61 
f 982//61 334//61 336//63 
f 331//64 986//64 985//62 
f 990//65 991//66 333//66 
f 331//64 333//66 991//66 
f 991//66 986//64 331//64 
f 483//67 989//67 990//65 
f 990//65 482//68 483//67 
f 333//66 482//68 990//65 
f 985//62 332//69 331//64 
f 336//63 332//69 985//62 
f 984//59 335//70 334//61 
f 346//60 335//70 984//59 
f 979//57 344//57 345//58 
f 978//56 343//56 344//57 
f 975//55 337//55 343//56 
f 974//54 340//54 337//55 
f 973//53 341//53 340//54 
f 972//52 338//52 341//53 
f 977//50 339//71 338//52 
f 342//51 339//71 977//50 
f 1093//47 358//47 357//49 
f 1092//48 355//72 358//47 
o mesh4
f 1072//73 1074//74 399//74 
f 1075//75 1073//76 401//76 
f 401//76 1073//76 1072//73 
f 1072//73 400//77 401//76 
f 395//78 1076//78 1075//75 
f 1077//79 1079//80 393//80 
f 395//78 393//80 1079//80 
f 1079//80 1076//78 395//78 
f 394//81 1078//81 1077//79 
f 1088//82 1089//83 391//83 
f 394//81 391//83 1089//83 
f 1089//83 1078//81 394//81 
f 389//84 1087//84 1088//82 
f 388//85 1086//85 1087//84 
f 386//86 1080//86 1086//85 
f 385//87 1083//87 1080//86 
f 1084//88 1083//87 385//87 
f 383//89 1081//89 1084//88 
f 387//90 1082//90 1081//89 
f 387//90 347//91 1085//91 
f 1094//92 1085//91 347//91 
f 347//91 365//92 1094//92 
f 356//93 1095//93 1094//92 
f 355//94 1092//94 1095//93 
f 1095//93 356//93 355//94 
f 1094//92 365//92 356//93 
f 1085//91 1082//90 387//90 
f 1081//89 383//89 387//90 
f 1084//88 384//95 383//89 
f 385//87 384//95 1084//88 
f 1080//86 386//86 385//87 
f 1086//85 388//85 386//86 
f 1087//84 389//84 388//85 
f 1088//82 390//96 389//84 
f 391//83 390//96 1088//82 
f 1077//79 392//97 394//81 
f 393//80 392//97 1077//79 
f 1075//75 396//98 395//78 
f 401//76 396//98 1075//75 
f 399//74 400//77 1072//73 
o mesh5
f 1071//99 1070//100 398//100 
f 402//101 398//100 1070//100 
f 1070//100 1069//101 402//101 
f 399//102 1074//102 1071//99 
f 1071//99 397//103 399//102 
f 398//100 397//103 1071//99 
o mesh6
f 994//104 993//105 478//105 
f 479//106 478//105 993//105 
f 993//105 992//106 479//106 
f 996//107 995//108 476//108 
f 477//109 476//108 995//108 
f 995//108 994//104 477//109 
f 997//110 1003//111 463//111 
f 475//112 463//111 1003//111 
f 1003//111 996//107 475//112 
f 1031//113 998//114 453//114 
f 455//115 453//114 998//114 
f 998//114 997//110 455//115 
f 1031//113 441//116 440//117 
f 1032//118 1034//119 439//119 
f 440//117 439//119 1034//119 
f 1034//119 1030//120 440//117 
f 1035//121 1037//122 435//122 
f 437//123 435//122 1037//122 
f 1037//122 1033//123 437//123 
f 438//124 437//123 1033//123 
f 1033//123 1032//118 438//124 
f 1039//125 1038//126 432//126 
f 436//127 432//126 1038//126 
f 1038//126 1036//127 436//127 
f 434//128 436//127 1036//127 
f 1036//127 1035//121 434//128 
f 429//129 1042//129 1040//130 
f 1041//131 433//131 430//130 
f 430//130 1040//130 1041//131 
f 431//132 433//131 1041//131 
f 1041//131 1039//125 431//132 
f 1042//129 429//129 428//133 
f 1046//134 1045//135 426//135 
f 1045//135 1044//136 427//136 
f 427//136 426//135 1045//135 
f 428//133 427//136 1044//136 
f 1044//136 1043//137 428//133 
f 1046//134 425//138 424//139 
f 1049//140 1051//141 423//141 
f 1051//141 1048//142 422//142 
f 422//142 423//141 1051//141 
f 424//139 422//142 1048//142 
f 1048//142 1047//143 424//139 
f 1052//144 1054//145 418//145 
f 420//146 418//145 1054//145 
f 1054//145 1050//146 420//146 
f 421//147 420//146 1050//146 
f 1050//146 1049//140 421//147 
f 1056//148 1055//149 415//149 
f 419//150 415//149 1055//149 
f 1055//149 1053//150 419//150 
f 417//151 419//150 1053//150 
f 1053//150 1052//144 417//151 
f 1059//152 1057//153 413//153 
f 416//154 413//153 1057//153 
f 1057//153 1058//154 416//154 
f 414//155 416//154 1058//154 
f 1058//154 1056//148 414//155 
f 1059//152 412//156 411//157 
f 1062//158 1061//159 410//159 
f 411//157 410//159 1061//159 
f 1061//159 1060//160 411//157 
f 1064//161 1063//162 409//162 
f 408//163 409//162 1063//162 
f 1063//162 1062//158 408//163 
f 1066//164 1068//165 406//165 
f 405//166 406//165 1068//165 
f 1068//165 1065//166 405//166 
f 407//167 405//166 1065//166 
f 1065//166 1064//161 407//167 
f 1069//168 1067//169 403//169 
f 404//170 403//169 1067//169 
f 1067//169 1066//164 404//170 
f 403//169 402//171 1069//168 
f 406//165 404//170 1066//164 
f 409//162 407//167 1064//161 
f 410//159 408//163 1062//158 
f 411//157 1060//160 1059//152 
f 413//153 412//156 1059//152 
f 415//149 414//155 1056//148 
f 418//145 417//151 1052//144 
f 423//141 421//147 1049//140 
f 424//139 1047//143 1046//134 
f 426//135 425//138 1046//134 
f 428//133 1043//137 1042//129 
f 1040//130 430//130 429//129 
f 432//126 431//132 1039//125 
f 435//122 434//128 1035//121 
f 439//119 438//124 1032//118 
f 440//117 1030//120 1031//113 
f 453//114 441//116 1031//113 
f 463//111 455//115 997//110 
f 476//108 475//112 996//107 
f 478//105 477//109 994//104 
o mesh7
f 481//172 987//172 989//173 
f 992//174 988//175 480//175 
f 481//172 480//175 988//175 
f 988//175 987//172 481//172 
f 480//175 479//174 992//174 
f 989//173 483//176 481//172 
o mesh8
f 1271//177 1274//178 611//178 
f 1263//179 1271//177 613//180 
f 1279//181 1263//179 615//182 
f 1281//183 1279//181 619//184 
f 1280//185 1281//183 634//186 
f 1270//187 1280//185 633//188 
f 1278//189 1270//187 624//190 
f 1261//191 1278//189 623//192 
f 1262//193 1261//191 635//194 
f 1259//195 1262//193 626//196 
f 1260//197 1259//195 625//198 
f 1253//199 1260//197 628//200 
f 1249//201 1253//199 627//202 
f 1246//203 1249//201 636//204 
f 622//205 1248//205 1247//206 
f 1246//203 629//207 620//206 
f 620//206 1247//206 1246//203 
f 1250//208 1248//205 622//205 
f 1258//209 1250//208 621//208 
f 1251//210 1258//209 630//209 
f 1252//211 1251//210 637//210 
f 1257//212 1252//211 632//211 
f 1277//213 1257//212 631//212 
f 1268//214 1277//213 638//213 
f 1269//215 1268//214 641//214 
f 1282//216 1269//215 639//215 
f 1276//217 1282//216 640//216 
f 1267//218 1276//217 617//217 
f 1254//219 1267//218 614//218 
f 1255//220 1254//219 605//219 
f 1274//178 1255//220 608//220 
f 608//220 611//178 1274//178 
f 605//219 608//220 1255//220 
f 614//218 605//219 1254//219 
f 617//217 614//218 1267//218 
f 640//216 617//217 1276//217 
f 639//215 640//216 1282//216 
f 641//214 639//215 1269//215 
f 638//213 641//214 1268//214 
f 631//212 638//213 1277//213 
f 632//211 631//212 1257//212 
f 637//210 632//211 1252//211 
f 630//209 637//210 1251//210 
f 621//208 630//209 1258//209 
f 622//205 621//208 1250//208 
f 1247//206 620//206 622//205 
f 636//204 629//207 1246//203 
f 627//202 636//204 1249//201 
f 628//200 627//202 1253//199 
f 625//198 628//200 1260//197 
f 626//196 625//198 1259//195 
f 635//194 626//196 1262//193 
f 623//192 635//194 1261//191 
f 624//190 623//192 1278//189 
f 633//188 624//190 1270//187 
f 634//186 633//188 1280//185 
f 619//184 634//186 1281//183 
f 615//182 619//184 1279//181 
f 613//180 615//182 1263//179 
f 611//178 613//180 1271//177 
o mesh9
f 867//221 876//222 244//222 
f 868//223 867//221 245//224 
f 875//225 868//223 247//226 
f 878//227 875//225 246//228 
f 874//229 878//227 253//230 
f 866//231 874//229 267//232 
f 861//233 866//231 260//234 
f 873//235 861//233 249//236 
f 864//237 873//235 248//238 
f 865//239 864//237 268//240 
f 860//241 865//239 262//242 
f 857//243 860//241 261//244 
f 855//245 857//243 269//246 
f 852//247 855//245 263//248 
f 252//249 854//249 853//250 
f 852//247 254//251 250//250 
f 250//250 853//250 852//247 
f 856//252 854//249 252//249 
f 863//253 856//252 251//252 
f 858//254 863//253 255//253 
f 859//255 858//254 264//254 
f 862//256 859//255 257//255 
f 871//257 862//256 256//256 
f 872//258 871//257 265//257 
f 880//259 872//258 266//258 
f 881//260 880//259 270//259 
f 877//261 881//260 259//260 
f 869//262 877//261 258//261 
f 870//263 869//262 243//262 
f 879//264 870//263 242//263 
f 876//222 879//264 241//264 
f 241//264 244//222 876//222 
f 242//263 241//264 879//264 
f 243//262 242//263 870//263 
f 258//261 243//262 869//262 
f 259//260 258//261 877//261 
f 270//259 259//260 881//260 
f 266//258 270//259 880//259 
f 265//257 266//258 872//258 
f 256//256 265//257 871//257 
f 257//255 256//256 862//256 
f 264//254 257//255 859//255 
f 255//253 264//254 858//254 
f 251//252 255//253 863//253 
f 252//249 251//252 856//252 
f 853//250 250//250 252//249 
f 263//248 254//251 852//247 
f 269//246 263//248 855//245 
f 261//244 269//246 857//243 
f 262//242 261//244 860//241 
f 268//240 262//242 865//239 
f 248//238 268//240 864//237 
f 249//236 248//238 873//235 
f 260//234 249//236 861//233 
f 267//232 260//234 866//231 
f 253//230 267//232 874//229 
f 246//228 253//230 878//227 
f 247//226 246//228 875//225 
f 245//224 247//226 868//223 
f 244//222 245//224 867//221 
o mesh10
f 971//265 969//266 64//266 
f 967//267 971//265 63//268 
f 968//269 967//267 70//270 
f 970//271 968//269 81//272 
f 962//273 970//271 80//274 
f 963//275 962//273 87//276 
f 953//277 963//275 88//278 
f 959//279 953//277 72//280 
f 957//281 959//279 71//282 
f 958//283 957//281 82//284 
f 955//285 958//283 84//286 
f 956//287 955//285 83//288 
f 952//289 956//287 90//290 
f 942//291 952//289 89//292 
f 946//293 943//294 85//294 
f 86//295 85//294 943//294 
f 943//294 942//291 86//295 
f 950//296 946//293 74//297 
f 951//298 950//296 73//299 
f 944//300 951//298 76//301 
f 945//302 944//300 75//303 
f 949//304 945//302 62//305 
f 947//306 949//304 61//307 
f 948//308 947//306 65//309 
f 954//310 948//308 66//311 
f 966//312 954//310 78//313 
f 960//314 966//312 77//315 
f 961//316 960//314 79//317 
f 964//318 961//316 68//319 
f 965//320 964//318 67//321 
f 969//266 965//320 69//320 
f 69//320 64//266 969//266 
f 67//321 69//320 965//320 
f 68//319 67//321 964//318 
f 79//317 68//319 961//316 
f 77//315 79//317 960//314 
f 78//313 77//315 966//312 
f 66//311 78//313 954//310 
f 65//309 66//311 948//308 
f 61//307 65//309 947//306 
f 62//305 61//307 949//304 
f 75//303 62//305 945//302 
f 76//301 75//303 944//300 
f 73//299 76//301 951//298 
f 74//297 73//299 950//296 
f 85//294 74//297 946//293 
f 89//292 86//295 942//291 
f 90//290 89//292 952//289 
f 83//288 90//290 956//287 
f 84//286 83//288 955//285 
f 82//284 84//286 958//283 
f 71//282 82//284 957//281 
f 72//280 71//282 959//279 
f 88//278 72//280 953//277 
f 87//276 88//278 963//275 
f 80//274 87//276 962//273 
f 81//272 80//274 970//271 
f 70//270 81//272 968//269 
f 63//268 70//270 967//267 
f 64//266 63//268 971//265 
o mesh11
f 903//322 905//323 124//323 
f 904//324 903//322 123//325 
f 907//326 904//324 130//327 
f 908//328 907//326 129//329 
f 901//330 908//328 140//331 
f 902//332 901//330 139//333 
f 897//334 902//332 141//335 
f 900//336 897//334 132//337 
f 896//338 900//336 131//339 
f 892//340 896//338 142//341 
f 893//342 892//340 143//343 
f 889//344 893//342 134//345 
f 885//346 889//344 133//347 
f 882//348 885//346 144//349 
f 884//350 883//351 126//351 
f 135//352 126//351 883//351 
f 883//351 882//348 135//352 
f 886//353 884//350 128//354 
f 891//355 886//353 127//356 
f 887//357 891//355 136//358 
f 888//359 887//357 145//360 
f 890//361 888//359 138//362 
f 894//363 890//361 137//364 
f 895//365 894//363 146//366 
f 910//367 895//365 147//368 
f 911//369 910//367 150//370 
f 906//371 911//369 149//372 
f 898//373 906//371 148//374 
f 899//375 898//373 125//376 
f 909//377 899//375 122//378 
f 905//323 909//377 121//377 
f 121//377 124//323 905//323 
f 122//378 121//377 909//377 
f 125//376 122//378 899//375 
f 148//374 125//376 898//373 
f 149//372 148//374 906//371 
f 150//370 149//372 911//369 
f 147//368 150//370 910//367 
f 146//366 147//368 895//365 
f 137//364 146//366 894//363 
f 138//362 137//364 890//361 
f 145//360 138//362 888//359 
f 136//358 145//360 887//357 
f 127//356 136//358 891//355 
f 128//354 127//356 886//353 
f 126//351 128//354 884//350 
f 144//349 135//352 882//348 
f 133//347 144//349 885//346 
f 134//345 133//347 889//344 
f 143//343 134//345 893//342 
f 142//341 143//343 892//340 
f 131//339 142//341 896//338 
f 132//337 131//339 900//336 
f 141//335 132//337 897//334 
f 139//333 141//335 902//332 
f 140//331 139//333 901//330 
f 129//329 140//331 908//328 
f 130//327 129//329 907//326 
f 123//325 130//327 904//324 
f 124//323 123//325 903//322 
o mesh12
f 1236//379 1243//380 496//380 
f 1237//381 1236//379 501//382 
f 1239//383 1237//381 503//384 
f 1241//385 1239//383 502//386 
f 1242//387 1241//385 508//388 
f 1240//389 1242//387 520//390 
f 1238//391 1240//389 519//392 
f 1234//393 1238//391 522//394 
f 1235//395 1234//393 521//396 
f 1232//397 1235//395 514//398 
f 1233//399 1232//397 513//400 
f 1228//401 1233//399 516//402 
f 1211//403 1228//401 515//404 
f 1209//405 1211//403 523//406 
f 1208//407 1210//408 517//408 
f 518//409 517//408 1210//408 
f 1210//408 1209//405 518//409 
f 1222//410 1208//407 498//411 
f 1231//412 1222//410 497//413 
f 1220//414 1231//412 509//415 
f 1221//416 1220//414 511//417 
f 1218//418 1221//416 506//419 
f 1213//420 1218//418 505//421 
f 1214//422 1213//420 510//423 
f 1230//424 1214//422 492//425 
f 1217//426 1230//424 499//427 
f 1225//428 1217//426 489//429 
f 1223//430 1225//428 488//431 
f 1224//432 1223//430 500//433 
f 1229//434 1224//432 495//435 
f 1243//380 1229//434 494//434 
f 494//434 496//380 1243//380 
f 495//435 494//434 1229//434 
f 500//433 495//435 1224//432 
f 488//431 500//433 1223//430 
f 489//429 488//431 1225//428 
f 499//427 489//429 1217//426 
f 492//425 499//427 1230//424 
f 510//423 492//425 1214//422 
f 505//421 510//423 1213//420 
f 506//419 505//421 1218//418 
f 511//417 506//419 1221//416 
f 509//415 511//417 1220//414 
f 497//413 509//415 1231//412 
f 498//411 497//413 1222//410 
f 517//408 498//411 1208//407 
f 523//406 518//409 1209//405 
f 515//404 523//406 1211//403 
f 516//402 515//404 1228//401 
f 513//400 516//402 1233//399 
f 514//398 513//400 1232//397 
f 521//396 514//398 1235//395 
f 522//394 521//396 1234//393 
f 519//392 522//394 1238//391 
f 520//390 519//392 1240//389 
f 508//388 520//390 1242//387 
f 502//386 508//388 1241//385 
f 503//384 502//386 1239//383 
f 501//382 503//384 1237//381 
f 496//380 501//382 1236//379 
o mesh13
f 937//436 939//437 95//437 
f 938//438 937//436 97//439 
f 940//440 938//438 101//441 
f 941//442 940//440 100//443 
f 931//444 941//442 116//445 
f 932//446 931//444 115//447 
f 923//448 932//446 117//449 
f 930//450 923//448 103//451 
f 928//452 930//450 102//453 
f 929//454 928//452 112//455 
f 926//456 929//454 114//457 
f 927//458 926//456 113//459 
f 922//460 927//458 119//461 
f 912//462 922//460 118//463 
f 919//464 913//465 99//465 
f 120//466 99//465 913//465 
f 913//465 912//462 120//466 
f 920//467 919//464 98//468 
f 921//469 920//467 104//470 
f 917//471 921//469 106//472 
f 918//473 917//471 105//474 
f 916//475 918//473 92//476 
f 914//477 916//475 91//478 
f 915//479 914//477 93//480 
f 924//481 915//479 94//482 
f 925//483 924//481 107//484 
f 935//485 925//483 109//486 
f 936//487 935//485 108//488 
f 933//489 936//487 111//490 
f 934//491 933//489 110//492 
f 939//437 934//491 96//491 
f 96//491 95//437 939//437 
f 110//492 96//491 934//491 
f 111//490 110//492 933//489 
f 108//488 111//490 936//487 
f 109//486 108//488 935//485 
f 107//484 109//486 925//483 
f 94//482 107//484 924//481 
f 93//480 94//482 915//479 
f 91//478 93//480 914//477 
f 92//476 91//478 916//475 
f 105//474 92//476 918//473 
f 106//472 105//474 917//471 
f 104//470 106//472 921//469 
f 98//468 104//470 920//467 
f 99//465 98//468 919//464 
f 118//463 120//466 912//462 
f 119//461 118//463 922//460 
f 113//459 119//461 927//458 
f 114//457 113//459 926//456 
f 112//455 114//457 929//454 
f 102//453 112//455 928//452 
f 103//451 102//453 930//450 
f 117//449 103//451 923//448 
f 115//447 117//449 932//446 
f 116//445 115//447 931//444 
f 100//443 116//445 941//442 
f 101//441 100//443 940//440 
f 97//439 101//441 938//438 
f 95//437 97//439 937//436 
o mesh14
f 789//493 783//494 161//494 
f 780//495 789//493 171//496 
f 781//497 780//495 170//498 
f 773//499 781//497 180//500 
f 774//501 773//499 179//502 
f 771//503 774//501 163//504 
f 770//505 771//503 162//506 
f 768//507 770//505 154//508 
f 765//509 768//507 155//510 
f 766//511 765//509 153//512 
f 777//513 766//511 152//514 
f 772//515 777//513 151//516 
f 764//517 772//515 172//518 
f 763//519 764//517 164//520 
f 158//521 767//521 762//522 
f 763//519 157//523 156//522 
f 156//522 762//522 763//519 
f 769//524 767//521 158//521 
f 775//525 769//524 165//524 
f 776//526 775//525 173//525 
f 778//527 776//526 167//526 
f 787//528 778//527 166//527 
f 788//529 787//528 174//528 
f 779//530 788//529 175//529 
f 786//531 779//530 169//530 
f 790//532 786//531 168//531 
f 791//533 790//532 176//532 
f 784//534 791//533 178//533 
f 785//535 784//534 177//534 
f 782//536 785//535 160//535 
f 783//494 782//536 159//536 
f 159//536 161//494 783//494 
f 160//535 159//536 782//536 
f 177//534 160//535 785//535 
f 178//533 177//534 784//534 
f 176//532 178//533 791//533 
f 168//531 176//532 790//532 
f 169//530 168//531 786//531 
f 175//529 169//530 779//530 
f 174//528 175//529 788//529 
f 166//527 174//528 787//528 
f 167//526 166//527 778//527 
f 173//525 167//526 776//526 
f 165//524 173//525 775//525 
f 158//521 165//524 769//524 
f 762//522 156//522 158//521 
f 164//520 157//523 763//519 
f 172//518 164//520 764//517 
f 151//516 172//518 772//515 
f 152//514 151//516 777//513 
f 153//512 152//514 766//511 
f 155//510 153//512 765//509 
f 154//508 155//510 768//507 
f 162//506 154//508 770//505 
f 163//504 162//506 771//503 
f 179//502 163//504 774//501 
f 180//500 179//502 773//499 
f 170//498 180//500 781//497 
f 171//496 170//498 780//495 
f 161//494 171//496 789//493 
o mesh15
f 839//537 838//538 216//538 
f 836//539 839//537 218//540 
f 837//541 836//539 217//542 
f 833//543 837//541 232//544 
f 834//545 833//543 231//546 
f 832//547 834//545 225//548 
f 825//549 832//547 224//550 
f 829//551 825//549 212//552 
f 827//553 829//551 211//554 
f 828//555 827//553 213//556 
f 835//557 828//555 215//558 
f 831//559 835//557 214//560 
f 824//561 831//559 233//562 
f 823//563 824//561 226//564 
f 221//565 826//565 822//566 
f 823//563 220//567 219//566 
f 219//566 822//566 823//563 
f 830//568 826//565 221//565 
f 842//569 830//568 227//568 
f 843//570 842//569 234//569 
f 849//571 843//570 229//570 
f 848//572 849//571 228//571 
f 840//573 848//572 235//572 
f 841//574 840//573 236//573 
f 847//575 841//574 230//574 
f 850//576 847//575 238//575 
f 851//577 850//576 237//576 
f 845//578 851//577 240//577 
f 846//579 845//578 239//578 
f 844//580 846//579 223//579 
f 838//538 844//580 222//580 
f 222//580 216//538 838//538 
f 223//579 222//580 844//580 
f 239//578 223//579 846//579 
f 240//577 239//578 845//578 
f 237//576 240//577 851//577 
f 238//575 237//576 850//576 
f 230//574 238//575 847//575 
f 236//573 230//574 841//574 
f 235//572 236//573 840//573 
f 228//571 235//572 848//572 
f 229//570 228//571 849//571 
f 234//569 229//570 843//570 
f 227//568 234//569 842//569 
f 221//565 227//568 830//568 
f 822//566 219//566 221//565 
f 226//564 220//567 823//563 
f 233//562 226//564 824//561 
f 214//560 233//562 831//559 
f 215//558 214//560 835//557 
f 213//556 215//558 828//555 
f 211//554 213//556 827//553 
f 212//552 211//554 829//551 
f 224//550 212//552 825//549 
f 225//548 224//550 832//547 
f 231//546 225//548 834//545 
f 232//544 231//546 833//543 
f 217//542 232//544 837//541 
f 218//540 217//542 836//539 
f 216//538 218//540 839//537 
o mesh16
f 1197//581 1196//582 538//582 
f 1194//583 1197//581 540//584 
f 1195//585 1194//583 539//586 
f 1187//587 1195//585 557//588 
f 1188//589 1187//587 556//590 
f 1186//591 1188//589 548//592 
f 1184//593 1186//591 547//594 
f 1179//595 1184//593 549//596 
f 1182//597 1179//595 530//598 
f 1183//599 1182//597 529//600 
f 1190//601 1183//599 534//602 
f 1174//603 1190//601 533//604 
f 1173//605 1174//603 541//606 
f 1167//607 1173//605 535//608 
f 532//609 1170//609 1168//610 
f 1167//607 526//611 531//610 
f 531//610 1168//610 1167//607 
f 1175//612 1170//609 532//609 
f 1176//613 1175//612 537//612 
f 1189//614 1176//613 544//613 
f 1193//615 1189//614 554//614 
f 1191//616 1193//615 553//615 
f 1192//617 1191//616 558//616 
f 1201//618 1192//617 555//617 
f 1202//619 1201//618 559//618 
f 1203//620 1202//619 561//619 
f 1204//621 1203//620 560//620 
f 1199//622 1204//621 563//621 
f 1200//623 1199//622 562//622 
f 1198//624 1200//623 546//623 
f 1196//582 1198//624 545//624 
f 545//624 538//582 1196//582 
f 546//623 545//624 1198//624 
f 562//622 546//623 1200//623 
f 563//621 562//622 1199//622 
f 560//620 563//621 1204//621 
f 561//619 560//620 1203//620 
f 559//618 561//619 1202//619 
f 555//617 559//618 1201//618 
f 558//616 555//617 1192//617 
f 553//615 558//616 1191//616 
f 554//614 553//615 1193//615 
f 544//613 554//614 1189//614 
f 537//612 544//613 1176//613 
f 532//609 537//612 1175//612 
f 1168//610 531//610 532//609 
f 535//608 526//611 1167//607 
f 541//606 535//608 1173//605 
f 533//604 541//606 1174//603 
f 534//602 533//604 1190//601 
f 529//600 534//602 1183//599 
f 530//598 529//600 1182//597 
f 549//596 530//598 1179//595 
f 547//594 549//596 1184//593 
f 548//592 547//594 1186//591 
f 556//590 548//592 1188//589 
f 557//588 556//590 1187//587 
f 539//586 557//588 1195//585 
f 540//584 539//586 1194//583 
f 538//582 540//584 1197//581 
o mesh17
f 809//625 808//626 186//626 
f 806//627 809//625 188//628 
f 807//629 806//627 187//630 
f 803//631 807//629 202//632 
f 804//633 803//631 201//634 
f 802//635 804//633 195//636 
f 795//637 802//635 194//638 
f 799//639 795//637 182//640 
f 797//641 799//639 181//642 
f 798//643 797//641 183//644 
f 805//645 798//643 185//646 
f 801//647 805//645 184//648 
f 794//649 801//647 203//650 
f 793//651 794//649 196//652 
f 191//653 796//653 792//654 
f 793//651 190//655 189//654 
f 189//654 792//654 793//651 
f 800//656 796//653 191//653 
f 812//657 800//656 197//656 
f 813//658 812//657 204//657 
f 819//659 813//658 199//658 
f 818//660 819//659 198//659 
f 810//661 818//660 205//660 
f 811//662 810//661 206//661 
f 817//663 811//662 200//662 
f 820//664 817//663 208//663 
f 821//665 820//664 207//664 
f 815//666 821//665 210//665 
f 816//667 815//666 209//666 
f 814//668 816//667 193//667 
f 808//626 814//668 192//668 
f 192//668 186//626 808//626 
f 193//667 192//668 814//668 
f 209//666 193//667 816//667 
f 210//665 209//666 815//666 
f 207//664 210//665 821//665 
f 208//663 207//664 820//664 
f 200//662 208//663 817//663 
f 206//661 200//662 811//662 
f 205//660 206//661 810//661 
f 198//659 205//660 818//660 
f 199//658 198//659 819//659 
f 204//657 199//658 813//658 
f 197//656 204//657 812//657 
f 191//653 197//656 800//656 
f 792//654 189//654 191//653 
f 196//652 190//655 793//651 
f 203//650 196//652 794//649 
f 184//648 203//650 801//647 
f 185//646 184//648 805//645 
f 183//644 185//646 798//643 
f 181//642 183//644 797//641 
f 182//640 181//642 799//639 
f 194//638 182//640 795//637 
f 195//636 194//638 802//635 
f 201//634 195//636 804//633 
f 202//632 201//634 803//631 
f 187//630 202//632 807//629 
f 188//628 187//630 806//627 
f 186//626 188//628 809//625 
o mesh18
f 714//669 708//670 301//670 
f 713//671 714//669 306//672 
f 705//673 713//671 305//674 
f 706//675 705//673 310//676 
f 725//677 706//675 309//678 
f 726//679 725//677 308//680 
f 712//681 726//679 315//682 
f 724//683 712//681 314//684 
f 722//685 724//683 316//686 
f 723//687 722//685 320//688 
f 720//689 723//687 322//690 
f 721//691 720//689 321//692 
f 704//693 721//691 327//694 
f 703//695 704//693 326//696 
f 711//697 702//698 318//698 
f 328//699 318//698 702//698 
f 702//698 703//695 328//699 
f 719//700 711//697 317//701 
f 717//702 719//700 323//703 
f 718//704 717//702 329//705 
f 730//706 718//704 325//707 
f 731//708 730//706 324//709 
f 729//710 731//708 330//711 
f 727//712 729//710 319//713 
f 728//714 727//712 313//715 
f 709//716 728//714 312//717 
f 710//718 709//716 311//719 
f 716//720 710//718 303//721 
f 715//722 716//720 302//723 
f 707//724 715//722 307//725 
f 708//670 707//724 304//724 
f 304//724 301//670 708//670 
f 307//725 304//724 707//724 
f 302//723 307//725 715//722 
f 303//721 302//723 716//720 
f 311//719 303//721 710//718 
f 312//717 311//719 709//716 
f 313//715 312//717 728//714 
f 319//713 313//715 727//712 
f 330//711 319//713 729//710 
f 324//709 330//711 731//708 
f 325//707 324//709 730//706 
f 329//705 325//707 718//704 
f 323//703 329//705 717//702 
f 317//701 323//703 719//700 
f 318//698 317//701 711//697 
f 326//696 328//699 703//695 
f 327//694 326//696 704//693 
f 321//692 327//694 721//691 
f 322//690 321//692 720//689 
f 320//688 322//690 723//687 
f 316//686 320//688 722//685 
f 314//684 316//686 724//683 
f 315//682 314//684 712//681 
f 308//680 315//682 726//679 
f 309//678 308//680 725//677 
f 310//676 309//678 706//675 
f 305//674 310//676 705//673 
f 306//672 305//674 713//671 
f 301//670 306//672 714//669 
o mesh19
f 1124//726 1123//727 351//727 
f 1107//728 1124//726 353//729 
f 1108//730 1107//728 352//731 
f 1116//732 1108//730 362//733 
f 1114//734 1116//732 361//735 
f 1115//736 1114//734 368//737 
f 1113//738 1115//736 370//739 
f 1122//740 1113//738 369//741 
f 1120//742 1122//740 371//743 
f 1121//744 1120//742 374//745 
f 1118//746 1121//744 376//747 
f 1119//748 1118//746 375//749 
f 1112//750 1119//748 380//751 
f 1101//752 1112//750 379//753 
f 1099//754 1102//755 381//755 
f 382//756 381//755 1102//755 
f 1102//755 1101//752 382//756 
f 1100//757 1099//754 378//758 
f 1111//759 1100//757 377//760 
f 1090//761 1111//759 373//762 
f 1091//763 1090//761 372//764 
f 1110//765 1091//763 364//766 
f 1117//767 1110//765 363//768 
f 1105//769 1117//767 359//770 
f 1106//771 1105//769 354//772 
f 1104//773 1106//771 367//774 
f 1097//775 1104//773 366//776 
f 1098//777 1097//775 350//778 
f 1103//779 1098//777 349//780 
f 1109//781 1103//779 360//782 
f 1123//727 1109//781 348//781 
f 348//781 351//727 1123//727 
f 360//782 348//781 1109//781 
f 349//780 360//782 1103//779 
f 350//778 349//780 1098//777 
f 366//776 350//778 1097//775 
f 367//774 366//776 1104//773 
f 354//772 367//774 1106//771 
f 359//770 354//772 1105//769 
f 363//768 359//770 1117//767 
f 364//766 363//768 1110//765 
f 372//764 364//766 1091//763 
f 373//762 372//764 1090//761 
f 377//760 373//762 1111//759 
f 378//758 377//760 1100//757 
f 381//755 378//758 1099//754 
f 379//753 382//756 1101//752 
f 380//751 379//753 1112//750 
f 375//749 380//751 1119//748 
f 376//747 375//749 1118//746 
f 374//745 376//747 1121//744 
f 371//743 374//745 1120//742 
f 369//741 371//743 1122//740 
f 370//739 369//741 1113//738 
f 368//737 370//739 1115//736 
f 361//735 368//737 1114//734 
f 362//733 361//735 1116//732 
f 352//731 362//733 1108//730 
f 353//729 352//731 1107//728 
f 351//727 353//729 1124//726 
o mesh20
f 754//783 745//784 272//784 
f 753//785 754//783 271//786 
f 743//787 753//785 273//788 
f 744//789 743//787 280//790 
f 761//791 744//789 277//792 
f 752//793 761//791 276//794 
f 742//795 752//793 283//796 
f 751//797 742//795 279//798 
f 741//799 751//797 278//800 
f 738//801 741//799 296//802 
f 739//803 738//801 293//804 
f 740//805 739//803 285//806 
f 737//807 740//805 284//808 
f 732//809 737//807 297//810 
f 734//811 733//812 286//812 
f 294//813 286//812 733//812 
f 733//812 732//809 294//813 
f 735//814 734//811 288//815 
f 736//816 735//814 287//817 
f 750//818 736//816 290//819 
f 759//820 750//818 289//821 
f 760//822 759//820 298//823 
f 757//824 760//822 300//825 
f 758//826 757//824 299//827 
f 756//828 758//826 291//829 
f 748//830 756//828 295//831 
f 749//832 748//830 292//833 
f 746//834 749//832 282//835 
f 747//836 746//834 281//837 
f 755//838 747//836 275//839 
f 745//784 755//838 274//838 
f 274//838 272//784 745//784 
f 275//839 274//838 755//838 
f 281//837 275//839 747//836 
f 282//835 281//837 746//834 
f 292//833 282//835 749//832 
f 295//831 292//833 748//830 
f 291//829 295//831 756//828 
f 299//827 291//829 758//826 
f 300//825 299//827 757//824 
f 298//823 300//825 760//822 
f 289//821 298//823 759//820 
f 290//819 289//821 750//818 
f 287//817 290//819 736//816 
f 288//815 287//817 735//814 
f 286//812 288//815 734//811 
f 297//810 294//813 732//809 
f 284//808 297//810 737//807 
f 285//806 284//808 740//805 
f 293//804 285//806 739//803 
f 296//802 293//804 738//801 
f 278//800 296//802 741//799 
f 279//798 278//800 751//797 
f 283//796 279//798 742//795 
f 276//794 283//796 752//793 
f 277//792 276//794 761//791 
f 280//790 277//792 744//789 
f 273//788 280//790 743//787 
f 271//786 273//788 753//785 
f 272//784 271//786 754//783 
o mesh21
f 1143//840 1145//841 566//841 
f 1144//842 1143//840 570//843 
f 1136//844 1144//842 572//845 
f 1129//846 1136//844 578//847 
f 1130//848 1129//846 574//849 
f 1151//850 1130//848 573//851 
f 1139//852 1151//850 579//853 
f 1137//854 1139//852 582//855 
f 1131//856 1137//854 584//857 
f 1146//858 1131//856 583//859 
f 1156//860 1146//858 587//861 
f 1155//862 1156//860 599//863 
f 1141//864 1155//862 598//865 
f 1134//866 1141//864 600//867 
f 1140//868 1135//869 592//869 
f 590//870 592//869 1135//869 
f 1135//869 1134//866 590//870 
f 1150//871 1140//868 594//872 
f 1160//873 1150//871 593//874 
f 1161//875 1160//873 601//876 
f 1163//877 1161//875 596//878 
f 1162//879 1163//877 595//880 
f 1159//881 1162//879 602//882 
f 1153//883 1159//881 591//884 
f 1154//885 1153//883 588//886 
f 1148//887 1154//885 576//888 
f 1149//889 1148//887 575//890 
f 1152//891 1149//889 569//892 
f 1157//893 1152//891 568//894 
f 1158//895 1157//893 577//896 
f 1145//841 1158//895 567//895 
f 567//895 566//841 1145//841 
f 577//896 567//895 1158//895 
f 568//894 577//896 1157//893 
f 569//892 568//894 1152//891 
f 575//890 569//892 1149//889 
f 576//888 575//890 1148//887 
f 588//886 576//888 1154//885 
f 591//884 588//886 1153//883 
f 602//882 591//884 1159//881 
f 595//880 602//882 1162//879 
f 596//878 595//880 1163//877 
f 601//876 596//878 1161//875 
f 593//874 601//876 1160//873 
f 594//872 593//874 1150//871 
f 592//869 594//872 1140//868 
f 600//867 590//870 1134//866 
f 598//865 600//867 1141//864 
f 599//863 598//865 1155//862 
f 587//861 599//863 1156//860 
f 583//859 587//861 1146//858 
f 584//857 583//859 1131//856 
f 582//855 584//857 1137//854 
f 579//853 582//855 1139//852 
f 573//851 579//853 1151//850 
f 574//849 573//851 1130//848 
f 578//847 574//849 1129//846 
f 572//845 578//847 1136//844 
f 570//843 572//845 1144//842 
f 566//841 570//843 1143//840 
o mesh22
f 1172//897 1169//898 528//898 
f 1180//899 1172//897 527//900 
f 1181//901 1180//899 542//902 
f 1205//903 1178//904 525//904 
f 543//905 525//904 1178//904 
f 1178//904 1181//901 543//905 
f 1226//906 1206//907 493//907 
f 524//908 493//907 1206//907 
f 1206//907 1205//903 524//908 
f 1215//909 1226//906 507//910 
f 1216//911 1215//909 487//912 
f 1212//913 1216//911 491//914 
f 1219//915 1212//913 490//916 
f 1227//917 1219//915 504//918 
f 1244//919 1207//920 485//920 
f 512//921 485//920 1207//920 
f 1207//920 1227//917 512//921 
f 1264//922 1245//923 486//923 
f 484//924 486//923 1245//923 
f 1245//923 1244//919 484//924 
f 1265//925 1264//922 618//926 
f 1272//927 1265//925 616//928 
f 609//929 1275//929 1273//930 
f 1272//927 612//931 610//930 
f 610//930 1273//930 1272//927 
f 1256//932 1275//929 609//929 
f 1266//933 1256//932 607//932 
f 1125//934 1127//935 604//935 
f 606//936 604//935 1127//935 
f 1127//935 1266//933 606//936 
f 1147//937 1126//938 589//938 
f 603//939 589//938 1126//938 
f 1126//938 1125//934 603//939 
f 1132//940 1147//937 597//941 
f 1133//942 1132//940 586//943 
f 1138//944 1133//942 585//945 
f 1128//946 1138//944 581//947 
f 1142//948 1128//946 580//949 
f 1165//950 1164//951 565//951 
f 571//952 565//951 1164//951 
f 1164//951 1142//948 571//952 
f 1185//953 1166//954 552//954 
f 564//955 552//954 1166//954 
f 1166//954 1165//950 564//955 
f 1177//956 1185//953 551//957 
f 1171//958 1177//956 550//959 
f 1169//898 1171//958 536//958 
f 536//958 528//898 1169//898 
f 550//959 536//958 1171//958 
f 551//957 550//959 1177//956 
f 552//954 551//957 1185//953 
f 565//951 564//955 1165//950 
f 580//949 571//952 1142//948 
f 581//947 580//949 1128//946 
f 585//945 581//947 1138//944 
f 586//943 585//945 1133//942 
f 597//941 586//943 1132//940 
f 589//938 597//941 1147//937 
f 604//935 603//939 1125//934 
f 607//932 606//936 1266//933 
f 609//929 607//932 1256//932 
f 1273//930 610//930 609//929 
f 616//928 612//931 1272//927 
f 618//926 616//928 1265//925 
f 486//923 618//926 1264//922 
f 485//920 484//924 1244//919 
f 504//918 512//921 1227//917 
f 490//916 504//918 1219//915 
f 491//914 490//916 1212//913 
f 487//912 491//914 1216//911 
f 507//910 487//912 1215//909 
f 493//907 507//910 1226//906 
f 525//904 524//908 1205//903 
f 542//902 543//905 1181//901 
f 527//900 542//902 1180//899 
f 528//898 527//900 1172//897 
o mesh23
f 1027//960 1028//961 451//961 
f 1022//962 1027//960 450//963 
f 1023//964 1022//962 452//965 
f 1029//966 1023//964 447//967 
f 1026//968 1029//966 446//969 
f 1021//970 1026//968 469//971 
f 1013//972 1021//970 467//973 
f 1014//974 1013//972 460//975 
f 1019//976 1014//974 454//977 
f 1020//978 1019//976 473//979 
f 1018//980 1020//978 471//981 
f 1007//982 1018//980 470//983 
f 1004//984 1007//982 474//985 
f 999//986 1004//984 472//987 
f 457//988 1001//988 1000//989 
f 999//986 462//990 461//989 
f 461//989 1000//989 999//986 
f 1005//991 1001//988 457//988 
f 1002//992 1005//991 456//991 
f 1011//993 1002//992 458//992 
f 1012//994 1011//993 468//993 
f 1017//995 1012//994 465//994 
f 1006//996 1017//995 464//995 
f 1010//997 1006//996 443//996 
f 1016//998 1010//997 442//997 
f 1025//999 1016//998 448//998 
f 1008//1000 1025//999 459//999 
f 1009//1001 1008//1000 466//1000 
f 1015//1002 1009//1001 445//1001 
f 1024//1003 1015//1002 444//1002 
f 1028//961 1024//1003 449//1003 
f 449//1003 451//961 1028//961 
f 444//1002 449//1003 1024//1003 
f 445//1001 444//1002 1015//1002 
f 466//1000 445//1001 1009//1001 
f 459//999 466//1000 1008//1000 
f 448//998 459//999 1025//999 
f 442//997 448//998 1016//998 
f 443//996 442//997 1010//997 
f 464//995 443//996 1006//996 
f 465//994 464//995 1017//995 
f 468//993 465//994 1012//994 
f 458//992 468//993 1011//993 
f 456//991 458//992 1002//992 
f 457//988 456//991 1005//991 
f 1000//989 461//989 457//988 
f 472//987 462//990 999//986 
f 474//985 472//987 1004//984 
f 470//983 474//985 1007//982 
f 471//981 470//983 1018//980 
f 473//979 471//981 1020//978 
f 454//977 473//979 1019//976 
f 460//975 454//977 1014//974 
f 467//973 460//975 1013//972 
f 469//971 467//973 1021//970 
f 446//969 469//971 1026//968 
f 447//967 446//969 1029//966 
f 452//965 447//967 1023//964 
f 450//963 452//965 1022//962 
f 451//961 450//963 1027//960 
