# OBJ generated by ONSHAPE BY PTC INC, 1.219 Units = meters
mtllib Assembly 2 - 37d-gearmotor-19-30-encoder (1).mtl
g 37d-gearmotor-19-30-encoder
v 0.0293841 0.0137996 0.013425 
v 0.0292633 0.0141582 0.013425 
v 0.0290682 0.0144824 0.013425 
v 0.0288079 0.0147572 0.013425 
v 0.0284947 0.0149695 0.013425 
v 0.0281432 0.0151096 0.013425 
v 0.0277697 0.0151708 0.013425 
v 0.0273919 0.0151503 0.013425 
v 0.0270273 0.0150491 0.013425 
v 0.0266929 0.0148718 0.013425 
v 0.0264045 0.0146269 0.013425 
v 0.0261755 0.0143256 0.013425 
v 0.0260166 0.0139822 0.013425 
v 0.0259353 0.0136126 0.013425 
v 0.0259353 0.0132342 0.013425 
v 0.0260166 0.0128646 0.013425 
v 0.0261755 0.0125212 0.013425 
v 0.0264045 0.0122199 0.013425 
v 0.0266929 0.0119749 0.013425 
v 0.0270273 0.0117977 0.013425 
v 0.0273919 0.0116964 0.013425 
v 0.0277697 0.011676 0.013425 
v 0.0281432 0.0117372 0.013425 
v 0.0284947 0.0118772 0.013425 
v 0.0288079 0.0120896 0.013425 
v 0.0290682 0.0123643 0.013425 
v 0.0292633 0.0126886 0.013425 
v 0.0293841 0.0130472 0.013425 
v 0.029425 0.0134234 0.013425 
v 0.027675 0.0134234 0.013425 
v 0.0293841 0.0130472 0.017075 
v 0.029425 0.0134234 0.017075 
v 0.0292633 0.0126886 0.017075 
v 0.0290682 0.0123643 0.017075 
v 0.0288079 0.0120896 0.017075 
v 0.0284947 0.0118772 0.017075 
v 0.0281432 0.0117372 0.017075 
v 0.0277697 0.011676 0.017075 
v 0.0273919 0.0116964 0.017075 
v 0.0270273 0.0117977 0.017075 
v 0.0266929 0.0119749 0.017075 
v 0.0264045 0.0122199 0.017075 
v 0.0261755 0.0125212 0.017075 
v 0.0260166 0.0128646 0.017075 
v 0.0259353 0.0132342 0.017075 
v 0.0259353 0.0136126 0.017075 
v 0.0260166 0.0139822 0.017075 
v 0.0261755 0.0143256 0.017075 
v 0.0264045 0.0146269 0.017075 
v 0.0266929 0.0148718 0.017075 
v 0.0270273 0.0150491 0.017075 
v 0.0273919 0.0151503 0.017075 
v 0.0277697 0.0151708 0.017075 
v 0.0281432 0.0151096 0.017075 
v 0.0284947 0.0149695 0.017075 
v 0.0288079 0.0147572 0.017075 
v 0.0290682 0.0144824 0.017075 
v 0.0292633 0.0141582 0.017075 
v 0.0293841 0.0137996 0.017075 
v 0.0264904 0.0138225 0.017075 
v 0.0264323 0.0135585 0.017075 
v 0.0266039 0.0140678 0.017075 
v 0.0267675 0.014283 0.017075 
v 0.0269735 0.014458 0.017075 
v 0.0272123 0.0145846 0.017075 
v 0.0266039 0.012779 0.017075 
v 0.0267675 0.0125638 0.017075 
v 0.0264904 0.0130243 0.017075 
v 0.0274728 0.0146569 0.017075 
v 0.0277427 0.0146716 0.017075 
v 0.0280094 0.0146278 0.017075 
v 0.0282605 0.0145278 0.017075 
v 0.0288958 0.0131547 0.017075 
v 0.028925 0.0134234 0.017075 
v 0.0288095 0.0128985 0.017075 
v 0.0286701 0.0126669 0.017075 
v 0.0284842 0.0124707 0.017075 
v 0.0280094 0.012219 0.017075 
v 0.0282605 0.012319 0.017075 
v 0.0277427 0.0121752 0.017075 
v 0.0272123 0.0122622 0.017075 
v 0.0274728 0.0121899 0.017075 
v 0.0269735 0.0123888 0.017075 
v 0.0264323 0.0132882 0.017075 
v 0.0284842 0.0143761 0.017075 
v 0.0286701 0.0141799 0.017075 
v 0.0288095 0.0139483 0.017075 
v 0.0288958 0.0136921 0.017075 
v 0.0288958 0.0131547 0.019925 
v 0.028925 0.0134234 0.019925 
v 0.0288437 0.013 0.019925 
v 0.0288095 0.0128985 0.019925 
v 0.0286701 0.0126669 0.019925 
v 0.0284842 0.0124707 0.019925 
v 0.0282605 0.012319 0.019925 
v 0.0280094 0.012219 0.019925 
v 0.0277427 0.0121752 0.019925 
v 0.0274728 0.0121899 0.019925 
v 0.0272123 0.0122622 0.019925 
v 0.0269735 0.0123888 0.019925 
v 0.0267675 0.0125638 0.019925 
v 0.0266039 0.012779 0.019925 
v 0.0265017 0.013 0.019925 
v 0.0264904 0.0130243 0.019925 
v 0.0264323 0.0132882 0.019925 
v 0.0264323 0.0135585 0.019925 
v 0.0264904 0.0138225 0.019925 
v 0.0266039 0.0140678 0.019925 
v 0.0267675 0.014283 0.019925 
v 0.0269735 0.014458 0.019925 
v 0.0272123 0.0145846 0.019925 
v 0.0274728 0.0146569 0.019925 
v 0.0277427 0.0146716 0.019925 
v 0.0280094 0.0146278 0.019925 
v 0.0282605 0.0145278 0.019925 
v 0.0284842 0.0143761 0.019925 
v 0.0283 0.0145059 0.019925 
v 0.0286701 0.0141799 0.019925 
v 0.0288095 0.0139483 0.019925 
v 0.0288958 0.0136921 0.019925 
v 0.00764294 -0.00170615 0.019925 
v 0.00810361 -0.00355 0.019925 
v 0.00756039 0.000936211 0.019925 
v 0.00803986 0.00353602 0.019925 
v 0.00905954 0.0059751 0.019925 
v 0.00758573 0.000125 0.019925 
v 0.019925 0.0124 0.019925 
v 0.0225536 0.0121182 0.019925 
v 0.0172964 0.0121182 0.019925 
v 0.013675 0.0106278 0.019925 
v 0.0147873 0.0112856 0.019925 
v 0.023875 0.0116797 0.019925 
v 0.0250627 0.0112856 0.019925 
v 0.0318101 0.00353602 0.019925 
v 0.0307905 0.0059751 0.019925 
v 0.0322896 0.000936211 0.019925 
v 0.0302761 0.0067117 0.019925 
v 0.0322643 0.000125 0.019925 
v 0.0322071 -0.00170615 0.019925 
v 0.0283688 -0.00602406 0.019925 
v 0.0279854 -0.00430174 0.019925 
v 0.0283884 -0.00778844 0.019925 
v 0.0283731 -0.00793756 0.019925 
v 0.0283685 -0.00798773 0.019925 
v 0.028373 -0.00819894 0.019925 
v 0.0283712 -0.00811353 0.019925 
v 0.0283693 -0.00802518 0.019925 
v 0.0284212 -0.00837256 0.019925 
v 0.0283922 -0.00828586 0.019925 
v 0.0283843 -0.00826209 0.019925 
v 0.0284851 -0.00846787 0.019925 
v 0.0284562 -0.00843007 0.019925 
v 0.0284424 -0.00841199 0.019925 
v 0.0285113 -0.00849202 0.019925 
v 0.0285039 -0.00848522 0.019925 
v 0.0287869 -0.0085366 0.019925 
v 0.0287803 -0.00853825 0.019925 
v 0.0285562 -0.00852153 0.019925 
v 0.0286411 -0.00854847 0.019925 
v 0.0286295 -0.00854565 0.019925 
v 0.0287654 -0.00854203 0.019925 
v 0.0285897 -0.00853599 0.019925 
v 0.0286978 -0.00855121 0.019925 
v 0.0288814 -0.00849971 0.019925 
v 0.0291503 -0.00828572 0.019925 
v 0.0290828 -0.00834988 0.019925 
v 0.0290181 -0.00841135 0.019925 
v 0.0289375 -0.00846347 0.019925 
v 0.0301867 -0.00691824 0.019925 
v 0.0272546 -0.0026957 0.019925 
v 0.026208 -0.00127513 0.019925 
v 0.0276433 -0.00355 0.019925 
v 0.019925 0.0015 0.019925 
v 0.01817 0.00131686 0.019925 
v 0.0164907 0.000775326 0.019925 
v 0.0153546 0.000125 0.019925 
v 0.0233593 0.000775326 0.019925 
v 0.02168 0.00131686 0.019925 
v 0.023875 0.000480113 0.019925 
v 0.013642 -0.00127513 0.019925 
v 0.0125954 -0.0026957 0.019925 
v 0.013675 -0.00124574 0.019925 
v 0.0107697 -0.00835742 0.019925 
v 0.0107653 -0.00835299 0.019925 
v 0.0109227 -0.00847458 0.019925 
v 0.0109123 -0.00846658 0.019925 
v 0.0110824 -0.00854152 0.019925 
v 0.0110695 -0.00853693 0.019925 
v 0.0114812 -0.00602406 0.019925 
v 0.0114616 -0.00778844 0.019925 
v 0.0122067 -0.00355 0.019925 
v 0.0118646 -0.00430174 0.019925 
v 0.0106997 -0.00828572 0.019925 
v 0.0108379 -0.00840963 0.019925 
v 0.0109903 -0.0085087 0.019925 
v 0.0109785 -0.0085045 0.019925 
v 0.0111959 -0.00855005 0.019925 
v 0.0111469 -0.00854944 0.019925 
v 0.0112311 -0.00854438 0.019925 
v 0.0112207 -0.00854604 0.019925 
v 0.0114386 -0.00835005 0.019925 
v 0.0114324 -0.00836442 0.019925 
v 0.0114769 -0.00793756 0.019925 
v 0.0114796 -0.00802532 0.019925 
v 0.0111263 -0.00854918 0.019925 
v 0.0114302 -0.0083696 0.019925 
v 0.011483 -0.00813629 0.019925 
v 0.0114746 -0.0082025 0.019925 
v 0.011282 -0.00852727 0.019925 
v 0.0113556 -0.00847715 0.019925 
v 0.0113458 -0.00848481 0.019925 
v 0.0114692 -0.00824595 0.019925 
v 0.011314 -0.00850984 0.019925 
v 0.0113957 -0.00843012 0.019925 
v 0.0326451 -0.00951506 0.019925 
v 0.0323984 -0.00939545 0.019925 
v 0.0322821 -0.00932261 0.019925 
v 0.033041 -0.00962497 0.019925 
v 0.0303963 -0.00664164 0.019925 
v 0.0317204 -0.00677045 0.019925 
v 0.031969 -0.00644337 0.019925 
v 0.0315663 -0.00427096 0.019925 
v 0.0314595 -0.00754457 0.019925 
v 0.0315479 -0.00714333 0.019925 
v 0.031969 -0.00905663 0.019925 
v 0.0317464 -0.00355 0.019925 
v 0.0326451 -0.00598494 0.019925 
v 0.033041 -0.00587503 0.019925 
v 0.0314595 -0.00795543 0.019925 
v 0.0315479 -0.00835667 0.019925 
v 0.03325 -0.0096363 0.019925 
v 0.0322821 -0.00617739 0.019925 
v 0.0317204 -0.00872955 0.019925 
v 0.00835719 -0.00734156 0.019925 
v 0.0096633 -0.00691824 0.019925 
v 0.00945368 -0.00664164 0.019925 
v 0.00828374 -0.00427096 0.019925 
v 0.00773164 -0.00630189 0.019925 
v 0.00801418 -0.00660017 0.019925 
v 0.00739158 -0.00942867 0.019925 
v 0.00700991 -0.00958074 0.019925 
v 0.00835719 -0.00815844 0.019925 
v 0.008226 -0.00854779 0.019925 
v 0.00840161 -0.00775 0.019925 
v 0.008226 -0.00695221 0.019925 
v 0.00801418 -0.00889983 0.019925 
v 0.00773164 -0.00919811 0.019925 
v 0.00700991 -0.00591926 0.019925 
v 0.00739158 -0.00607133 0.019925 
v 0.00660447 -0.00585279 0.019925 
v 0.0066 -0.00585303 0.019925 
v 0.00660447 -0.00964721 0.019925 
v 0.0273383 0.00993999 0.019925 
v 0.0292769 0.0081426 0.019925 
v 0.0301867 0.00683972 0.019925 
v 0.026175 0.0106278 0.019925 
v 0.0127605 0.012319 0.019925 
v 0.0125094 0.012219 0.019925 
v 0.0125117 0.00993999 0.019925 
v 0.0133095 0.0128985 0.019925 
v 0.0117123 0.0122622 0.019925 
v 0.0096633 0.00683972 0.019925 
v 0.0105731 0.0081426 0.019925 
v 0.0119728 0.0121899 0.019925 
v 0.0129842 0.0124707 0.019925 
v 0.0131701 0.0126669 0.019925 
v 0.0112675 0.0125638 0.019925 
v 0.0111039 0.012779 0.019925 
v 0.0122427 0.0121752 0.019925 
v 0.0114735 0.0123888 0.019925 
v 0.0133437 0.013 0.019925 
v 0.0109323 -0.0132882 0.019925 
v 0.0109904 -0.0130243 0.019925 
v 0.0133958 -0.0131547 0.019925 
v 0.0127605 -0.012319 0.019925 
v 0.0129842 -0.0124707 0.019925 
v 0.0122427 -0.0121752 0.019925 
v 0.0125094 -0.012219 0.019925 
v 0.0119728 -0.0121899 0.019925 
v 0.0111039 -0.012779 0.019925 
v 0.0112675 -0.0125638 0.019925 
v 0.013425 -0.0134234 0.019925 
v 0.0131701 -0.0126669 0.019925 
v 0.0133095 -0.0128985 0.019925 
v 0.0117123 -0.0122622 0.019925 
v 0.0114735 -0.0123888 0.019925 
v 0.0133958 -0.0136921 0.019925 
v 0.010997 -0.0138367 0.019925 
v 0.0109904 -0.0138225 0.019925 
v 0.0109323 -0.0135585 0.019925 
v 0.0277427 -0.0121752 0.019925 
v 0.0272123 -0.0122622 0.019925 
v 0.0274728 -0.0121899 0.019925 
v 0.0284842 -0.0124707 0.019925 
v 0.0286701 -0.0126669 0.019925 
v 0.0280094 -0.012219 0.019925 
v 0.0282605 -0.012319 0.019925 
v 0.0267675 -0.0125638 0.019925 
v 0.0269735 -0.0123888 0.019925 
v 0.0288095 -0.0128985 0.019925 
v 0.0288958 -0.0131547 0.019925 
v 0.0264323 -0.0132882 0.019925 
v 0.0264323 -0.0135585 0.019925 
v 0.026497 -0.0138367 0.019925 
v 0.0264904 -0.0138225 0.019925 
v 0.028925 -0.0134234 0.019925 
v 0.0288958 -0.0136921 0.019925 
v 0.0264904 -0.0130243 0.019925 
v 0.0266039 -0.012779 0.019925 
v 0.0352228 -0.00123353 0.019925 
v 0.0357594 -0.00120444 0.019925 
v 0.0354927 -0.00124817 0.019925 
v 0.0347235 -0.00103461 0.019925 
v 0.0345175 -0.000859624 0.019925 
v 0.0343539 -0.000644442 0.019925 
v 0.0342404 -0.000399127 0.019925 
v 0.0349623 -0.00116122 0.019925 
v 0.0359617 -0.00112384 0.019925 
v 0.0341823 -0.000135149 0.019925 
v 0.0352228 0.00123353 0.019925 
v 0.0354927 0.00124817 0.019925 
v 0.0349623 0.00116122 0.019925 
v 0.0343539 0.000644442 0.019925 
v 0.0345175 0.000859624 0.019925 
v 0.0357594 0.00120444 0.019925 
v 0.0347235 0.00103461 0.019925 
v 0.0342404 0.000399127 0.019925 
v 0.0341823 0.000135149 0.019925 
v 0.0341823 0.000125 0.019925 
v 0.00415883 -0.00948619 0.019925 
v 0.00524247 -0.0109117 0.019925 
v 0.00543535 -0.00932261 0.019925 
v 0.00197638 -0.00355 0.019925 
v 0.00543535 -0.00617739 0.019925 
v 0.00555161 -0.00610455 0.019925 
v 0.00512221 -0.00905663 0.019925 
v 0.00579834 -0.00598494 0.019925 
v 0.00512221 -0.00644337 0.019925 
v 0.00248818 -0.00587515 0.019925 
v 0.00461274 -0.00795543 0.019925 
v 0.00461274 -0.00754457 0.019925 
v 0.00470107 -0.00835667 0.019925 
v 0.00579834 -0.00951506 0.019925 
v 0.00619422 -0.00962497 0.019925 
v 0.00470107 -0.00714333 0.019925 
v 0.00487358 -0.00677045 0.019925 
v 0.00487358 -0.00872955 0.019925 
v 0.0066 -0.00964697 0.019925 
v 0.00619422 -0.00587503 0.019925 
v 0.00656668 -0.0126537 0.019925 
v 0.0066 -0.012682 0.019925 
v 0.00795945 -0.0138367 0.019925 
v 0.00959916 -0.0152295 0.019925 
v 0.0096633 -0.0152635 0.019925 
v 0.0131145 -0.0170932 0.019925 
v 0.0117123 -0.0145846 0.019925 
v 0.01155 -0.0145059 0.019925 
v 0.0114735 -0.014458 0.019925 
v 0.0127605 -0.0145278 0.019925 
v 0.0125094 -0.0146278 0.019925 
v 0.0133095 -0.0139483 0.019925 
v 0.0131701 -0.0141799 0.019925 
v 0.0111039 -0.0140678 0.019925 
v 0.0119728 -0.0146569 0.019925 
v 0.013675 -0.0172488 0.019925 
v 0.0112675 -0.014283 0.019925 
v 0.0122427 -0.0146716 0.019925 
v 0.0129842 -0.0143761 0.019925 
v 0.0133471 -0.0138367 0.019925 
v 0.0169482 -0.0181576 0.019925 
v 0.0209212 -0.018373 0.019925 
v 0.0248475 -0.0177293 0.019925 
v 0.026175 -0.0172004 0.019925 
v 0.023875 -0.0178888 0.019925 
v 0.0285437 -0.0162566 0.019925 
v 0.0301867 -0.0151427 0.019925 
v 0.0284842 -0.0143761 0.019925 
v 0.0277427 -0.0146716 0.019925 
v 0.0283 -0.0145059 0.019925 
v 0.0272123 -0.0145846 0.019925 
v 0.0269735 -0.014458 0.019925 
v 0.0274728 -0.0146569 0.019925 
v 0.0282605 -0.0145278 0.019925 
v 0.0288471 -0.0138367 0.019925 
v 0.0288095 -0.0139483 0.019925 
v 0.0286701 -0.0141799 0.019925 
v 0.0266039 -0.0140678 0.019925 
v 0.0280094 -0.0146278 0.019925 
v 0.0267675 -0.014283 0.019925 
v 0.0318369 -0.0140238 0.019925 
v 0.0320141 -0.0138367 0.019925 
v 0.03325 -0.012532 0.019925 
v 0.0345731 -0.0111352 0.019925 
v 0.0334513 -0.00585279 0.019925 
v 0.0338567 -0.00591926 0.019925 
v 0.0359617 -0.00882736 0.019925 
v 0.035204 -0.00734156 0.019925 
v 0.0342384 -0.00607133 0.019925 
v 0.0347076 -0.0109117 0.019925 
v 0.0338567 -0.00958074 0.019925 
v 0.034861 -0.00889983 0.019925 
v 0.0350728 -0.00695221 0.019925 
v 0.0345784 -0.00630189 0.019925 
v 0.0342384 -0.00942867 0.019925 
v 0.0345784 -0.00919811 0.019925 
v 0.0352484 -0.00775 0.019925 
v 0.035204 -0.00815844 0.019925 
v 0.034861 -0.00660017 0.019925 
v 0.03325 -0.0058637 0.019925 
v 0.0350728 -0.00854779 0.019925 
v 0.0334513 -0.00964721 0.019925 
v 0.0366244 -0.00772596 0.019925 
v 0.0378948 -0.00395546 0.019925 
v 0.038325 0 0.019925 
v 0.0366458 -0.000268713 0.019925 
v 0.0365595 -0.000524861 0.019925 
v 0.0379389 -0.00355 0.019925 
v 0.0364201 -0.000756468 0.019925 
v 0.0362342 -0.000952703 0.019925 
v 0.0360105 -0.00110439 0.019925 
v 0.036675 8.86461e-19 0.019925 
v 0.0383114 0.000125 0.019925 
v 0.0366614 0.000125 0.019925 
v 0.0365595 0.000524861 0.019925 
v 0.0366458 0.000268713 0.019925 
v 0.0378948 0.00395546 0.019925 
v 0.0364201 0.000756468 0.019925 
v 0.0360105 0.00110439 0.019925 
v 0.0362342 0.000952703 0.019925 
v 0.0359617 0.00112384 0.019925 
v 0.0369661 0.0067117 0.019925 
v 0.0366244 0.00772596 0.019925 
v 0.0359617 0.00882736 0.019925 
v 0.0345731 0.0111352 0.019925 
v 0.03325 0.012532 0.019925 
v 0.0328067 0.013 0.019925 
v 0.0318369 0.0140238 0.019925 
v 0.0285437 0.0162566 0.019925 
v 0.026175 0.0172004 0.019925 
v 0.0301867 0.0151427 0.019925 
v 0.0248475 0.0177293 0.019925 
v 0.023875 0.0178888 0.019925 
v 0.021155 0.0169481 0.019925 
v 0.0214376 0.0166498 0.019925 
v 0.0169482 0.0181576 0.019925 
v 0.018297 0.0164796 0.019925 
v 0.0185456 0.0168066 0.019925 
v 0.013675 0.0172488 0.019925 
v 0.0181245 0.0161067 0.019925 
v 0.0200279 0.0136028 0.019925 
v 0.0216494 0.0162978 0.019925 
v 0.0209212 0.018373 0.019925 
v 0.020815 0.0171787 0.019925 
v 0.0192217 0.0172651 0.019925 
v 0.0196176 0.017375 0.019925 
v 0.0188587 0.0170726 0.019925 
v 0.0180361 0.0157054 0.019925 
v 0.0180361 0.0152946 0.019925 
v 0.0196176 0.013625 0.019925 
v 0.0214376 0.0143502 0.019925 
v 0.021155 0.0140519 0.019925 
v 0.0200279 0.0173972 0.019925 
v 0.0192217 0.0137349 0.019925 
v 0.0188587 0.0139274 0.019925 
v 0.0204333 0.0136693 0.019925 
v 0.020815 0.0138213 0.019925 
v 0.0217806 0.0150916 0.019925 
v 0.0216494 0.0147022 0.019925 
v 0.0204333 0.0173307 0.019925 
v 0.0181245 0.0148933 0.019925 
v 0.0185456 0.0141934 0.019925 
v 0.018297 0.0145204 0.019925 
v 0.0217806 0.0159084 0.019925 
v 0.021825 0.0155 0.019925 
v 0.0096633 0.0152635 0.019925 
v 0.01155 0.0145059 0.019925 
v 0.0117123 0.0145846 0.019925 
v 0.0114735 0.014458 0.019925 
v 0.0112675 0.014283 0.019925 
v 0.0131145 0.0170932 0.019925 
v 0.0133958 0.0136921 0.019925 
v 0.0127605 0.0145278 0.019925 
v 0.0119728 0.0146569 0.019925 
v 0.0109323 0.0135585 0.019925 
v 0.013425 0.0134234 0.019925 
v 0.0131701 0.0141799 0.019925 
v 0.0133095 0.0139483 0.019925 
v 0.0129842 0.0143761 0.019925 
v 0.0122427 0.0146716 0.019925 
v 0.0125094 0.0146278 0.019925 
v 0.0111039 0.0140678 0.019925 
v 0.0109904 0.0138225 0.019925 
v 0.0133958 0.0131547 0.019925 
v 0.0109904 0.0130243 0.019925 
v 0.0109323 0.0132882 0.019925 
v 0.0110017 0.013 0.019925 
v 0.00959916 0.0152295 0.019925 
v 0.00697441 0.013 0.019925 
v 0.0066 0.012682 0.019925 
v 0.0095739 0.0067117 0.019925 
v 0.00656668 0.0126537 0.019925 
v 0.00415883 0.00948619 0.019925 
v 0.00542012 0.000756468 0.019925 
v 0.00555947 0.000524861 0.019925 
v 0.00287521 0.0067117 0.019925 
v 0.00422277 0.00123353 0.019925 
v 0.00449267 0.00124817 0.019925 
v 0.00248818 0.00587515 0.019925 
v 0.00523423 0.000952703 0.019925 
v 0.00475941 0.00120444 0.019925 
v 0.00396233 0.00116122 0.019925 
v 0.00501051 0.00110439 0.019925 
v 0.00163286 0.00198939 0.019925 
v 0.00351751 0.000859624 0.019925 
v 0.00372352 0.00103461 0.019925 
v 0.00564578 0.000268713 0.019925 
v 0.00335393 0.000644442 0.019925 
v 0.00153178 0.000125 0.019925 
v 0.00318233 0.000135149 0.019925 
v 0.00324043 0.000399127 0.019925 
v 0.00318178 0.000125 0.019925 
v 0.00501051 -0.00110439 0.019925 
v 0.00475941 -0.00120444 0.019925 
v 0.00449267 -0.00124817 0.019925 
v 0.00523423 -0.000952703 0.019925 
v 0.00564578 -0.000268713 0.019925 
v 0.00555947 -0.000524861 0.019925 
v 0.003175 -7.3338e-19 0.019925 
v 0.00372352 -0.00103461 0.019925 
v 0.00351751 -0.000859624 0.019925 
v 0.00422277 -0.00123353 0.019925 
v 0.00542012 -0.000756468 0.019925 
v 0.00566141 0.000125 0.019925 
v 0.005675 -1.49878e-18 0.019925 
v 0.001525 2.25335e-18 0.019925 
v 0.00318233 -0.000135149 0.019925 
v 0.00163286 -0.00198939 0.019925 
v 0.00324043 -0.000399127 0.019925 
v 0.00396233 -0.00116122 0.019925 
v 0.00335393 -0.000644442 0.019925 
v 0.0221458 -0.00142614 0.019925 
v 0.0232921 -0.00203387 0.019925 
v 0.0196002 -0.0010088 0.019925 
v 0.0208957 -0.00107904 0.019925 
v 0.0183198 -0.0012187 0.019925 
v 0.0160407 -0.00242703 0.019925 
v 0.0171145 -0.00169893 0.019925 
v 0.0149594 -0.000101262 0.019925 
v 0.0151484 -0.00336895 0.019925 
v 0.0150395 -0.00355 0.019925 
v 0.023875 -0.00252897 0.019925 
v 0.0248906 -0.000101262 0.019925 
v 0.0244954 0.000125 0.019925 
v 0.026175 -0.00124574 0.019925 
v 0.024281 -0.0028738 0.019925 
v 0.024795 -0.00355 0.019925 
v 0.0258898 -0.00635129 0.019925 
v 0.0258898 -0.00764871 0.019925 
v 0.0256109 -0.00508419 0.019925 
v 0.0250661 -0.00390668 0.019925 
v 0.0256109 -0.00891581 0.019925 
v 0.0250661 -0.0100933 0.019925 
v 0.024281 -0.0111262 0.019925 
v 0.023875 -0.011471 0.019925 
v 0.024444 -0.0109117 0.019925 
v 0.0196002 -0.0129912 0.019925 
v 0.0183198 -0.0127813 0.019925 
v 0.0208957 -0.012921 0.019925 
v 0.0160407 -0.011573 0.019925 
v 0.0154143 -0.0109117 0.019925 
v 0.0171145 -0.0123011 0.019925 
v 0.0232921 -0.0119661 0.019925 
v 0.0221458 -0.0125739 0.019925 
v 0.0151484 -0.010631 0.019925 
v 0.013925 -0.007 0.019925 
v 0.0140653 -0.00571018 0.019925 
v 0.0140653 -0.00828982 0.019925 
v 0.0144795 -0.00951933 0.019925 
v 0.0144795 -0.00448067 0.019925 
v 0.0066 0.000125 0.019925 
v 0.0066 -0.00355 0.019925 
v 0.0066 0.0067117 0.019925 
v 0.023875 0.013 0.019925 
v 0.013675 0.013 0.019925 
v 0.026175 0.013 0.019925 
v 0.03325 0.000125 0.019925 
v 0.03325 0.0067117 0.019925 
v 0.03325 -0.00355 0.019925 
v 0.026175 -0.00355 0.019925 
v 0.026175 -0.0109117 0.019925 
v 0.0301867 -0.0109117 0.019925 
v 0.023875 0.000125 0.019925 
v 0.013675 -0.00355 0.019925 
v 0.0096633 -0.0109117 0.019925 
v 0.013675 -0.0109117 0.019925 
v 0.03325 -0.0109117 0.019925 
v 0.0066 -0.0109117 0.019925 
v 0.0301867 0.013 0.019925 
v 0.0096633 0.013 0.019925 
v 0.0096633 -0.0138367 0.019925 
v 0.013675 -0.0138367 0.019925 
v 0.026175 -0.0138367 0.019925 
v 0.0301867 -0.0138367 0.019925 
v 0.0359617 -0.00355 0.019925 
v 0.0359617 0.0067117 0.019925 
v 0.023875 -0.0138367 0.019925 
v 0.0114165 -0.00778955 0.0198206 
v 0.0109286 -0.00660238 0.018925 
v 0.0110945 -0.007 0.0192639 
v 0.0112487 -0.00737812 0.0195305 
v 0.010923 -0.00665234 0.018925 
v 0.0109139 -0.0066858 0.018925 
v 0.0108917 -0.00676725 0.018925 
v 0.0108802 -0.00680949 0.018925 
v 0.010864 -0.00684573 0.018925 
v 0.0108563 -0.0068628 0.018925 
v 0.0108241 -0.00691264 0.018925 
v 0.0108026 -0.00694585 0.018925 
v 0.010785 -0.00696579 0.018925 
v 0.0107348 -0.00700905 0.018925 
v 0.010722 -0.00701657 0.018925 
v 0.0106971 -0.00703114 0.018925 
v 0.0106455 -0.0070501 0.018925 
v 0.0105911 -0.00705826 0.018925 
v 0.0105908 -0.00705824 0.018925 
v 0.010533 -0.00705558 0.018925 
v 0.0104987 -0.00704899 0.018925 
v 0.0104451 -0.00703026 0.018925 
v 0.0104261 -0.00702361 0.018925 
v 0.0104118 -0.00701688 0.018925 
v 0.0103184 -0.00695844 0.018925 
v 0.0103031 -0.00694458 0.018925 
v 0.0102211 -0.00687009 0.018925 
v 0.0104707 -0.00767508 0.019528 
v 0.0101788 -0.00681733 0.018925 
v 0.010123 -0.00674762 0.018925 
v 0.0109379 -0.00651799 0.018925 
v 0.0105243 -0.00770162 0.019458 
v 0.0104805 -0.00769368 0.0194946 
v 0.0105742 -0.00770565 0.0194237 
v 0.0106296 -0.00770509 0.0193932 
v 0.0106897 -0.00769937 0.0193677 
v 0.0107533 -0.00768814 0.0193485 
v 0.0108188 -0.00767134 0.0193365 
v 0.0108844 -0.00764921 0.0193324 
v 0.0109482 -0.0076223 0.0193365 
v 0.0110083 -0.00759145 0.0193485 
v 0.0110634 -0.00755768 0.0193677 
v 0.0111122 -0.0075221 0.0193932 
v 0.011154 -0.0074858 0.0194237 
v 0.0111887 -0.00744974 0.019458 
v 0.0112162 -0.00741474 0.0194946 
v 0.02967 -0.00681554 0.018925 
v 0.0296118 -0.0068849 0.018925 
v 0.0295978 -0.00690158 0.018925 
v 0.0295434 -0.00694926 0.018925 
v 0.0294771 -0.00699177 0.018925 
v 0.0294368 -0.00701756 0.018925 
v 0.0294048 -0.00703114 0.018925 
v 0.0293912 -0.00703694 0.018925 
v 0.0293149 -0.00705587 0.018925 
v 0.0292814 -0.00705854 0.018925 
v 0.0292596 -0.0070569 0.018925 
v 0.0292232 -0.00705416 0.018925 
v 0.0291863 -0.00704476 0.018925 
v 0.029137 -0.00702275 0.018925 
v 0.0291281 -0.00701652 0.018925 
v 0.0290917 -0.00699103 0.018925 
v 0.0290464 -0.00694466 0.018925 
v 0.029031 -0.00692442 0.018925 
v 0.029025 -0.0069141 0.018925 
v 0.0289844 -0.00684367 0.018925 
v 0.0289775 -0.00682835 0.018925 
v 0.0289583 -0.00676703 0.018925 
v 0.0289348 -0.00669218 0.018925 
v 0.028923 -0.00660168 0.018925 
v 0.0289121 -0.00651799 0.018925 
v 0.0287555 -0.007 0.0192639 
v 0.0284335 -0.00778955 0.0198206 
v 0.0286013 -0.00737812 0.0195305 
v 0.0293793 -0.00767508 0.019528 
v 0.029727 -0.00674762 0.018925 
v 0.0293695 -0.00769368 0.0194946 
v 0.0293257 -0.00770162 0.019458 
v 0.0292758 -0.00770565 0.0194237 
v 0.0292204 -0.00770509 0.0193932 
v 0.0291603 -0.00769937 0.0193677 
v 0.0290967 -0.00768814 0.0193485 
v 0.0290312 -0.00767134 0.0193365 
v 0.0289018 -0.0076223 0.0193365 
v 0.0289656 -0.00764921 0.0193324 
v 0.0288417 -0.00759145 0.0193485 
v 0.0287866 -0.00755768 0.0193677 
v 0.0287378 -0.00752211 0.0193932 
v 0.028696 -0.0074858 0.0194237 
v 0.0286613 -0.00744974 0.019458 
v 0.0286338 -0.00741474 0.0194946 
v 0.0109845 -0.00596666 0.018925 
v 0.0288998 0.00781427 0.018925 
v 0.0235613 0.0012327 0.018925 
v 0.0251827 0.000304547 0.018925 
v 0.0224476 0.0116296 0.018925 
v 0.019925 0.002 0.018925 
v 0.0217832 0.00180609 0.018925 
v 0.0299741 -0.00637383 0.018925 
v 0.0317118 -0.00163735 0.018925 
v 0.0276857 -0.0024425 0.018925 
v 0.0284595 -0.00414302 0.018925 
v 0.0265776 -0.000938373 0.018925 
v 0.0313309 0.00339344 0.018925 
v 0.0303523 0.00573417 0.018925 
v 0.0270394 0.00953918 0.018925 
v 0.0248555 0.0108305 0.018925 
v 0.0310969 -0.00409874 0.018925 
v 0.031791 0.00089846 0.018925 
v 0.019925 0.0119 0.018925 
v 0.0174024 0.0116296 0.018925 
v 0.0149945 0.0108305 0.018925 
v 0.0180668 0.00180609 0.018925 
v 0.00987591 -0.00637383 0.018925 
v 0.0288655 -0.00596666 0.018925 
v 0.0128106 0.00953918 0.018925 
v 0.0109502 0.00781427 0.018925 
v 0.00949767 0.00573417 0.018925 
v 0.0146673 0.000304547 0.018925 
v 0.00813818 -0.00163735 0.018925 
v 0.00875315 -0.00409874 0.018925 
v 0.0113905 -0.00414302 0.018925 
v 0.0162887 0.0012327 0.018925 
v 0.0085191 0.00339344 0.018925 
v 0.0132724 -0.000938373 0.018925 
v 0.00805897 0.00089846 0.018925 
v 0.0121643 -0.0024425 0.018925 
v 0.013925 -0.007 0.026425 
v 0.0140653 -0.00571018 0.026425 
v 0.0144795 -0.00448067 0.026425 
v 0.0151484 -0.00336895 0.026425 
v 0.0160407 -0.00242703 0.026425 
v 0.0171145 -0.00169893 0.026425 
v 0.0183198 -0.0012187 0.026425 
v 0.0196002 -0.0010088 0.026425 
v 0.0208957 -0.00107904 0.026425 
v 0.0221458 -0.00142614 0.026425 
v 0.0232921 -0.00203387 0.026425 
v 0.024281 -0.0028738 0.026425 
v 0.0250661 -0.00390668 0.026425 
v 0.0256109 -0.00508419 0.026425 
v 0.0258898 -0.00635129 0.026425 
v 0.025925 -0.007 0.026425 
v 0.0258898 -0.00764871 0.026425 
v 0.0256109 -0.00891581 0.026425 
v 0.0250661 -0.0100933 0.026425 
v 0.024281 -0.0111262 0.026425 
v 0.0232921 -0.0119661 0.026425 
v 0.0221458 -0.0125739 0.026425 
v 0.0208957 -0.012921 0.026425 
v 0.0196002 -0.0129912 0.026425 
v 0.0183198 -0.0127813 0.026425 
v 0.0171145 -0.0123011 0.026425 
v 0.0160407 -0.011573 0.026425 
v 0.0151484 -0.010631 0.026425 
v 0.0144795 -0.00951933 0.026425 
v 0.0140653 -0.00828982 0.026425 
v 0.0210724 -0.00412017 0.026425 
v 0.0216647 -0.00443416 0.026425 
v 0.0204265 -0.00394084 0.026425 
v 0.0230068 -0.00666483 0.026425 
v 0.0228627 -0.00601017 0.026425 
v 0.0197572 -0.00390455 0.026425 
v 0.0179181 -0.0046373 0.026425 
v 0.0174571 -0.00512396 0.026425 
v 0.0225813 -0.00540178 0.026425 
v 0.0190957 -0.004013 0.026425 
v 0.0184729 -0.00426111 0.026425 
v 0.0197572 -0.0100955 0.026425 
v 0.0190957 -0.009987 0.026425 
v 0.0204265 -0.0100592 0.026425 
v 0.0221756 -0.00486813 0.026425 
v 0.0168975 -0.00633359 0.026425 
v 0.0171115 -0.00569834 0.026425 
v 0.016825 -0.007 0.026425 
v 0.0179181 -0.0093627 0.026425 
v 0.0174571 -0.00887604 0.026425 
v 0.0184729 -0.00973889 0.026425 
v 0.0230068 -0.00733517 0.026425 
v 0.023025 -0.007 0.026425 
v 0.0168975 -0.00766641 0.026425 
v 0.0171115 -0.00830166 0.026425 
v 0.0210724 -0.00987983 0.026425 
v 0.0216647 -0.00956584 0.026425 
v 0.0221756 -0.00913187 0.026425 
v 0.0225813 -0.00859822 0.026425 
v 0.0228627 -0.00798983 0.026425 
v 0.0168975 -0.00766641 0.019925 
v 0.016825 -0.007 0.019925 
v 0.0171115 -0.00830166 0.019925 
v 0.0174571 -0.00887604 0.019925 
v 0.0179181 -0.0093627 0.019925 
v 0.0184729 -0.00973889 0.019925 
v 0.0190957 -0.009987 0.019925 
v 0.0197572 -0.0100955 0.019925 
v 0.0204265 -0.0100592 0.019925 
v 0.0210724 -0.00987983 0.019925 
v 0.0216647 -0.00956584 0.019925 
v 0.0221756 -0.00913187 0.019925 
v 0.0225813 -0.00859822 0.019925 
v 0.0228627 -0.00798983 0.019925 
v 0.0230068 -0.00733517 0.019925 
v 0.023025 -0.007 0.019925 
v 0.0230068 -0.00666483 0.019925 
v 0.0228627 -0.00601017 0.019925 
v 0.0225813 -0.00540178 0.019925 
v 0.0221756 -0.00486813 0.019925 
v 0.0216647 -0.00443416 0.019925 
v 0.0210724 -0.00412017 0.019925 
v 0.0204265 -0.00394084 0.019925 
v 0.0197572 -0.00390455 0.019925 
v 0.0190957 -0.004013 0.019925 
v 0.0184729 -0.00426111 0.019925 
v 0.0179181 -0.0046373 0.019925 
v 0.0174571 -0.00512396 0.019925 
v 0.0171115 -0.00569834 0.019925 
v 0.0168975 -0.00633359 0.019925 
v 0.0210354 -0.00421307 0.019925 
v 0.0216086 -0.00451693 0.019925 
v 0.0204103 -0.00403952 0.019925 
v 0.0224956 -0.00545334 0.019925 
v 0.022768 -0.0060421 0.019925 
v 0.022103 -0.0049369 0.019925 
v 0.0197626 -0.0040044 0.019925 
v 0.0191224 -0.00410935 0.019925 
v 0.0185198 -0.00434946 0.019925 
v 0.0179828 -0.00471351 0.019925 
v 0.0175367 -0.00518448 0.019925 
v 0.0175367 -0.00881552 0.019925 
v 0.0179828 -0.00928649 0.019925 
v 0.0197626 -0.0099956 0.019925 
v 0.0204103 -0.00996048 0.019925 
v 0.0216086 -0.00948307 0.019925 
v 0.022103 -0.0090631 0.019925 
v 0.0172023 -0.00574033 0.019925 
v 0.0169951 -0.00635509 0.019925 
v 0.016925 -0.007 0.019925 
v 0.0185198 -0.00965054 0.019925 
v 0.0191224 -0.00989065 0.019925 
v 0.0210354 -0.00978693 0.019925 
v 0.0169951 -0.00764491 0.019925 
v 0.0224956 -0.00854666 0.019925 
v 0.022768 -0.0079579 0.019925 
v 0.0229074 -0.00732436 0.019925 
v 0.0229074 -0.00667564 0.019925 
v 0.0172023 -0.00825967 0.019925 
v 0.0378948 0.00395546 -0.001575 
v 0.038325 0 -0.001575 
v 0.0366244 0.00772596 -0.001575 
v 0.0345731 0.0111352 -0.001575 
v 0.0318369 0.0140238 -0.001575 
v 0.0285437 0.0162566 -0.001575 
v 0.0248475 0.0177293 -0.001575 
v 0.0209212 0.018373 -0.001575 
v 0.0169482 0.0181576 -0.001575 
v 0.0131145 0.0170932 -0.001575 
v 0.00959916 0.0152295 -0.001575 
v 0.00656668 0.0126537 -0.001575 
v 0.00415883 0.00948619 -0.001575 
v 0.00248818 0.00587515 -0.001575 
v 0.00163286 0.00198939 -0.001575 
v 0.001525 6.76005e-18 -0.001575 
v 0.00163286 -0.00198939 -0.001575 
v 0.00248818 -0.00587515 -0.001575 
v 0.00415883 -0.00948619 -0.001575 
v 0.00656668 -0.0126537 -0.001575 
v 0.00959916 -0.0152295 -0.001575 
v 0.0131145 -0.0170932 -0.001575 
v 0.0169482 -0.0181576 -0.001575 
v 0.0209212 -0.018373 -0.001575 
v 0.0248475 -0.0177293 -0.001575 
v 0.0285437 -0.0162566 -0.001575 
v 0.0318369 -0.0140238 -0.001575 
v 0.0345731 -0.0111352 -0.001575 
v 0.0366244 -0.00772596 -0.001575 
v 0.0378948 -0.00395546 -0.001575 
v 0.0155375 0.0158022 -0.001575 
v 0.0190371 0.0163759 -0.001575 
v 0.0122431 0.0144896 -0.001575 
v 0.0225782 0.016184 -0.001575 
v 0.00504076 0.00688618 -0.001575 
v 0.00686907 0.00992486 -0.001575 
v 0.00930786 0.0124995 -0.001575 
v 0.0259953 0.0152352 -0.001575 
v 0.00390842 0.00352552 -0.001575 
v 0.0291285 0.0135741 -0.001575 
v 0.0354665 -0.00523655 -0.001575 
v 0.0339775 -0.00845508 -0.001575 
v 0.0318313 -0.0112783 -0.001575 
v 0.0291285 -0.0135741 -0.001575 
v 0.0122431 -0.0144896 -0.001575 
v 0.00930786 -0.0124995 -0.001575 
v 0.003525 -4.01684e-18 -0.001575 
v 0.0318313 0.0112783 -0.001575 
v 0.0155375 -0.0158022 -0.001575 
v 0.00686907 -0.00992486 -0.001575 
v 0.00504076 -0.00688618 -0.001575 
v 0.0339775 0.00845508 -0.001575 
v 0.0354665 0.00523655 -0.001575 
v 0.0259953 -0.0152352 -0.001575 
v 0.0225782 -0.016184 -0.001575 
v 0.0190371 -0.0163759 -0.001575 
v 0.00390842 -0.00352552 -0.001575 
v 0.0362289 0.00177315 -0.001575 
v 0.0362289 -0.00177315 -0.001575 
v 0.036675 1.19262e-18 0.017075 
v 0.0366458 -0.000268713 0.017075 
v 0.0365595 -0.000524861 0.017075 
v 0.0364201 -0.000756468 0.017075 
v 0.0362342 -0.000952703 0.017075 
v 0.0357594 -0.00120444 0.017075 
v 0.0360105 -0.00110439 0.017075 
v 0.0354927 -0.00124817 0.017075 
v 0.0352228 -0.00123353 0.017075 
v 0.0349623 -0.00116122 0.017075 
v 0.0347235 -0.00103461 0.017075 
v 0.0345175 -0.000859624 0.017075 
v 0.0343539 -0.000644442 0.017075 
v 0.0342404 -0.000399127 0.017075 
v 0.0341823 0.000135149 0.017075 
v 0.0341823 -0.000135149 0.017075 
v 0.0342404 0.000399127 0.017075 
v 0.0343539 0.000644442 0.017075 
v 0.0345175 0.000859624 0.017075 
v 0.0347235 0.00103461 0.017075 
v 0.0349623 0.00116122 0.017075 
v 0.0352228 0.00123353 0.017075 
v 0.0354927 0.00124817 0.017075 
v 0.0357594 0.00120444 0.017075 
v 0.0360105 0.00110439 0.017075 
v 0.0362342 0.000952703 0.017075 
v 0.0364201 0.000756468 0.017075 
v 0.0365595 0.000524861 0.017075 
v 0.0366458 0.000268713 0.017075 
v 0.0351419 0.00172695 0.017075 
v 0.0355197 0.00174743 0.017075 
v 0.0358932 0.00168621 0.017075 
v 0.0362447 0.00154615 0.017075 
v 0.0339255 0.000902219 0.017075 
v 0.0341545 0.00120347 0.017075 
v 0.0344429 0.00144846 0.017075 
v 0.0347773 0.00162571 0.017075 
v 0.0365579 0.00133378 0.017075 
v 0.0368182 0.00105905 0.017075 
v 0.0370133 0.000734806 0.017075 
v 0.0355197 -0.00174743 0.017075 
v 0.0351419 -0.00172695 0.017075 
v 0.0341545 -0.00120347 0.017075 
v 0.0339255 -0.000902219 0.017075 
v 0.0371341 -0.000376198 0.017075 
v 0.0370133 -0.000734806 0.017075 
v 0.0362447 -0.00154615 0.017075 
v 0.0358932 -0.00168621 0.017075 
v 0.0347773 -0.00162571 0.017075 
v 0.0344429 -0.00144846 0.017075 
v 0.0337666 -0.000558778 0.017075 
v 0.0336853 -0.000189208 0.017075 
v 0.0336853 0.000189208 0.017075 
v 0.0337666 0.000558778 0.017075 
v 0.0368182 -0.00105905 0.017075 
v 0.0365579 -0.00133378 0.017075 
v 0.0371341 0.000376198 0.017075 
v 0.037175 1.3061e-18 0.017075 
v 0.037175 1.73472e-18 0.013425 
v 0.0371341 -0.000376198 0.013425 
v 0.0370133 -0.000734806 0.013425 
v 0.0368182 -0.00105905 0.013425 
v 0.0365579 -0.00133378 0.013425 
v 0.0362447 -0.00154615 0.013425 
v 0.0358932 -0.00168621 0.013425 
v 0.0355197 -0.00174743 0.013425 
v 0.0351419 -0.00172695 0.013425 
v 0.0347773 -0.00162571 0.013425 
v 0.0344429 -0.00144846 0.013425 
v 0.0341545 -0.00120347 0.013425 
v 0.0339255 -0.000902219 0.013425 
v 0.0337666 -0.000558778 0.013425 
v 0.0336853 -0.000189208 0.013425 
v 0.0336853 0.000189208 0.013425 
v 0.0337666 0.000558778 0.013425 
v 0.0339255 0.000902219 0.013425 
v 0.0341545 0.00120347 0.013425 
v 0.0344429 0.00144846 0.013425 
v 0.0347773 0.00162571 0.013425 
v 0.0351419 0.00172695 0.013425 
v 0.0355197 0.00174743 0.013425 
v 0.0358932 0.00168621 0.013425 
v 0.0362447 0.00154615 0.013425 
v 0.0365579 0.00133378 0.013425 
v 0.0368182 0.00105905 0.013425 
v 0.0370133 0.000734806 0.013425 
v 0.0371341 0.000376198 0.013425 
v 0.035425 -6.07153e-17 0.013425 
v 0.028925 -0.0134234 0.017075 
v 0.0288958 -0.0136921 0.017075 
v 0.0288095 -0.0139483 0.017075 
v 0.0286701 -0.0141799 0.017075 
v 0.0284842 -0.0143761 0.017075 
v 0.0282605 -0.0145278 0.017075 
v 0.0280094 -0.0146278 0.017075 
v 0.0277427 -0.0146716 0.017075 
v 0.0274728 -0.0146569 0.017075 
v 0.0272123 -0.0145846 0.017075 
v 0.0269735 -0.014458 0.017075 
v 0.0267675 -0.014283 0.017075 
v 0.0266039 -0.0140678 0.017075 
v 0.0264904 -0.0138225 0.017075 
v 0.0264323 -0.0135585 0.017075 
v 0.0264323 -0.0132882 0.017075 
v 0.0264904 -0.0130243 0.017075 
v 0.0266039 -0.012779 0.017075 
v 0.0267675 -0.0125638 0.017075 
v 0.0269735 -0.0123888 0.017075 
v 0.0272123 -0.0122622 0.017075 
v 0.0274728 -0.0121899 0.017075 
v 0.0277427 -0.0121752 0.017075 
v 0.0280094 -0.012219 0.017075 
v 0.0282605 -0.012319 0.017075 
v 0.0284842 -0.0124707 0.017075 
v 0.0286701 -0.0126669 0.017075 
v 0.0288095 -0.0128985 0.017075 
v 0.0288958 -0.0131547 0.017075 
v 0.0273919 -0.0116964 0.017075 
v 0.0277697 -0.011676 0.017075 
v 0.0281432 -0.0117372 0.017075 
v 0.0264045 -0.0122199 0.017075 
v 0.0266929 -0.0119749 0.017075 
v 0.0270273 -0.0117977 0.017075 
v 0.0260166 -0.0128646 0.017075 
v 0.0261755 -0.0125212 0.017075 
v 0.0281432 -0.0151096 0.017075 
v 0.0277697 -0.0151708 0.017075 
v 0.0260166 -0.0139822 0.017075 
v 0.0259353 -0.0136126 0.017075 
v 0.0284947 -0.0118772 0.017075 
v 0.0288079 -0.0120896 0.017075 
v 0.0290682 -0.0144824 0.017075 
v 0.0288079 -0.0147572 0.017075 
v 0.0284947 -0.0149695 0.017075 
v 0.0270273 -0.0150491 0.017075 
v 0.0266929 -0.0148718 0.017075 
v 0.0264045 -0.0146269 0.017075 
v 0.0261755 -0.0143256 0.017075 
v 0.0259353 -0.0132342 0.017075 
v 0.0290682 -0.0123643 0.017075 
v 0.0292633 -0.0126886 0.017075 
v 0.0293841 -0.0130472 0.017075 
v 0.029425 -0.0134234 0.017075 
v 0.0293841 -0.0137996 0.017075 
v 0.0292633 -0.0141582 0.017075 
v 0.0273919 -0.0151503 0.017075 
v 0.013425 -0.0134234 0.017075 
v 0.0133958 -0.0136921 0.017075 
v 0.0133095 -0.0139483 0.017075 
v 0.0131701 -0.0141799 0.017075 
v 0.0129842 -0.0143761 0.017075 
v 0.0127605 -0.0145278 0.017075 
v 0.0125094 -0.0146278 0.017075 
v 0.0122427 -0.0146716 0.017075 
v 0.0119728 -0.0146569 0.017075 
v 0.0117123 -0.0145846 0.017075 
v 0.0114735 -0.014458 0.017075 
v 0.0112675 -0.014283 0.017075 
v 0.0111039 -0.0140678 0.017075 
v 0.0109904 -0.0138225 0.017075 
v 0.0109323 -0.0135585 0.017075 
v 0.0109323 -0.0132882 0.017075 
v 0.0109904 -0.0130243 0.017075 
v 0.0111039 -0.012779 0.017075 
v 0.0112675 -0.0125638 0.017075 
v 0.0114735 -0.0123888 0.017075 
v 0.0117123 -0.0122622 0.017075 
v 0.0119728 -0.0121899 0.017075 
v 0.0122427 -0.0121752 0.017075 
v 0.0125094 -0.012219 0.017075 
v 0.0127605 -0.012319 0.017075 
v 0.0129842 -0.0124707 0.017075 
v 0.0131701 -0.0126669 0.017075 
v 0.0133095 -0.0128985 0.017075 
v 0.0133958 -0.0131547 0.017075 
v 0.0109045 -0.0122199 0.017075 
v 0.0111929 -0.0119749 0.017075 
v 0.0115273 -0.0117977 0.017075 
v 0.0113 -0.0149389 0.017075 
v 0.0109045 -0.0146269 0.017075 
v 0.0106755 -0.0143256 0.017075 
v 0.0105166 -0.0128646 0.017075 
v 0.0106755 -0.0125212 0.017075 
v 0.0118919 -0.0116964 0.017075 
v 0.0122697 -0.011676 0.017075 
v 0.0126432 -0.0117372 0.017075 
v 0.0126432 -0.0151096 0.017075 
v 0.0122697 -0.0151708 0.017075 
v 0.0115273 -0.0150491 0.017075 
v 0.0104353 -0.0132342 0.017075 
v 0.0129947 -0.0118772 0.017075 
v 0.0133079 -0.0120896 0.017075 
v 0.0135682 -0.0123643 0.017075 
v 0.0135682 -0.0144824 0.017075 
v 0.0133079 -0.0147572 0.017075 
v 0.0129947 -0.0149695 0.017075 
v 0.0111929 -0.0148718 0.017075 
v 0.0105166 -0.0139822 0.017075 
v 0.0104353 -0.0136126 0.017075 
v 0.0137633 -0.0126886 0.017075 
v 0.0138841 -0.0130472 0.017075 
v 0.013925 -0.0134234 0.017075 
v 0.0138841 -0.0137996 0.017075 
v 0.0137633 -0.0141582 0.017075 
v 0.0118919 -0.0151503 0.017075 
v 0.005675 -1.19262e-18 0.017075 
v 0.00564578 -0.000268713 0.017075 
v 0.00555947 -0.000524861 0.017075 
v 0.00542012 -0.000756468 0.017075 
v 0.00523423 -0.000952703 0.017075 
v 0.00501051 -0.00110439 0.017075 
v 0.00475941 -0.00120444 0.017075 
v 0.00449267 -0.00124817 0.017075 
v 0.00422277 -0.00123353 0.017075 
v 0.00396233 -0.00116122 0.017075 
v 0.00372352 -0.00103461 0.017075 
v 0.00351751 -0.000859624 0.017075 
v 0.00335393 -0.000644442 0.017075 
v 0.00324043 -0.000399127 0.017075 
v 0.00318233 0.000135149 0.017075 
v 0.00318233 -0.000135149 0.017075 
v 0.00324043 0.000399127 0.017075 
v 0.00335393 0.000644442 0.017075 
v 0.00351751 0.000859624 0.017075 
v 0.00372352 0.00103461 0.017075 
v 0.00396233 0.00116122 0.017075 
v 0.00422277 0.00123353 0.017075 
v 0.00449267 0.00124817 0.017075 
v 0.00475941 0.00120444 0.017075 
v 0.00501051 0.00110439 0.017075 
v 0.00523423 0.000952703 0.017075 
v 0.00542012 0.000756468 0.017075 
v 0.00555947 0.000524861 0.017075 
v 0.00564578 0.000268713 0.017075 
v 0.00344292 0.00144846 0.017075 
v 0.00377726 0.00162571 0.017075 
v 0.00315451 -0.00120347 0.017075 
v 0.0029255 -0.000902219 0.017075 
v 0.00276661 -0.000558778 0.017075 
v 0.00414188 0.00172695 0.017075 
v 0.00581816 0.00105905 0.017075 
v 0.00601326 0.000734806 0.017075 
v 0.00344292 -0.00144846 0.017075 
v 0.00268526 -0.000189208 0.017075 
v 0.00451974 0.00174743 0.017075 
v 0.00489317 0.00168621 0.017075 
v 0.00524471 0.00154615 0.017075 
v 0.00613409 0.000376198 0.017075 
v 0.00524471 -0.00154615 0.017075 
v 0.00489317 -0.00168621 0.017075 
v 0.00276661 0.000558778 0.017075 
v 0.0029255 0.000902219 0.017075 
v 0.00555793 0.00133378 0.017075 
v 0.00581816 -0.00105905 0.017075 
v 0.00555793 -0.00133378 0.017075 
v 0.00451974 -0.00174743 0.017075 
v 0.00414188 -0.00172695 0.017075 
v 0.00377726 -0.00162571 0.017075 
v 0.00315451 0.00120347 0.017075 
v 0.00601326 -0.000734806 0.017075 
v 0.006175 -2.16335e-18 0.017075 
v 0.00613409 -0.000376198 0.017075 
v 0.00268526 0.000189208 0.017075 
v 0.013425 0.0134234 0.017075 
v 0.0133958 0.0131547 0.017075 
v 0.0133095 0.0128985 0.017075 
v 0.0131701 0.0126669 0.017075 
v 0.0129842 0.0124707 0.017075 
v 0.0127605 0.012319 0.017075 
v 0.0125094 0.012219 0.017075 
v 0.0122427 0.0121752 0.017075 
v 0.0119728 0.0121899 0.017075 
v 0.0117123 0.0122622 0.017075 
v 0.0114735 0.0123888 0.017075 
v 0.0112675 0.0125638 0.017075 
v 0.0111039 0.012779 0.017075 
v 0.0109904 0.0130243 0.017075 
v 0.0109323 0.0132882 0.017075 
v 0.0109323 0.0135585 0.017075 
v 0.0109904 0.0138225 0.017075 
v 0.0111039 0.0140678 0.017075 
v 0.0112675 0.014283 0.017075 
v 0.0117123 0.0145846 0.017075 
v 0.0114735 0.014458 0.017075 
v 0.0119728 0.0146569 0.017075 
v 0.0122427 0.0146716 0.017075 
v 0.0125094 0.0146278 0.017075 
v 0.0127605 0.0145278 0.017075 
v 0.0129842 0.0143761 0.017075 
v 0.0131701 0.0141799 0.017075 
v 0.0133095 0.0139483 0.017075 
v 0.0133958 0.0136921 0.017075 
v 0.0109045 0.0146269 0.017075 
v 0.0111929 0.0148718 0.017075 
v 0.0106755 0.0143256 0.017075 
v 0.0104353 0.0136126 0.017075 
v 0.0105166 0.0139822 0.017075 
v 0.0115273 0.0150491 0.017075 
v 0.0118919 0.0151503 0.017075 
v 0.0122697 0.0151708 0.017075 
v 0.0126432 0.0151096 0.017075 
v 0.0138841 0.0137996 0.017075 
v 0.013925 0.0134234 0.017075 
v 0.0138841 0.0130472 0.017075 
v 0.0137633 0.0126886 0.017075 
v 0.0135682 0.0123643 0.017075 
v 0.0133079 0.0120896 0.017075 
v 0.0129947 0.0118772 0.017075 
v 0.0129947 0.0149695 0.017075 
v 0.0133079 0.0147572 0.017075 
v 0.0135682 0.0144824 0.017075 
v 0.0137633 0.0141582 0.017075 
v 0.0126432 0.0117372 0.017075 
v 0.0122697 0.011676 0.017075 
v 0.0115273 0.0117977 0.017075 
v 0.0111929 0.0119749 0.017075 
v 0.0109045 0.0122199 0.017075 
v 0.0106755 0.0125212 0.017075 
v 0.0118919 0.0116964 0.017075 
v 0.0105166 0.0128646 0.017075 
v 0.0104353 0.0132342 0.017075 
v 0.029425 -0.0134234 0.013425 
v 0.0293841 -0.0137996 0.013425 
v 0.0292633 -0.0141582 0.013425 
v 0.0290682 -0.0144824 0.013425 
v 0.0288079 -0.0147572 0.013425 
v 0.0284947 -0.0149695 0.013425 
v 0.0281432 -0.0151096 0.013425 
v 0.0277697 -0.0151708 0.013425 
v 0.0273919 -0.0151503 0.013425 
v 0.0270273 -0.0150491 0.013425 
v 0.0266929 -0.0148718 0.013425 
v 0.0264045 -0.0146269 0.013425 
v 0.0261755 -0.0143256 0.013425 
v 0.0260166 -0.0139822 0.013425 
v 0.0259353 -0.0136126 0.013425 
v 0.0259353 -0.0132342 0.013425 
v 0.0260166 -0.0128646 0.013425 
v 0.0261755 -0.0125212 0.013425 
v 0.0264045 -0.0122199 0.013425 
v 0.0266929 -0.0119749 0.013425 
v 0.0270273 -0.0117977 0.013425 
v 0.0273919 -0.0116964 0.013425 
v 0.0277697 -0.011676 0.013425 
v 0.0281432 -0.0117372 0.013425 
v 0.0284947 -0.0118772 0.013425 
v 0.0288079 -0.0120896 0.013425 
v 0.0290682 -0.0123643 0.013425 
v 0.0292633 -0.0126886 0.013425 
v 0.0293841 -0.0130472 0.013425 
v 0.027675 -0.0134234 0.013425 
v 0.013925 -0.0134234 0.013425 
v 0.0138841 -0.0137996 0.013425 
v 0.0137633 -0.0141582 0.013425 
v 0.0135682 -0.0144824 0.013425 
v 0.0133079 -0.0147572 0.013425 
v 0.0129947 -0.0149695 0.013425 
v 0.0126432 -0.0151096 0.013425 
v 0.0122697 -0.0151708 0.013425 
v 0.0118919 -0.0151503 0.013425 
v 0.0113 -0.0149389 0.013425 
v 0.0111929 -0.0148718 0.013425 
v 0.0115273 -0.0150491 0.013425 
v 0.0109045 -0.0146269 0.013425 
v 0.0106755 -0.0143256 0.013425 
v 0.0105166 -0.0139822 0.013425 
v 0.0104353 -0.0136126 0.013425 
v 0.0104353 -0.0132342 0.013425 
v 0.0105166 -0.0128646 0.013425 
v 0.0106755 -0.0125212 0.013425 
v 0.0109045 -0.0122199 0.013425 
v 0.0111929 -0.0119749 0.013425 
v 0.0115273 -0.0117977 0.013425 
v 0.0118919 -0.0116964 0.013425 
v 0.0122697 -0.011676 0.013425 
v 0.0126432 -0.0117372 0.013425 
v 0.0129947 -0.0118772 0.013425 
v 0.0133079 -0.0120896 0.013425 
v 0.0135682 -0.0123643 0.013425 
v 0.0137633 -0.0126886 0.013425 
v 0.0138841 -0.0130472 0.013425 
v 0.012175 -0.0134234 0.013425 
v 0.006175 -1.73472e-18 0.013425 
v 0.00613409 -0.000376198 0.013425 
v 0.00601326 -0.000734806 0.013425 
v 0.00581816 -0.00105905 0.013425 
v 0.00555793 -0.00133378 0.013425 
v 0.00524471 -0.00154615 0.013425 
v 0.00489317 -0.00168621 0.013425 
v 0.00451974 -0.00174743 0.013425 
v 0.00414188 -0.00172695 0.013425 
v 0.00377726 -0.00162571 0.013425 
v 0.00344292 -0.00144846 0.013425 
v 0.00315451 -0.00120347 0.013425 
v 0.0029255 -0.000902219 0.013425 
v 0.00276661 -0.000558778 0.013425 
v 0.00268526 -0.000189208 0.013425 
v 0.00268526 0.000189208 0.013425 
v 0.00276661 0.000558778 0.013425 
v 0.0029255 0.000902219 0.013425 
v 0.00315451 0.00120347 0.013425 
v 0.00344292 0.00144846 0.013425 
v 0.00377726 0.00162571 0.013425 
v 0.00414188 0.00172695 0.013425 
v 0.00451974 0.00174743 0.013425 
v 0.00489317 0.00168621 0.013425 
v 0.00524471 0.00154615 0.013425 
v 0.00555793 0.00133378 0.013425 
v 0.00581816 0.00105905 0.013425 
v 0.00601326 0.000734806 0.013425 
v 0.00613409 0.000376198 0.013425 
v 0.004425 -6.59195e-17 0.013425 
v 0.013925 0.0134234 0.013425 
v 0.0138841 0.0130472 0.013425 
v 0.0137633 0.0126886 0.013425 
v 0.0135682 0.0123643 0.013425 
v 0.0133079 0.0120896 0.013425 
v 0.0129947 0.0118772 0.013425 
v 0.0126432 0.0117372 0.013425 
v 0.0122697 0.011676 0.013425 
v 0.0118919 0.0116964 0.013425 
v 0.0115273 0.0117977 0.013425 
v 0.0111929 0.0119749 0.013425 
v 0.0109045 0.0122199 0.013425 
v 0.0106755 0.0125212 0.013425 
v 0.0105166 0.0128646 0.013425 
v 0.0104353 0.0132342 0.013425 
v 0.0104353 0.0136126 0.013425 
v 0.0105166 0.0139822 0.013425 
v 0.0106755 0.0143256 0.013425 
v 0.0109045 0.0146269 0.013425 
v 0.0111929 0.0148718 0.013425 
v 0.0115273 0.0150491 0.013425 
v 0.0118919 0.0151503 0.013425 
v 0.0122697 0.0151708 0.013425 
v 0.0126432 0.0151096 0.013425 
v 0.0129947 0.0149695 0.013425 
v 0.0133079 0.0147572 0.013425 
v 0.0135682 0.0144824 0.013425 
v 0.0137633 0.0141582 0.013425 
v 0.0138841 0.0137996 0.013425 
v 0.012175 0.0134234 0.013425 
v 0.021825 0.0155 0.019025 
v 0.0217806 0.0150916 0.019025 
v 0.0216494 0.0147022 0.019025 
v 0.0214376 0.0143502 0.019025 
v 0.021155 0.0140519 0.019025 
v 0.020815 0.0138213 0.019025 
v 0.0204333 0.0136693 0.019025 
v 0.0200279 0.0136028 0.019025 
v 0.0196176 0.013625 0.019025 
v 0.0192217 0.0137349 0.019025 
v 0.0188587 0.0139274 0.019025 
v 0.0185456 0.0141934 0.019025 
v 0.018297 0.0145204 0.019025 
v 0.0181245 0.0148933 0.019025 
v 0.0180361 0.0152946 0.019025 
v 0.0180361 0.0157054 0.019025 
v 0.0181245 0.0161067 0.019025 
v 0.018297 0.0164796 0.019025 
v 0.0185456 0.0168066 0.019025 
v 0.0188587 0.0170726 0.019025 
v 0.0192217 0.0172651 0.019025 
v 0.0196176 0.017375 0.019025 
v 0.0200279 0.0173972 0.019025 
v 0.0204333 0.0173307 0.019025 
v 0.020815 0.0171787 0.019025 
v 0.021155 0.0169481 0.019025 
v 0.0214376 0.0166498 0.019025 
v 0.0216494 0.0162978 0.019025 
v 0.0217806 0.0159084 0.019025 
v 0.00840161 -0.00775 0.019025 
v 0.00835719 -0.00815844 0.019025 
v 0.008226 -0.00854779 0.019025 
v 0.00801418 -0.00889983 0.019025 
v 0.00773164 -0.00919811 0.019025 
v 0.00739158 -0.00942867 0.019025 
v 0.00700991 -0.00958074 0.019025 
v 0.00619422 -0.00962497 0.019025 
v 0.00660447 -0.00964721 0.019025 
v 0.00579834 -0.00951506 0.019025 
v 0.00543535 -0.00932261 0.019025 
v 0.00512221 -0.00905663 0.019025 
v 0.00487358 -0.00872955 0.019025 
v 0.00470107 -0.00835667 0.019025 
v 0.00461274 -0.00795543 0.019025 
v 0.00461274 -0.00754457 0.019025 
v 0.00470107 -0.00714333 0.019025 
v 0.00487358 -0.00677045 0.019025 
v 0.00512221 -0.00644337 0.019025 
v 0.00555161 -0.00610455 0.019025 
v 0.00579834 -0.00598494 0.019025 
v 0.00543535 -0.00617739 0.019025 
v 0.00619422 -0.00587503 0.019025 
v 0.00660447 -0.00585279 0.019025 
v 0.00700991 -0.00591926 0.019025 
v 0.00739158 -0.00607133 0.019025 
v 0.00773164 -0.00630189 0.019025 
v 0.00801418 -0.00660017 0.019025 
v 0.008226 -0.00695221 0.019025 
v 0.00835719 -0.00734156 0.019025 
v 0.0352484 -0.00775 0.019025 
v 0.035204 -0.00815844 0.019025 
v 0.0350728 -0.00854779 0.019025 
v 0.034861 -0.00889983 0.019025 
v 0.0345784 -0.00919811 0.019025 
v 0.0342384 -0.00942867 0.019025 
v 0.0338567 -0.00958074 0.019025 
v 0.033041 -0.00962497 0.019025 
v 0.0334513 -0.00964721 0.019025 
v 0.0326451 -0.00951506 0.019025 
v 0.0322821 -0.00932261 0.019025 
v 0.031969 -0.00905663 0.019025 
v 0.0317204 -0.00872955 0.019025 
v 0.0315479 -0.00835667 0.019025 
v 0.0314595 -0.00795543 0.019025 
v 0.0314595 -0.00754457 0.019025 
v 0.0315479 -0.00714333 0.019025 
v 0.0317204 -0.00677045 0.019025 
v 0.031969 -0.00644337 0.019025 
v 0.0322821 -0.00617739 0.019025 
v 0.0326451 -0.00598494 0.019025 
v 0.033041 -0.00587503 0.019025 
v 0.0334513 -0.00585279 0.019025 
v 0.0338567 -0.00591926 0.019025 
v 0.0342384 -0.00607133 0.019025 
v 0.0345784 -0.00630189 0.019025 
v 0.034861 -0.00660017 0.019025 
v 0.0350728 -0.00695221 0.019025 
v 0.035204 -0.00734156 0.019025 
v 0.0027284 0.00187024 -0.002575 
v 0.0029318 0.00374049 -0.002575 
v 0.0035325 0.00552328 -0.002575 
v 0.00413319 0.00730607 -0.002575 
v 0.00510308 0.00891805 -0.002575 
v 0.00607298 0.01053 -0.002575 
v 0.00736673 0.0118958 -0.002575 
v 0.00866048 0.0132616 -0.002575 
v 0.0102176 0.0143174 -0.002575 
v 0.0117747 0.0153731 -0.002575 
v 0.0135224 0.0160694 -0.002575 
v 0.01527 0.0167658 -0.002575 
v 0.0171265 0.0170701 -0.002575 
v 0.018983 0.0173745 -0.002575 
v 0.0208615 0.0172726 -0.002575 
v 0.02274 0.0171708 -0.002575 
v 0.0245527 0.0166675 -0.002575 
v 0.0263654 0.0161642 -0.002575 
v 0.0280275 0.015283 -0.002575 
v 0.0296897 0.0144018 -0.002575 
v 0.0311235 0.0131839 -0.002575 
v 0.0325573 0.011966 -0.002575 
v 0.0336958 0.0104683 -0.002575 
v 0.0348343 0.00897064 -0.002575 
v 0.0356242 0.00726324 -0.002575 
v 0.0364142 0.00555585 -0.002575 
v 0.0368186 0.00371856 -0.002575 
v 0.037223 0.00188127 -0.002575 
v 0.037223 -0.00188127 -0.002575 
v 0.037223 0 -0.002575 
v 0.0364142 -0.00555585 -0.002575 
v 0.0368186 -0.00371856 -0.002575 
v 0.0348343 -0.00897064 -0.002575 
v 0.0356242 -0.00726324 -0.002575 
v 0.0325573 -0.011966 -0.002575 
v 0.0336958 -0.0104683 -0.002575 
v 0.0296897 -0.0144018 -0.002575 
v 0.0311235 -0.0131839 -0.002575 
v 0.0263654 -0.0161642 -0.002575 
v 0.0280275 -0.015283 -0.002575 
v 0.02274 -0.0171708 -0.002575 
v 0.0245527 -0.0166675 -0.002575 
v 0.018983 -0.0173745 -0.002575 
v 0.0208615 -0.0172726 -0.002575 
v 0.01527 -0.0167658 -0.002575 
v 0.0171265 -0.0170701 -0.002575 
v 0.0117747 -0.0153731 -0.002575 
v 0.0135224 -0.0160694 -0.002575 
v 0.00866048 -0.0132616 -0.002575 
v 0.0102176 -0.0143174 -0.002575 
v 0.00607298 -0.01053 -0.002575 
v 0.00736673 -0.0118958 -0.002575 
v 0.00413319 -0.00730607 -0.002575 
v 0.00510308 -0.00891805 -0.002575 
v 0.0029318 -0.00374049 -0.002575 
v 0.0035325 -0.00552328 -0.002575 
v 0.002525 0 -0.002575 
v 0.0027284 -0.00187024 -0.002575 
v 0.00332991 0 -0.00159421 
v 0.00371789 0.00356745 -0.00159421 
v 0.0048637 0.0069681 -0.00159421 
v 0.00671376 0.0100429 -0.00159421 
v 0.00918157 0.0126481 -0.00159421 
v 0.0121517 0.014662 -0.00159421 
v 0.0154853 0.0159902 -0.00159421 
v 0.0190266 0.0165708 -0.00159421 
v 0.0226098 0.0163765 -0.00159421 
v 0.0260675 0.0154165 -0.00159421 
v 0.029238 0.0137356 -0.00159421 
v 0.031973 0.0114124 -0.00159421 
v 0.0341446 0.00855566 -0.00159421 
v 0.0356514 0.00529884 -0.00159421 
v 0.0364228 0.00179424 -0.00159421 
v 0.0364228 -0.00179424 -0.00159421 
v 0.0356514 -0.00529884 -0.00159421 
v 0.0341446 -0.00855566 -0.00159421 
v 0.031973 -0.0114124 -0.00159421 
v 0.029238 -0.0137356 -0.00159421 
v 0.0260675 -0.0154165 -0.00159421 
v 0.0226098 -0.0163765 -0.00159421 
v 0.0190266 -0.0165708 -0.00159421 
v 0.0154853 -0.0159902 -0.00159421 
v 0.0121517 -0.014662 -0.00159421 
v 0.00918157 -0.0126481 -0.00159421 
v 0.00671376 -0.0100429 -0.00159421 
v 0.0048637 -0.0069681 -0.00159421 
v 0.00371789 -0.00356745 -0.00159421 
v 0.00314232 0 -0.00165112 
v 0.00353469 0.00360778 -0.00165112 
v 0.00469345 0.00704687 -0.00165112 
v 0.00656442 0.0101564 -0.00165112 
v 0.00906012 0.0127911 -0.00165112 
v 0.0120638 0.0148277 -0.00165112 
v 0.0154352 0.016171 -0.00165112 
v 0.0190164 0.0167581 -0.00165112 
v 0.0226401 0.0165616 -0.00165112 
v 0.0261369 0.0155907 -0.00165112 
v 0.0293432 0.0138908 -0.00165112 
v 0.0321092 0.0115414 -0.00165112 
v 0.0343054 0.00865238 -0.00165112 
v 0.0358292 0.00535874 -0.00165112 
v 0.0366093 0.00181453 -0.00165112 
v 0.0366093 -0.00181453 -0.00165112 
v 0.0358292 -0.00535874 -0.00165112 
v 0.0343054 -0.00865238 -0.00165112 
v 0.0321092 -0.0115414 -0.00165112 
v 0.0293432 -0.0138908 -0.00165112 
v 0.0261369 -0.0155907 -0.00165112 
v 0.0226401 -0.0165616 -0.00165112 
v 0.0190164 -0.0167581 -0.00165112 
v 0.0154352 -0.016171 -0.00165112 
v 0.0120638 -0.0148277 -0.00165112 
v 0.00906012 -0.0127911 -0.00165112 
v 0.00656442 -0.0101564 -0.00165112 
v 0.00469345 -0.00704687 -0.00165112 
v 0.00353469 -0.00360778 -0.00165112 
v 0.00296943 0 -0.00174353 
v 0.00336584 0.00364495 -0.00174353 
v 0.00453654 0.00711946 -0.00174353 
v 0.00642679 0.0102611 -0.00174353 
v 0.0089482 0.0129229 -0.00174353 
v 0.0119829 0.0149805 -0.00174353 
v 0.0153889 0.0163375 -0.00174353 
v 0.019007 0.0169307 -0.00174353 
v 0.0226681 0.0167322 -0.00174353 
v 0.0262009 0.0157513 -0.00174353 
v 0.0294402 0.0140339 -0.00174353 
v 0.0322347 0.0116603 -0.00174353 
v 0.0344535 0.00874151 -0.00174353 
v 0.035993 0.00541394 -0.00174353 
v 0.0367812 0.00183322 -0.00174353 
v 0.0367812 -0.00183322 -0.00174353 
v 0.035993 -0.00541394 -0.00174353 
v 0.0344535 -0.00874151 -0.00174353 
v 0.0322347 -0.0116603 -0.00174353 
v 0.0294402 -0.0140339 -0.00174353 
v 0.0262009 -0.0157513 -0.00174353 
v 0.0226681 -0.0167322 -0.00174353 
v 0.019007 -0.0169307 -0.00174353 
v 0.0153889 -0.0163375 -0.00174353 
v 0.0119829 -0.0149805 -0.00174353 
v 0.0089482 -0.0129229 -0.00174353 
v 0.00642679 -0.0102611 -0.00174353 
v 0.00453654 -0.00711946 -0.00174353 
v 0.00336584 -0.00364495 -0.00174353 
v 0.00281789 0 -0.00186789 
v 0.00321785 0.00367752 -0.00186789 
v 0.00439901 0.00718309 -0.00186789 
v 0.00630615 0.0103528 -0.00186789 
v 0.00885009 0.0130384 -0.00186789 
v 0.0119119 0.0151143 -0.00186789 
v 0.0153484 0.0164836 -0.00186789 
v 0.0189988 0.017082 -0.00186789 
v 0.0226926 0.0168817 -0.00186789 
v 0.026257 0.0158921 -0.00186789 
v 0.0295253 0.0141594 -0.00186789 
v 0.0323447 0.0117645 -0.00186789 
v 0.0345833 0.00881963 -0.00186789 
v 0.0361366 0.00546233 -0.00186789 
v 0.0369318 0.0018496 -0.00186789 
v 0.0369318 -0.0018496 -0.00186789 
v 0.0361366 -0.00546233 -0.00186789 
v 0.0345833 -0.00881963 -0.00186789 
v 0.0323447 -0.0117645 -0.00186789 
v 0.0295253 -0.0141594 -0.00186789 
v 0.026257 -0.0158921 -0.00186789 
v 0.0226926 -0.0168817 -0.00186789 
v 0.0189988 -0.017082 -0.00186789 
v 0.0153484 -0.0164836 -0.00186789 
v 0.0119119 -0.0151143 -0.00186789 
v 0.00885009 -0.0130384 -0.00186789 
v 0.00630615 -0.0103528 -0.00186789 
v 0.00439901 -0.00718309 -0.00186789 
v 0.00321785 -0.00367752 -0.00186789 
v 0.00269353 0 -0.00201943 
v 0.00309639 0.00370426 -0.00201943 
v 0.00428614 0.00723531 -0.00201943 
v 0.00620715 0.010428 -0.00201943 
v 0.00876958 0.0131332 -0.00201943 
v 0.0118536 0.0152242 -0.00201943 
v 0.0153151 0.0166034 -0.00201943 
v 0.0189921 0.0172062 -0.00201943 
v 0.0227127 0.0170045 -0.00201943 
v 0.026303 0.0160076 -0.00201943 
v 0.0295951 0.0142623 -0.00201943 
v 0.032435 0.0118501 -0.00201943 
v 0.0346899 0.00888375 -0.00201943 
v 0.0362545 0.00550203 -0.00201943 
v 0.0370555 0.00186305 -0.00201943 
v 0.0370555 -0.00186305 -0.00201943 
v 0.0362545 -0.00550203 -0.00201943 
v 0.0346899 -0.00888375 -0.00201943 
v 0.032435 -0.0118501 -0.00201943 
v 0.0295951 -0.0142623 -0.00201943 
v 0.026303 -0.0160076 -0.00201943 
v 0.0227127 -0.0170045 -0.00201943 
v 0.0189921 -0.0172062 -0.00201943 
v 0.0153151 -0.0166034 -0.00201943 
v 0.0118536 -0.0152242 -0.00201943 
v 0.00876958 -0.0131332 -0.00201943 
v 0.00620715 -0.010428 -0.00201943 
v 0.00428614 -0.00723531 -0.00201943 
v 0.00309639 -0.00370426 -0.00201943 
v 0.00260112 0 -0.00219232 
v 0.00300614 0.00372412 -0.00219232 
v 0.00420227 0.00727411 -0.00219232 
v 0.00613358 0.010484 -0.00219232 
v 0.00870976 0.0132036 -0.00219232 
v 0.0118103 0.0153059 -0.00219232 
v 0.0152904 0.0166924 -0.00219232 
v 0.0189871 0.0172985 -0.00219232 
v 0.0227277 0.0170957 -0.00219232 
v 0.0263372 0.0160935 -0.00219232 
v 0.0296469 0.0143388 -0.00219232 
v 0.0325021 0.0119136 -0.00219232 
v 0.0347691 0.00893139 -0.00219232 
v 0.036342 0.00553154 -0.00219232 
v 0.0371473 0.00187304 -0.00219232 
v 0.0371473 -0.00187304 -0.00219232 
v 0.036342 -0.00553154 -0.00219232 
v 0.0347691 -0.00893139 -0.00219232 
v 0.0325021 -0.0119136 -0.00219232 
v 0.0296469 -0.0143388 -0.00219232 
v 0.0263372 -0.0160935 -0.00219232 
v 0.0227277 -0.0170957 -0.00219232 
v 0.0189871 -0.0172985 -0.00219232 
v 0.0152904 -0.0166924 -0.00219232 
v 0.0118103 -0.0153059 -0.00219232 
v 0.00870976 -0.0132036 -0.00219232 
v 0.00613358 -0.010484 -0.00219232 
v 0.00420227 -0.00727411 -0.00219232 
v 0.00300614 -0.00372412 -0.00219232 
v 0.00254421 0 -0.00237991 
v 0.00295057 0.00373636 -0.00237991 
v 0.00415063 0.007298 -0.00237991 
v 0.00608828 0.0105184 -0.00237991 
v 0.00867292 0.013247 -0.00237991 
v 0.0117837 0.0153561 -0.00237991 
v 0.0152751 0.0167473 -0.00237991 
v 0.018984 0.0173553 -0.00237991 
v 0.0227369 0.0171518 -0.00237991 
v 0.0263583 0.0161463 -0.00237991 
v 0.0296789 0.0143859 -0.00237991 
v 0.0325434 0.0119528 -0.00237991 
v 0.0348179 0.00896073 -0.00237991 
v 0.036396 0.00554971 -0.00237991 
v 0.0372039 0.00187919 -0.00237991 
v 0.0372039 -0.00187919 -0.00237991 
v 0.036396 -0.00554971 -0.00237991 
v 0.0348179 -0.00896073 -0.00237991 
v 0.0325434 -0.0119528 -0.00237991 
v 0.0296789 -0.0143859 -0.00237991 
v 0.0263583 -0.0161463 -0.00237991 
v 0.0227369 -0.0171518 -0.00237991 
v 0.018984 -0.0173553 -0.00237991 
v 0.0152751 -0.0167473 -0.00237991 
v 0.0117837 -0.0153561 -0.00237991 
v 0.00867292 -0.013247 -0.00237991 
v 0.00608828 -0.0105184 -0.00237991 
v 0.00415063 -0.007298 -0.00237991 
v 0.00295057 -0.00373636 -0.00237991 
v 0.016925 -0.007 0.041925 
v 0.0169951 -0.00635509 0.041925 
v 0.0172023 -0.00574033 0.041925 
v 0.0175367 -0.00518448 0.041925 
v 0.0179828 -0.00471351 0.041925 
v 0.022103 -0.0049369 0.041925 
v 0.0224956 -0.00545334 0.041925 
v 0.022768 -0.0060421 0.041925 
v 0.0229074 -0.00667564 0.041925 
v 0.0229074 -0.00732436 0.041925 
v 0.022768 -0.0079579 0.041925 
v 0.0224956 -0.00854666 0.041925 
v 0.022103 -0.0090631 0.041925 
v 0.0216086 -0.00948307 0.041925 
v 0.0210354 -0.00978693 0.041925 
v 0.0204103 -0.00996048 0.041925 
v 0.0197626 -0.0099956 0.041925 
v 0.0191224 -0.00989065 0.041925 
v 0.0185198 -0.00965054 0.041925 
v 0.0179828 -0.00928649 0.041925 
v 0.0175367 -0.00881552 0.041925 
v 0.0172023 -0.00825967 0.041925 
v 0.0169951 -0.00764491 0.041925 
v 0.018125 -0.0046 0.029925 
v 0.018125 -0.0046 0.041925 
v 0.0185198 -0.00434946 0.029925 
v 0.0191224 -0.00410935 0.029925 
v 0.0197626 -0.0040044 0.029925 
v 0.0204103 -0.00403952 0.029925 
v 0.0210354 -0.00421307 0.029925 
v 0.0216086 -0.00451693 0.029925 
v 0.021725 -0.0046 0.029925 
v 0.021725 -0.0046 0.041925 
v 0.033865 -0.00675513 0.019025 
v 0.0339516 -0.00680513 0.019025 
v 0.0335235 -0.00684664 0.019025 
v 0.0324035 -0.00714674 0.019025 
v 0.032445 -0.00757485 0.019025 
v 0.0323535 -0.00723335 0.019025 
v 0.032745 -0.00705524 0.019025 
v 0.0332386 -0.00734019 0.019025 
v 0.0326536 -0.00835336 0.019025 
v 0.0342933 -0.00835326 0.019025 
v 0.0339518 -0.00844476 0.019025 
v 0.0329386 -0.00785981 0.019025 
v 0.0328317 -0.00874487 0.019025 
v 0.0343433 -0.00826665 0.019025 
v 0.0340432 -0.00714664 0.019025 
v 0.0327451 -0.00869487 0.019025 
v 0.0331732 -0.00865336 0.019025 
v 0.0342518 -0.00792515 0.019025 
v 0.0337582 -0.00764019 0.019025 
v 0.0334582 -0.00815981 0.019025 
v 0.0342518 -0.00792515 0.018075 
v 0.0343433 -0.00826665 0.018075 
v 0.0342933 -0.00835326 0.018075 
v 0.0339518 -0.00844476 0.018075 
v 0.0339516 -0.00680513 0.018075 
v 0.0340432 -0.00714664 0.018075 
v 0.0331732 -0.00865336 0.018075 
v 0.0328317 -0.00874487 0.018075 
v 0.033865 -0.00675513 0.018075 
v 0.0335235 -0.00684664 0.018075 
v 0.0327451 -0.00869487 0.018075 
v 0.0326536 -0.00835336 0.018075 
v 0.032745 -0.00705524 0.018075 
v 0.0324035 -0.00714674 0.018075 
v 0.032445 -0.00757485 0.018075 
v 0.0323535 -0.00723335 0.018075 
v 0.0337582 -0.00764019 0.018075 
v 0.0338266 -0.00702164 0.017825 
v 0.03374 -0.00697164 0.017825 
v 0.0334167 -0.0077317 0.017825 
v 0.0341268 -0.00814165 0.017825 
v 0.0332386 -0.00734019 0.018075 
v 0.0333301 -0.0076817 0.017825 
v 0.03262 -0.00727174 0.017825 
v 0.03257 -0.00735835 0.017825 
v 0.0329386 -0.00785981 0.018075 
v 0.0332801 -0.0077683 0.017825 
v 0.0328701 -0.00847836 0.017825 
v 0.0329567 -0.00852836 0.017825 
v 0.0334582 -0.00815981 0.018075 
v 0.0333667 -0.0078183 0.017825 
v 0.0340768 -0.00822826 0.017825 
v 0.00598495 -0.00675513 0.019025 
v 0.00719637 -0.00835336 0.019025 
v 0.00710486 -0.00869487 0.019025 
v 0.00710497 -0.00705524 0.019025 
v 0.00744648 -0.00714674 0.019025 
v 0.00632646 -0.00684664 0.019025 
v 0.00589835 -0.00680513 0.019025 
v 0.00580684 -0.00714664 0.019025 
v 0.00550674 -0.00826665 0.019025 
v 0.00701826 -0.00874487 0.019025 
v 0.00749648 -0.00723335 0.019025 
v 0.00559824 -0.00792515 0.019025 
v 0.0060918 -0.00764019 0.019025 
v 0.00555674 -0.00835326 0.019025 
v 0.00589824 -0.00844476 0.019025 
v 0.00667675 -0.00865336 0.019025 
v 0.00740497 -0.00757485 0.019025 
v 0.00661141 -0.00734019 0.019025 
v 0.0063918 -0.00815981 0.019025 
v 0.00691141 -0.00785981 0.019025 
v 0.00589824 -0.00844476 0.018075 
v 0.00555674 -0.00835326 0.018075 
v 0.00559824 -0.00792515 0.018075 
v 0.00550674 -0.00826665 0.018075 
v 0.00667675 -0.00865336 0.018075 
v 0.00701826 -0.00874487 0.018075 
v 0.00580684 -0.00714664 0.018075 
v 0.00589835 -0.00680513 0.018075 
v 0.00719637 -0.00835336 0.018075 
v 0.00710486 -0.00869487 0.018075 
v 0.00598495 -0.00675513 0.018075 
v 0.00632646 -0.00684664 0.018075 
v 0.00749648 -0.00723335 0.018075 
v 0.00740497 -0.00757485 0.018075 
v 0.00710497 -0.00705524 0.018075 
v 0.00744648 -0.00714674 0.018075 
v 0.0063918 -0.00815981 0.018075 
v 0.00689326 -0.00852836 0.017825 
v 0.00697986 -0.00847836 0.017825 
v 0.0064833 -0.0078183 0.017825 
v 0.00577324 -0.00822826 0.017825 
v 0.00691141 -0.00785981 0.018075 
v 0.00656991 -0.0077683 0.017825 
v 0.00727997 -0.00735835 0.017825 
v 0.00722997 -0.00727174 0.017825 
v 0.00661141 -0.00734019 0.018075 
v 0.00651991 -0.0076817 0.017825 
v 0.00610995 -0.00697164 0.017825 
v 0.00602335 -0.00702164 0.017825 
v 0.0060918 -0.00764019 0.018075 
v 0.0064333 -0.0077317 0.017825 
v 0.00572324 -0.00814165 0.017825 
v 0.0188051 0.01555 0.019025 
v 0.0190551 0.0158 0.019025 
v 0.0188051 0.01545 0.019025 
v 0.0190551 0.0152 0.019025 
v 0.019875 0.0143801 0.019025 
v 0.019625 0.0146301 0.019025 
v 0.019625 0.0152 0.019025 
v 0.019975 0.0143801 0.019025 
v 0.019975 0.0166199 0.019025 
v 0.020225 0.0146301 0.019025 
v 0.0207949 0.0158 0.019025 
v 0.020225 0.0163699 0.019025 
v 0.019875 0.0166199 0.019025 
v 0.019625 0.0163699 0.019025 
v 0.0210449 0.01545 0.019025 
v 0.0207949 0.0152 0.019025 
v 0.020225 0.0152 0.019025 
v 0.0210449 0.01555 0.019025 
v 0.019625 0.0158 0.019025 
v 0.020225 0.0158 0.019025 
v 0.019875 0.0166199 0.018075 
v 0.019625 0.0163699 0.018075 
v 0.020225 0.0163699 0.018075 
v 0.019975 0.0166199 0.018075 
v 0.0190551 0.0158 0.018075 
v 0.0188051 0.01555 0.018075 
v 0.0210449 0.01555 0.018075 
v 0.0207949 0.0158 0.018075 
v 0.0188051 0.01545 0.018075 
v 0.0190551 0.0152 0.018075 
v 0.0207949 0.0152 0.018075 
v 0.0210449 0.01545 0.018075 
v 0.019625 0.0146301 0.018075 
v 0.019875 0.0143801 0.018075 
v 0.019975 0.0143801 0.018075 
v 0.020225 0.0146301 0.018075 
v 0.019625 0.0158 0.018075 
v 0.0190551 0.01555 0.017825 
v 0.0190551 0.01545 0.017825 
v 0.019875 0.01555 0.017825 
v 0.019875 0.0163699 0.017825 
v 0.019625 0.0152 0.018075 
v 0.019875 0.01545 0.017825 
v 0.019875 0.0146301 0.017825 
v 0.019975 0.0146301 0.017825 
v 0.020225 0.0152 0.018075 
v 0.019975 0.01545 0.017825 
v 0.0207949 0.01545 0.017825 
v 0.0207949 0.01555 0.017825 
v 0.020225 0.0158 0.018075 
v 0.019975 0.01555 0.017825 
v 0.019975 0.0163699 0.017825 
v 0.037325 0 -0.032275 
v 0.0369182 0.00374049 -0.032275 
v 0.0357168 0.00730607 -0.032275 
v 0.033777 0.01053 -0.032275 
v 0.0311895 0.0132616 -0.032275 
v 0.0280753 0.0153731 -0.032275 
v 0.0101603 0.0144018 -0.032275 
v 0.00729268 0.011966 -0.032275 
v 0.00501569 0.00897064 -0.032275 
v 0.00343583 0.00555585 -0.032275 
v 0.002627 0.00188127 -0.032275 
v 0.002525 6.39266e-18 -0.032275 
v 0.002627 -0.00188127 -0.032275 
v 0.00343583 -0.00555585 -0.032275 
v 0.00501569 -0.00897064 -0.032275 
v 0.00729268 -0.011966 -0.032275 
v 0.0101603 -0.0144018 -0.032275 
v 0.0134846 -0.0161642 -0.032275 
v 0.01711 -0.0171708 -0.032275 
v 0.020867 -0.0173745 -0.032275 
v 0.02458 -0.0167658 -0.032275 
v 0.0280753 -0.0153731 -0.032275 
v 0.0311895 -0.0132616 -0.032275 
v 0.033777 -0.01053 -0.032275 
v 0.0357168 -0.00730607 -0.032275 
v 0.0369182 -0.00374049 -0.032275 
v 0.02456 0.0167713 -0.00510005 
v 0.0244618 0.0167981 -0.00584426 
v 0.0244579 0.0167992 -0.00584529 
v 0.0245339 0.0167785 -0.00582538 
v 0.02458 0.0167657 -0.0051085 
v 0.02458 0.0167657 -0.00580693 
v 0.0245495 0.0167742 -0.00582129 
v 0.024401 0.0168144 -0.00584943 
v 0.0245541 0.0167729 -0.00509755 
v 0.0244836 0.0167922 -0.0050769 
v 0.0244856 0.0167917 -0.00507711 
v 0.024543 0.016776 -0.00509287 
v 0.0242293 0.0168592 -0.0057997 
v 0.0243545 0.0168267 -0.00507299 
v 0.024401 0.0168144 -0.00506818 
v 0.0241718 0.0168738 -0.00574336 
v 0.0243139 0.0168374 -0.00507894 
v 0.024324 0.0168348 -0.00507615 
v 0.0242758 0.0168473 -0.00509263 
v 0.0242925 0.016843 -0.0050849 
v 0.0242399 0.0168565 -0.00510999 
v 0.0242428 0.0168558 -0.00510789 
v 0.0242063 0.0168651 -0.00513443 
v 0.0242065 0.016865 -0.00513421 
v 0.0241522 0.0168787 -0.00519887 
v 0.0241705 0.0168741 -0.0051723 
v 0.0241797 0.0168718 -0.00516262 
v 0.0241311 0.016884 -0.00524181 
v 0.0241514 0.0168789 -0.00520012 
v 0.0241135 0.0168884 -0.00529582 
v 0.0241236 0.0168859 -0.0052574 
v 0.0240999 0.0168917 -0.00535597 
v 0.0241009 0.0168915 -0.00534358 
v 0.024099 0.0168919 -0.00553174 
v 0.0241257 0.0168853 -0.00565949 
v 0.024109 0.0168895 -0.00560941 
v 0.0241044 0.0168906 -0.00559155 
v 0.0241161 0.0168877 -0.0056371 
v 0.0241629 0.016876 -0.00573315 
v 0.0241457 0.0168803 -0.00570615 
v 0.0241451 0.0168805 -0.00570477 
v 0.0240922 0.0168936 -0.00545686 
v 0.0242009 0.0168664 -0.00577667 
v 0.0241987 0.016867 -0.00577412 
v 0.0242619 0.0168509 -0.00581801 
v 0.0242303 0.016859 -0.0058005 
v 0.0242989 0.0168413 -0.00583283 
v 0.0242752 0.0168474 -0.00582542 
v 0.0243406 0.0168304 -0.00584369 
v 0.0243306 0.016833 -0.00584274 
v 0.01711 0.0171708 -0.029275 
v 0.01711 0.0171708 -0.032275 
v 0.0134846 0.0161642 -0.032275 
v 0.020867 0.0173745 -0.029275 
v 0.020867 0.0173745 -0.032275 
v 0.02458 0.0167658 -0.029275 
v 0.02458 0.0167658 -0.032275 
v 0.0271838 0.0158136 -0.029275 
v 0.026224 0.0162198 -0.00492613 
v 0.0260581 0.0162833 -0.00492613 
v 0.0263687 0.0161628 -0.00581632 
v 0.0263248 0.0161803 -0.00579402 
v 0.0264023 0.0161494 -0.00583283 
v 0.0263996 0.0161505 -0.00583196 
v 0.0264459 0.0161319 -0.00584368 
v 0.0264308 0.016138 -0.00584178 
v 0.0262856 0.0161957 -0.00576551 
v 0.0264929 0.0161128 -0.00584935 
v 0.0264918 0.0161133 -0.00584943 
v 0.0265499 0.0160895 -0.00584484 
v 0.0265477 0.0160904 -0.00584544 
v 0.0265786 0.0160776 -0.00583697 
v 0.0262619 0.016205 -0.0057483 
v 0.0265954 0.0160706 -0.00582978 
v 0.0265849 0.016075 -0.00583524 
v 0.0266134 0.0160632 -0.00581844 
v 0.0266059 0.0160663 -0.00582439 
v 0.0266289 0.0160567 -0.00580562 
v 0.0266272 0.0160574 -0.00580751 
v 0.0266409 0.0160517 -0.0057916 
v 0.0266396 0.0160522 -0.0057937 
v 0.0266615 0.016043 -0.0057523 
v 0.0266556 0.0160455 -0.00576759 
v 0.0266635 0.0160422 -0.00574472 
v 0.0266727 0.0160383 -0.00570858 
v 0.0266777 0.0160362 -0.00565146 
v 0.0266749 0.0160374 -0.00570024 
v 0.0266848 0.0160333 -0.00492613 
v 0.0266848 0.0160333 -0.00553205 
v 0.026848 0.0159635 -0.00492613 
v 0.026224 0.0162198 -0.0057207 
v 0.0273012 0.0157592 -0.00492613 
v 0.0273012 0.0157592 -0.00553205 
v 0.026848 0.0159635 -0.00560751 
v 0.0269798 0.0159056 -0.00581126 
v 0.02695 0.0159188 -0.00579598 
v 0.0270247 0.0158857 -0.00583348 
v 0.0270208 0.0158874 -0.00583224 
v 0.0270665 0.0158669 -0.0058439 
v 0.0270522 0.0158733 -0.00584215 
v 0.0269007 0.0159404 -0.00575953 
v 0.0271531 0.0158277 -0.00584712 
v 0.0271115 0.0158466 -0.00584943 
v 0.0271666 0.0158215 -0.00584421 
v 0.0271952 0.0158083 -0.00583775 
v 0.027194 0.0158089 -0.0058383 
v 0.0272306 0.015792 -0.00581822 
v 0.0272159 0.0157988 -0.00582862 
v 0.0272134 0.0158 -0.0058297 
v 0.027246 0.0157849 -0.00580432 
v 0.0272384 0.0157884 -0.00581269 
v 0.0272577 0.0157795 -0.00579063 
v 0.0272561 0.0157802 -0.00579327 
v 0.0272788 0.0157696 -0.0057503 
v 0.0272726 0.0157725 -0.00576648 
v 0.0272804 0.0157689 -0.0057439 
v 0.0272894 0.0157647 -0.00570776 
v 0.0272943 0.0157624 -0.00565091 
v 0.0272914 0.0157637 -0.00569969 
v 0.0268419 0.0159661 -0.00571598 
v 0.0274617 0.0156831 -0.00492613 
v 0.0274443 0.0156914 -0.00577359 
v 0.0274452 0.015691 -0.00576741 
v 0.0274562 0.0156857 -0.00568831 
v 0.0274601 0.0156838 -0.00566042 
v 0.0274617 0.0156831 -0.00561028 
v 0.0274315 0.0156975 -0.00581701 
v 0.0274007 0.0157122 -0.0058842 
v 0.027406 0.0157097 -0.00587262 
v 0.0274283 0.0156991 -0.00582413 
v 0.0273811 0.0157215 -0.00591308 
v 0.0273837 0.0157203 -0.00590919 
v 0.0273466 0.0157378 -0.00594909 
v 0.0273583 0.0157323 -0.00593686 
v 0.0273198 0.0157505 -0.00596868 
v 0.0273294 0.0157459 -0.00596167 
v 0.027276 0.0157709 -0.0059901 
v 0.0272979 0.0157607 -0.00597937 
v 0.027236 0.0157895 -0.00600146 
v 0.0272626 0.0157772 -0.00599391 
v 0.0271209 0.0158423 -0.00795921 
v 0.0271575 0.0158257 -0.00600923 
v 0.0272191 0.0157973 -0.00600313 
v 0.0270768 0.0158622 -0.00784615 
v 0.0270342 0.0158814 -0.00773689 
v 0.0270501 0.0158743 -0.00599379 
v 0.0270981 0.0158526 -0.00600266 
v 0.0270327 0.0158821 -0.00598807 
v 0.0270461 0.0158761 -0.0059925 
v 0.0269561 0.0159161 -0.00595122 
v 0.0269907 0.0159008 -0.00596786 
v 0.0271261 0.0158399 -0.00600783 
v 0.0271551 0.0158267 -0.0081098 
v 0.0271319 0.0158373 -0.00800763 
v 0.0271838 0.0158136 -0.00846378 
v 0.0271632 0.015823 -0.00820926 
v 0.0271838 0.0158136 -0.00997014 
v 0.0269244 0.01593 -0.00592602 
v 0.0267906 0.0159883 -0.00586871 
v 0.0267934 0.015987 -0.00586278 
v 0.0268075 0.015981 -0.00583306 
v 0.0267672 0.0159982 -0.00590428 
v 0.026773 0.0159958 -0.00589548 
v 0.0267445 0.0160079 -0.00592851 
v 0.0267325 0.0160131 -0.00594141 
v 0.0267031 0.0160255 -0.00596396 
v 0.0267125 0.0160216 -0.00595674 
v 0.0266554 0.0160456 -0.0059889 
v 0.0266758 0.016037 -0.00597825 
v 0.0266128 0.0160634 -0.00600164 
v 0.0266395 0.0160523 -0.00599366 
v 0.0265385 0.0160941 -0.00600923 
v 0.0266022 0.0160678 -0.00600272 
v 0.0264442 0.0161326 -0.00599624 
v 0.0264922 0.0161131 -0.00600551 
v 0.0265009 0.0161095 -0.0060072 
v 0.0263893 0.0161546 -0.00597416 
v 0.026441 0.0161339 -0.00599494 
v 0.026378 0.0161592 -0.00596961 
v 0.026224 0.0162198 -0.00597372 
v 0.0263217 0.0161815 -0.0059342 
v 0.0262975 0.0161911 -0.00591894 
v 0.026224 0.0162198 -0.00585748 
v 0.0260581 0.0162833 -0.00597372 
v 0.0252182 0.0165754 -0.00743529 
v 0.0251984 0.0165816 -0.00745428 
v 0.0250947 0.0166142 -0.00755394 
v 0.0250835 0.0166178 -0.00756472 
v 0.0253305 0.0165391 -0.00735969 
v 0.0253175 0.0165433 -0.00736845 
v 0.0255494 0.0164659 -0.00726512 
v 0.0254553 0.0164974 -0.00730577 
v 0.025695 0.0164155 -0.00722898 
v 0.0256333 0.0164368 -0.00724429 
v 0.0260084 0.0163019 -0.00720113 
v 0.0258708 0.0163518 -0.00721336 
v 0.0261973 0.0162302 -0.00721073 
v 0.0264621 0.0161253 -0.00726392 
v 0.0264618 0.0161255 -0.00726387 
v 0.026271 0.016201 -0.00722553 
v 0.0267358 0.0160116 -0.00739472 
v 0.0266134 0.016063 -0.00732787 
v 0.026566 0.0160828 -0.00730201 
v 0.0268355 0.0159689 -0.00747417 
v 0.0267404 0.0160097 -0.00739838 
v 0.0269379 0.0159241 -0.00758976 
v 0.0268448 0.0159648 -0.00748461 
v 0.0269578 0.0159154 -0.00761229 
v 0.0270156 0.0158897 -0.00770656 
v 0.025006 0.0166416 -0.00766992 
v 0.0247181 0.0167268 -0.00572514 
v 0.0246375 0.0167497 -0.00577986 
v 0.0246185 0.016755 -0.00578878 
v 0.0248803 0.0166795 -0.00544937 
v 0.0247269 0.0167243 -0.00572514 
v 0.0247269 0.0167243 -0.00592184 
v 0.0252277 0.0165723 -0.00599573 
v 0.0252935 0.0165511 -0.00600626 
v 0.0252095 0.0165781 -0.00599283 
v 0.0251539 0.0165957 -0.00597344 
v 0.0251683 0.0165912 -0.00597847 
v 0.0250839 0.0166176 -0.00593365 
v 0.0251141 0.0166082 -0.00595082 
v 0.0250398 0.0166313 -0.00589716 
v 0.0250623 0.0166243 -0.00591576 
v 0.024985 0.016648 -0.00583339 
v 0.0250194 0.0166375 -0.0058735 
v 0.0249365 0.0166627 -0.00574843 
v 0.0249399 0.0166617 -0.00575435 
v 0.0249757 0.0166508 -0.00581721 
v 0.0249133 0.0166696 -0.00568033 
v 0.0249026 0.0166728 -0.00564902 
v 0.0248953 0.016675 -0.00561613 
v 0.0248932 0.0166757 -0.00559188 
v 0.0252392 0.0165686 -0.00490001 
v 0.0247269 0.0167243 -0.00499771 
v 0.0253385 0.0165365 -0.00489062 
v 0.0252583 0.0165624 -0.0048982 
v 0.0254604 0.016496 -0.00490549 
v 0.0254521 0.0164988 -0.00490437 
v 0.0253861 0.0165207 -0.00489548 
v 0.0253527 0.0165318 -0.00489097 
v 0.025518 0.0164766 -0.00492506 
v 0.0255113 0.0164789 -0.00492279 
v 0.0255878 0.0164527 -0.00496435 
v 0.0255641 0.0164608 -0.00495102 
v 0.0256319 0.0164375 -0.00500075 
v 0.0256162 0.0164429 -0.00498784 
v 0.0256877 0.016418 -0.00506556 
v 0.0256593 0.0164279 -0.00503263 
v 0.0257346 0.0164015 -0.00514824 
v 0.0256996 0.0164138 -0.00508656 
v 0.0257368 0.0164007 -0.00515217 
v 0.0257696 0.0163891 -0.00524972 
v 0.0257601 0.0163924 -0.00522146 
v 0.0257767 0.0163865 -0.00528281 
v 0.0257914 0.0163812 -0.00544937 
v 0.025779 0.0163857 -0.00530868 
v 0.0257748 0.0163872 -0.00562575 
v 0.0257774 0.0163862 -0.00559776 
v 0.0257886 0.0163823 -0.00547975 
v 0.0257229 0.0164056 -0.0057757 
v 0.0257272 0.0164041 -0.00576498 
v 0.0257557 0.016394 -0.00569258 
v 0.0257629 0.0163914 -0.00567438 
v 0.0256407 0.0164344 -0.00589004 
v 0.0256781 0.0164214 -0.00584328 
v 0.0256903 0.0164171 -0.00582802 
v 0.0256981 0.0164144 -0.00581819 
v 0.0255957 0.01645 -0.00592947 
v 0.0256365 0.0164359 -0.00589368 
v 0.0255275 0.0164734 -0.00597053 
v 0.0255363 0.0164704 -0.00596523 
v 0.0255887 0.0164524 -0.00593369 
v 0.0255146 0.0164777 -0.00597626 
v 0.0254353 0.0165044 -0.00600013 
v 0.0254835 0.0164882 -0.00598562 
v 0.02458 0.0167657 -0.00598149 
v 0.0248739 0.0166814 -0.007972 
v 0.0248381 0.0166919 -0.00816912 
v 0.024825 0.0166958 -0.00824104 
v 0.0249168 0.0166686 -0.00784467 
v 0.0248761 0.0166807 -0.0079656 
v 0.0254177 0.0165103 -0.00600179 
v 0.0253385 0.0165365 -0.00600923 
v 0.0246636 0.0167422 -0.00594893 
v 0.0245992 0.0167604 -0.00597648 
v 0.0246544 0.0167448 -0.00595289 
v 0.0253056 0.0165472 -0.0060082 
v 0.0250032 0.0166425 -0.00767533 
v 0.0249358 0.0166628 -0.00780745 
v 0.0248155 0.0166986 -0.00844304 
v 0.02458 0.0167656 -0.0049389 
v 0.0251366 0.0166012 -0.00493578 
v 0.0250813 0.0166184 -0.00496789 
v 0.0251487 0.0165974 -0.00492871 
v 0.0250803 0.0166187 -0.00496847 
v 0.0251917 0.0165837 -0.00491506 
v 0.0247269 0.0167243 -0.00519247 
v 0.0271838 0.0158136 -0.012765 
v 0.0256426 0.0164338 -0.00997014 
v 0.0263881 0.0161551 -0.00997014 
v 0.0256426 0.0164338 -0.00840933 
v 0.02638 0.0161584 -0.00828745 
v 0.0263881 0.0161551 -0.00839377 
v 0.0263647 0.0161645 -0.00821184 
v 0.0263788 0.0161588 -0.00827145 
v 0.0263442 0.0161726 -0.00815419 
v 0.02636 0.0161663 -0.00819186 
v 0.0263209 0.0161818 -0.00810693 
v 0.0263319 0.0161775 -0.00812482 
v 0.0262905 0.0161938 -0.00806632 
v 0.0263098 0.0161862 -0.00808882 
v 0.0262596 0.0162059 -0.00803414 
v 0.0262698 0.016202 -0.00804227 
v 0.0262222 0.0162205 -0.00800629 
v 0.0262293 0.0162177 -0.00800996 
v 0.026131 0.0162556 -0.00796759 
v 0.0261375 0.0162532 -0.0079686 
v 0.0261699 0.0162407 -0.00797934 
v 0.0261799 0.0162369 -0.00798449 
v 0.0260157 0.0162992 -0.00795301 
v 0.0260425 0.0162892 -0.00795374 
v 0.0259422 0.0163264 -0.00795963 
v 0.0260711 0.0162783 -0.00795822 
v 0.0258858 0.0163471 -0.0079737 
v 0.0259305 0.0163308 -0.00796068 
v 0.0258525 0.0163592 -0.00798444 
v 0.0258603 0.0163564 -0.00798112 
v 0.0258397 0.0163639 -0.0079917 
v 0.0258 0.0163782 -0.00801411 
v 0.0257631 0.0163913 -0.00804502 
v 0.0257652 0.0163906 -0.00804252 
v 0.0257993 0.0163784 -0.00801451 
v 0.0257317 0.0164025 -0.0080819 
v 0.0257232 0.0164055 -0.00809187 
v 0.025698 0.0164144 -0.00813567 
v 0.025701 0.0164133 -0.00812817 
v 0.0257229 0.0164056 -0.0080922 
v 0.0256766 0.0164219 -0.0081893 
v 0.0256576 0.0164286 -0.00825448 
v 0.0256676 0.0164251 -0.00821176 
v 0.025647 0.0164322 -0.00835725 
v 0.0256548 0.0164295 -0.00826613 
v 0.02458 0.0167658 -0.012765 
v 0.0248155 0.0166986 -0.00997014 
v 0.0271838 0.0158136 -0.017425 
v 0.0248991 0.0166739 -0.00526627 
v 0.0248883 0.0166771 -0.00537214 
v 0.0248994 0.0166738 -0.00526354 
v 0.0249519 0.016658 -0.00511901 
v 0.0249238 0.0166665 -0.00518825 
v 0.0249107 0.0166704 -0.0052204 
v 0.024978 0.0166502 -0.00507581 
v 0.0249523 0.0166579 -0.00511839 
v 0.0249926 0.0166457 -0.00505808 
v 0.0249905 0.0166463 -0.00506071 
v 0.0250351 0.0166327 -0.00500683 
v 0.0250341 0.016633 -0.0050081 
v 0.0245988 0.0167605 -0.00511645 
v 0.0247183 0.0167268 -0.00519227 
v 0.0235905 0.0170095 -0.00492613 
v 0.0233646 0.0170567 -0.00492613 
v 0.0243082 0.0168389 -0.00720113 
v 0.0245054 0.0167863 -0.00600091 
v 0.0245693 0.0167687 -0.00598428 
v 0.024409 0.0168123 -0.00600923 
v 0.0245047 0.0167865 -0.00600098 
v 0.0242935 0.0168426 -0.00599511 
v 0.0243649 0.0168239 -0.0060056 
v 0.024264 0.0168503 -0.00599078 
v 0.024384 0.016819 -0.00600841 
v 0.0242047 0.0168655 -0.00597023 
v 0.024227 0.0168598 -0.00597797 
v 0.0241278 0.0168848 -0.00592734 
v 0.0241681 0.0168747 -0.0059498 
v 0.0240694 0.0168992 -0.00587811 
v 0.0241106 0.0168891 -0.00591286 
v 0.0240121 0.0169132 -0.00580852 
v 0.0240127 0.016913 -0.00580927 
v 0.0240577 0.0169021 -0.00586399 
v 0.0235905 0.0170095 -0.00519247 
v 0.0239782 0.0169213 -0.00574853 
v 0.0239791 0.0169211 -0.00575083 
v 0.0239514 0.0169277 -0.00567639 
v 0.0239439 0.0169295 -0.00565639 
v 0.0239337 0.0169319 -0.00561232 
v 0.0239196 0.0169353 -0.00545686 
v 0.0239321 0.0169323 -0.00559482 
v 0.023934 0.0169319 -0.00529547 
v 0.0239267 0.0169336 -0.00537737 
v 0.0239645 0.0169246 -0.00519431 
v 0.0239389 0.0169307 -0.00527916 
v 0.0239691 0.0169235 -0.00517904 
v 0.023999 0.0169163 -0.00511953 
v 0.0239788 0.0169212 -0.0051597 
v 0.0240566 0.0169024 -0.00504321 
v 0.0240137 0.0169128 -0.0051001 
v 0.0241379 0.0168823 -0.00497727 
v 0.024108 0.0168897 -0.00500085 
v 0.0240666 0.0168999 -0.00503353 
v 0.0242197 0.0168617 -0.00493862 
v 0.0241617 0.0168763 -0.00496601 
v 0.0243125 0.0168378 -0.0049156 
v 0.0243052 0.0168396 -0.00491741 
v 0.0242225 0.0168609 -0.00493793 
v 0.0244313 0.0168063 -0.004909 
v 0.024409 0.0168123 -0.00490837 
v 0.0245473 0.0167748 -0.00492583 
v 0.0244946 0.0167892 -0.00491818 
v 0.024446 0.0168024 -0.00491113 
v 0.0245721 0.0167678 -0.00493578 
v 0.0243082 0.0168389 -0.0114247 
v 0.0234549 0.0170382 -0.0114247 
v 0.0225491 0.0171998 -0.0140291 
v 0.0223501 0.0172302 -0.0141193 
v 0.0228355 0.0171541 -0.0138772 
v 0.022759 0.0171676 -0.0139339 
v 0.0231104 0.0171055 -0.0136732 
v 0.0222125 0.0172471 -0.0141511 
v 0.0232025 0.0170885 -0.0135953 
v 0.0231549 0.0170976 -0.0136402 
v 0.0233126 0.0170663 -0.0134773 
v 0.0236201 0.0170031 -0.0131469 
v 0.0235351 0.0170214 -0.0132387 
v 0.0238444 0.0169528 -0.0129459 
v 0.0237227 0.0169801 -0.013055 
v 0.0239758 0.0169218 -0.0128686 
v 0.0238526 0.0169509 -0.0129411 
v 0.0240087 0.016914 -0.0128493 
v 0.0241938 0.0168682 -0.0127881 
v 0.0240968 0.0168922 -0.0128202 
v 0.0244207 0.0168092 -0.012765 
v 0.0243964 0.0168155 -0.0127675 
v 0.0242297 0.0168589 -0.0127845 
v 0.0217376 0.0173053 -0.0142607 
v 0.0218004 0.0172986 -0.015854 
v 0.0217151 0.0173077 -0.0173237 
v 0.0217833 0.0173005 -0.0148827 
v 0.020867 0.0173743 -0.00978714 
v 0.0228146 0.0171584 -0.00787334 
v 0.0217681 0.0173021 -0.0063821 
v 0.0222793 0.01724 -0.00597372 
v 0.0221032 0.0172631 -0.00597372 
v 0.0234549 0.0170382 -0.00720113 
v 0.0229052 0.0171429 -0.00805389 
v 0.0228625 0.0171502 -0.00796883 
v 0.0229831 0.0171291 -0.00831221 
v 0.0229378 0.0171371 -0.00816178 
v 0.0230095 0.0171244 -0.008596 
v 0.0230095 0.0171244 -0.00858564 
v 0.0229883 0.0171282 -0.00836577 
v 0.0229893 0.017128 -0.00880525 
v 0.022983 0.0171292 -0.00887076 
v 0.0228982 0.0171441 -0.00914488 
v 0.0229381 0.0171371 -0.00901584 
v 0.0227621 0.0171671 -0.00938849 
v 0.0228614 0.0171503 -0.00921078 
v 0.0226242 0.0171892 -0.00954763 
v 0.0227585 0.0171677 -0.00939263 
v 0.0225915 0.0171945 -0.00958527 
v 0.022375 0.0172267 -0.00975309 
v 0.0224747 0.0172118 -0.00967581 
v 0.0221194 0.0172611 -0.00987781 
v 0.0222985 0.0172369 -0.00979037 
v 0.0221058 0.0172627 -0.00988136 
v 0.0218423 0.017294 -0.00995024 
v 0.0218959 0.0172877 -0.00993623 
v 0.0215896 0.0173202 -0.00997014 
v 0.0216654 0.0173124 -0.00996417 
v 0.0213884 0.0173384 -0.00995761 
v 0.0211014 0.0173602 -0.00989282 
v 0.0211171 0.017359 -0.00989636 
v 0.0213549 0.0173409 -0.00995005 
v 0.0209072 0.0173723 -0.00981253 
v 0.0208997 0.0173726 -0.00980777 
v 0.0215915 0.01732 -0.0063821 
v 0.0210478 0.0173637 -0.00729347 
v 0.0208674 0.0173741 -0.00738089 
v 0.0213261 0.0173435 -0.00722103 
v 0.0212723 0.0173474 -0.00723504 
v 0.0210615 0.0173627 -0.00728991 
v 0.0215792 0.0173212 -0.00720113 
v 0.0215033 0.0173279 -0.0072071 
v 0.0217802 0.0173008 -0.00721366 
v 0.0220504 0.0172696 -0.00727491 
v 0.0218136 0.017297 -0.00722122 
v 0.0220661 0.0172678 -0.00727845 
v 0.0222591 0.0172427 -0.00735874 
v 0.022455 0.0172149 -0.00748359 
v 0.0222665 0.0172417 -0.0073635 
v 0.0224909 0.0172098 -0.0075065 
v 0.0226555 0.0171844 -0.00765976 
v 0.0226175 0.0171903 -0.00762441 
v 0.0227535 0.0171684 -0.00779133 
v 0.020867 0.0173741 -0.00738107 
v 0.0217681 0.0173021 -0.00492613 
v 0.0221032 0.0172631 -0.00528957 
v 0.020959 0.0173693 -0.00490549 
v 0.0209502 0.0173697 -0.00490437 
v 0.0208808 0.0173736 -0.00489548 
v 0.0210196 0.0173655 -0.00492506 
v 0.0210125 0.017366 -0.00492279 
v 0.0210933 0.0173607 -0.00496435 
v 0.0210683 0.0173624 -0.00495102 
v 0.0215915 0.01732 -0.00492613 
v 0.0211397 0.0173575 -0.00500075 
v 0.0211232 0.0173587 -0.00498784 
v 0.0211987 0.0173533 -0.00506556 
v 0.0211688 0.0173555 -0.00503263 
v 0.0212483 0.0173496 -0.00514824 
v 0.0212113 0.0173524 -0.00508656 
v 0.0212507 0.0173494 -0.00515217 
v 0.0212853 0.0173467 -0.00524972 
v 0.0212753 0.0173475 -0.00522146 
v 0.0212929 0.0173461 -0.00528281 
v 0.0213085 0.0173449 -0.00544937 
v 0.0212953 0.017346 -0.00530868 
v 0.0213054 0.0173452 -0.00547975 
v 0.0212908 0.0173463 -0.00562575 
v 0.0212936 0.0173461 -0.00559776 
v 0.021236 0.0173505 -0.0057757 
v 0.0212404 0.0173502 -0.00576498 
v 0.0212707 0.0173479 -0.00569258 
v 0.0212783 0.0173473 -0.00567438 
v 0.021149 0.0173569 -0.00589004 
v 0.0211886 0.017354 -0.00584328 
v 0.0212014 0.0173531 -0.00582802 
v 0.0212098 0.0173525 -0.00581819 
v 0.0211016 0.0173602 -0.00592947 
v 0.0211447 0.0173572 -0.00589368 
v 0.0210296 0.0173649 -0.00597053 
v 0.0210389 0.0173643 -0.00596523 
v 0.0210942 0.0173607 -0.00593369 
v 0.0210161 0.0173658 -0.00597626 
v 0.0209326 0.0173708 -0.00600013 
v 0.0209833 0.0173677 -0.00598562 
v 0.020867 0.0173744 -0.00600599 
v 0.020914 0.0173718 -0.00600179 
v 0.020867 0.0173744 -0.00489371 
v 0.0229633 0.0171327 -0.00597372 
v 0.0233646 0.0170567 -0.00519247 
v 0.0227883 0.0171628 -0.00597372 
v 0.0226821 0.0171801 -0.00510876 
v 0.0227046 0.0171765 -0.00512001 
v 0.0227707 0.0171657 -0.00516665 
v 0.0226078 0.0171919 -0.005073 
v 0.0226153 0.0171908 -0.00507539 
v 0.0225488 0.017201 -0.00505764 
v 0.0225685 0.017198 -0.00506031 
v 0.0224647 0.0172137 -0.00505159 
v 0.0224957 0.0172091 -0.00505042 
v 0.0224315 0.0172185 -0.00505667 
v 0.0224008 0.017223 -0.00506212 
v 0.0224043 0.0172225 -0.00506083 
v 0.022384 0.0172254 -0.00506828 
v 0.0223841 0.0172254 -0.00506822 
v 0.0223515 0.01723 -0.0050905 
v 0.0223605 0.0172287 -0.00508224 
v 0.0223675 0.0172277 -0.00507809 
v 0.0223364 0.0172321 -0.00510516 
v 0.0223384 0.0172318 -0.00510251 
v 0.0223024 0.0172368 -0.00516399 
v 0.0223178 0.0172347 -0.00513032 
v 0.0222925 0.0172382 -0.00519525 
v 0.0223002 0.0172371 -0.00516883 
v 0.0222855 0.0172391 -0.0052464 
v 0.0222918 0.0172383 -0.00519753 
v 0.0222793 0.01724 -0.0053678 
v 0.0222828 0.0172395 -0.00526783 
v 0.0227883 0.0171628 -0.00517915 
v 0.0216961 0.0173093 -0.017425 
v 0.0221184 0.0172612 -0.00514442 
v 0.0221109 0.0172621 -0.00521621 
v 0.0221318 0.0172595 -0.00509873 
v 0.02212 0.017261 -0.00513907 
v 0.0221577 0.0172561 -0.00504437 
v 0.0221381 0.0172587 -0.00508559 
v 0.0221635 0.0172554 -0.00503225 
v 0.0221881 0.0172522 -0.00499812 
v 0.0221829 0.0172529 -0.00500534 
v 0.022182 0.017253 -0.00500665 
v 0.0222287 0.0172468 -0.00495847 
v 0.0222133 0.0172489 -0.00497354 
v 0.0222614 0.0172424 -0.00493596 
v 0.0222492 0.0172441 -0.00494435 
v 0.0223145 0.0172352 -0.00491107 
v 0.0222909 0.0172384 -0.00492212 
v 0.0223615 0.0172286 -0.00489841 
v 0.022332 0.0172327 -0.00490634 
v 0.0224455 0.0172165 -0.00489062 
v 0.022378 0.0172262 -0.00489687 
v 0.0225477 0.0172012 -0.00490236 
v 0.0224974 0.0172087 -0.00489659 
v 0.0226223 0.0171897 -0.0049287 
v 0.0226077 0.0171919 -0.00492355 
v 0.0225527 0.0172004 -0.00490412 
v 0.0227883 0.0171628 -0.00492613 
v 0.0226711 0.0171819 -0.00495656 
v 0.0227085 0.0171759 -0.00497792 
v 0.0227883 0.0171628 -0.00503683 
v 0.0229633 0.0171327 -0.00492613 
v 0.0225563 0.0171999 -0.0222784 
v 0.0213361 0.0173427 -0.0246657 
v 0.0211923 0.017351 -0.0248527 
v 0.0237729 0.0169692 -0.0231778 
v 0.0236272 0.017 -0.0244581 
v 0.023565 0.017015 -0.0244766 
v 0.023453 0.0170348 -0.0244936 
v 0.0245158 0.0167822 -0.0241811 
v 0.0244419 0.0168035 -0.0242152 
v 0.0245769 0.0167541 -0.0236448 
v 0.0245794 0.0167638 -0.0241516 
v 0.0231691 0.0170949 -0.0227726 
v 0.0223413 0.0172314 -0.024662 
v 0.0223156 0.0172343 -0.0246621 
v 0.0227825 0.0171638 -0.0224735 
v 0.0231182 0.0171045 -0.019826 
v 0.0240175 0.0169119 -0.0194022 
v 0.0239325 0.0169322 -0.0197293 
v 0.0238153 0.0169584 -0.0200166 
v 0.0223596 0.0172288 -0.020083 
v 0.023397 0.0170491 -0.0209624 
v 0.0231256 0.0171031 -0.0214492 
v 0.0229431 0.0171332 -0.0198853 
v 0.0235176 0.0170251 -0.0207461 
v 0.0211494 0.0173569 -0.0203348 
v 0.0217869 0.0172894 -0.0202022 
v 0.0208668 0.0173699 -0.0252761 
v 0.0171123 0.0171575 -0.0218887 
v 0.017112 0.0171578 -0.0238764 
v 0.0165778 0.017075 -0.0237136 
v 0.0162052 0.0169977 -0.0222553 
v 0.0161493 0.0169783 -0.0235059 
v 0.0155738 0.0168472 -0.0232238 
v 0.0165495 0.0170694 -0.023702 
v 0.0155238 0.0168342 -0.0224645 
v 0.0152573 0.0167572 -0.0230001 
v 0.014767 0.0166179 -0.0226537 
v 0.0200027 0.0173998 -0.0185306 
v 0.0199526 0.0173999 -0.017563 
v 0.0198156 0.0173997 -0.020081 
v 0.0199542 0.0173998 -0.0189325 
v 0.0197782 0.0173994 -0.0202837 
v 0.017614 0.0172458 -0.0216859 
v 0.0188277 0.0173565 -0.0198735 
v 0.018506 0.017342 -0.0197347 
v 0.0183912 0.0173282 -0.0196554 
v 0.0171308 0.0171739 -0.020102 
v 0.0171101 0.0171704 -0.0199798 
v 0.0171887 0.0171835 -0.0188253 
v 0.017405 0.0172095 -0.0189746 
v 0.0173942 0.0172135 -0.0210168 
v 0.0171705 0.0171806 -0.0203355 
v 0.0171101 0.0171702 -0.0187568 
v 0.0172988 0.0171867 -0.0239333 
v 0.0181428 0.0173085 -0.0241683 
v 0.0179496 0.0172875 -0.0241318 
v 0.0174983 0.0172176 -0.0239942 
v 0.0184341 0.017336 -0.0257892 
v 0.0183458 0.0173277 -0.0252974 
v 0.0205296 0.0173895 -0.0257146 
v 0.0204164 0.0173896 -0.0258241 
v 0.0185021 0.0173417 -0.0265746 
v 0.0193685 0.0173911 -0.026838 
v 0.018524 0.0173435 -0.0269223 
v 0.0192779 0.0173861 -0.0269042 
v 0.0185336 0.0173443 -0.0270754 
v 0.0185528 0.0173458 -0.0274339 
v 0.0175355 0.0172352 -0.0045355 
v 0.0171317 0.0171743 -0.00492613 
v 0.0175355 0.0172352 -0.00597372 
v 0.0177115 0.0172586 -0.0045355 
v 0.0178106 0.0172711 -0.00493605 
v 0.0177686 0.0172658 -0.00495547 
v 0.0178858 0.0172801 -0.00491635 
v 0.0178336 0.0172738 -0.00493001 
v 0.0179851 0.0172915 -0.00490837 
v 0.0179016 0.0172819 -0.00491508 
v 0.0180792 0.0173018 -0.00491903 
v 0.0180671 0.0173005 -0.00491766 
v 0.0180588 0.0172996 -0.00491672 
v 0.018164 0.0173107 -0.00494934 
v 0.0181416 0.0173083 -0.00494103 
v 0.0181254 0.0173067 -0.004935 
v 0.0180891 0.0173029 -0.00492148 
v 0.0182321 0.0173174 -0.00499101 
v 0.0181969 0.0173139 -0.00496947 
v 0.0182994 0.0173239 -0.0050543 
v 0.0182444 0.0173186 -0.0050026 
v 0.0189278 0.0173714 -0.00492871 
v 0.0183236 0.0173262 -0.00508431 
v 0.0183717 0.0173305 -0.00516528 
v 0.0183353 0.0173272 -0.00510404 
v 0.0183743 0.0173308 -0.00516968 
v 0.0186676 0.0173545 -0.00526354 
v 0.0184101 0.0173339 -0.00526787 
v 0.0184041 0.0173334 -0.00525123 
v 0.0186673 0.0173545 -0.00526627 
v 0.0184199 0.0173348 -0.00530831 
v 0.0184229 0.017335 -0.00533966 
v 0.018656 0.0173537 -0.00537214 
v 0.0186477 0.0173531 -0.00544937 
v 0.0184353 0.0173361 -0.0054674 
v 0.0187223 0.0173584 -0.00511901 
v 0.0186929 0.0173563 -0.00518825 
v 0.0186793 0.0173554 -0.0052204 
v 0.0187494 0.0173602 -0.00507581 
v 0.0187227 0.0173584 -0.00511839 
v 0.0187647 0.0173613 -0.00505808 
v 0.0187625 0.0173611 -0.00506071 
v 0.0188091 0.0173642 -0.00500683 
v 0.018808 0.0173641 -0.0050081 
v 0.0189151 0.0173706 -0.00493578 
v 0.0188573 0.0173672 -0.00496789 
v 0.0188563 0.0173671 -0.00496847 
v 0.0190226 0.0173766 -0.00490001 
v 0.0189729 0.0173739 -0.00491506 
v 0.0191268 0.0173817 -0.00489062 
v 0.0190427 0.0173776 -0.0048982 
v 0.0192552 0.0173871 -0.00490549 
v 0.0192465 0.0173867 -0.00490437 
v 0.019177 0.0173838 -0.00489548 
v 0.0191418 0.0173824 -0.00489097 
v 0.0193159 0.0173893 -0.00492506 
v 0.0193088 0.0173891 -0.00492279 
v 0.0193897 0.0173918 -0.00496435 
v 0.0193646 0.0173909 -0.00495102 
v 0.0198895 0.0174 -0.00492613 
v 0.0194197 0.0173926 -0.00498784 
v 0.0194362 0.0173931 -0.00500075 
v 0.0194954 0.0173947 -0.00506556 
v 0.0194653 0.0173939 -0.00503263 
v 0.0195451 0.0173958 -0.00514824 
v 0.019508 0.017395 -0.00508656 
v 0.0195475 0.0173959 -0.00515217 
v 0.0195822 0.0173966 -0.00524972 
v 0.0195721 0.0173964 -0.00522146 
v 0.0195898 0.0173968 -0.00528281 
v 0.0196054 0.0173971 -0.00544937 
v 0.0195922 0.0173968 -0.00530868 
v 0.0195877 0.0173967 -0.00562575 
v 0.0195905 0.0173968 -0.00559776 
v 0.0196024 0.017397 -0.00547975 
v 0.0195751 0.0173965 -0.00567438 
v 0.020067 0.0173994 -0.00492613 
v 0.0177115 0.0172586 -0.00498189 
v 0.0207962 0.0173782 -0.0060082 
v 0.0208307 0.0173764 -0.00600923 
v 0.0207144 0.017382 -0.00599573 
v 0.0207835 0.0173788 -0.00600626 
v 0.0206953 0.0173829 -0.00599283 
v 0.020067 0.0173994 -0.0063821 
v 0.020637 0.0173854 -0.00597344 
v 0.0206521 0.0173848 -0.00597847 
v 0.0205637 0.0173883 -0.00593365 
v 0.0205954 0.017387 -0.00595082 
v 0.0205176 0.0173899 -0.00589716 
v 0.0205411 0.0173891 -0.00591576 
v 0.0204603 0.0173918 -0.00583339 
v 0.0204964 0.0173906 -0.0058735 
v 0.0204097 0.0173932 -0.00574843 
v 0.0204133 0.0173931 -0.00575435 
v 0.0204507 0.017392 -0.00581721 
v 0.0203744 0.0173942 -0.00564902 
v 0.0203855 0.0173939 -0.00568033 
v 0.0203668 0.0173944 -0.00561613 
v 0.0203511 0.0173948 -0.00544937 
v 0.0203645 0.0173944 -0.00559188 
v 0.020371 0.0173943 -0.00526354 
v 0.0203707 0.0173943 -0.00526627 
v 0.0203594 0.0173946 -0.00537214 
v 0.0204258 0.0173928 -0.00511901 
v 0.0203964 0.0173936 -0.00518825 
v 0.0203827 0.017394 -0.0052204 
v 0.020453 0.017392 -0.00507581 
v 0.0204262 0.0173928 -0.00511839 
v 0.0204683 0.0173915 -0.00505808 
v 0.0204661 0.0173916 -0.00506071 
v 0.0205127 0.0173901 -0.00500683 
v 0.0205116 0.0173901 -0.0050081 
v 0.02056 0.0173884 -0.00496847 
v 0.0206189 0.0173861 -0.00493578 
v 0.0205611 0.0173884 -0.00496789 
v 0.0206316 0.0173856 -0.00492871 
v 0.0207264 0.0173815 -0.00490001 
v 0.0206767 0.0173837 -0.00491506 
v 0.0208307 0.0173764 -0.00489062 
v 0.0207465 0.0173805 -0.0048982 
v 0.0208457 0.0173756 -0.00489097 
v 0.019645 0.0173977 -0.0114247 
v 0.0206733 0.0173839 -0.00966477 
v 0.0207096 0.0173821 -0.00968768 
v 0.0205069 0.0173903 -0.00951152 
v 0.0205453 0.0173888 -0.00954686 
v 0.0203458 0.0173949 -0.00929793 
v 0.0204077 0.0173931 -0.00937994 
v 0.0202539 0.0173969 -0.00911738 
v 0.0202972 0.017396 -0.00920244 
v 0.0201747 0.0173982 -0.00885906 
v 0.0202208 0.0173974 -0.0090095 
v 0.020148 0.0173986 -0.00858564 
v 0.0201695 0.0173983 -0.00880551 
v 0.0198895 0.0174 -0.0063821 
v 0.020148 0.0173986 -0.00857527 
v 0.0201749 0.0173982 -0.00830052 
v 0.0201685 0.0173983 -0.00836602 
v 0.020261 0.0173968 -0.0080264 
v 0.0202204 0.0173974 -0.00815543 
v 0.020399 0.0173935 -0.00778279 
v 0.0202983 0.0173959 -0.0079605 
v 0.0205386 0.017389 -0.00762365 
v 0.0204026 0.0173934 -0.00777864 
v 0.0205716 0.017388 -0.00758601 
v 0.0206897 0.0173828 -0.00749546 
v 0.0207904 0.0173785 -0.00741818 
v 0.0187695 0.0173616 -0.0114247 
v 0.0172911 0.0171994 -0.0136445 
v 0.0172777 0.0171974 -0.0136367 
v 0.0176574 0.0172516 -0.0138289 
v 0.0174731 0.0172264 -0.0137499 
v 0.0180251 0.0172916 -0.0139377 
v 0.018983 0.0173702 -0.01414 
v 0.0184314 0.0173358 -0.0140579 
v 0.0181239 0.0173023 -0.013967 
v 0.0192541 0.0173871 -0.0141804 
v 0.0198014 0.017398 -0.0162321 
v 0.0199035 0.0174 -0.0166148 
v 0.0199454 0.0173999 -0.017425 
v 0.0171105 0.0171679 -0.013501 
v 0.0184177 0.0173346 -0.00565999 
v 0.0187062 0.0173573 -0.00574843 
v 0.0187098 0.0173575 -0.00575435 
v 0.0187471 0.0173601 -0.00581721 
v 0.0186709 0.0173548 -0.00564902 
v 0.0186821 0.0173555 -0.00568033 
v 0.0186634 0.0173542 -0.00561613 
v 0.0186611 0.017354 -0.00559188 
v 0.0184314 0.0173358 -0.00552586 
v 0.0184348 0.0173361 -0.00549205 
v 0.0184188 0.0173347 -0.00564937 
v 0.0195675 0.0173963 -0.00569258 
v 0.0195327 0.0173956 -0.0057757 
v 0.0195372 0.0173957 -0.00576498 
v 0.0194456 0.0173934 -0.00589004 
v 0.0194852 0.0173944 -0.00584328 
v 0.0194981 0.0173947 -0.00582802 
v 0.0195064 0.017395 -0.00581819 
v 0.019398 0.017392 -0.00592947 
v 0.0194412 0.0173933 -0.00589368 
v 0.0193259 0.0173897 -0.00597053 
v 0.0193352 0.01739 -0.00596523 
v 0.0193906 0.0173918 -0.00593369 
v 0.0193124 0.0173892 -0.00597626 
v 0.0192288 0.0173861 -0.00600013 
v 0.0192796 0.017388 -0.00598562 
v 0.0191268 0.0173817 -0.00600923 
v 0.0192102 0.0173853 -0.00600179 
v 0.0190923 0.0173801 -0.0060082 
v 0.0190105 0.0173759 -0.00599573 
v 0.0190796 0.0173794 -0.00600626 
v 0.0189915 0.0173749 -0.00599283 
v 0.0189332 0.0173717 -0.00597344 
v 0.0189483 0.0173725 -0.00597847 
v 0.0183811 0.0173314 -0.00577873 
v 0.01886 0.0173674 -0.00593365 
v 0.0188916 0.0173692 -0.00595082 
v 0.0188139 0.0173645 -0.00589716 
v 0.0188374 0.017366 -0.00591576 
v 0.0183948 0.0173326 -0.0057343 
v 0.0187567 0.0173607 -0.00583339 
v 0.0187927 0.0173631 -0.0058735 
v 0.0183472 0.0173283 -0.00584052 
v 0.0183683 0.0173302 -0.00580202 
v 0.019645 0.0173977 -0.00720113 
v 0.0183366 0.0173273 -0.00585995 
v 0.0182911 0.0173231 -0.00591461 
v 0.0183139 0.0173252 -0.00588725 
v 0.0182417 0.0173184 -0.00595487 
v 0.0182418 0.0173184 -0.00595476 
v 0.0182786 0.0173219 -0.0059248 
v 0.0181862 0.0173129 -0.00598398 
v 0.0182011 0.0173144 -0.00597612 
v 0.0181221 0.0173063 -0.00600266 
v 0.0181522 0.0173094 -0.00599387 
v 0.0180463 0.0172983 -0.00600923 
v 0.0181034 0.0173044 -0.00600428 
v 0.0179601 0.0172887 -0.00600083 
v 0.0179864 0.0172916 -0.00600339 
v 0.0177115 0.0172586 -0.00597372 
v 0.0178797 0.0172794 -0.00597594 
v 0.0179308 0.0172853 -0.00599175 
v 0.0177984 0.0172695 -0.00593309 
v 0.0178649 0.0172776 -0.00596813 
v 0.0177915 0.0172687 -0.00592943 
v 0.0177115 0.0172586 -0.00586996 
v 0.0187695 0.0173616 -0.00720113 
v 0.0182648 0.0173206 -0.00831221 
v 0.0182189 0.0173161 -0.00816178 
v 0.018186 0.0173129 -0.00805389 
v 0.0182914 0.0173231 -0.008596 
v 0.0182914 0.0173231 -0.00858564 
v 0.01827 0.0173211 -0.00836577 
v 0.018271 0.0173212 -0.00880525 
v 0.0182646 0.0173206 -0.00887075 
v 0.0181789 0.0173122 -0.00914487 
v 0.0182193 0.0173161 -0.00901584 
v 0.0180416 0.0172978 -0.00938848 
v 0.0181418 0.0173083 -0.00921078 
v 0.0179028 0.017282 -0.00954762 
v 0.018038 0.0172974 -0.00939263 
v 0.01787 0.0172782 -0.00958527 
v 0.0176527 0.017251 -0.00975309 
v 0.0177528 0.0172635 -0.00967583 
v 0.0173973 0.0172154 -0.00987781 
v 0.0175764 0.0172404 -0.00979039 
v 0.0171216 0.0171727 -0.00995024 
v 0.0171749 0.0171809 -0.00993624 
v 0.0173838 0.0172133 -0.00988137 
v 0.01711 0.0171707 -0.00995116 
v 0.0171317 0.0171743 -0.00519247 
v 0.0173286 0.0172051 -0.00727491 
v 0.01711 0.0171704 -0.00722508 
v 0.0173442 0.0172075 -0.00727845 
v 0.0175368 0.0172353 -0.00735874 
v 0.017733 0.0172612 -0.00748359 
v 0.0175443 0.0172363 -0.0073635 
v 0.017769 0.0172659 -0.0075065 
v 0.0179343 0.0172857 -0.00765976 
v 0.0178962 0.0172812 -0.00762441 
v 0.0180945 0.0173034 -0.00787334 
v 0.018033 0.0172967 -0.00779133 
v 0.0181429 0.0173084 -0.00796883 
v 0.01711 0.0171708 -0.00519247 
v 0.016607 0.0170807 -0.00597372 
v 0.0163418 0.0170271 -0.00492613 
v 0.0169041 0.0171358 -0.00519247 
v 0.013759 0.0162709 -0.00597372 
v 0.0136091 0.0162133 -0.00597372 
v 0.0134848 0.0161637 -0.00545541 
v 0.0140154 0.0163657 -0.00492613 
v 0.0141682 0.0164201 -0.00492613 
v 0.0146736 0.0165886 -0.00492613 
v 0.0148293 0.0166371 -0.00492613 
v 0.0144194 0.016506 -0.00573394 
v 0.0155068 0.0168297 -0.00492613 
v 0.0150886 0.0167143 -0.00597372 
v 0.0156639 0.0168702 -0.00492613 
v 0.0161824 0.0169927 -0.00492613 
v 0.0159218 0.0169332 -0.00573394 
v 0.0169041 0.0171358 -0.00492613 
v 0.01711 0.0171708 -0.00492613 
v 0.0154874 0.0168246 -0.00885906 
v 0.0150519 0.0167037 -0.00903263 
v 0.0150237 0.0166953 -0.00900775 
v 0.015142 0.0167295 -0.00914305 
v 0.015532 0.0168363 -0.00900949 
v 0.0152041 0.0167473 -0.00921916 
v 0.015248 0.0167596 -0.0092991 
v 0.015564 0.0168446 -0.00911738 
v 0.015606 0.0168554 -0.00920244 
v 0.0153028 0.0167748 -0.00939876 
v 0.015398 0.0168008 -0.0103382 
v 0.0168711 0.0171299 -0.00997014 
v 0.0169462 0.0171427 -0.00996417 
v 0.0166725 0.0170933 -0.00995761 
v 0.0163902 0.0170372 -0.00989282 
v 0.0164057 0.0170402 -0.00989636 
v 0.0166395 0.0170868 -0.00995005 
v 0.0161999 0.0169966 -0.00981253 
v 0.0159715 0.0169449 -0.00966477 
v 0.0160069 0.0169529 -0.00968768 
v 0.0161925 0.0169949 -0.00980777 
v 0.0158469 0.0169152 -0.00954686 
v 0.0154265 0.0168084 -0.0100168 
v 0.0154168 0.0168058 -0.00986261 
v 0.0158095 0.0169063 -0.00951152 
v 0.0154265 0.0168084 -0.0100272 
v 0.0154044 0.0168025 -0.0102677 
v 0.0153876 0.016798 -0.00965436 
v 0.015386 0.0167975 -0.00964938 
v 0.0153259 0.0167811 -0.00946825 
v 0.0156531 0.0168674 -0.00929793 
v 0.0157131 0.0168824 -0.00937994 
v 0.0154125 0.0168047 -0.00979501 
v 0.0153244 0.0167808 -0.0105932 
v 0.0153594 0.0167903 -0.0104719 
v 0.0152132 0.0167499 -0.010812 
v 0.015294 0.0167723 -0.0106532 
v 0.0154876 0.0168247 -0.00830052 
v 0.0146994 0.0165968 -0.00877886 
v 0.0146747 0.0165888 -0.00876931 
v 0.0144528 0.0165168 -0.00868361 
v 0.0154824 0.0168233 -0.00880551 
v 0.0149263 0.0166665 -0.00892172 
v 0.0154615 0.0168178 -0.00858564 
v 0.0148549 0.0166446 -0.00887676 
v 0.0154615 0.0168178 -0.00857527 
v 0.0154814 0.016823 -0.00836602 
v 0.0144133 0.016504 -0.00866834 
v 0.0150934 0.0167156 -0.0109626 
v 0.015211 0.0167493 -0.0108148 
v 0.0150547 0.0167045 -0.0110113 
v 0.0155709 0.0168464 -0.0080264 
v 0.0155317 0.0168362 -0.00815544 
v 0.0149572 0.0166754 -0.011092 
v 0.0159813 0.0169469 -0.0127835 
v 0.0158184 0.0169085 -0.012765 
v 0.0148573 0.0166457 -0.0111747 
v 0.0160359 0.0169598 -0.0127897 
v 0.0146281 0.0165741 -0.0112974 
v 0.0148074 0.0166301 -0.0112014 
v 0.0146261 0.0165735 -0.0112984 
v 0.0143095 0.016469 -0.0113923 
v 0.0144237 0.0165067 -0.0113585 
v 0.0134846 0.0161642 -0.012765 
v 0.0141936 0.016428 -0.0114028 
v 0.013951 0.0163423 -0.0114247 
v 0.0134846 0.0161642 -0.0114247 
v 0.0162435 0.0170061 -0.0128593 
v 0.0161353 0.016982 -0.0128231 
v 0.0165103 0.0170616 -0.0130139 
v 0.0165066 0.0170609 -0.0130118 
v 0.0162929 0.0170164 -0.012888 
v 0.0170371 0.0171549 -0.0134415 
v 0.0157047 0.0168804 -0.0077828 
v 0.0156071 0.0168556 -0.0079605 
v 0.0164273 0.0170448 -0.00597372 
v 0.0157082 0.0168813 -0.00777865 
v 0.0158404 0.0169136 -0.00762366 
v 0.0158725 0.0169215 -0.00758601 
v 0.0160857 0.0169711 -0.00741818 
v 0.0159875 0.0169483 -0.00749544 
v 0.0163376 0.0170262 -0.00729346 
v 0.0161611 0.0169876 -0.00738088 
v 0.0166111 0.0170815 -0.00722103 
v 0.0165583 0.0170708 -0.00723503 
v 0.0163511 0.0170289 -0.0072899 
v 0.0168609 0.0171281 -0.00720113 
v 0.016786 0.0171141 -0.0072071 
v 0.01706 0.0171625 -0.00721366 
v 0.0170931 0.0171678 -0.00722122 
v 0.015243 0.0167583 -0.00597372 
v 0.0138707 0.0163127 -0.00859602 
v 0.0138391 0.016301 -0.00859602 
v 0.0140605 0.0163819 -0.00860428 
v 0.0158561 0.0169176 -0.00597372 
v 0.0159975 0.0169509 -0.00597372 
v 0.0154198 0.0168066 -0.00597372 
v 0.0141898 0.0164267 -0.00862776 
v 0.0134846 0.0161642 -0.008596 
v 0.0162573 0.017009 -0.0051624 
v 0.0156039 0.0168549 -0.00516245 
v 0.0149128 0.0166625 -0.00597372 
v 0.0143553 0.0164845 -0.00597372 
v 0.0144932 0.0165304 -0.00597372 
v 0.0139307 0.0163349 -0.00597372 
v 0.0141098 0.0163995 -0.00516245 
v 0.0134846 0.0161642 -0.00597372 
v 0.0147467 0.0166116 -0.0051624 
v 0.0126662 0.0158136 -0.0114247 
v 0.0126662 0.0158136 -0.012765 
v 0.0123247 0.0156523 -0.00597372 
v 0.0126662 0.0158136 -0.00720113 
v 0.0134836 0.0161638 -0.00720113 
v 0.0130326 0.0159767 -0.00597372 
v 0.0132779 0.0160803 -0.0051624 
v 0.0134387 0.0161459 -0.00597372 
v 0.01249 0.0157315 -0.00597372 
v 0.0128995 0.0159186 -0.00597372 
v 0.0126625 0.0158119 -0.00516245 
v 0.0134836 0.0161638 -0.008596 
v 0.0125715 0.0157698 -0.00492613 
v 0.0127189 0.0158377 -0.00492613 
v 0.0132071 0.0160508 -0.00492613 
v 0.0133578 0.0161131 -0.00492613 
v 0.0129613 0.0159458 -0.00573394 
v 0.0126662 0.0158136 -0.029275 
v 0.0126662 0.0158136 -0.017425 
v 0.0134846 0.0161642 -0.029275 
v 0.0168663 0.017129 -0.0185444 
v 0.0250637 0.0166239 -0.0239276 
v 0.037325 0 -0.017425 
v 0.0369182 0.00374049 -0.017425 
v 0.0357168 0.00730607 -0.017425 
v 0.033777 0.01053 -0.017425 
v 0.0311895 0.0132616 -0.017425 
v 0.0280753 0.0153731 -0.017425 
v 0.0101603 0.0144018 -0.017425 
v 0.00729268 0.011966 -0.017425 
v 0.00501569 0.00897064 -0.017425 
v 0.00343583 0.00555585 -0.017425 
v 0.002627 0.00188127 -0.017425 
v 0.002627 -0.00188127 -0.017425 
v 0.00343583 -0.00555585 -0.017425 
v 0.00501569 -0.00897064 -0.017425 
v 0.00729268 -0.011966 -0.017425 
v 0.0101603 -0.0144018 -0.017425 
v 0.0134846 -0.0161642 -0.017425 
v 0.01711 -0.0171708 -0.017425 
v 0.020867 -0.0173745 -0.017425 
v 0.02458 -0.0167658 -0.017425 
v 0.0280753 -0.0153731 -0.017425 
v 0.0311895 -0.0132616 -0.017425 
v 0.033777 -0.01053 -0.017425 
v 0.0357168 -0.00730607 -0.017425 
v 0.0369182 -0.00374049 -0.017425 
v 0.0241123 0.0168886 -0.00559562 
v 0.0257213 0.0164062 -0.00821172 
v 0.020867 0.0173745 -0.017425 
v 0.0271421 0.0157227 -0.012765 
v 0.0243948 0.0167126 -0.012765 
v 0.0199472 0.0172997 -0.0189316 
v 0.019925 0.0173 -0.0168818 
v 0.0199593 0.0172999 -0.0175626 
v 0.020005 0.0172998 -0.0184675 
v 0.0162313 0.0169009 -0.0222534 
v 0.0172625 0.0170939 -0.0206216 
v 0.017399 0.0171137 -0.0210198 
v 0.0168839 0.0170306 -0.0185444 
v 0.0171671 0.0170779 -0.020098 
v 0.0162313 0.0169009 -0.0128479 
v 0.0174192 0.0171108 -0.0189751 
v 0.0199157 0.0173 -0.0166965 
v 0.0197947 0.0172976 -0.0162338 
v 0.0189884 0.0172703 -0.0141399 
v 0.019258 0.0172871 -0.0141804 
v 0.0184354 0.0172357 -0.014057 
v 0.018834 0.0172569 -0.0198739 
v 0.0185186 0.0172427 -0.0197371 
v 0.019925 0.0172997 -0.0191102 
v 0.019779 0.0172994 -0.0202837 
v 0.0184003 0.0172285 -0.0196551 
v 0.0172111 0.0170858 -0.0188308 
v 0.018036 0.0171923 -0.0139379 
v 0.0181343 0.017203 -0.0139672 
v 0.0176695 0.0171523 -0.0138285 
v 0.0174872 0.0171274 -0.0137499 
v 0.017289 0.017098 -0.013634 
v 0.0173064 0.0171006 -0.0136442 
v 0.0165264 0.0169629 -0.0130115 
v 0.0165267 0.0169629 -0.0130116 
v 0.0170535 0.0170563 -0.0134418 
v 0.0162622 0.0169078 -0.0128583 
v 0.0163137 0.0169185 -0.0128881 
v 0.0127079 0.0157227 -0.029275 
v 0.0161712 0.0168807 -0.0235057 
v 0.0162328 0.0168947 -0.0235361 
v 0.0155976 0.01675 -0.0232231 
v 0.0147967 0.0165224 -0.0226537 
v 0.0152841 0.016661 -0.0230002 
v 0.0127079 0.0157227 -0.012765 
v 0.0161571 0.0168844 -0.012823 
v 0.0162266 0.0169 -0.0222553 
v 0.0155479 0.0167208 -0.0224444 
v 0.016004 0.0168495 -0.0127834 
v 0.016057 0.016862 -0.0127894 
v 0.015842 0.0168113 -0.012765 
v 0.019925 0.0173 -0.029275 
v 0.0162313 0.0169011 -0.029275 
v 0.0185607 0.0172461 -0.0274339 
v 0.0192818 0.0172863 -0.0269045 
v 0.0193669 0.017291 -0.026842 
v 0.0183548 0.0172281 -0.0252974 
v 0.0184427 0.0172364 -0.0257892 
v 0.0185103 0.0172421 -0.0265746 
v 0.0179459 0.0171864 -0.0241287 
v 0.018153 0.017209 -0.0241683 
v 0.0185307 0.0172437 -0.0269224 
v 0.0173139 0.017088 -0.0239336 
v 0.0175122 0.0171189 -0.0239948 
v 0.0165853 0.0169746 -0.0237087 
v 0.0165728 0.0169721 -0.0237036 
v 0.0236187 0.0169011 -0.029275 
v 0.0235352 0.0169191 -0.0244787 
v 0.0236054 0.0169019 -0.0244568 
v 0.0223233 0.017133 -0.0246623 
v 0.0234328 0.0169372 -0.0244942 
v 0.021527 0.0172257 -0.0246769 
v 0.0223019 0.0171355 -0.0246627 
v 0.0211834 0.0172509 -0.0248514 
v 0.021328 0.017243 -0.0246657 
v 0.020416 0.017293 -0.0258367 
v 0.0204203 0.0172928 -0.0258312 
v 0.019925 0.0172921 -0.0263072 
v 0.0236183 0.0168993 -0.0230884 
v 0.023103 0.0170056 -0.0214561 
v 0.0233685 0.0169517 -0.0209579 
v 0.0231505 0.0169966 -0.0227726 
v 0.0227719 0.0170615 -0.0224655 
v 0.0231508 0.0169966 -0.0227728 
v 0.0225412 0.017101 -0.0222784 
v 0.023994 0.0168147 -0.0194022 
v 0.0243706 0.0167189 -0.012767 
v 0.0242048 0.0167622 -0.0127818 
v 0.0242133 0.0167601 -0.0127797 
v 0.0240713 0.0167958 -0.0128153 
v 0.0239526 0.0168244 -0.0128696 
v 0.0240679 0.0167966 -0.0128161 
v 0.0238334 0.0168524 -0.0129456 
v 0.0239018 0.0168367 -0.0128932 
v 0.0236969 0.0168838 -0.0130503 
v 0.0236175 0.0168954 -0.0195808 
v 0.0236186 0.0169004 -0.0131332 
v 0.0236917 0.016885 -0.0130543 
v 0.0250342 0.0165283 -0.0239276 
v 0.0239681 0.0168209 -0.0195154 
v 0.0236248 0.0168997 -0.0204771 
v 0.0237893 0.016862 -0.0200162 
v 0.0237508 0.0168717 -0.0231778 
v 0.0236187 0.016901 -0.0204886 
v 0.0271421 0.0157227 -0.029275 
v 0.0236181 0.0168988 -0.0244528 
v 0.0244899 0.016685 -0.0241811 
v 0.0245524 0.0166696 -0.0241616 
v 0.0230925 0.0170072 -0.0136747 
v 0.0232957 0.0169683 -0.0134795 
v 0.023042 0.0170169 -0.0137232 
v 0.0233098 0.0169656 -0.013466 
v 0.0226812 0.017079 -0.0139685 
v 0.022818 0.0170555 -0.0138755 
v 0.0224268 0.0171182 -0.014086 
v 0.0225367 0.0171012 -0.0140352 
v 0.0219234 0.0171842 -0.0142284 
v 0.0221986 0.0171481 -0.0141505 
v 0.0217726 0.0172011 -0.0148827 
v 0.0217896 0.0171992 -0.015854 
v 0.0217049 0.0172082 -0.0173237 
v 0.0217272 0.0172059 -0.0142607 
v 0.0229257 0.0170347 -0.0198853 
v 0.0223543 0.0171286 -0.0200805 
v 0.0217761 0.0171899 -0.0202018 
v 0.0231047 0.0170053 -0.0198241 
v 0.0211424 0.0172571 -0.0203348 
v 0.0176273 0.0171467 -0.0216859 
v 0.0139853 0.0162484 -0.0114247 
v 0.0144571 0.0164131 -0.0113658 
v 0.0142629 0.0163472 -0.0114054 
v 0.0142267 0.0163343 -0.0114079 
v 0.0144632 0.0164152 -0.0113645 
v 0.0146562 0.0164775 -0.0112901 
v 0.0147583 0.0165105 -0.0112508 
v 0.0148878 0.0165504 -0.0111738 
v 0.0148377 0.016535 -0.0112036 
v 0.0150826 0.0166085 -0.0110113 
v 0.0151217 0.0166197 -0.010963 
v 0.0149858 0.0165796 -0.0110921 
v 0.0152264 0.0166497 -0.0108336 
v 0.0153218 0.0166763 -0.0106538 
v 0.0152367 0.0166526 -0.0108141 
v 0.0153839 0.0166934 -0.0104992 
v 0.015341 0.0166816 -0.0106176 
v 0.0153894 0.0166948 -0.0104733 
v 0.0154325 0.0167065 -0.0102675 
v 0.0154409 0.0167088 -0.0102272 
v 0.0154523 0.0167118 -0.0100272 
v 0.0154523 0.0167118 -0.0100168 
v 0.0154425 0.0167092 -0.00986262 
v 0.015438 0.016708 -0.00979145 
v 0.0154131 0.0167013 -0.00965173 
v 0.0154123 0.0167011 -0.00964929 
v 0.0153279 0.016678 -0.00939548 
v 0.0153521 0.0166846 -0.00946831 
v 0.0152295 0.0166506 -0.0092166 
v 0.0152749 0.0166632 -0.00929909 
v 0.0150774 0.016607 -0.00903013 
v 0.0151695 0.0166334 -0.009143 
v 0.0149516 0.0165697 -0.00891907 
v 0.015052 0.0165994 -0.00900765 
v 0.0147255 0.0165002 -0.0087769 
v 0.0148841 0.0165489 -0.00887661 
v 0.0147049 0.0164935 -0.00876895 
v 0.0144432 0.0164085 -0.00866782 
v 0.0144843 0.0164219 -0.00868369 
v 0.0140934 0.0162875 -0.00860421 
v 0.0142228 0.0163323 -0.00862774 
v 0.0139055 0.016219 -0.00859602 
v 0.0138741 0.0162073 -0.00859602 
v 0.0135206 0.0160709 -0.008596 
v 0.0135206 0.0160709 -0.00720113 
v 0.0127079 0.0157227 -0.00720113 
v 0.0127079 0.0157227 -0.0114247 
v 0.024283 0.0167421 -0.00720113 
v 0.0234347 0.0169403 -0.00720113 
v 0.024283 0.0167421 -0.0114247 
v 0.0234347 0.0169403 -0.0114247 
v 0.0217687 0.0172015 -0.00721355 
v 0.0218027 0.0171975 -0.00722127 
v 0.0220383 0.0171703 -0.00727473 
v 0.0220519 0.0171688 -0.00727781 
v 0.0222428 0.017144 -0.00735728 
v 0.0222529 0.0171426 -0.00736375 
v 0.0224405 0.0171159 -0.00748337 
v 0.0224734 0.0171113 -0.00750431 
v 0.0226023 0.0170915 -0.00762416 
v 0.0226356 0.0170863 -0.00765513 
v 0.0227373 0.0170697 -0.00779125 
v 0.022795 0.0170603 -0.00786849 
v 0.0228457 0.0170516 -0.00796877 
v 0.022885 0.0170449 -0.00804656 
v 0.0229203 0.0170387 -0.00816184 
v 0.0229643 0.0170309 -0.00830561 
v 0.0229702 0.0170299 -0.00836583 
v 0.0229918 0.017026 -0.00858564 
v 0.0215697 0.0172216 -0.00720113 
v 0.021264 0.0172479 -0.0072332 
v 0.0214942 0.0172283 -0.00720662 
v 0.0213381 0.0172422 -0.00721795 
v 0.0211713 0.017255 -0.00725226 
v 0.0210571 0.0172624 -0.00729521 
v 0.0209009 0.0172725 -0.0073539 
v 0.0207477 0.0172804 -0.00744249 
v 0.0208604 0.0172746 -0.00737732 
v 0.0206847 0.017283 -0.00749434 
v 0.0205387 0.0172891 -0.00761444 
v 0.0205326 0.0172893 -0.00762148 
v 0.020412 0.0172931 -0.00776121 
v 0.0202936 0.017296 -0.00795911 
v 0.0204011 0.0172934 -0.00777929 
v 0.0202242 0.0172974 -0.00811512 
v 0.0202765 0.0172964 -0.00798767 
v 0.0202147 0.0172976 -0.00815393 
v 0.0201631 0.0172984 -0.00836576 
v 0.0201607 0.0172984 -0.00837528 
v 0.0201467 0.0172986 -0.00857527 
v 0.0201467 0.0172986 -0.00858564 
v 0.0201686 0.0172983 -0.00880545 
v 0.0201746 0.0172982 -0.00886567 
v 0.0202551 0.0172969 -0.00912471 
v 0.0202193 0.0172975 -0.00900943 
v 0.0203463 0.0172949 -0.00930278 
v 0.0202949 0.017296 -0.0092025 
v 0.0205078 0.0172902 -0.00951614 
v 0.0204048 0.0172932 -0.00938003 
v 0.0206718 0.0172839 -0.00966697 
v 0.0205415 0.0172889 -0.00954711 
v 0.020705 0.0172822 -0.0096879 
v 0.0208942 0.0172728 -0.00980752 
v 0.0210966 0.0172603 -0.00989346 
v 0.0209045 0.0172723 -0.00981399 
v 0.0211102 0.0172592 -0.00989655 
v 0.0213808 0.0172386 -0.00995772 
v 0.0213467 0.0172412 -0.00995001 
v 0.02158 0.0172207 -0.00997014 
v 0.0218852 0.0171884 -0.00993807 
v 0.0216555 0.0172129 -0.00996466 
v 0.0218114 0.0171969 -0.00995332 
v 0.0219775 0.0171778 -0.00991901 
v 0.0220911 0.0171633 -0.00987606 
v 0.0222463 0.0171436 -0.00981737 
v 0.0223982 0.0171223 -0.00972879 
v 0.0222865 0.0171379 -0.00979395 
v 0.0224606 0.0171129 -0.00967693 
v 0.0226051 0.0170911 -0.00955683 
v 0.0226111 0.0170902 -0.00954979 
v 0.0227303 0.017071 -0.00941006 
v 0.022847 0.0170514 -0.00921216 
v 0.0227409 0.0170692 -0.00939198 
v 0.0229154 0.0170396 -0.00905615 
v 0.0228639 0.0170486 -0.0091836 
v 0.0229247 0.0170379 -0.00901735 
v 0.0229757 0.0170289 -0.00880552 
v 0.0229779 0.0170285 -0.00879599 
v 0.0229918 0.017026 -0.008596 
v 0.0196466 0.0172978 -0.00720113 
v 0.0187761 0.0172618 -0.00720113 
v 0.0196466 0.0172978 -0.0114247 
v 0.0187761 0.0172618 -0.0114247 
v 0.0170756 0.0170637 -0.00721355 
v 0.0171094 0.0170691 -0.00722127 
v 0.0173436 0.0171062 -0.00727473 
v 0.0173571 0.0171084 -0.00727781 
v 0.0175477 0.0171359 -0.00735728 
v 0.0175578 0.0171372 -0.00736375 
v 0.0177457 0.017162 -0.00748337 
v 0.0177786 0.0171663 -0.00750431 
v 0.017908 0.0171819 -0.00762416 
v 0.0179415 0.0171859 -0.00765513 
v 0.018044 0.0171973 -0.00779125 
v 0.0181021 0.0172037 -0.00786849 
v 0.0181533 0.017209 -0.00796877 
v 0.0181929 0.0172131 -0.00804656 
v 0.0182286 0.0172166 -0.00816184 
v 0.018273 0.0172209 -0.00830561 
v 0.018279 0.0172215 -0.00836583 
v 0.0183008 0.0172236 -0.00858564 
v 0.0168785 0.0170297 -0.00720113 
v 0.016577 0.0169727 -0.00723319 
v 0.016804 0.0170158 -0.00720661 
v 0.0166499 0.0169872 -0.00721795 
v 0.0164858 0.0169547 -0.00725226 
v 0.0163738 0.0169311 -0.0072952 
v 0.0162207 0.0168988 -0.0073539 
v 0.016071 0.0168652 -0.00744249 
v 0.0161811 0.0168899 -0.00737731 
v 0.0160096 0.0168508 -0.00749432 
v 0.0158673 0.0168174 -0.00761445 
v 0.0158614 0.016816 -0.00762149 
v 0.0157442 0.0167872 -0.00776121 
v 0.0156294 0.0167582 -0.00795912 
v 0.0157337 0.0167846 -0.0077793 
v 0.0155622 0.0167408 -0.00811512 
v 0.0156129 0.016754 -0.00798767 
v 0.015553 0.0167384 -0.00815393 
v 0.015503 0.0167253 -0.00836576 
v 0.0155008 0.0167247 -0.00837528 
v 0.0154872 0.0167211 -0.00857527 
v 0.0154872 0.0167211 -0.00858564 
v 0.0155084 0.0167267 -0.00880545 
v 0.0155142 0.0167283 -0.00886567 
v 0.015592 0.0167486 -0.00912471 
v 0.0155574 0.0167395 -0.00900943 
v 0.0156805 0.0167712 -0.00930278 
v 0.0156307 0.0167585 -0.0092025 
v 0.0158373 0.0168101 -0.00951614 
v 0.0157373 0.0167853 -0.00938003 
v 0.015997 0.0168482 -0.00966697 
v 0.0158701 0.0168179 -0.00954711 
v 0.0160293 0.0168555 -0.0096879 
v 0.0162141 0.0168973 -0.00980752 
v 0.0164124 0.0169397 -0.00989346 
v 0.0162241 0.0168995 -0.00981399 
v 0.0164258 0.0169423 -0.00989655 
v 0.016692 0.0169952 -0.00995772 
v 0.0166584 0.0169886 -0.00995001 
v 0.0168887 0.0170315 -0.00997014 
v 0.0171913 0.0170824 -0.00993808 
v 0.0171179 0.0170707 -0.00995332 
v 0.0169634 0.0170443 -0.00996466 
v 0.0172831 0.0170971 -0.00991901 
v 0.0173963 0.0171137 -0.00987607 
v 0.0175511 0.0171364 -0.00981737 
v 0.0177032 0.0171567 -0.00972878 
v 0.0175913 0.0171417 -0.00979396 
v 0.0177658 0.0171645 -0.00967694 
v 0.0179108 0.0171823 -0.00955683 
v 0.0179169 0.017183 -0.00954979 
v 0.0180368 0.0171967 -0.00941006 
v 0.0181546 0.0172091 -0.00921216 
v 0.0180476 0.0171978 -0.00939198 
v 0.0182236 0.0172161 -0.00905615 
v 0.0181715 0.0172109 -0.0091836 
v 0.018233 0.017217 -0.00901734 
v 0.0182845 0.017222 -0.00880552 
v 0.0182868 0.0172223 -0.00879599 
v 0.0183008 0.0172236 -0.008596 
v 0.0261605 0.0161372 -0.00721065 
v 0.0262345 0.0161079 -0.00722554 
v 0.026423 0.0160333 -0.00726345 
v 0.0264242 0.0160328 -0.0072639 
v 0.0265255 0.0159914 -0.00730103 
v 0.0265749 0.0159707 -0.00732796 
v 0.0266945 0.0159206 -0.00739322 
v 0.0267011 0.0159177 -0.00739852 
v 0.026794 0.0158779 -0.00747246 
v 0.0268048 0.0158731 -0.00748476 
v 0.0268977 0.0158325 -0.00758963 
v 0.026916 0.0158245 -0.00761032 
v 0.0269749 0.0157983 -0.00770648 
v 0.0269918 0.0157908 -0.00773402 
v 0.0270357 0.015771 -0.00784615 
v 0.0270788 0.0157516 -0.00795637 
v 0.0270905 0.0157463 -0.00800764 
v 0.027113 0.015736 -0.00810683 
v 0.0271214 0.0157322 -0.00820928 
v 0.0271421 0.0157227 -0.00846378 
v 0.0259735 0.0162082 -0.00720113 
v 0.0256097 0.0163393 -0.00997014 
v 0.0247874 0.0166026 -0.00997014 
v 0.0247874 0.0166026 -0.00844304 
v 0.0247966 0.0165999 -0.00824304 
v 0.0256142 0.0163378 -0.00835725 
v 0.0256097 0.0163393 -0.00840933 
v 0.02481 0.016596 -0.00816913 
v 0.0256221 0.016335 -0.00826479 
v 0.0248456 0.0165855 -0.00797154 
v 0.0256246 0.0163342 -0.00825447 
v 0.0248476 0.0165849 -0.00796558 
v 0.025635 0.0163305 -0.00821053 
v 0.0248859 0.0165735 -0.00785033 
v 0.0256435 0.0163275 -0.00818928 
v 0.0249073 0.016567 -0.00780757 
v 0.025665 0.01632 -0.00813571 
v 0.0249736 0.0165469 -0.00767511 
v 0.0256685 0.0163188 -0.00812703 
v 0.0256899 0.0163112 -0.00809186 
v 0.0249741 0.0165468 -0.00767419 
v 0.0250506 0.0165233 -0.0075686 
v 0.0256902 0.0163111 -0.00809139 
v 0.0250653 0.0165186 -0.00755424 
v 0.0251679 0.0164864 -0.00745395 
v 0.0257296 0.0162971 -0.00804508 
v 0.0256983 0.0163082 -0.00808186 
v 0.0251835 0.0164815 -0.00743868 
v 0.0257324 0.0162961 -0.00804186 
v 0.0257662 0.0162841 -0.00801404 
v 0.0252864 0.0164482 -0.0073683 
v 0.0252966 0.0164449 -0.00736136 
v 0.0257662 0.016284 -0.00801398 
v 0.0254235 0.0164026 -0.00730558 
v 0.0258057 0.0162698 -0.00799173 
v 0.0255118 0.0163731 -0.00726677 
v 0.0258192 0.0162649 -0.0079841 
v 0.0256005 0.0163424 -0.00724422 
v 0.0256558 0.0163232 -0.00723014 
v 0.0258366 0.0162578 -0.00721363 
v 0.0258963 0.0162368 -0.00796063 
v 0.0258517 0.0162531 -0.0079742 
v 0.0259807 0.0162055 -0.00795301 
v 0.0259076 0.0162326 -0.00795961 
v 0.0260084 0.0161951 -0.0079538 
v 0.0260953 0.0161622 -0.00796764 
v 0.0261023 0.0161596 -0.00796874 
v 0.0260358 0.0161848 -0.00795815 
v 0.0261349 0.0161471 -0.00797969 
v 0.026144 0.0161435 -0.00798442 
v 0.026186 0.0161273 -0.00800632 
v 0.0261936 0.0161243 -0.00801029 
v 0.0262232 0.0161128 -0.0080342 
v 0.0262345 0.0161084 -0.00804333 
v 0.026274 0.0160929 -0.00809004 
v 0.0262539 0.0161008 -0.00806631 
v 0.0262842 0.0160888 -0.00810692 
v 0.0262957 0.0160843 -0.0081261 
v 0.0263073 0.0160797 -0.00815417 
v 0.0263237 0.0160732 -0.00819386 
v 0.0263416 0.016066 -0.00827039 
v 0.0263279 0.0160715 -0.0082118 
v 0.026351 0.0160623 -0.00839377 
v 0.0263429 0.0160655 -0.00828745 
v 0.026351 0.0160623 -0.00997014 
v 0.0271421 0.0157227 -0.00997014 
v 0.0274184 0.0155929 -0.00492613 
v 0.0272589 0.0156686 -0.00492613 
v 0.0260229 0.0161897 -0.00597372 
v 0.0260229 0.0161897 -0.00492613 
v 0.0261878 0.0161266 -0.00585748 
v 0.026768 0.0158891 -0.00583306 
v 0.0266416 0.015943 -0.00565164 
v 0.0266459 0.0159411 -0.00553205 
v 0.0266346 0.0159459 -0.00570878 
v 0.0267537 0.0158952 -0.00586266 
v 0.0266169 0.0159533 -0.00576759 
v 0.0266254 0.0159498 -0.0057449 
v 0.0267485 0.0158975 -0.00587354 
v 0.0267332 0.015904 -0.0058951 
v 0.0266021 0.0159595 -0.0057915 
v 0.0267189 0.0159102 -0.00591542 
v 0.0265999 0.0159604 -0.00579508 
v 0.0267052 0.015916 -0.00592828 
v 0.0266777 0.0159277 -0.00595428 
v 0.0265812 0.0159683 -0.00581425 
v 0.02659 0.0159646 -0.00580523 
v 0.0266735 0.0159294 -0.00595679 
v 0.0266372 0.0159448 -0.00597881 
v 0.0265584 0.0159777 -0.00582974 
v 0.026575 0.0159708 -0.00581845 
v 0.0266298 0.0159479 -0.00598329 
v 0.0266008 0.0159601 -0.00599323 
v 0.0265573 0.0159782 -0.00583018 
v 0.0265794 0.015969 -0.00600057 
v 0.0265638 0.0159755 -0.00600228 
v 0.0265309 0.0159891 -0.00584063 
v 0.0265403 0.0159852 -0.00583692 
v 0.0265005 0.0160016 -0.00600923 
v 0.0264923 0.016005 -0.00584756 
v 0.0265117 0.015997 -0.00584407 
v 0.0264553 0.0160201 -0.00600638 
v 0.0264552 0.0160202 -0.00584937 
v 0.0264543 0.0160205 -0.00600613 
v 0.026454 0.0160207 -0.00584943 
v 0.0264084 0.0160391 -0.00584368 
v 0.0264038 0.016041 -0.00599358 
v 0.0263838 0.0160491 -0.00598863 
v 0.0263526 0.0160616 -0.00597308 
v 0.0263935 0.0160452 -0.0058418 
v 0.0263065 0.01608 -0.00595007 
v 0.0263656 0.0160564 -0.00583128 
v 0.0262855 0.0160882 -0.00593368 
v 0.026331 0.0160703 -0.0058182 
v 0.0262487 0.0161027 -0.00576581 
v 0.0263309 0.0160703 -0.00581817 
v 0.0262267 0.0161114 -0.00575178 
v 0.0261878 0.0161266 -0.0057207 
v 0.0262245 0.0161123 -0.00574999 
v 0.0261878 0.0161266 -0.00492613 
v 0.0274184 0.0155929 -0.00561028 
v 0.0272589 0.0156686 -0.00553205 
v 0.0272545 0.0156706 -0.0056511 
v 0.0274127 0.0155957 -0.00568845 
v 0.0272477 0.0156738 -0.00570795 
v 0.0274095 0.0155972 -0.00573187 
v 0.0274006 0.0156014 -0.00576692 
v 0.0273865 0.0156082 -0.00582231 
v 0.0272386 0.015678 -0.00574405 
v 0.0273856 0.0156087 -0.00582437 
v 0.0273631 0.0156194 -0.00587264 
v 0.0272304 0.0156819 -0.00576648 
v 0.0272154 0.0156888 -0.00579052 
v 0.0273574 0.0156221 -0.00588475 
v 0.0273401 0.0156303 -0.00590853 
v 0.0272125 0.0156902 -0.00579518 
v 0.027327 0.0156365 -0.00592658 
v 0.0273157 0.0156419 -0.00593678 
v 0.0272888 0.0156545 -0.00596092 
v 0.027196 0.0156979 -0.00581298 
v 0.027204 0.0156942 -0.00580439 
v 0.027287 0.0156554 -0.00596195 
v 0.0272557 0.0156701 -0.00597976 
v 0.0272467 0.0156743 -0.00598488 
v 0.0271741 0.015708 -0.00582854 
v 0.0271886 0.0157013 -0.00581825 
v 0.0272202 0.0156866 -0.00599333 
v 0.0271715 0.0157092 -0.00582968 
v 0.0271964 0.0156977 -0.00600096 
v 0.0271509 0.0157187 -0.00583874 
v 0.0271534 0.0157175 -0.00583765 
v 0.0271772 0.0157065 -0.00600293 
v 0.0271159 0.0157347 -0.00600923 
v 0.0271121 0.0157365 -0.00584706 
v 0.027125 0.0157305 -0.00584429 
v 0.027062 0.0157592 -0.00600559 
v 0.0270702 0.0157555 -0.00584943 
v 0.0270567 0.0157616 -0.0060042 
v 0.0270056 0.0157846 -0.0059907 
v 0.0269828 0.0157948 -0.00598469 
v 0.0270109 0.0157823 -0.00584206 
v 0.0270254 0.0157757 -0.00584386 
v 0.0269502 0.0158093 -0.00596782 
v 0.0269049 0.0158294 -0.00594441 
v 0.0269517 0.0158087 -0.00581971 
v 0.0269843 0.0157941 -0.00583204 
v 0.0268836 0.0158387 -0.00592707 
v 0.0268599 0.0158491 -0.00576061 
v 0.0269392 0.0158142 -0.00581168 
v 0.0268485 0.0158542 -0.00575328 
v 0.0268022 0.0158743 -0.00571598 
v 0.0266459 0.0159411 -0.00492613 
v 0.0268082 0.0158717 -0.00560751 
v 0.0268082 0.0158717 -0.00492613 
v 0.0261878 0.0161266 -0.00597372 
v 0.025355 0.0164257 -0.00489441 
v 0.0253074 0.0164414 -0.00489062 
v 0.0253905 0.016414 -0.00489723 
v 0.02542 0.0164041 -0.00490523 
v 0.0254709 0.016387 -0.00491898 
v 0.025479 0.0163842 -0.00492312 
v 0.0255321 0.0163661 -0.00495032 
v 0.0255831 0.0163486 -0.00498847 
v 0.0255427 0.0163625 -0.00495574 
v 0.0256262 0.0163336 -0.00503276 
v 0.0256033 0.0163416 -0.00500483 
v 0.0256624 0.0163209 -0.00507699 
v 0.0256672 0.0163192 -0.00508601 
v 0.0257006 0.0163074 -0.00514857 
v 0.0257261 0.0162984 -0.00522157 
v 0.025707 0.0163052 -0.00516051 
v 0.0257436 0.0162921 -0.00530891 
v 0.025739 0.0162938 -0.00526294 
v 0.0257577 0.0162871 -0.00544937 
v 0.0257573 0.0162872 -0.0054708 
v 0.0257564 0.0162876 -0.0054799 
v 0.0257442 0.0162919 -0.00559778 
v 0.0257414 0.0162929 -0.00562469 
v 0.0257217 0.0162999 -0.00569258 
v 0.0256929 0.0163102 -0.00576434 
v 0.0257119 0.0163034 -0.00572635 
v 0.0256694 0.0163185 -0.00581126 
v 0.0256567 0.0163229 -0.00582773 
v 0.0256138 0.0163379 -0.00588378 
v 0.0256032 0.0163416 -0.00589303 
v 0.0255562 0.0163579 -0.00593392 
v 0.0255038 0.0163758 -0.00596464 
v 0.0255518 0.0163594 -0.0059377 
v 0.0254849 0.0163822 -0.00597524 
v 0.0254516 0.0163935 -0.00598559 
v 0.0254069 0.0164085 -0.00599946 
v 0.0253861 0.0164154 -0.0060015 
v 0.0253074 0.0164414 -0.00600923 
v 0.0256449 0.016327 -0.00584324 
v 0.0252627 0.0164559 -0.00600523 
v 0.0252138 0.0164718 -0.00600086 
v 0.0251973 0.016477 -0.00599608 
v 0.025138 0.0164959 -0.00597892 
v 0.0250841 0.0165128 -0.00595099 
v 0.0251343 0.0164971 -0.00597783 
v 0.0250624 0.0165196 -0.00593936 
v 0.0250333 0.0165286 -0.00591503 
v 0.02499 0.0165419 -0.00587374 
v 0.025002 0.0165382 -0.00588891 
v 0.0249457 0.0165554 -0.00581776 
v 0.0249123 0.0165655 -0.00575374 
v 0.0249434 0.0165561 -0.0058148 
v 0.0248851 0.0165737 -0.00568027 
v 0.024899 0.0165695 -0.00572767 
v 0.0248675 0.016579 -0.00561973 
v 0.0248649 0.0165797 -0.00559185 
v 0.0248518 0.0165836 -0.00544937 
v 0.0248581 0.0165817 -0.00537198 
v 0.0248523 0.0165835 -0.00542611 
v 0.0248688 0.0165786 -0.00527277 
v 0.0248707 0.016578 -0.00526639 
v 0.0248941 0.016571 -0.0051877 
v 0.0249252 0.0165616 -0.00511935 
v 0.0248991 0.0165695 -0.00517083 
v 0.0249411 0.0165568 -0.00508778 
v 0.0249618 0.0165505 -0.00506103 
v 0.024996 0.0165401 -0.00501682 
v 0.0250052 0.0165372 -0.00500884 
v 0.0250522 0.0165228 -0.00496843 
v 0.0251068 0.0165057 -0.00493617 
v 0.0250587 0.0165207 -0.00496275 
v 0.0251613 0.0164885 -0.00491446 
v 0.0251265 0.0164995 -0.00492526 
v 0.0252064 0.0164741 -0.00490047 
v 0.0252277 0.0164672 -0.00489839 
v 0.0249639 0.0165499 -0.00505832 
v 0.0243833 0.0167157 -0.00490837 
v 0.0244202 0.0167058 -0.00490973 
v 0.0244688 0.0166926 -0.00491479 
v 0.0245464 0.0166713 -0.00493337 
v 0.0246993 0.0166282 -0.00499771 
v 0.024591 0.0166588 -0.0057882 
v 0.0246906 0.0166307 -0.00572514 
v 0.0246993 0.0166282 -0.00592184 
v 0.0246672 0.0166374 -0.00593783 
v 0.0246365 0.0166459 -0.00594902 
v 0.0245721 0.0166642 -0.00580016 
v 0.0244721 0.0166917 -0.00583718 
v 0.0245069 0.0166821 -0.00582431 
v 0.0245422 0.0166724 -0.00598347 
v 0.0246272 0.0166486 -0.00595245 
v 0.0245154 0.0166799 -0.00599322 
v 0.0244779 0.01669 -0.00599776 
v 0.0243833 0.0167157 -0.00600923 
v 0.0243879 0.0167144 -0.00584902 
v 0.0244355 0.0167016 -0.00584232 
v 0.0243753 0.0167178 -0.00584943 
v 0.0243152 0.0167336 -0.00584335 
v 0.0243393 0.0167273 -0.00600564 
v 0.0242857 0.0167414 -0.00600126 
v 0.0242683 0.0167459 -0.00599658 
v 0.0243018 0.0167372 -0.00584199 
v 0.024202 0.016763 -0.0059787 
v 0.0242738 0.0167445 -0.0058329 
v 0.0242488 0.016751 -0.00582481 
v 0.0241993 0.0167637 -0.00597796 
v 0.0241435 0.0167778 -0.00595005 
v 0.0242369 0.016754 -0.00581812 
v 0.0242055 0.0167621 -0.00580052 
v 0.0241198 0.0167837 -0.00593824 
v 0.0240872 0.0167918 -0.0059119 
v 0.0240461 0.016802 -0.00587872 
v 0.0241657 0.0167722 -0.0057662 
v 0.0242046 0.0167623 -0.00579967 
v 0.0241744 0.01677 -0.00577367 
v 0.0239895 0.0168158 -0.00580902 
v 0.0241291 0.0167814 -0.00571893 
v 0.0241478 0.0167767 -0.00574311 
v 0.0240341 0.0168049 -0.0058639 
v 0.0241217 0.0167832 -0.00570429 
v 0.0239564 0.0168237 -0.00574766 
v 0.0241009 0.0167884 -0.00566267 
v 0.0239865 0.0168165 -0.00580535 
v 0.0239427 0.016827 -0.00572123 
v 0.0241002 0.0167886 -0.00566013 
v 0.0239291 0.0168302 -0.00567622 
v 0.0240862 0.0167921 -0.00560905 
v 0.023912 0.0168343 -0.00561916 
v 0.0240782 0.0167941 -0.00558028 
v 0.0238967 0.0168379 -0.00545686 
v 0.0240683 0.0167965 -0.00545686 
v 0.0240743 0.016795 -0.00553184 
v 0.0239097 0.0168349 -0.00559476 
v 0.0238978 0.0168377 -0.00541423 
v 0.0239008 0.0168369 -0.00537708 
v 0.0240777 0.0167942 -0.00535616 
v 0.023904 0.0168362 -0.00533753 
v 0.0239175 0.016833 -0.00527948 
v 0.0240808 0.0167934 -0.00532206 
v 0.0239333 0.0168292 -0.00521182 
v 0.0240887 0.0167915 -0.00529567 
v 0.0239412 0.0168273 -0.00519453 
v 0.024102 0.0167882 -0.00525077 
v 0.0241284 0.0167816 -0.00519908 
v 0.0241067 0.016787 -0.00524167 
v 0.0239569 0.0168236 -0.00516034 
v 0.0239757 0.0168191 -0.00511939 
v 0.0239902 0.0168156 -0.00510008 
v 0.0241311 0.0167809 -0.00519363 
v 0.0240329 0.0168052 -0.00504321 
v 0.0241551 0.0167749 -0.00516236 
v 0.0241609 0.0167734 -0.00515471 
v 0.0240816 0.0167932 -0.00499919 
v 0.0241824 0.0167679 -0.00513534 
v 0.0240824 0.016793 -0.00499875 
v 0.0241985 0.0167639 -0.00512087 
v 0.0241556 0.0167748 -0.00495464 
v 0.0241985 0.0167638 -0.00494032 
v 0.0242451 0.0167519 -0.00509375 
v 0.0242156 0.0167595 -0.00511092 
v 0.0241374 0.0167793 -0.00496561 
v 0.0242537 0.0167497 -0.00492195 
v 0.0242888 0.0167406 -0.00507911 
v 0.0242954 0.0167389 -0.00507689 
v 0.0242504 0.0167505 -0.00509196 
v 0.0242801 0.0167428 -0.00491918 
v 0.0243694 0.0167194 -0.00506835 
v 0.0243291 0.01673 -0.00507301 
v 0.0243753 0.0167178 -0.00506818 
v 0.0244572 0.0166957 -0.0050786 
v 0.0244762 0.0166906 -0.00508102 
v 0.0245236 0.0166776 -0.00509544 
v 0.0245335 0.0166749 -0.00509956 
v 0.0245276 0.0166765 -0.00509711 
v 0.0245496 0.0166704 -0.00510623 
v 0.0245719 0.0166642 -0.00511645 
v 0.0246993 0.0166282 -0.00519247 
v 0.0246907 0.0166306 -0.00519226 
v 0.0246993 0.0166282 -0.00572514 
v 0.0235695 0.0169118 -0.00492613 
v 0.0233448 0.0169586 -0.00492613 
v 0.0235695 0.0169118 -0.00519247 
v 0.0233448 0.0169586 -0.00519247 
v 0.0229459 0.0170342 -0.00492613 
v 0.0227719 0.0170641 -0.00492613 
v 0.0229459 0.0170342 -0.00597372 
v 0.0227719 0.0170641 -0.00503683 
v 0.0220907 0.0171639 -0.00597372 
v 0.0220907 0.0171639 -0.00528957 
v 0.0222657 0.0171409 -0.0053678 
v 0.022271 0.0171402 -0.00524627 
v 0.0220915 0.0171638 -0.00525965 
v 0.0220969 0.0171631 -0.00521611 
v 0.0221059 0.017162 -0.00514387 
v 0.0222794 0.0171391 -0.00519531 
v 0.0222805 0.0171389 -0.00518819 
v 0.0221075 0.0171618 -0.00513912 
v 0.022125 0.0171595 -0.0050853 
v 0.022289 0.0171377 -0.00516404 
v 0.0222928 0.0171372 -0.00515319 
v 0.0221279 0.0171592 -0.00507631 
v 0.0221449 0.017157 -0.00504444 
v 0.022304 0.0171356 -0.00513032 
v 0.0221555 0.0171556 -0.0050246 
v 0.0221696 0.0171538 -0.00500721 
v 0.0221706 0.0171536 -0.00500596 
v 0.0221923 0.0171508 -0.00497926 
v 0.0223268 0.0171325 -0.00509996 
v 0.0223228 0.017133 -0.00510532 
v 0.0221998 0.0171498 -0.00497325 
v 0.0222358 0.017145 -0.00494424 
v 0.0223375 0.017131 -0.00509041 
v 0.0223468 0.0171296 -0.005082 
v 0.0222772 0.0171393 -0.00492184 
v 0.0222916 0.0171374 -0.00491447 
v 0.0223695 0.0171264 -0.00506847 
v 0.0223534 0.0171287 -0.00507805 
v 0.0222399 0.0171444 -0.00494093 
v 0.0223184 0.0171336 -0.00490692 
v 0.0223699 0.0171264 -0.00506831 
v 0.0223508 0.0171291 -0.00489779 
v 0.0223639 0.0171272 -0.00489661 
v 0.0223967 0.0171225 -0.00505908 
v 0.0223867 0.017124 -0.00506253 
v 0.022431 0.0171175 -0.00489062 
v 0.0224558 0.0171139 -0.00505125 
v 0.022417 0.0171196 -0.00505639 
v 0.0224825 0.0171099 -0.00489395 
v 0.0224829 0.0171098 -0.00489404 
v 0.0224809 0.0171102 -0.00505042 
v 0.0225531 0.0170992 -0.00490799 
v 0.0225919 0.0170932 -0.00492429 
v 0.0225516 0.0170994 -0.00505988 
v 0.0225337 0.0171022 -0.00505749 
v 0.0225375 0.0171016 -0.0049049 
v 0.0226298 0.0170872 -0.00494018 
v 0.0225917 0.0170932 -0.00507488 
v 0.0226548 0.0170832 -0.00495715 
v 0.0226372 0.0170861 -0.0050919 
v 0.0226665 0.0170814 -0.00510807 
v 0.0226926 0.0170772 -0.00512247 
v 0.0227693 0.0170646 -0.00517712 
v 0.0227544 0.017067 -0.00516648 
v 0.0227719 0.0170641 -0.00517915 
v 0.0227719 0.0170641 -0.00597372 
v 0.0222657 0.0171409 -0.00597372 
v 0.0217575 0.0172027 -0.00492613 
v 0.0215819 0.0172205 -0.00492613 
v 0.0217575 0.0172027 -0.0063821 
v 0.0215819 0.0172205 -0.0063821 
v 0.0208756 0.0172738 -0.00489441 
v 0.0208255 0.0172765 -0.00489062 
v 0.0209129 0.0172718 -0.00489723 
v 0.020944 0.0172699 -0.00490523 
v 0.0209975 0.0172667 -0.00491898 
v 0.0210061 0.0172662 -0.00492312 
v 0.0210621 0.0172626 -0.00495032 
v 0.0211159 0.0172589 -0.00498847 
v 0.0210733 0.0172618 -0.00495574 
v 0.0211614 0.0172557 -0.00503276 
v 0.0211372 0.0172575 -0.00500483 
v 0.0211997 0.017253 -0.00507699 
v 0.0212048 0.0172526 -0.00508601 
v 0.0212401 0.0172499 -0.00514857 
v 0.021267 0.0172479 -0.00522157 
v 0.0212469 0.0172494 -0.00516051 
v 0.0212856 0.0172464 -0.00530891 
v 0.0212807 0.0172468 -0.00526294 
v 0.0213005 0.0172452 -0.00544937 
v 0.0213001 0.0172453 -0.0054708 
v 0.0212991 0.0172453 -0.0054799 
v 0.0212862 0.0172464 -0.00559778 
v 0.0212832 0.0172466 -0.00562469 
v 0.0212624 0.0172482 -0.00569258 
v 0.0212319 0.0172506 -0.00576434 
v 0.021252 0.017249 -0.00572635 
v 0.021207 0.0172524 -0.00581126 
v 0.0211937 0.0172534 -0.00582773 
v 0.0211484 0.0172567 -0.00588378 
v 0.0211371 0.0172575 -0.00589303 
v 0.0210875 0.0172609 -0.00593392 
v 0.0210322 0.0172645 -0.00596464 
v 0.0210829 0.0172612 -0.0059377 
v 0.0210123 0.0172658 -0.00597524 
v 0.0209772 0.0172679 -0.00598559 
v 0.0209302 0.0172708 -0.00599946 
v 0.0209083 0.017272 -0.0060015 
v 0.0208255 0.0172765 -0.00600923 
v 0.0211812 0.0172543 -0.00584324 
v 0.0207785 0.0172789 -0.00600523 
v 0.0207272 0.0172814 -0.00600086 
v 0.0207099 0.0172822 -0.00599608 
v 0.0206478 0.0172849 -0.00597892 
v 0.0205914 0.0172871 -0.00595099 
v 0.0206438 0.0172851 -0.00597783 
v 0.0205686 0.017288 -0.00593936 
v 0.0205382 0.0172891 -0.00591503 
v 0.0204929 0.0172907 -0.00587374 
v 0.0205055 0.0172903 -0.00588891 
v 0.0204466 0.0172921 -0.00581776 
v 0.0204117 0.0172931 -0.00575374 
v 0.0204442 0.0172922 -0.0058148 
v 0.0203834 0.0172939 -0.00568027 
v 0.0203978 0.0172935 -0.00572767 
v 0.020365 0.0172944 -0.00561973 
v 0.0203623 0.0172945 -0.00559185 
v 0.0203486 0.0172948 -0.00544937 
v 0.0203552 0.0172946 -0.00537198 
v 0.0203491 0.0172948 -0.00542611 
v 0.0203663 0.0172944 -0.00527277 
v 0.0203683 0.0172943 -0.00526639 
v 0.0203928 0.0172937 -0.0051877 
v 0.0204252 0.0172928 -0.00511935 
v 0.020398 0.0172935 -0.00517083 
v 0.0204418 0.0172923 -0.00508778 
v 0.0204634 0.0172916 -0.00506103 
v 0.0204991 0.0172905 -0.00501682 
v 0.0205088 0.0172901 -0.00500884 
v 0.0205579 0.0172884 -0.00496843 
v 0.0206151 0.0172862 -0.00493617 
v 0.0205648 0.0172882 -0.00496275 
v 0.0206722 0.0172838 -0.00491446 
v 0.0206357 0.0172854 -0.00492526 
v 0.0207195 0.0172817 -0.00490047 
v 0.0207418 0.0172807 -0.00489839 
v 0.0204656 0.0172915 -0.00505832 
v 0.0200662 0.0172994 -0.00492613 
v 0.0198897 0.0173 -0.00492613 
v 0.0200662 0.0172994 -0.0063821 
v 0.0198897 0.0173 -0.0063821 
v 0.0191815 0.017284 -0.00489441 
v 0.0191314 0.0172818 -0.00489062 
v 0.0192188 0.0172856 -0.00489723 
v 0.01925 0.0172868 -0.00490523 
v 0.0193036 0.0172888 -0.00491898 
v 0.0193121 0.0172891 -0.00492312 
v 0.0193683 0.017291 -0.00495032 
v 0.0194221 0.0172927 -0.00498847 
v 0.0193795 0.0172914 -0.00495574 
v 0.0194677 0.0172939 -0.00503276 
v 0.0194435 0.0172933 -0.00500483 
v 0.0195062 0.0172949 -0.00507699 
v 0.0195113 0.017295 -0.00508601 
v 0.0195467 0.0172959 -0.00514857 
v 0.0195737 0.0172964 -0.00522157 
v 0.0195534 0.017296 -0.00516051 
v 0.0195923 0.0172968 -0.00530891 
v 0.0195874 0.0172967 -0.00526294 
v 0.0196073 0.0172971 -0.00544937 
v 0.0196068 0.0172971 -0.0054708 
v 0.0196058 0.0172971 -0.0054799 
v 0.0195928 0.0172968 -0.00559778 
v 0.0195899 0.0172968 -0.00562469 
v 0.019569 0.0172963 -0.00569258 
v 0.0195384 0.0172957 -0.00576434 
v 0.0195586 0.0172961 -0.00572635 
v 0.0195135 0.0172951 -0.00581126 
v 0.0195001 0.0172948 -0.00582773 
v 0.0194547 0.0172936 -0.00588378 
v 0.0194434 0.0172933 -0.00589303 
v 0.0193937 0.0172918 -0.00593392 
v 0.0193383 0.01729 -0.00596464 
v 0.0193891 0.0172917 -0.0059377 
v 0.0193184 0.0172894 -0.00597524 
v 0.0192833 0.017288 -0.00598559 
v 0.0192362 0.0172863 -0.00599946 
v 0.0192143 0.0172853 -0.0060015 
v 0.0191314 0.0172818 -0.00600923 
v 0.0194876 0.0172944 -0.00584324 
v 0.0190845 0.0172795 -0.00600523 
v 0.0190332 0.017277 -0.00600086 
v 0.0190159 0.0172761 -0.00599608 
v 0.0189538 0.0172727 -0.00597892 
v 0.0188974 0.0172694 -0.00595099 
v 0.0189498 0.0172725 -0.00597783 
v 0.0188747 0.0172681 -0.00593936 
v 0.0188442 0.0172662 -0.00591503 
v 0.0187991 0.0172633 -0.00587374 
v 0.0188116 0.0172641 -0.00588891 
v 0.0187529 0.0172602 -0.00581776 
v 0.018718 0.0172578 -0.00575374 
v 0.0187504 0.0172601 -0.0058148 
v 0.0186897 0.0172558 -0.00568027 
v 0.0187041 0.0172569 -0.00572767 
v 0.0186714 0.0172545 -0.00561973 
v 0.0186687 0.0172543 -0.00559185 
v 0.0186551 0.0172533 -0.00544937 
v 0.0186616 0.0172538 -0.00537198 
v 0.0186556 0.0172534 -0.00542611 
v 0.0186727 0.0172546 -0.00527277 
v 0.0186747 0.0172548 -0.00526639 
v 0.0186991 0.0172565 -0.0051877 
v 0.0187314 0.0172588 -0.00511935 
v 0.0187043 0.0172569 -0.00517083 
v 0.018748 0.0172599 -0.00508778 
v 0.0187696 0.0172614 -0.00506103 
v 0.0188053 0.0172637 -0.00501682 
v 0.0188149 0.0172643 -0.00500884 
v 0.0188639 0.0172674 -0.00496843 
v 0.0189211 0.0172708 -0.00493617 
v 0.0188708 0.0172679 -0.00496275 
v 0.0189782 0.017274 -0.00491446 
v 0.0189417 0.017272 -0.00492526 
v 0.0190254 0.0172766 -0.00490047 
v 0.0190478 0.0172777 -0.00489839 
v 0.0187718 0.0172615 -0.00505832 
v 0.0183296 0.0172263 -0.00508012 
v 0.0183442 0.0172276 -0.00510419 
v 0.0183798 0.0172309 -0.00516251 
v 0.0183807 0.0172309 -0.00516514 
v 0.0184112 0.0172336 -0.00525179 
v 0.0184241 0.0172348 -0.00528838 
v 0.0184298 0.0172353 -0.0053399 
v 0.0184439 0.0172365 -0.0054674 
v 0.0183087 0.0172243 -0.0050543 
v 0.0184434 0.0172364 -0.00549153 
v 0.0184399 0.0172361 -0.00552586 
v 0.0184273 0.017235 -0.00564936 
v 0.0184035 0.017233 -0.0057343 
v 0.0184261 0.0172349 -0.00566107 
v 0.0183773 0.0172306 -0.00580204 
v 0.0183896 0.0172317 -0.00577962 
v 0.0183562 0.0172287 -0.00584048 
v 0.0183231 0.0172257 -0.00588725 
v 0.018345 0.0172277 -0.00586104 
v 0.0182881 0.0172224 -0.00592485 
v 0.0182997 0.0172235 -0.00591539 
v 0.0182514 0.0172189 -0.0059547 
v 0.018211 0.0172149 -0.0059761 
v 0.0182507 0.0172188 -0.00595533 
v 0.0181624 0.0172099 -0.00599388 
v 0.0181956 0.0172133 -0.00598421 
v 0.0181139 0.0172049 -0.0060043 
v 0.0181321 0.0172068 -0.00600272 
v 0.0180571 0.0171989 -0.00600923 
v 0.0177243 0.0171595 -0.00586996 
v 0.0178124 0.0171704 -0.00593066 
v 0.0178477 0.0171748 -0.00595497 
v 0.0179338 0.017185 -0.00599131 
v 0.017877 0.0171783 -0.00596733 
v 0.0179418 0.0171859 -0.0059929 
v 0.0179976 0.0171923 -0.00600391 
v 0.0180098 0.0171937 -0.00600632 
v 0.0177243 0.0171595 -0.00597372 
v 0.0175493 0.0171361 -0.00597372 
v 0.0175493 0.0171361 -0.0045355 
v 0.0177243 0.0171595 -0.0045355 
v 0.0177243 0.0171595 -0.00498189 
v 0.0179962 0.0171921 -0.00490837 
v 0.0178859 0.0171794 -0.00491852 
v 0.0179133 0.0171826 -0.004916 
v 0.0177938 0.0171682 -0.00494744 
v 0.0178461 0.0171746 -0.00493102 
v 0.0177804 0.0171665 -0.00495406 
v 0.0180695 0.0172002 -0.00491653 
v 0.0180188 0.0171947 -0.00490947 
v 0.0180777 0.0172011 -0.00491768 
v 0.0181358 0.0172072 -0.0049349 
v 0.0180932 0.0172027 -0.00491984 
v 0.018152 0.0172089 -0.00494062 
v 0.0181665 0.0172104 -0.00494572 
v 0.0182067 0.0172144 -0.00496965 
v 0.0182388 0.0172176 -0.00498878 
v 0.0182538 0.0172191 -0.00500284 
v 0.0169215 0.0170373 -0.00492613 
v 0.0171478 0.0170756 -0.00492613 
v 0.0171478 0.0170756 -0.00519247 
v 0.0169215 0.0170373 -0.00519247 
v 0.0162784 0.0169113 -0.00516271 
v 0.0164479 0.016947 -0.00597372 
v 0.0152696 0.0166618 -0.00597372 
v 0.015533 0.0167332 -0.00492613 
v 0.0156287 0.016758 -0.00516273 
v 0.0156877 0.0167731 -0.00492613 
v 0.0159447 0.0168359 -0.00573333 
v 0.0162046 0.0168952 -0.00492613 
v 0.0160193 0.0168534 -0.00597372 
v 0.0158802 0.0168205 -0.00597372 
v 0.0163616 0.016929 -0.00492613 
v 0.0166264 0.0169826 -0.00597372 
v 0.0154452 0.0167099 -0.00597372 
v 0.0147765 0.0165161 -0.00516271 
v 0.0149421 0.0165669 -0.00597372 
v 0.0137941 0.0161772 -0.00597372 
v 0.0140501 0.0162719 -0.00492613 
v 0.0141432 0.0163052 -0.00516273 
v 0.0142006 0.0163255 -0.00492613 
v 0.0144509 0.0164111 -0.00573333 
v 0.0147045 0.0164935 -0.00492613 
v 0.0145237 0.0164352 -0.00597372 
v 0.014388 0.01639 -0.00597372 
v 0.0148578 0.0165413 -0.00492613 
v 0.0151167 0.0166184 -0.00597372 
v 0.0139647 0.0162408 -0.00597372 
v 0.0133161 0.0159879 -0.00516271 
v 0.0134765 0.0160532 -0.00597372 
v 0.0123681 0.0155622 -0.00597372 
v 0.0126145 0.0156795 -0.00492613 
v 0.0127043 0.015721 -0.00516273 
v 0.0127596 0.0157463 -0.00492613 
v 0.0130013 0.0158541 -0.00573333 
v 0.0132464 0.0159589 -0.00492613 
v 0.0130715 0.0158846 -0.00597372 
v 0.0129405 0.0158274 -0.00597372 
v 0.0133948 0.0160202 -0.00492613 
v 0.0136458 0.0161202 -0.00597372 
v 0.0125322 0.0156409 -0.00597372 
v 0.0292968 0.0138224 -0.032275 
v 0.0261063 0.0155139 -0.032275 
v 0.0365271 0.00180559 -0.032275 
v 0.0357508 0.00533234 -0.032275 
v 0.0349815 -0.00722429 -0.032275 
v 0.0357508 -0.00533234 -0.032275 
v 0.0342345 -0.00860975 -0.032275 
v 0.0320491 0.0114846 -0.032275 
v 0.0342345 0.00860975 -0.032275 
v 0.0320491 -0.0114846 -0.032275 
v 0.0365271 -0.00180559 -0.032275 
v 0.0226268 -0.01648 -0.032275 
v 0.0190209 -0.0166755 -0.032275 
v 0.0292968 -0.0138224 -0.032275 
v 0.0154573 -0.0160913 -0.032275 
v 0.00911365 -0.0127281 -0.032275 
v 0.00663025 -0.0101064 -0.032275 
v 0.00361544 -0.00359001 -0.032275 
v 0.00476849 -0.00701215 -0.032275 
v 0.00361544 0.00359001 -0.032275 
v 0.00476849 0.00701215 -0.032275 
v 0.00663025 0.0101064 -0.032275 
v 0.0121026 0.0147547 -0.032275 
v 0.00911365 0.0127281 -0.032275 
v 0.0121026 -0.0147547 -0.032275 
v 0.003225 0 -0.032275 
v 0.0154573 0.0160913 -0.032275 
v 0.0190209 0.0166755 -0.032275 
v 0.0226268 0.01648 -0.032275 
v 0.0261063 -0.0155139 -0.032275 
v 0.003225 0 -0.030975 
v 0.00361544 -0.00359001 -0.030975 
v 0.00476849 -0.00701215 -0.030975 
v 0.00663025 -0.0101064 -0.030975 
v 0.00911365 -0.0127281 -0.030975 
v 0.0121026 -0.0147547 -0.030975 
v 0.0154573 -0.0160913 -0.030975 
v 0.0190209 -0.0166755 -0.030975 
v 0.0226268 -0.01648 -0.030975 
v 0.0261063 -0.0155139 -0.030975 
v 0.0292968 -0.0138224 -0.030975 
v 0.0320491 -0.0114846 -0.030975 
v 0.0357508 -0.00533234 -0.030975 
v 0.0342345 -0.00860975 -0.030975 
v 0.0365271 -0.00180559 -0.030975 
v 0.0365271 0.00180559 -0.030975 
v 0.0357508 0.00533234 -0.030975 
v 0.0342345 0.00860975 -0.030975 
v 0.0320491 0.0114846 -0.030975 
v 0.0292968 0.0138224 -0.030975 
v 0.0261063 0.0155139 -0.030975 
v 0.0226268 0.01648 -0.030975 
v 0.0190209 0.0166755 -0.030975 
v 0.0154573 0.0160913 -0.030975 
v 0.0121026 0.0147547 -0.030975 
v 0.00911365 0.0127281 -0.030975 
v 0.00663025 0.0101064 -0.030975 
v 0.00476849 0.00701215 -0.030975 
v 0.00361544 0.00359001 -0.030975 
v 0.0230298 -0.00236018 -0.030975 
v 0.0283274 0.00404144 -0.030975 
v 0.0289003 0.00388236 -0.030975 
v 0.030081 0.00394637 -0.030975 
v 0.0306334 0.00416647 -0.030975 
v 0.0294941 0.00385016 -0.030975 
v 0.027802 0.00431998 -0.030975 
v 0.0234645 -0.00163757 -0.030975 
v 0.0170936 -0.00268203 -0.030975 
v 0.0130006 -0.00544143 -0.030975 
v 0.012694 -0.0049319 -0.030975 
v 0.0283274 0.00915081 -0.030975 
v 0.0311256 0.00450018 -0.030975 
v 0.0315345 0.0049319 -0.030975 
v 0.0269889 0.00517836 -0.030975 
v 0.0273488 0.00470496 -0.030975 
v 0.0209684 -0.00375784 -0.030975 
v 0.0217518 -0.0034457 -0.030975 
v 0.0201361 -0.00389428 -0.030975 
v 0.0165833 -0.00201066 -0.030975 
v 0.0131905 -0.00600496 -0.030975 
v 0.0177364 -0.00322799 -0.030975 
v 0.0184815 -0.00362301 -0.030975 
v 0.0131905 -0.0071873 -0.030975 
v 0.0132548 -0.00659613 -0.030975 
v 0.027802 0.00887227 -0.030975 
v 0.0294941 0.0093421 -0.030975 
v 0.0289003 0.0093099 -0.030975 
v 0.0224498 -0.00297243 -0.030975 
v 0.0192941 -0.00384862 -0.030975 
v 0.0122851 -0.00450018 -0.030975 
v 0.0130006 -0.00775082 -0.030975 
v 0.0122851 -0.00869207 -0.030975 
v 0.012694 -0.00826036 -0.030975 
v 0.0106536 -0.0093421 -0.030975 
v 0.0265952 0.00659613 -0.030975 
v 0.0266114 0.00689346 -0.030975 
v 0.0267392 0.00747421 -0.030975 
v 0.0269889 0.0080139 -0.030975 
v 0.0273488 0.0084873 -0.030975 
v 0.0117929 -0.00902579 -0.030975 
v 0.00948687 -0.00915081 -0.030975 
v 0.0100599 -0.0093099 -0.030975 
v 0.00896149 -0.00887227 -0.030975 
v 0.0162292 -0.00124528 -0.030975 
v 0.0117929 -0.00416647 -0.030975 
v 0.016025 4.77612e-19 -0.030975 
v 0.0160479 -0.000421664 -0.030975 
v 0.030081 0.00924589 -0.030975 
v 0.0315345 0.00826036 -0.030975 
v 0.0320952 0.00659613 -0.030975 
v 0.032031 0.0071873 -0.030975 
v 0.0112405 -0.00924589 -0.030975 
v 0.00789871 -0.00747421 -0.030975 
v 0.0106536 -0.00385016 -0.030975 
v 0.0306334 0.00902579 -0.030975 
v 0.0311256 0.00869207 -0.030975 
v 0.0318411 0.00775082 -0.030975 
v 0.032031 0.00600496 -0.030975 
v 0.0318411 0.00544143 -0.030975 
v 0.00850826 -0.0084873 -0.030975 
v 0.00814839 -0.0080139 -0.030975 
v 0.0112405 -0.00394637 -0.030975 
v 0.0160479 0.000421664 -0.030975 
v 0.0162292 0.00124528 -0.030975 
v 0.0177364 0.00322799 -0.030975 
v 0.0170936 0.00268203 -0.030975 
v 0.0192941 0.00384862 -0.030975 
v 0.0184815 0.00362301 -0.030975 
v 0.0201361 0.00389428 -0.030975 
v 0.0217518 0.0034457 -0.030975 
v 0.0209684 0.00375784 -0.030975 
v 0.0224498 0.00297243 -0.030975 
v 0.0267392 0.00571805 -0.030975 
v 0.0266114 0.0062988 -0.030975 
v 0.00777087 -0.0062988 -0.030975 
v 0.00777087 -0.00689346 -0.030975 
v 0.00850826 -0.00470496 -0.030975 
v 0.00814839 -0.00517836 -0.030975 
v 0.0100599 -0.00388236 -0.030975 
v 0.00948687 -0.00404144 -0.030975 
v 0.00789871 -0.00571805 -0.030975 
v 0.00896149 -0.00431998 -0.030975 
v 0.0165833 0.00201066 -0.030975 
v 0.0230298 0.00236018 -0.030975 
v 0.023825 0 -0.030975 
v 0.0237338 0.000838385 -0.030975 
v 0.0234645 0.00163757 -0.030975 
v 0.0237338 -0.000838385 -0.030975 
v 0.023825 0 -0.032275 
v 0.0237338 0.000838385 -0.032275 
v 0.0234645 0.00163757 -0.032275 
v 0.0230298 0.00236018 -0.032275 
v 0.0224498 0.00297243 -0.032275 
v 0.0217518 0.0034457 -0.032275 
v 0.0209684 0.00375784 -0.032275 
v 0.0201361 0.00389428 -0.032275 
v 0.0192941 0.00384862 -0.032275 
v 0.0184815 0.00362301 -0.032275 
v 0.0177364 0.00322799 -0.032275 
v 0.0170936 0.00268203 -0.032275 
v 0.0165833 0.00201066 -0.032275 
v 0.0162292 0.00124528 -0.032275 
v 0.0160479 0.000421664 -0.032275 
v 0.0160479 -0.000421664 -0.032275 
v 0.016025 1.43284e-18 -0.032275 
v 0.0162292 -0.00124528 -0.032275 
v 0.0165833 -0.00201066 -0.032275 
v 0.0170936 -0.00268203 -0.032275 
v 0.0177364 -0.00322799 -0.032275 
v 0.0184815 -0.00362301 -0.032275 
v 0.0192941 -0.00384862 -0.032275 
v 0.0201361 -0.00389428 -0.032275 
v 0.0209684 -0.00375784 -0.032275 
v 0.0217518 -0.0034457 -0.032275 
v 0.0224498 -0.00297243 -0.032275 
v 0.0230298 -0.00236018 -0.032275 
v 0.0234645 -0.00163757 -0.032275 
v 0.0237338 -0.000838385 -0.032275 
v 0.0117929 -0.00416647 -0.032275 
v 0.0266114 0.0062988 -0.032275 
v 0.0122851 -0.00450018 -0.032275 
v 0.0286 0.010213 -0.032275 
v 0.0289003 0.0093099 -0.032275 
v 0.0294941 0.0093421 -0.032275 
v 0.0283274 0.00915081 -0.032275 
v 0.0269889 0.0080139 -0.032275 
v 0.0273488 0.0084873 -0.032275 
v 0.0235099 0.0129116 -0.032275 
v 0.0267392 0.00571805 -0.032275 
v 0.0101967 0.00921517 -0.032275 
v 0.0100599 -0.00388236 -0.032275 
v 0.00722645 0.00427864 -0.032275 
v 0.00660355 0.00144879 -0.032275 
v 0.012694 -0.00826036 -0.032275 
v 0.0122851 -0.00869207 -0.032275 
v 0.0149651 -0.0124483 -0.032275 
v 0.0131905 -0.0071873 -0.032275 
v 0.0130006 -0.00775082 -0.032275 
v 0.0235099 -0.0129116 -0.032275 
v 0.0132548 -0.00659613 -0.032275 
v 0.0286 -0.010213 -0.032275 
v 0.012694 -0.0049319 -0.032275 
v 0.0262017 0.0118391 -0.032275 
v 0.027802 0.00887227 -0.032275 
v 0.0206505 0.0133803 -0.032275 
v 0.0266114 0.00689346 -0.032275 
v 0.0267392 0.00747421 -0.032275 
v 0.0149651 0.0124483 -0.032275 
v 0.00844311 0.00690842 -0.032275 
v 0.0106536 -0.00385016 -0.032275 
v 0.0112405 -0.00394637 -0.032275 
v 0.00948687 -0.00404144 -0.032275 
v 0.00660355 -0.00144879 -0.032275 
v 0.0177571 -0.0132235 -0.032275 
v 0.0206505 -0.0133803 -0.032275 
v 0.0262017 -0.0118391 -0.032275 
v 0.0305926 -0.00810933 -0.032275 
v 0.0131905 -0.00600496 -0.032275 
v 0.0130006 -0.00544143 -0.032275 
v 0.0320865 -0.00562651 -0.032275 
v 0.0330117 -0.0028806 -0.032275 
v 0.0289003 0.00388236 -0.032275 
v 0.0283274 0.00404144 -0.032275 
v 0.0177571 0.0132235 -0.032275 
v 0.0124051 0.011091 -0.032275 
v 0.00896149 -0.00431998 -0.032275 
v 0.0117929 -0.00902579 -0.032275 
v 0.0124051 -0.011091 -0.032275 
v 0.0306334 0.00416647 -0.032275 
v 0.033325 -3.28205e-18 -0.032275 
v 0.0330117 0.0028806 -0.032275 
v 0.0318411 0.00544143 -0.032275 
v 0.0320865 0.00562651 -0.032275 
v 0.0273488 0.00470496 -0.032275 
v 0.0269889 0.00517836 -0.032275 
v 0.0294941 0.00385016 -0.032275 
v 0.00850826 -0.00470496 -0.032275 
v 0.00722645 -0.00427864 -0.032275 
v 0.00786216 -0.00583506 -0.032275 
v 0.00789871 -0.00571805 -0.032275 
v 0.030081 0.00394637 -0.032275 
v 0.0315345 0.0049319 -0.032275 
v 0.0311256 0.00450018 -0.032275 
v 0.0319878 0.00583506 -0.032275 
v 0.027802 0.00431998 -0.032275 
v 0.00814839 -0.00517836 -0.032275 
v 0.0112405 -0.00924589 -0.032275 
v 0.0106536 -0.0093421 -0.032275 
v 0.0103161 -0.00933965 -0.032275 
v 0.0295339 0.00933965 -0.032275 
v 0.0320952 0.00659613 -0.032275 
v 0.032031 0.0071873 -0.032275 
v 0.0318411 0.00775082 -0.032275 
v 0.0315345 0.00826036 -0.032275 
v 0.0311256 0.00869207 -0.032275 
v 0.0306334 0.00902579 -0.032275 
v 0.030081 0.00924589 -0.032275 
v 0.032031 0.00600496 -0.032275 
v 0.0305926 0.00810933 -0.032275 
v 0.00777087 -0.0062988 -0.032275 
v 0.00777087 -0.00689346 -0.032275 
v 0.00789871 -0.00747421 -0.032275 
v 0.00814839 -0.0080139 -0.032275 
v 0.00850826 -0.0084873 -0.032275 
v 0.00896149 -0.00887227 -0.032275 
v 0.00948687 -0.00915081 -0.032275 
v 0.0100599 -0.0093099 -0.032275 
v 0.00844311 -0.00690842 -0.032275 
v 0.0101967 -0.00921517 -0.032275 
v 0.033325 0 -0.034775 
v 0.0330117 0.0028806 -0.034775 
v 0.0329594 0.00303579 -0.034775 
v 0.031584 0.00646176 -0.034775 
v 0.031751 0.00618419 -0.034775 
v 0.0320865 0.00562651 -0.034775 
v 0.0318427 0.00603175 -0.034775 
v 0.0305926 0.00810933 -0.034775 
v 0.0291405 0.00964239 -0.034775 
v 0.0286 0.010213 -0.034775 
v 0.0262017 0.0118391 -0.034775 
v 0.0244895 0.0125213 -0.034775 
v 0.0235099 0.0129116 -0.034775 
v 0.0206505 0.0133803 -0.034775 
v 0.0179092 0.0132317 -0.034775 
v 0.0177571 0.0132235 -0.034775 
v 0.0149651 0.0124483 -0.034775 
v 0.0142947 0.0120928 -0.034775 
v 0.0124051 0.011091 -0.034775 
v 0.0107095 0.00965082 -0.034775 
v 0.0101967 0.00921517 -0.034775 
v 0.00844311 0.00690842 -0.034775 
v 0.00803752 0.00603175 -0.034775 
v 0.00823647 0.00646176 -0.034775 
v 0.00695287 0.00303579 -0.034775 
v 0.00722645 0.00427864 -0.034775 
v 0.00660355 0.00144879 -0.034775 
v 0.00660355 -0.00144879 -0.034775 
v 0.00695287 -0.00303579 -0.034775 
v 0.00722645 -0.00427864 -0.034775 
v 0.00823229 -0.00645273 -0.034775 
v 0.00844311 -0.00690842 -0.034775 
v 0.0101967 -0.00921517 -0.034775 
v 0.0107095 -0.00965082 -0.034775 
v 0.0118175 -0.0105919 -0.034775 
v 0.0124051 -0.011091 -0.034775 
v 0.0142947 -0.0120928 -0.034775 
v 0.0149651 -0.0124483 -0.034775 
v 0.0177571 -0.0132235 -0.034775 
v 0.0179092 -0.0132317 -0.034775 
v 0.0215478 -0.0133014 -0.034775 
v 0.0206505 -0.0133803 -0.034775 
v 0.0235099 -0.0129116 -0.034775 
v 0.0262017 -0.0118391 -0.034775 
v 0.0286 -0.010213 -0.034775 
v 0.0305926 -0.00810933 -0.034775 
v 0.0318692 -0.00607431 -0.034775 
v 0.0320865 -0.00562651 -0.034775 
v 0.0329594 -0.00303579 -0.034775 
v 0.0330117 -0.0028806 -0.034775 
v 0.0250292 -0.0108637 -0.034775 
v 0.0267085 -0.00968784 -0.034775 
v 0.02335 -0.0120395 -0.034775 
v 0.0283878 -0.008512 -0.034775 
v 0.0216707 -0.0132153 -0.034775 
v 0.030067 -0.00733617 -0.034775 
v 0.0250299 0.0165297 -0.00532528 
v 0.0250288 0.01653 -0.0053402 
v 0.0250208 0.0165325 -0.00544937 
v 0.0250483 0.016524 -0.00524764 
v 0.0250413 0.0165262 -0.00527725 
v 0.0250595 0.0165205 -0.0052216 
v 0.0250752 0.0165156 -0.00518474 
v 0.0250913 0.0165106 -0.00516086 
v 0.0250795 0.0165143 -0.00517836 
v 0.0251037 0.0165067 -0.00514232 
v 0.0251394 0.0164954 -0.00510625 
v 0.0251156 0.0165029 -0.00513031 
v 0.0251418 0.0164947 -0.00510467 
v 0.0251734 0.0164847 -0.005084 
v 0.0251831 0.0164816 -0.00507766 
v 0.025229 0.0164669 -0.00506025 
v 0.0252065 0.0164741 -0.00506877 
v 0.0252426 0.0164625 -0.00505823 
v 0.0252898 0.0164472 -0.00505117 
v 0.0253074 0.0164414 -0.00505042 
v 0.02529 0.0164471 -0.00505116 
v 0.025359 0.0164244 -0.00505557 
v 0.0253692 0.016421 -0.00505659 
v 0.025394 0.0164128 -0.00506431 
v 0.0254159 0.0164055 -0.00507114 
v 0.0254559 0.016392 -0.00509289 
v 0.0254326 0.0163999 -0.00508022 
v 0.0254862 0.0163818 -0.00511875 
v 0.0254601 0.0163906 -0.00509651 
v 0.0254933 0.0163794 -0.00512477 
v 0.0255122 0.0163729 -0.00514847 
v 0.0255263 0.0163681 -0.0051662 
v 0.0255488 0.0163604 -0.00520735 
v 0.0255359 0.0163648 -0.00518376 
v 0.025554 0.0163586 -0.00522185 
v 0.0255709 0.0163528 -0.00526993 
v 0.0255713 0.0163527 -0.00527248 
v 0.0255846 0.0163481 -0.00535506 
v 0.0255887 0.0163466 -0.00538069 
v 0.0255912 0.0163458 -0.00544937 
v 0.0255841 0.0163482 -0.00555544 
v 0.025583 0.0163486 -0.00557309 
v 0.0255721 0.0163524 -0.00562126 
v 0.0255648 0.0163549 -0.00565348 
v 0.0255395 0.0163636 -0.0057143 
v 0.0255551 0.0163582 -0.00567673 
v 0.0255366 0.0163646 -0.0057187 
v 0.0255241 0.0163689 -0.00573808 
v 0.0255142 0.0163723 -0.00575345 
v 0.0255006 0.0163769 -0.00576798 
v 0.0254811 0.0163835 -0.00578882 
v 0.0254415 0.0163969 -0.00581668 
v 0.0254721 0.0163866 -0.00579512 
v 0.0254398 0.0163975 -0.00581785 
v 0.0254067 0.0164086 -0.00583192 
v 0.0253932 0.0164131 -0.00583761 
v 0.0253707 0.0164205 -0.0058421 
v 0.025347 0.0164284 -0.00584683 
v 0.0253187 0.0164377 -0.00584868 
v 0.0253074 0.0164414 -0.00584943 
v 0.0252523 0.0164593 -0.00584369 
v 0.0252381 0.0164639 -0.0058422 
v 0.0252171 0.0164707 -0.00583526 
v 0.0251902 0.0164793 -0.00582639 
v 0.0251825 0.0164818 -0.00582194 
v 0.0251489 0.0164925 -0.00580267 
v 0.0251483 0.0164926 -0.00580221 
v 0.0251202 0.0165015 -0.00577706 
v 0.0251111 0.0165044 -0.00576891 
v 0.0250801 0.0165141 -0.00572701 
v 0.0250959 0.0165091 -0.00574829 
v 0.0250741 0.0165159 -0.00571663 
v 0.0250729 0.0165163 -0.00571369 
v 0.0250525 0.0165227 -0.00566724 
v 0.0250506 0.0165233 -0.00566275 
v 0.0250289 0.01653 -0.00557146 
v 0.0250358 0.0165279 -0.0056003 
v 0.0250248 0.0165313 -0.00550897 
v 0.0253385 0.0165365 -0.00584943 
v 0.0253464 0.0165338 -0.00584912 
v 0.0253499 0.0165327 -0.00584867 
v 0.0254022 0.0165154 -0.00584176 
v 0.0254173 0.0165104 -0.00583976 
v 0.0254386 0.0165033 -0.00583244 
v 0.0254494 0.0164997 -0.00582871 
v 0.0254729 0.0164918 -0.0058157 
v 0.0254929 0.0164851 -0.00580461 
v 0.0255272 0.0164735 -0.00577563 
v 0.0255041 0.0164813 -0.00579514 
v 0.0255331 0.0164715 -0.00576831 
v 0.0255571 0.0164633 -0.00573844 
v 0.0255588 0.0164627 -0.00573625 
v 0.0255747 0.0164573 -0.00570914 
v 0.0255691 0.0164592 -0.00571871 
v 0.0255877 0.0164528 -0.00567674 
v 0.0255987 0.016449 -0.00564915 
v 0.0256051 0.0164468 -0.00562135 
v 0.0256147 0.0164435 -0.00557965 
v 0.0256164 0.0164429 -0.0055554 
v 0.025624 0.0164402 -0.00544937 
v 0.0250584 0.0166255 -0.00534021 
v 0.0250596 0.0166252 -0.00532387 
v 0.0250556 0.0166264 -0.00550879 
v 0.0250503 0.016628 -0.00544937 
v 0.0250773 0.0166197 -0.00565414 
v 0.025064 0.0166238 -0.00560312 
v 0.0250828 0.016618 -0.00566696 
v 0.0250638 0.0166239 -0.00560074 
v 0.0251205 0.0166062 -0.00574319 
v 0.025104 0.0166114 -0.00571677 
v 0.0251252 0.0166047 -0.00574865 
v 0.0251027 0.0166118 -0.00571367 
v 0.0251786 0.0165879 -0.0058021 
v 0.0251546 0.0165955 -0.00578261 
v 0.0251501 0.0165969 -0.0057774 
v 0.0252129 0.016577 -0.00582181 
v 0.025181 0.0165872 -0.00580408 
v 0.0252477 0.0165659 -0.00583511 
v 0.025223 0.0165738 -0.00582741 
v 0.0252831 0.0165545 -0.00584416 
v 0.0252739 0.0165574 -0.00584329 
v 0.0250707 0.0166217 -0.00527721 
v 0.0256189 0.016442 -0.00535478 
v 0.0256193 0.0164419 -0.00535653 
v 0.0256026 0.0164476 -0.00527279 
v 0.0255898 0.016452 -0.00522752 
v 0.0255987 0.016449 -0.00525299 
v 0.0255869 0.016453 -0.00522176 
v 0.025568 0.0164595 -0.00518393 
v 0.0255453 0.0164673 -0.00514777 
v 0.0255605 0.0164621 -0.00516903 
v 0.025518 0.0164766 -0.00511907 
v 0.0255426 0.0164682 -0.00514412 
v 0.0254921 0.0164854 -0.00509669 
v 0.0255051 0.016481 -0.005106 
v 0.0254646 0.0164946 -0.00508005 
v 0.0254762 0.0164907 -0.00508543 
v 0.0254258 0.0165076 -0.00506347 
v 0.025433 0.0165052 -0.00506548 
v 0.0251454 0.0165984 -0.00513002 
v 0.0253904 0.0165193 -0.00505577 
v 0.0254029 0.0165152 -0.00505706 
v 0.0253211 0.0165421 -0.00505242 
v 0.0253385 0.0165365 -0.00505042 
v 0.0252368 0.0165694 -0.00506793 
v 0.0252649 0.0165604 -0.00505892 
v 0.0252732 0.0165577 -0.00505796 
v 0.0252037 0.0165799 -0.00508423 
v 0.0252304 0.0165714 -0.00506997 
v 0.0251725 0.0165899 -0.00510525 
v 0.0251872 0.0165852 -0.0050931 
v 0.0251519 0.0165964 -0.00512221 
v 0.0251092 0.0166098 -0.00517823 
v 0.0251191 0.0166067 -0.00516175 
v 0.0251203 0.0166063 -0.0051603 
v 0.0250891 0.016616 -0.00522156 
v 0.0251029 0.0166117 -0.00518867 
v 0.0250773 0.0166197 -0.00524962 
v 0.0252042 0.0165798 -0.00579641 
v 0.0252334 0.0165705 -0.00509122 
v 0.0205346 0.0172893 -0.00532528 
v 0.0205334 0.0172893 -0.0053402 
v 0.0205251 0.0172896 -0.00544937 
v 0.0205539 0.0172886 -0.00524764 
v 0.0205465 0.0172888 -0.00527725 
v 0.0205655 0.0172881 -0.0052216 
v 0.020582 0.0172875 -0.00518474 
v 0.0205988 0.0172869 -0.00516086 
v 0.0205865 0.0172873 -0.00517836 
v 0.0206119 0.0172864 -0.00514232 
v 0.0206493 0.0172848 -0.00510625 
v 0.0206243 0.0172859 -0.00513031 
v 0.0206518 0.0172847 -0.00510467 
v 0.0206849 0.0172833 -0.005084 
v 0.020695 0.0172829 -0.00507766 
v 0.0207432 0.0172806 -0.00506025 
v 0.0207196 0.0172817 -0.00506877 
v 0.0207574 0.0172799 -0.00505823 
v 0.020807 0.0172775 -0.00505117 
v 0.0208255 0.0172765 -0.00505042 
v 0.0208072 0.0172775 -0.00505116 
v 0.0208798 0.0172736 -0.00505557 
v 0.0208905 0.017273 -0.00505659 
v 0.0209166 0.0172715 -0.00506431 
v 0.0209397 0.0172702 -0.00507114 
v 0.0209818 0.0172677 -0.00509289 
v 0.0209572 0.0172692 -0.00508022 
v 0.0210137 0.0172657 -0.00511875 
v 0.0209862 0.0172674 -0.00509651 
v 0.0210212 0.0172652 -0.00512477 
v 0.0210411 0.017264 -0.00514847 
v 0.021056 0.017263 -0.0051662 
v 0.0210797 0.0172614 -0.00520735 
v 0.0210661 0.0172623 -0.00518376 
v 0.0210851 0.0172611 -0.00522185 
v 0.021103 0.0172598 -0.00526993 
v 0.0211035 0.0172598 -0.00527248 
v 0.0211175 0.0172589 -0.00535506 
v 0.0211218 0.0172586 -0.00538069 
v 0.0211245 0.0172584 -0.00544937 
v 0.021117 0.0172589 -0.00555544 
v 0.0211158 0.017259 -0.00557309 
v 0.0211043 0.0172598 -0.00562126 
v 0.0210966 0.0172603 -0.00565348 
v 0.0210699 0.0172621 -0.0057143 
v 0.0210864 0.017261 -0.00567673 
v 0.0210669 0.0172623 -0.0057187 
v 0.0210537 0.0172631 -0.00573808 
v 0.0210432 0.0172638 -0.00575345 
v 0.0210289 0.0172647 -0.00576798 
v 0.0210083 0.0172661 -0.00578882 
v 0.0209666 0.0172686 -0.00581668 
v 0.0209989 0.0172666 -0.00579512 
v 0.0209648 0.0172687 -0.00581785 
v 0.0209299 0.0172708 -0.00583192 
v 0.0209158 0.0172716 -0.00583761 
v 0.0208921 0.0172729 -0.0058421 
v 0.0208671 0.0172743 -0.00584683 
v 0.0208375 0.0172759 -0.00584868 
v 0.0208255 0.0172765 -0.00584943 
v 0.0207677 0.0172794 -0.00584369 
v 0.0207527 0.0172802 -0.0058422 
v 0.0207307 0.0172812 -0.00583526 
v 0.0207025 0.0172825 -0.00582639 
v 0.0206944 0.0172829 -0.00582194 
v 0.0206592 0.0172844 -0.00580267 
v 0.0206586 0.0172844 -0.00580221 
v 0.0206292 0.0172857 -0.00577706 
v 0.0206196 0.017286 -0.00576891 
v 0.0205872 0.0172873 -0.00572701 
v 0.0206036 0.0172867 -0.00574829 
v 0.0205809 0.0172876 -0.00571663 
v 0.0205796 0.0172876 -0.00571369 
v 0.0205583 0.0172884 -0.00566724 
v 0.0205562 0.0172885 -0.00566275 
v 0.0205336 0.0172893 -0.00557146 
v 0.0205407 0.017289 -0.0056003 
v 0.0205293 0.0172894 -0.00550897 
v 0.0208307 0.0173764 -0.00584943 
v 0.0208391 0.017376 -0.00584912 
v 0.0208427 0.0173758 -0.00584867 
v 0.0208977 0.0173728 -0.00584176 
v 0.0209136 0.0173719 -0.00583976 
v 0.020936 0.0173706 -0.00583244 
v 0.0209474 0.0173699 -0.00582871 
v 0.0209721 0.0173684 -0.0058157 
v 0.0209932 0.0173672 -0.00580461 
v 0.0210293 0.0173649 -0.00577563 
v 0.021005 0.0173664 -0.00579514 
v 0.0210355 0.0173645 -0.00576831 
v 0.0210608 0.0173629 -0.00573844 
v 0.0210627 0.0173628 -0.00573625 
v 0.0210794 0.0173617 -0.00570914 
v 0.0210735 0.0173621 -0.00571871 
v 0.0210931 0.0173607 -0.00567674 
v 0.0211048 0.01736 -0.00564915 
v 0.0211115 0.0173595 -0.00562135 
v 0.0211216 0.0173588 -0.00557965 
v 0.0211234 0.0173587 -0.0055554 
v 0.0211314 0.0173581 -0.00544937 
v 0.0205371 0.0173892 -0.00534021 
v 0.0205383 0.0173892 -0.00532387 
v 0.0205341 0.0173893 -0.00550879 
v 0.0205286 0.0173895 -0.00544937 
v 0.0205569 0.0173885 -0.00565414 
v 0.0205429 0.017389 -0.00560312 
v 0.0205626 0.0173883 -0.00566696 
v 0.0205427 0.017389 -0.00560074 
v 0.0206021 0.0173868 -0.00574319 
v 0.0205848 0.0173875 -0.00571677 
v 0.020607 0.0173866 -0.00574865 
v 0.0205834 0.0173875 -0.00571367 
v 0.0206629 0.0173843 -0.0058021 
v 0.0206378 0.0173854 -0.00578261 
v 0.020633 0.0173856 -0.0057774 
v 0.0206989 0.0173828 -0.00582181 
v 0.0206655 0.0173842 -0.00580408 
v 0.0207354 0.0173811 -0.00583511 
v 0.0207094 0.0173823 -0.00582741 
v 0.0207725 0.0173793 -0.00584416 
v 0.0207629 0.0173798 -0.00584329 
v 0.0205499 0.0173888 -0.00527721 
v 0.0211261 0.0173585 -0.00535478 
v 0.0211264 0.0173585 -0.00535653 
v 0.0211088 0.0173597 -0.00527279 
v 0.0210954 0.0173606 -0.00522752 
v 0.0211047 0.01736 -0.00525299 
v 0.0210923 0.0173608 -0.00522176 
v 0.0210723 0.0173621 -0.00518393 
v 0.0210484 0.0173637 -0.00514777 
v 0.0210645 0.0173626 -0.00516903 
v 0.0210196 0.0173655 -0.00511907 
v 0.0210456 0.0173639 -0.00514412 
v 0.0209923 0.0173672 -0.00509669 
v 0.0210061 0.0173664 -0.005106 
v 0.0209634 0.017369 -0.00508005 
v 0.0209756 0.0173683 -0.00508543 
v 0.0209226 0.0173714 -0.00506347 
v 0.0209302 0.0173709 -0.00506548 
v 0.0208853 0.0173735 -0.00505577 
v 0.0208985 0.0173727 -0.00505706 
v 0.0208125 0.0173773 -0.00505242 
v 0.0208307 0.0173764 -0.00505042 
v 0.0207622 0.0173798 -0.00505796 
v 0.0207239 0.0173816 -0.00506793 
v 0.0207535 0.0173803 -0.00505892 
v 0.0206893 0.0173832 -0.00508423 
v 0.0207172 0.017382 -0.00506997 
v 0.0206565 0.0173846 -0.00510525 
v 0.0206719 0.017384 -0.0050931 
v 0.0206282 0.0173858 -0.00513002 
v 0.020635 0.0173855 -0.00512221 
v 0.0205902 0.0173873 -0.00517823 
v 0.0206006 0.0173869 -0.00516175 
v 0.0206019 0.0173868 -0.0051603 
v 0.0205691 0.0173881 -0.00522156 
v 0.0205836 0.0173875 -0.00518867 
v 0.0205568 0.0173885 -0.00524962 
v 0.0206898 0.0173832 -0.00579641 
v 0.0206561 0.0173846 -0.00516759 
v 0.0188406 0.017266 -0.00532528 
v 0.0188395 0.0172659 -0.0053402 
v 0.0188312 0.0172654 -0.00544937 
v 0.0188599 0.0172672 -0.00524764 
v 0.0188526 0.0172667 -0.00527725 
v 0.0188716 0.0172679 -0.0052216 
v 0.0188881 0.0172689 -0.00518474 
v 0.0189048 0.0172699 -0.00516086 
v 0.0188926 0.0172692 -0.00517836 
v 0.0189179 0.0172707 -0.00514232 
v 0.0189552 0.0172728 -0.00510625 
v 0.0189303 0.0172714 -0.00513031 
v 0.0189577 0.0172729 -0.00510467 
v 0.0189908 0.0172747 -0.005084 
v 0.019001 0.0172753 -0.00507766 
v 0.0190491 0.0172778 -0.00506025 
v 0.0190256 0.0172766 -0.00506877 
v 0.0190634 0.0172785 -0.00505823 
v 0.0191129 0.0172809 -0.00505117 
v 0.0191314 0.0172818 -0.00505042 
v 0.0191132 0.0172809 -0.00505116 
v 0.0191857 0.0172842 -0.00505557 
v 0.0191964 0.0172847 -0.00505659 
v 0.0192226 0.0172857 -0.00506431 
v 0.0192457 0.0172867 -0.00507114 
v 0.0192878 0.0172883 -0.00509289 
v 0.0192633 0.0172873 -0.00508022 
v 0.0193198 0.0172894 -0.00511875 
v 0.0192923 0.0172884 -0.00509651 
v 0.0193273 0.0172897 -0.00512477 
v 0.0193472 0.0172903 -0.00514847 
v 0.0193622 0.0172908 -0.0051662 
v 0.0193859 0.0172916 -0.00520735 
v 0.0193723 0.0172912 -0.00518376 
v 0.0193913 0.0172918 -0.00522185 
v 0.0194093 0.0172923 -0.00526993 
v 0.0194097 0.0172923 -0.00527248 
v 0.0194237 0.0172927 -0.00535506 
v 0.0194281 0.0172929 -0.00538069 
v 0.0194308 0.0172929 -0.00544937 
v 0.0194233 0.0172927 -0.00555544 
v 0.019422 0.0172927 -0.00557309 
v 0.0194105 0.0172923 -0.00562126 
v 0.0194028 0.0172921 -0.00565348 
v 0.0193761 0.0172913 -0.0057143 
v 0.0193926 0.0172918 -0.00567673 
v 0.0193731 0.0172912 -0.0057187 
v 0.0193598 0.0172908 -0.00573808 
v 0.0193494 0.0172904 -0.00575345 
v 0.019335 0.0172899 -0.00576798 
v 0.0193144 0.0172892 -0.00578882 
v 0.0192726 0.0172877 -0.00581668 
v 0.0193049 0.0172889 -0.00579512 
v 0.0192709 0.0172876 -0.00581785 
v 0.0192359 0.0172863 -0.00583192 
v 0.0192218 0.0172857 -0.00583761 
v 0.019198 0.0172847 -0.0058421 
v 0.019173 0.0172837 -0.00584683 
v 0.0191434 0.0172823 -0.00584868 
v 0.0191314 0.0172818 -0.00584943 
v 0.0190736 0.017279 -0.00584369 
v 0.0190586 0.0172783 -0.0058422 
v 0.0190366 0.0172772 -0.00583526 
v 0.0190084 0.0172757 -0.00582639 
v 0.0190003 0.0172753 -0.00582194 
v 0.0189651 0.0172734 -0.00580267 
v 0.0189646 0.0172733 -0.00580221 
v 0.0189351 0.0172716 -0.00577706 
v 0.0189256 0.0172711 -0.00576891 
v 0.0188932 0.0172692 -0.00572701 
v 0.0189096 0.0172702 -0.00574829 
v 0.0188869 0.0172688 -0.00571663 
v 0.0188856 0.0172687 -0.00571369 
v 0.0188643 0.0172675 -0.00566724 
v 0.0188623 0.0172673 -0.00566275 
v 0.0188397 0.0172659 -0.00557146 
v 0.0188468 0.0172664 -0.0056003 
v 0.0188353 0.0172656 -0.00550897 
v 0.0191268 0.0173817 -0.00584943 
v 0.0191352 0.0173821 -0.00584912 
v 0.0191389 0.0173822 -0.00584867 
v 0.0191939 0.0173846 -0.00584176 
v 0.0192098 0.0173853 -0.00583976 
v 0.0192322 0.0173862 -0.00583244 
v 0.0192436 0.0173867 -0.00582871 
v 0.0192684 0.0173876 -0.0058157 
v 0.0192894 0.0173884 -0.00580461 
v 0.0193256 0.0173897 -0.00577563 
v 0.0193013 0.0173888 -0.00579514 
v 0.0193318 0.0173899 -0.00576831 
v 0.0193572 0.0173907 -0.00573844 
v 0.019359 0.0173908 -0.00573625 
v 0.0193757 0.0173913 -0.00570914 
v 0.0193698 0.0173911 -0.00571871 
v 0.0193895 0.0173918 -0.00567674 
v 0.0194012 0.0173921 -0.00564915 
v 0.0194079 0.0173923 -0.00562135 
v 0.0194181 0.0173926 -0.00557965 
v 0.0194199 0.0173927 -0.0055554 
v 0.0194279 0.0173929 -0.00544937 
v 0.0188333 0.0173657 -0.00534021 
v 0.0188346 0.0173658 -0.00532387 
v 0.0188304 0.0173655 -0.00550879 
v 0.0188249 0.0173652 -0.00544937 
v 0.0188531 0.017367 -0.00565414 
v 0.0188392 0.0173661 -0.00560312 
v 0.0188588 0.0173673 -0.00566696 
v 0.018839 0.0173661 -0.00560074 
v 0.0188983 0.0173697 -0.00574319 
v 0.018881 0.0173687 -0.00571677 
v 0.0189032 0.01737 -0.00574865 
v 0.0188796 0.0173686 -0.00571367 
v 0.0189591 0.0173732 -0.0058021 
v 0.0189339 0.0173718 -0.00578261 
v 0.0189292 0.0173715 -0.0057774 
v 0.018995 0.0173751 -0.00582181 
v 0.0189616 0.0173733 -0.00580408 
v 0.0190315 0.017377 -0.00583511 
v 0.0190056 0.0173757 -0.00582741 
v 0.0190686 0.0173789 -0.00584416 
v 0.019059 0.0173784 -0.00584329 
v 0.0188462 0.0173665 -0.00527721 
v 0.0194225 0.0173927 -0.00535478 
v 0.0194229 0.0173928 -0.00535653 
v 0.0194053 0.0173922 -0.00527279 
v 0.0193918 0.0173918 -0.00522752 
v 0.0194011 0.0173921 -0.00525299 
v 0.0193887 0.0173917 -0.00522176 
v 0.0193687 0.0173911 -0.00518393 
v 0.0193447 0.0173903 -0.00514777 
v 0.0193608 0.0173909 -0.00516903 
v 0.0193159 0.0173893 -0.00511907 
v 0.0193419 0.0173902 -0.00514412 
v 0.0192886 0.0173884 -0.00509669 
v 0.0193024 0.0173889 -0.005106 
v 0.0192596 0.0173873 -0.00508005 
v 0.0192719 0.0173877 -0.00508543 
v 0.0192188 0.0173857 -0.00506347 
v 0.0192263 0.017386 -0.00506548 
v 0.0189244 0.0173712 -0.00513002 
v 0.0191814 0.0173841 -0.00505577 
v 0.0191946 0.0173847 -0.00505706 
v 0.0191086 0.0173808 -0.00505242 
v 0.0191268 0.0173817 -0.00505042 
v 0.01902 0.0173764 -0.00506793 
v 0.0190496 0.017378 -0.00505892 
v 0.0190583 0.0173784 -0.00505796 
v 0.0189854 0.0173746 -0.00508423 
v 0.0190134 0.0173761 -0.00506997 
v 0.0189527 0.0173728 -0.00510525 
v 0.0189681 0.0173737 -0.0050931 
v 0.0189311 0.0173716 -0.00512221 
v 0.0188864 0.017369 -0.00517823 
v 0.0188968 0.0173696 -0.00516175 
v 0.0188981 0.0173697 -0.0051603 
v 0.0188654 0.0173677 -0.00522156 
v 0.0188798 0.0173686 -0.00518867 
v 0.0188531 0.017367 -0.00524962 
v 0.0189637 0.0173734 -0.00575556 
v 0.0190165 0.0173763 -0.00509122 
v 0.0177243 0.0171595 -0.00572875 
v 0.0177243 0.0171595 -0.00512699 
v 0.0178211 0.0171715 -0.00508994 
v 0.0178418 0.0171741 -0.00508201 
v 0.0178827 0.017179 -0.00507476 
v 0.0179004 0.0171811 -0.00507162 
v 0.0179629 0.0171884 -0.00506827 
v 0.0179666 0.0171888 -0.00506818 
v 0.0179383 0.0171855 -0.00506889 
v 0.0180219 0.017195 -0.0050733 
v 0.0180322 0.0171961 -0.00507426 
v 0.0180817 0.0172015 -0.00508856 
v 0.0180593 0.0171991 -0.0050821 
v 0.0180939 0.0172028 -0.0050951 
v 0.0181302 0.0172066 -0.00511441 
v 0.0181288 0.0172065 -0.00511365 
v 0.0181704 0.0172108 -0.00514831 
v 0.0181593 0.0172096 -0.00513897 
v 0.0182042 0.0172142 -0.00519128 
v 0.0181861 0.0172124 -0.00516832 
v 0.0182334 0.0172171 -0.00524994 
v 0.0182112 0.0172149 -0.00520356 
v 0.0182351 0.0172173 -0.00525348 
v 0.0182093 0.0172147 -0.00519946 
v 0.0182515 0.0172189 -0.00531611 
v 0.0182591 0.0172196 -0.00534528 
v 0.0182681 0.0172205 -0.0054674 
v 0.0182632 0.01722 -0.00540161 
v 0.0182605 0.0172197 -0.00558909 
v 0.0182448 0.0172182 -0.00566161 
v 0.0182593 0.0172196 -0.00559499 
v 0.0182417 0.0172179 -0.00567594 
v 0.0182269 0.0172165 -0.00571135 
v 0.0182178 0.0172156 -0.00573335 
v 0.0181917 0.0172129 -0.00577294 
v 0.018208 0.0172146 -0.00574821 
v 0.0181676 0.0172105 -0.00579736 
v 0.0181885 0.0172126 -0.00577617 
v 0.0181637 0.0172101 -0.00580138 
v 0.0181458 0.0172083 -0.00581329 
v 0.0181316 0.0172068 -0.00582279 
v 0.0180937 0.0172028 -0.00583853 
v 0.0181184 0.0172054 -0.00582828 
v 0.0180529 0.0171984 -0.00584692 
v 0.0180578 0.0171989 -0.00584591 
v 0.0180881 0.0172022 -0.00583968 
v 0.0180135 0.0171941 -0.00584943 
v 0.0179585 0.0171878 -0.00584314 
v 0.0179393 0.0171857 -0.00584095 
v 0.0179087 0.0171821 -0.0058304 
v 0.017862 0.0171766 -0.00581428 
v 0.0178156 0.0171709 -0.00578893 
v 0.017788 0.0171675 -0.00577383 
v 0.0178533 0.0171755 -0.00580954 
v 0.0177735 0.0171657 -0.0057644 
v 0.0180024 0.0172935 -0.00584943 
v 0.0180298 0.0172965 -0.0058481 
v 0.0180469 0.0172983 -0.00584512 
v 0.0180775 0.0173016 -0.00583977 
v 0.018081 0.017302 -0.00583917 
v 0.0181082 0.0173049 -0.00582887 
v 0.0181117 0.0173053 -0.00582753 
v 0.0181356 0.0173077 -0.00581331 
v 0.0181468 0.0173089 -0.00580663 
v 0.0181572 0.01731 -0.00579701 
v 0.0181767 0.0173119 -0.00577883 
v 0.0181985 0.0173141 -0.00574851 
v 0.0181785 0.0173121 -0.00577629 
v 0.0182021 0.0173145 -0.00574356 
v 0.018211 0.0173154 -0.00572742 
v 0.0182173 0.017316 -0.00571144 
v 0.0182346 0.0173177 -0.00566704 
v 0.0182359 0.0173178 -0.00566178 
v 0.0182471 0.0173189 -0.00561354 
v 0.0182585 0.01732 -0.0054674 
v 0.0182485 0.017319 -0.00559496 
v 0.0177115 0.0172586 -0.00512699 
v 0.0178032 0.0172701 -0.0057893 
v 0.0177919 0.0172687 -0.00578375 
v 0.0178419 0.0172748 -0.0058083 
v 0.0178967 0.0172814 -0.00583152 
v 0.0178771 0.0172791 -0.00582558 
v 0.0179472 0.0172872 -0.00584306 
v 0.0179269 0.0172849 -0.00584073 
v 0.0182559 0.0173198 -0.00540143 
v 0.0182414 0.0173184 -0.005316 
v 0.0182558 0.0173198 -0.0053986 
v 0.0181181 0.0173059 -0.005114 
v 0.0182237 0.0173166 -0.00524987 
v 0.0182363 0.0173179 -0.00528675 
v 0.0182002 0.0173143 -0.00520419 
v 0.0182223 0.0173165 -0.00524593 
v 0.0181768 0.0173119 -0.00516778 
v 0.0181898 0.0173133 -0.00518467 
v 0.0181489 0.0173091 -0.00513913 
v 0.0181692 0.0173112 -0.00515806 
v 0.0181307 0.0173072 -0.00512214 
v 0.0180834 0.0173023 -0.0050952 
v 0.0181008 0.0173041 -0.00510274 
v 0.0180488 0.0172985 -0.00508116 
v 0.0180543 0.0172991 -0.0050826 
v 0.0180109 0.0172944 -0.00507368 
v 0.0180258 0.017296 -0.00507515 
v 0.0179515 0.0172877 -0.00506841 
v 0.0179553 0.0172882 -0.00506818 
v 0.0178708 0.0172783 -0.00507448 
v 0.0178776 0.0172791 -0.00507296 
v 0.0178083 0.0172708 -0.00508851 
v 0.0178037 0.0172702 -0.00508954 
v 0.0177115 0.0172586 -0.00572875 
v 0.0181798 0.0173123 -0.005215 
v 0.0209713 0.0172683 -0.00847838 
v 0.0209607 0.017269 -0.00858564 
v 0.0209748 0.0172681 -0.00844403 
v 0.0210197 0.0172653 -0.00830193 
v 0.0209979 0.0172667 -0.00837071 
v 0.0210819 0.0172613 -0.00819081 
v 0.021038 0.0172641 -0.0082692 
v 0.0211676 0.0172553 -0.00809179 
v 0.0211558 0.0172561 -0.00810546 
v 0.0210911 0.0172606 -0.0081802 
v 0.0212226 0.0172512 -0.00804947 
v 0.0212585 0.0172485 -0.0080218 
v 0.0213005 0.0172452 -0.00800126 
v 0.0213661 0.0172399 -0.00796914 
v 0.0214834 0.0172297 -0.00793929 
v 0.02147 0.0172308 -0.00794268 
v 0.0213819 0.0172385 -0.00796513 
v 0.021565 0.0172221 -0.0079332 
v 0.0215774 0.0172209 -0.00793228 
v 0.0216798 0.0172107 -0.00794226 
v 0.0217101 0.0172077 -0.0079452 
v 0.0217674 0.0172015 -0.00796259 
v 0.0218202 0.0171959 -0.00797862 
v 0.0218463 0.0171929 -0.00799255 
v 0.0219169 0.0171849 -0.00803034 
v 0.021918 0.0171848 -0.00803128 
v 0.0219841 0.017177 -0.00808651 
v 0.0220057 0.0171744 -0.0081046 
v 0.0220452 0.0171696 -0.00815074 
v 0.0220545 0.0171684 -0.00816163 
v 0.0221171 0.0171606 -0.00826559 
v 0.0220935 0.0171635 -0.0082265 
v 0.0221338 0.0171584 -0.00831166 
v 0.0221603 0.017155 -0.00838453 
v 0.0221633 0.0171546 -0.00840306 
v 0.0221825 0.0171521 -0.00852154 
v 0.0221806 0.0171523 -0.00850979 
v 0.0221844 0.0171518 -0.00857527 
v 0.0221844 0.0171518 -0.00858305 
v 0.0221738 0.0171532 -0.00869031 
v 0.0221704 0.0171537 -0.00872466 
v 0.0221258 0.0171594 -0.00886677 
v 0.0221474 0.0171566 -0.00879798 
v 0.0220639 0.0171673 -0.00897788 
v 0.0221076 0.0171617 -0.00889949 
v 0.0219787 0.0171777 -0.0090769 
v 0.0219904 0.0171762 -0.00906323 
v 0.0220548 0.0171684 -0.0089885 
v 0.0219239 0.0171841 -0.00911922 
v 0.0218881 0.0171883 -0.00914689 
v 0.0218463 0.0171929 -0.00916743 
v 0.0217809 0.0172002 -0.00919954 
v 0.0216638 0.0172124 -0.0092294 
v 0.0216771 0.017211 -0.009226 
v 0.0217651 0.0172018 -0.00920356 
v 0.0215822 0.0172204 -0.00923548 
v 0.0215697 0.0172216 -0.00923641 
v 0.0214673 0.017231 -0.00922643 
v 0.021437 0.0172338 -0.00922349 
v 0.0213796 0.0172387 -0.00920609 
v 0.0213266 0.0172431 -0.00919006 
v 0.0213005 0.0172452 -0.00917613 
v 0.0212296 0.0172507 -0.00913834 
v 0.0212285 0.0172508 -0.00913741 
v 0.0211621 0.0172557 -0.00908218 
v 0.0211404 0.0172573 -0.00906409 
v 0.0211008 0.01726 -0.00901795 
v 0.0210914 0.0172606 -0.00900707 
v 0.0210284 0.0172648 -0.00890311 
v 0.0210521 0.0172632 -0.00894219 
v 0.0210116 0.0172658 -0.00885703 
v 0.0209849 0.0172675 -0.00878418 
v 0.0209819 0.0172677 -0.00876563 
v 0.0209626 0.0172689 -0.00864717 
v 0.0209645 0.0172687 -0.00865891 
v 0.0209607 0.017269 -0.00859342 
v 0.0221975 0.017251 -0.00857527 
v 0.0221975 0.017251 -0.00858305 
v 0.0213086 0.0173448 -0.00917567 
v 0.0212471 0.0173497 -0.00914479 
v 0.0212366 0.0173505 -0.00913659 
v 0.0213876 0.0173384 -0.00920727 
v 0.0213473 0.0173418 -0.00919508 
v 0.0214763 0.0173306 -0.00922524 
v 0.0214307 0.0173347 -0.00922029 
v 0.0215918 0.01732 -0.00923602 
v 0.0215792 0.0173212 -0.00923641 
v 0.0211685 0.0173555 -0.00908302 
v 0.021687 0.0173104 -0.00922411 
v 0.0216178 0.0173175 -0.00923519 
v 0.0217755 0.0173013 -0.00920339 
v 0.0217417 0.0173049 -0.00921534 
v 0.0218575 0.0172923 -0.00916793 
v 0.021827 0.0172957 -0.00918521 
v 0.0219366 0.0172833 -0.00912074 
v 0.0219285 0.0172843 -0.00912761 
v 0.0220665 0.0172677 -0.00898801 
v 0.022007 0.017275 -0.00906094 
v 0.0220034 0.0172754 -0.009064 
v 0.0221201 0.017261 -0.00890531 
v 0.0220842 0.0172655 -0.00896626 
v 0.022122 0.0172607 -0.00890058 
v 0.0221628 0.0172555 -0.00879867 
v 0.0221869 0.0172524 -0.00869032 
v 0.0221837 0.0172528 -0.00872321 
v 0.0221691 0.0172547 -0.00878296 
v 0.0221916 0.0172517 -0.00850989 
v 0.0221771 0.0172536 -0.00840297 
v 0.0221853 0.0172526 -0.00843914 
v 0.0221462 0.0172576 -0.0083119 
v 0.0221711 0.0172544 -0.00837668 
v 0.0221075 0.0172626 -0.00822566 
v 0.0221232 0.0172606 -0.0082522 
v 0.022056 0.017269 -0.00815199 
v 0.0220823 0.0172657 -0.00818324 
v 0.0219968 0.0172762 -0.00808567 
v 0.0220064 0.0172751 -0.00809325 
v 0.0219289 0.0172842 -0.0080321 
v 0.0211589 0.0173562 -0.00907544 
v 0.0218572 0.0172923 -0.00799302 
v 0.0219185 0.0172854 -0.0080239 
v 0.0217784 0.017301 -0.00796142 
v 0.0218186 0.0172966 -0.00797361 
v 0.0216898 0.0173101 -0.00794344 
v 0.0217354 0.0173056 -0.00794839 
v 0.0215745 0.0173216 -0.00793267 
v 0.021587 0.0173204 -0.00793228 
v 0.0214791 0.0173303 -0.00794458 
v 0.0215484 0.0173241 -0.00793349 
v 0.0213905 0.0173381 -0.0079653 
v 0.0214244 0.0173353 -0.00795334 
v 0.0213083 0.0173449 -0.00800076 
v 0.0213389 0.0173425 -0.00798347 
v 0.021229 0.0173511 -0.00804795 
v 0.0212371 0.0173505 -0.00804108 
v 0.0211619 0.017356 -0.00810469 
v 0.0210985 0.0173604 -0.00818068 
v 0.0211583 0.0173562 -0.00810774 
v 0.0210445 0.0173639 -0.00826338 
v 0.0210806 0.0173616 -0.00820242 
v 0.0210426 0.0173641 -0.00826811 
v 0.0209773 0.0173682 -0.00847837 
v 0.0209805 0.017368 -0.00844548 
v 0.0209953 0.0173671 -0.00838573 
v 0.0210016 0.0173667 -0.00837002 
v 0.0209667 0.0173688 -0.00859342 
v 0.0209667 0.0173688 -0.00858564 
v 0.0209725 0.0173684 -0.0086588 
v 0.021109 0.0173596 -0.00901669 
v 0.0209872 0.0173675 -0.00876572 
v 0.0209789 0.0173681 -0.00872957 
v 0.0210183 0.0173656 -0.00885679 
v 0.0209932 0.0173672 -0.00879202 
v 0.0210573 0.0173631 -0.00894303 
v 0.0210415 0.0173641 -0.0089165 
v 0.0210825 0.0173615 -0.00898545 
v 0.0213225 0.0173438 -0.00915413 
v 0.0210408 0.0173642 -0.00883775 
v 0.0162921 0.0169143 -0.00847838 
v 0.0162817 0.016912 -0.00858564 
v 0.0162955 0.016915 -0.00844403 
v 0.0163395 0.0169244 -0.00830192 
v 0.0163182 0.0169198 -0.0083707 
v 0.0164005 0.0169372 -0.0081908 
v 0.0163575 0.0169281 -0.00826919 
v 0.0164847 0.0169545 -0.00809179 
v 0.016473 0.0169521 -0.00810546 
v 0.0164095 0.016939 -0.00818019 
v 0.0165387 0.0169653 -0.00804946 
v 0.0165741 0.0169724 -0.0080218 
v 0.0166154 0.0169804 -0.00800126 
v 0.01668 0.0169929 -0.00796914 
v 0.0167957 0.0170146 -0.00793929 
v 0.0167825 0.0170122 -0.00794268 
v 0.0166956 0.0169959 -0.00796513 
v 0.0168764 0.0170292 -0.0079332 
v 0.0168887 0.0170315 -0.00793228 
v 0.0169889 0.0170489 -0.00794215 
v 0.0170185 0.0170541 -0.00794507 
v 0.0170755 0.0170636 -0.00796252 
v 0.017127 0.0170722 -0.00797828 
v 0.0171529 0.0170764 -0.00799223 
v 0.0172228 0.0170877 -0.00802986 
v 0.0172308 0.0170889 -0.00803656 
v 0.0172965 0.0170991 -0.00809178 
v 0.0173109 0.0171014 -0.00810394 
v 0.0173493 0.0171072 -0.00814962 
v 0.0173637 0.0171094 -0.00816675 
v 0.0174252 0.0171184 -0.00827187 
v 0.0173979 0.0171144 -0.00822528 
v 0.0174386 0.0171204 -0.0083103 
v 0.0174671 0.0171245 -0.00839173 
v 0.0174687 0.0171247 -0.0084019 
v 0.0174847 0.017127 -0.00850886 
v 0.017488 0.0171275 -0.0085305 
v 0.0174894 0.0171277 -0.00857527 
v 0.0174894 0.0171277 -0.00858305 
v 0.0174788 0.0171262 -0.00869031 
v 0.0174754 0.0171257 -0.00872466 
v 0.0174308 0.0171193 -0.00886677 
v 0.0174524 0.0171224 -0.00879798 
v 0.0173692 0.0171102 -0.00897788 
v 0.0174127 0.0171166 -0.00889949 
v 0.0172842 0.0170973 -0.0090769 
v 0.017296 0.017099 -0.00906323 
v 0.0173601 0.0171088 -0.0089885 
v 0.0172298 0.0170887 -0.00911922 
v 0.0171942 0.0170831 -0.00914689 
v 0.0171526 0.0170763 -0.00916742 
v 0.0170877 0.0170657 -0.00919954 
v 0.0169716 0.017046 -0.0092294 
v 0.0169848 0.0170483 -0.009226 
v 0.017072 0.0170631 -0.00920356 
v 0.0168908 0.0170318 -0.00923548 
v 0.0168785 0.0170297 -0.00923641 
v 0.0167775 0.0170112 -0.00922646 
v 0.0167478 0.0170057 -0.00922353 
v 0.0166914 0.016995 -0.00920623 
v 0.0166396 0.0169852 -0.00919034 
v 0.016614 0.0169802 -0.00917649 
v 0.0165448 0.0169666 -0.00913901 
v 0.0165437 0.0169663 -0.00913806 
v 0.0164789 0.0169533 -0.00908325 
v 0.0164577 0.016949 -0.0090653 
v 0.0164194 0.0169411 -0.00901922 
v 0.0164053 0.0169382 -0.0090023 
v 0.016345 0.0169255 -0.00889775 
v 0.0163718 0.0169312 -0.00894423 
v 0.0163318 0.0169227 -0.00885956 
v 0.0163037 0.0169168 -0.00877831 
v 0.0163022 0.0169164 -0.00876823 
v 0.0162863 0.016913 -0.00866108 
v 0.0162831 0.0169123 -0.00863954 
v 0.0162817 0.016912 -0.00859342 
v 0.0174753 0.0172267 -0.00858305 
v 0.0174753 0.0172267 -0.00857527 
v 0.017282 0.0171981 -0.0080909 
v 0.0165951 0.0170783 -0.00917603 
v 0.0165335 0.0170663 -0.00914445 
v 0.0165247 0.0170645 -0.00913735 
v 0.0166725 0.0170932 -0.00920695 
v 0.016632 0.0170856 -0.00919496 
v 0.0167593 0.0171095 -0.00922621 
v 0.0167262 0.0171034 -0.00922288 
v 0.0168733 0.0171303 -0.00923602 
v 0.0168609 0.0171281 -0.00923641 
v 0.0169676 0.0171467 -0.00922411 
v 0.0168991 0.0171349 -0.00923519 
v 0.0170554 0.0171617 -0.00920339 
v 0.0170218 0.0171561 -0.00921534 
v 0.0171367 0.0171751 -0.00916792 
v 0.0171064 0.0171702 -0.00918521 
v 0.0172153 0.0171877 -0.00912074 
v 0.0172072 0.0171864 -0.00912761 
v 0.0173446 0.0172076 -0.00898801 
v 0.0172853 0.0171986 -0.00906094 
v 0.0172817 0.017198 -0.009064 
v 0.0173981 0.0172155 -0.00890531 
v 0.0173623 0.0172102 -0.00896626 
v 0.0174 0.0172158 -0.00890058 
v 0.0174406 0.0172217 -0.00879867 
v 0.0174647 0.0172252 -0.00869032 
v 0.0174615 0.0172247 -0.00872321 
v 0.0174469 0.0172226 -0.00878296 
v 0.0174695 0.0172259 -0.00850886 
v 0.0174547 0.0172238 -0.00840191 
v 0.0174637 0.017225 -0.00844196 
v 0.0174236 0.0172192 -0.00831062 
v 0.0174498 0.017223 -0.00837963 
v 0.0173848 0.0172136 -0.00822441 
v 0.0174023 0.0172162 -0.00825443 
v 0.0173332 0.0172058 -0.00815068 
v 0.017362 0.0172102 -0.00818525 
v 0.0172865 0.0171988 -0.00809462 
v 0.016447 0.0170489 -0.00907475 
v 0.0164003 0.0170392 -0.00901818 
v 0.0164584 0.0170512 -0.00908393 
v 0.0171373 0.0171752 -0.00799141 
v 0.0172098 0.0171869 -0.00803166 
v 0.0170589 0.0171622 -0.00796294 
v 0.0171234 0.017173 -0.00798365 
v 0.0169719 0.0171475 -0.00794249 
v 0.017006 0.0171534 -0.00794595 
v 0.0168587 0.0171277 -0.00793267 
v 0.0168711 0.0171299 -0.00793228 
v 0.0167646 0.0171105 -0.00794458 
v 0.016833 0.0171231 -0.00793349 
v 0.0166771 0.0170941 -0.0079653 
v 0.0167105 0.0171005 -0.00795334 
v 0.0165962 0.0170785 -0.00800076 
v 0.0166262 0.0170844 -0.00798347 
v 0.016518 0.0170632 -0.00804794 
v 0.016526 0.0170648 -0.00804107 
v 0.0164521 0.0170499 -0.00810469 
v 0.0163898 0.0170371 -0.00818068 
v 0.0164486 0.0170492 -0.00810774 
v 0.0163369 0.017026 -0.00826337 
v 0.0163723 0.0170335 -0.00820242 
v 0.0163351 0.0170256 -0.00826811 
v 0.016271 0.017012 -0.00847837 
v 0.0162742 0.0170127 -0.00844548 
v 0.0162887 0.0170158 -0.00838573 
v 0.0162949 0.0170171 -0.00837002 
v 0.0162606 0.0170098 -0.00859342 
v 0.0162606 0.0170098 -0.00858564 
v 0.0162665 0.017011 -0.00866107 
v 0.016281 0.0170142 -0.00876823 
v 0.0162726 0.0170123 -0.00873001 
v 0.0163117 0.0170207 -0.00885922 
v 0.0162861 0.0170152 -0.00879097 
v 0.0163498 0.0170287 -0.0089451 
v 0.0163331 0.0170252 -0.00891612 
v 0.0163727 0.0170335 -0.0089847 
v 0.0172154 0.0171877 -0.00803626 
v 0.0173683 0.0172111 -0.0082464 
v 0.0163615 0.0170312 -0.00829153 
v 0.0135206 0.0160709 -0.00938679 
v 0.0139321 0.0162288 -0.00938679 
v 0.0140707 0.0162792 -0.00940053 
v 0.014109 0.0162931 -0.00940432 
v 0.0141789 0.0163177 -0.00942606 
v 0.0142413 0.0163397 -0.00944548 
v 0.0142712 0.01635 -0.00946185 
v 0.0143476 0.0163763 -0.00950371 
v 0.0144375 0.0164066 -0.00958049 
v 0.0143493 0.0163768 -0.00950512 
v 0.0144193 0.0164005 -0.00956494 
v 0.0144717 0.016418 -0.00962434 
v 0.0145021 0.0164281 -0.00966336 
v 0.0145177 0.0164332 -0.00969435 
v 0.0145524 0.0164446 -0.00976334 
v 0.0145775 0.0164528 -0.00985245 
v 0.0145833 0.0164547 -0.00987287 
v 0.014554 0.0164451 -0.00976905 
v 0.0145946 0.0164583 -0.00999867 
v 0.0145897 0.0164567 -0.00994406 
v 0.0145922 0.0164575 -0.010009 
v 0.0145922 0.0164575 -0.00999867 
v 0.0145801 0.0164536 -0.0101492 
v 0.0145825 0.0164544 -0.0101222 
v 0.0145367 0.0164395 -0.0102874 
v 0.0145653 0.0164488 -0.0102127 
v 0.0145286 0.0164368 -0.0103086 
v 0.014566 0.016449 -0.010211 
v 0.0144758 0.0164194 -0.0103935 
v 0.0145013 0.0164278 -0.0103526 
v 0.0144557 0.0164127 -0.0104147 
v 0.0144049 0.0163957 -0.0104681 
v 0.0144028 0.016395 -0.0104697 
v 0.0143491 0.0163768 -0.0105101 
v 0.0143596 0.0163804 -0.0105021 
v 0.0142317 0.0163363 -0.0105693 
v 0.014287 0.0163554 -0.0105414 
v 0.0141523 0.0163085 -0.010594 
v 0.0142001 0.0163253 -0.0105791 
v 0.0139499 0.0162354 -0.0106204 
v 0.0140918 0.0162866 -0.0106019 
v 0.0139152 0.0162226 -0.0106209 
v 0.0139241 0.0162259 -0.0106208 
v 0.0135206 0.0160709 -0.0106209 
v 0.0145613 0.0165527 -0.00999867 
v 0.0145638 0.0165535 -0.00999867 
v 0.0134836 0.0161638 -0.00938679 
v 0.0138894 0.0163196 -0.0106205 
v 0.0138805 0.0163164 -0.0106209 
v 0.0140577 0.0163807 -0.0106019 
v 0.0139948 0.0163583 -0.0106152 
v 0.0141671 0.0164196 -0.0105788 
v 0.0142547 0.01645 -0.0105416 
v 0.0141792 0.016424 -0.0105763 
v 0.0143266 0.0164747 -0.0105007 
v 0.0142983 0.0164651 -0.0105216 
v 0.0143701 0.0164895 -0.0104685 
v 0.0144239 0.0165075 -0.0104146 
v 0.0143855 0.0164947 -0.0104571 
v 0.0144654 0.0165213 -0.0103642 
v 0.0144513 0.0165166 -0.0103843 
v 0.0144711 0.0165231 -0.0103535 
v 0.0145315 0.016543 -0.0102118 
v 0.0145118 0.0165366 -0.0102771 
v 0.0145509 0.0165493 -0.0101221 
v 0.0145476 0.0165482 -0.0101581 
v 0.0145613 0.0165527 -0.010009 
v 0.0138975 0.0163227 -0.00938679 
v 0.0140368 0.0163732 -0.00940139 
v 0.0145063 0.0165347 -0.0102875 
v 0.0145452 0.0165474 -0.0098527 
v 0.0145604 0.0165524 -0.00994387 
v 0.0145583 0.0165517 -0.00991082 
v 0.0145224 0.01654 -0.00976939 
v 0.0145314 0.0165429 -0.0097911 
v 0.014487 0.0165284 -0.00969427 
v 0.0144999 0.0165326 -0.0097148 
v 0.0144421 0.0165136 -0.00962267 
v 0.0144421 0.0165136 -0.0096227 
v 0.0143885 0.0164957 -0.00956363 
v 0.0143915 0.0164967 -0.009566 
v 0.0143164 0.0164713 -0.00950598 
v 0.0142389 0.0164446 -0.0094612 
v 0.0143046 0.0164673 -0.00949649 
v 0.0141457 0.016412 -0.00942587 
v 0.014214 0.0164361 -0.00944785 
v 0.0140854 0.0163908 -0.00940648 
v 0.0134836 0.0161638 -0.0106209 
v 0.0206813 0.000574916 -0.034775 
v 0.02054 0.000724054 -0.034775 
v 0.0207872 0.000398895 -0.034775 
v 0.0201792 0.000915372 -0.034775 
v 0.02037 0.000839336 -0.034775 
v 0.020875 -2.32683e-19 -0.034775 
v 0.02054 -0.000724054 -0.034775 
v 0.0206813 -0.000574916 -0.034775 
v 0.0199764 0.000948607 -0.034775 
v 0.0197713 0.000937485 -0.034775 
v 0.0208528 0.000204222 -0.034775 
v 0.0207872 -0.000398895 -0.034775 
v 0.0208528 -0.000204222 -0.034775 
v 0.02037 -0.000839336 -0.034775 
v 0.0199764 -0.000948607 -0.034775 
v 0.0201792 -0.000915372 -0.034775 
v 0.0197713 -0.000937485 -0.034775 
v 0.019111 -0.000489776 -0.034775 
v 0.0192353 -0.000653314 -0.034775 
v 0.0195734 -0.000882528 -0.034775 
v 0.0193919 -0.000786305 -0.034775 
v 0.0193919 0.000786305 -0.034775 
v 0.0192353 0.000653314 -0.034775 
v 0.0195734 0.000882528 -0.034775 
v 0.0190247 -0.000303336 -0.034775 
v 0.0190247 0.000303336 -0.034775 
v 0.0189806 0.000102713 -0.034775 
v 0.019111 0.000489776 -0.034775 
v 0.018975 1.16341e-19 -0.034775 
v 0.0189806 -0.000102713 -0.034775 
v 0.0297468 0.00602272 -0.034775 
v 0.0297674 0.00512157 -0.034775 
v 0.0301769 0.00540836 -0.034775 
v 0.0293372 0.00573593 -0.034775 
v 0.0123381 0.00604078 -0.034775 
v 0.0120433 0.00646176 -0.034775 
v 0.0244895 -0.00416111 -0.034775 
v 0.0212167 -0.00645273 -0.034775 
v 0.0182211 -0.00855029 -0.034775 
v 0.0196507 -0.0105919 -0.034775 
v 0.0113364 -0.0077839 -0.034775 
v 0.011746 -0.00749711 -0.034775 
v 0.0113158 -0.00688275 -0.034775 
v 0.0109063 -0.00716954 -0.034775 
v 0.00967307 -0.00540836 -0.034775 
v 0.0101032 -0.00602272 -0.034775 
v 0.0100826 -0.00512157 -0.034775 
v 0.0105128 -0.00573593 -0.034775 
v 0.0142947 0.0100965 -0.034775 
v 0.0110762 0.00784291 -0.034775 
v 0.0155815 0.0109976 -0.034775 
v 0.0168434 0.00919545 -0.034775 
v 0.0142947 0.00741083 -0.034775 
v 0.0285136 0.0077839 -0.034775 
v 0.0289437 0.00716954 -0.034775 
v 0.028104 0.00749711 -0.034775 
v 0.0285342 0.00688275 -0.034775 
v 0.031751 -0.00590552 -0.034775 
v 0.0291405 -0.00217733 -0.034775 
v 0.0297416 -0.00303579 -0.034775 
v 0.0285424 -0.00132322 -0.034775 
v 0.0260966 -0.00303579 -0.034775 
v 0.0129393 0.00646176 -0.034775 
v 0.0179092 -0.00645273 -0.034775 
v 0.0179092 -0.0105919 -0.034775 
v 0.0142947 -0.0105919 -0.034775 
v 0.0179092 -0.00303579 -0.034775 
v 0.0142947 -0.00645273 -0.034775 
v 0.0142947 -0.00303579 -0.034775 
v 0.0107095 -0.00645273 -0.034775 
v 0.0244895 0.00303579 -0.034775 
v 0.0179092 0.00303579 -0.034775 
v 0.0244895 -0.00303579 -0.034775 
v 0.0142947 0.00303579 -0.034775 
v 0.0107095 -0.00303579 -0.034775 
v 0.0291405 0.00603175 -0.034775 
v 0.031751 0.00603175 -0.034775 
v 0.031751 0.00303579 -0.034775 
v 0.0291405 0.00303579 -0.034775 
v 0.0244895 0.00603175 -0.034775 
v 0.0179092 0.00603175 -0.034775 
v 0.0142947 0.00603175 -0.034775 
v 0.0107095 0.00303579 -0.034775 
v 0.0291405 0.00646176 -0.034775 
v 0.0244895 0.00646176 -0.034775 
v 0.0179092 0.00646176 -0.034775 
v 0.0107095 0.00603175 -0.034775 
v 0.0142947 0.00646176 -0.034775 
v 0.0107095 0.00646176 -0.034775 
v 0.031751 -0.00303579 -0.034775 
v 0.0293372 0.00573593 -0.034975 
v 0.0297468 0.00602272 -0.034975 
v 0.0293284 0.00574846 -0.0351205 
v 0.0293025 0.00578551 -0.0352597 
v 0.029738 0.00603525 -0.0351205 
v 0.0292605 0.00584545 -0.0353864 
v 0.029712 0.0060723 -0.0352597 
v 0.0292043 0.00592566 -0.0354952 
v 0.0296701 0.00613223 -0.0353864 
v 0.0291364 0.00602264 -0.0355812 
v 0.0296139 0.00621245 -0.0354952 
v 0.0290597 0.00613215 -0.0356407 
v 0.029546 0.00630943 -0.0355812 
v 0.0289776 0.0062494 -0.0356712 
v 0.0294693 0.00641894 -0.0356407 
v 0.0288937 0.00636928 -0.0356712 
v 0.0293872 0.00653619 -0.0356712 
v 0.0288116 0.00648653 -0.0356407 
v 0.0293033 0.00665607 -0.0356712 
v 0.0287349 0.00659604 -0.0355812 
v 0.0292212 0.00677332 -0.0356407 
v 0.028667 0.00669302 -0.0354952 
v 0.0291445 0.00688283 -0.0355812 
v 0.0286108 0.00677324 -0.0353864 
v 0.0290766 0.00697981 -0.0354952 
v 0.0285689 0.00683317 -0.0352597 
v 0.0290204 0.00706002 -0.0353864 
v 0.0285429 0.00687022 -0.0351205 
v 0.0289785 0.00711996 -0.0352597 
v 0.0285342 0.00688275 -0.034975 
v 0.0289525 0.00715701 -0.0351205 
v 0.0289437 0.00716954 -0.034975 
v 0.0297674 0.00512157 -0.036775 
v 0.0301769 0.00540836 -0.036775 
v 0.0294806 0.00553115 -0.037275 
v 0.0298901 0.00581793 -0.037275 
v 0.0288004 0.00737432 -0.037275 
v 0.0285136 0.0077839 -0.036775 
v 0.028104 0.00749711 -0.036775 
v 0.0283908 0.00708754 -0.037275 
v 0.0105128 -0.00573593 -0.034975 
v 0.0101032 -0.00602272 -0.034975 
v 0.0108975 -0.00715701 -0.0351205 
v 0.0109063 -0.00716954 -0.034975 
v 0.0113158 -0.00688275 -0.034975 
v 0.0108715 -0.00711996 -0.0352597 
v 0.0113071 -0.00687022 -0.0351205 
v 0.0108296 -0.00706002 -0.0353864 
v 0.0112811 -0.00683317 -0.0352597 
v 0.0107734 -0.00697981 -0.0354952 
v 0.0112392 -0.00677324 -0.0353864 
v 0.0107055 -0.00688283 -0.0355812 
v 0.011183 -0.00669302 -0.0354952 
v 0.0106288 -0.00677332 -0.0356407 
v 0.0111151 -0.00659604 -0.0355812 
v 0.0105467 -0.00665607 -0.0356712 
v 0.0110384 -0.00648653 -0.0356407 
v 0.0104628 -0.00653619 -0.0356712 
v 0.0109563 -0.00636928 -0.0356712 
v 0.0103807 -0.00641894 -0.0356407 
v 0.0108724 -0.0062494 -0.0356712 
v 0.010304 -0.00630943 -0.0355812 
v 0.0107903 -0.00613215 -0.0356407 
v 0.0102361 -0.00621245 -0.0354952 
v 0.0107136 -0.00602264 -0.0355812 
v 0.0101799 -0.00613223 -0.0353864 
v 0.0106457 -0.00592566 -0.0354952 
v 0.010138 -0.0060723 -0.0352597 
v 0.0105895 -0.00584545 -0.0353864 
v 0.010112 -0.00603525 -0.0351205 
v 0.0105475 -0.00578551 -0.0352597 
v 0.0105216 -0.00574846 -0.0351205 
v 0.0100826 -0.00512157 -0.036775 
v 0.00967307 -0.00540836 -0.036775 
v 0.0103694 -0.00553115 -0.037275 
v 0.00995985 -0.00581793 -0.037275 
v 0.0110496 -0.00737432 -0.037275 
v 0.0113364 -0.0077839 -0.036775 
v 0.011746 -0.00749711 -0.036775 
v 0.0114592 -0.00708754 -0.037275 
v 0.0318692 -0.00607431 -0.035075 
v 0.0318692 -0.00607431 -0.038175 
v 0.0285424 -0.00132322 -0.038175 
v 0.0182211 -0.00855029 -0.038175 
v 0.0250292 -0.0108637 -0.038175 
v 0.02335 -0.0120395 -0.038175 
v 0.0267085 -0.00968784 -0.038175 
v 0.030067 -0.00733617 -0.038175 
v 0.0283878 -0.008512 -0.038175 
v 0.0216707 -0.0132153 -0.038175 
v 0.0215478 -0.0133014 -0.038175 
v 0.0215478 -0.0133014 -0.035075 
v 0.0123381 0.00604078 -0.042975 
v 0.0168434 0.00919545 -0.042975 
v 0.0114777 0.00726951 -0.042975 
v 0.015983 0.0104242 -0.042975 
v 0.015983 0.0104242 -0.039175 
v 0.0155815 0.0109976 -0.039175 
v 0.0110762 0.00784291 -0.039175 
v 0.0114777 0.00726951 -0.039175 
v 0.020875 -2.32683e-19 -0.038675 
v 0.0208528 0.000204222 -0.038675 
v 0.0207872 0.000398895 -0.038675 
v 0.0206813 0.000574916 -0.038675 
v 0.02054 0.000724054 -0.038675 
v 0.02037 0.000839336 -0.038675 
v 0.0201792 0.000915372 -0.038675 
v 0.0199764 0.000948607 -0.038675 
v 0.0197713 0.000937485 -0.038675 
v 0.0195734 0.000882528 -0.038675 
v 0.0193919 0.000786305 -0.038675 
v 0.0192353 0.000653314 -0.038675 
v 0.019111 0.000489776 -0.038675 
v 0.0190247 0.000303336 -0.038675 
v 0.0189806 0.000102713 -0.038675 
v 0.0189806 -0.000102713 -0.038675 
v 0.0190247 -0.000303336 -0.038675 
v 0.019111 -0.000489776 -0.038675 
v 0.0192353 -0.000653314 -0.038675 
v 0.0193919 -0.000786305 -0.038675 
v 0.0195734 -0.000882528 -0.038675 
v 0.0197713 -0.000937485 -0.038675 
v 0.0199764 -0.000948607 -0.038675 
v 0.0201792 -0.000915372 -0.038675 
v 0.02037 -0.000839336 -0.038675 
v 0.02054 -0.000724054 -0.038675 
v 0.0206813 -0.000574916 -0.038675 
v 0.0207872 -0.000398895 -0.038675 
v 0.0208528 -0.000204222 -0.038675 
v 0.022829 0.0027508 -0.038675 
v 0.0221697 0.00331076 -0.038675 
v 0.0233524 0.00206222 -0.038675 
v 0.022829 -0.0027508 -0.038675 
v 0.0233524 -0.00206222 -0.038675 
v 0.0237156 -0.00127721 -0.038675 
v 0.0214056 0.00371591 -0.038675 
v 0.0221697 -0.00331076 -0.038675 
v 0.0205721 0.00394731 -0.038675 
v 0.0197084 0.00399413 -0.038675 
v 0.0188549 0.0038542 -0.038675 
v 0.0197084 -0.00399413 -0.038675 
v 0.0205721 -0.00394731 -0.038675 
v 0.0214056 -0.00371591 -0.038675 
v 0.0239016 0.000432476 -0.038675 
v 0.0237156 0.00127721 -0.038675 
v 0.0173355 0.00304865 -0.038675 
v 0.0167406 0.0024207 -0.038675 
v 0.0239016 -0.000432476 -0.038675 
v 0.023925 1.46958e-18 -0.038675 
v 0.0180514 0.00353405 -0.038675 
v 0.015925 0 -0.038675 
v 0.0167406 -0.0024207 -0.038675 
v 0.0173355 -0.00304865 -0.038675 
v 0.0180514 -0.00353405 -0.038675 
v 0.0160185 0.000859882 -0.038675 
v 0.0188549 -0.0038542 -0.038675 
v 0.0162947 0.00167956 -0.038675 
v 0.0160185 -0.000859882 -0.038675 
v 0.0162947 -0.00167956 -0.038675 
v 0.015925 0 -0.039175 
v 0.0160185 0.000859882 -0.039175 
v 0.0162947 0.00167956 -0.039175 
v 0.0167406 0.0024207 -0.039175 
v 0.0173355 0.00304865 -0.039175 
v 0.0180514 0.00353405 -0.039175 
v 0.0188549 0.0038542 -0.039175 
v 0.0197084 0.00399413 -0.039175 
v 0.0205721 0.00394731 -0.039175 
v 0.0214056 0.00371591 -0.039175 
v 0.0221697 0.00331076 -0.039175 
v 0.022829 0.0027508 -0.039175 
v 0.0233524 0.00206222 -0.039175 
v 0.0237156 0.00127721 -0.039175 
v 0.0239016 0.000432476 -0.039175 
v 0.0239016 -0.000432476 -0.039175 
v 0.023925 4.89859e-19 -0.039175 
v 0.0237156 -0.00127721 -0.039175 
v 0.0233524 -0.00206222 -0.039175 
v 0.022829 -0.0027508 -0.039175 
v 0.0221697 -0.00331076 -0.039175 
v 0.0214056 -0.00371591 -0.039175 
v 0.0205721 -0.00394731 -0.039175 
v 0.0197084 -0.00399413 -0.039175 
v 0.0188549 -0.0038542 -0.039175 
v 0.0180514 -0.00353405 -0.039175 
v 0.0173355 -0.00304865 -0.039175 
v 0.0167406 -0.0024207 -0.039175 
v 0.0162947 -0.00167956 -0.039175 
v 0.0160185 -0.000859882 -0.039175 
v 0.0276367 0.00463998 -0.039175 
v 0.026459 0.0061893 -0.039175 
v 0.0249757 0.0074492 -0.039175 
v 0.0232562 0.00836079 -0.039175 
v 0.021381 0.00888144 -0.039175 
v 0.0194377 0.0089868 -0.039175 
v 0.0175172 0.00867195 -0.039175 
v 0.0157093 0.00795161 -0.039175 
v 0.0140985 0.00685946 -0.039175 
v 0.0127602 0.00544657 -0.039175 
v 0.0117568 0.003779 -0.039175 
v 0.0111354 0.00193473 -0.039175 
v 0.010925 0 -0.039175 
v 0.0157093 -0.00795161 -0.039175 
v 0.0175172 -0.00867195 -0.039175 
v 0.0111354 -0.00193473 -0.039175 
v 0.0117568 -0.003779 -0.039175 
v 0.0140985 -0.00685946 -0.039175 
v 0.0194377 -0.0089868 -0.039175 
v 0.021381 -0.00888144 -0.039175 
v 0.0232562 -0.00836079 -0.039175 
v 0.0249757 -0.0074492 -0.039175 
v 0.026459 -0.0061893 -0.039175 
v 0.0127602 -0.00544657 -0.039175 
v 0.0276367 -0.00463998 -0.039175 
v 0.0284539 -0.00287371 -0.039175 
v 0.0288722 -0.000973071 -0.039175 
v 0.028925 3.30655e-18 -0.039175 
v 0.0288722 0.000973071 -0.039175 
v 0.0284539 0.00287371 -0.039175 
v 0.010925 0 -0.043175 
v 0.0111354 0.00193473 -0.043175 
v 0.0117568 0.003779 -0.043175 
v 0.0127602 0.00544657 -0.043175 
v 0.0140985 0.00685946 -0.043175 
v 0.0157093 0.00795161 -0.043175 
v 0.0175172 0.00867195 -0.043175 
v 0.0194377 0.0089868 -0.043175 
v 0.021381 0.00888144 -0.043175 
v 0.0232562 0.00836079 -0.043175 
v 0.0249757 0.0074492 -0.043175 
v 0.026459 0.0061893 -0.043175 
v 0.0276367 0.00463998 -0.043175 
v 0.0284539 0.00287371 -0.043175 
v 0.0288722 0.000973071 -0.043175 
v 0.0288722 -0.000973071 -0.043175 
v 0.028925 1.10218e-18 -0.043175 
v 0.0284539 -0.00287371 -0.043175 
v 0.0276367 -0.00463998 -0.043175 
v 0.026459 -0.0061893 -0.043175 
v 0.0249757 -0.0074492 -0.043175 
v 0.0232562 -0.00836079 -0.043175 
v 0.021381 -0.00888144 -0.043175 
v 0.0194377 -0.0089868 -0.043175 
v 0.0175172 -0.00867195 -0.043175 
v 0.0157093 -0.00795161 -0.043175 
v 0.0140985 -0.00685946 -0.043175 
v 0.0127602 -0.00544657 -0.043175 
v 0.0117568 -0.003779 -0.043175 
v 0.0111354 -0.00193473 -0.043175 
v 0.024925 1.83697e-18 -0.043175 
v 0.0248957 -0.000540595 -0.043175 
v 0.0185874 0.00481775 -0.043175 
v 0.017583 0.00441756 -0.043175 
v 0.0196543 0.00499267 -0.043175 
v 0.0227309 0.00413844 -0.043175 
v 0.0217757 0.00464488 -0.043175 
v 0.023555 0.0034385 -0.043175 
v 0.0248957 0.000540595 -0.043175 
v 0.0159445 0.00302587 -0.043175 
v 0.0153871 0.00209945 -0.043175 
v 0.0166881 0.00381081 -0.043175 
v 0.0207339 0.00493413 -0.043175 
v 0.0242093 0.00257777 -0.043175 
v 0.0246633 -0.00159651 -0.043175 
v 0.0242093 -0.00257777 -0.043175 
v 0.023555 -0.0034385 -0.043175 
v 0.0227309 -0.00413844 -0.043175 
v 0.0217757 -0.00464488 -0.043175 
v 0.0207339 -0.00493413 -0.043175 
v 0.0185874 -0.00481775 -0.043175 
v 0.017583 -0.00441756 -0.043175 
v 0.0246633 0.00159651 -0.043175 
v 0.0196543 -0.00499267 -0.043175 
v 0.0166881 -0.00381081 -0.043175 
v 0.0159445 -0.00302587 -0.043175 
v 0.0150419 0.00107485 -0.043175 
v 0.014925 -1.22465e-18 -0.043175 
v 0.0153871 -0.00209945 -0.043175 
v 0.0150419 -0.00107485 -0.043175 
v 0.014925 0 -0.043975 
v 0.0150419 0.00107485 -0.043975 
v 0.0153871 0.00209945 -0.043975 
v 0.0159445 0.00302587 -0.043975 
v 0.0166881 0.00381081 -0.043975 
v 0.017583 0.00441756 -0.043975 
v 0.0185874 0.00481775 -0.043975 
v 0.0196543 0.00499267 -0.043975 
v 0.0207339 0.00493413 -0.043975 
v 0.0217757 0.00464488 -0.043975 
v 0.0227309 0.00413844 -0.043975 
v 0.023555 0.0034385 -0.043975 
v 0.0242093 0.00257777 -0.043975 
v 0.0246633 0.00159651 -0.043975 
v 0.0248957 -0.000540595 -0.043975 
v 0.0248957 0.000540595 -0.043975 
v 0.0246633 -0.00159651 -0.043975 
v 0.0242093 -0.00257777 -0.043975 
v 0.023555 -0.0034385 -0.043975 
v 0.0227309 -0.00413844 -0.043975 
v 0.0217757 -0.00464488 -0.043975 
v 0.0207339 -0.00493413 -0.043975 
v 0.0196543 -0.00499267 -0.043975 
v 0.0185874 -0.00481775 -0.043975 
v 0.017583 -0.00441756 -0.043975 
v 0.0166881 -0.00381081 -0.043975 
v 0.0159445 -0.00302587 -0.043975 
v 0.0153871 -0.00209945 -0.043975 
v 0.0150419 -0.00107485 -0.043975 
v 0.02054 -0.000724054 -0.043975 
v 0.0206813 -0.000574916 -0.043975 
v 0.02037 -0.000839336 -0.043975 
v 0.02054 0.000724054 -0.043975 
v 0.0206813 0.000574916 -0.043975 
v 0.0208528 0.000204222 -0.043975 
v 0.0207872 -0.000398895 -0.043975 
v 0.0207872 0.000398895 -0.043975 
v 0.020875 0 -0.043975 
v 0.0208528 -0.000204222 -0.043975 
v 0.0201792 -0.000915372 -0.043975 
v 0.02037 0.000839336 -0.043975 
v 0.0199764 -0.000948607 -0.043975 
v 0.0197713 0.000937485 -0.043975 
v 0.0199764 0.000948607 -0.043975 
v 0.0201792 0.000915372 -0.043975 
v 0.0197713 -0.000937485 -0.043975 
v 0.0195734 -0.000882528 -0.043975 
v 0.0193919 0.000786305 -0.043975 
v 0.0195734 0.000882528 -0.043975 
v 0.0193919 -0.000786305 -0.043975 
v 0.0192353 -0.000653314 -0.043975 
v 0.019111 -0.000489776 -0.043975 
v 0.0190247 -0.000303336 -0.043975 
v 0.0189806 0.000102713 -0.043975 
v 0.0190247 0.000303336 -0.043975 
v 0.019111 0.000489776 -0.043975 
v 0.0192353 0.000653314 -0.043975 
v 0.0189806 -0.000102713 -0.043975 
v 0.018975 1.16341e-19 -0.043975 
v 0.0208528 -0.000204222 -0.043675 
v 0.020875 0 -0.043675 
v 0.0207872 -0.000398895 -0.043675 
v 0.0206813 -0.000574916 -0.043675 
v 0.02054 -0.000724054 -0.043675 
v 0.02037 -0.000839336 -0.043675 
v 0.0201792 -0.000915372 -0.043675 
v 0.0199764 -0.000948607 -0.043675 
v 0.0197713 -0.000937485 -0.043675 
v 0.0195734 -0.000882528 -0.043675 
v 0.0193919 -0.000786305 -0.043675 
v 0.0192353 -0.000653314 -0.043675 
v 0.019111 -0.000489776 -0.043675 
v 0.0190247 -0.000303336 -0.043675 
v 0.0189806 -0.000102713 -0.043675 
v 0.0189806 0.000102713 -0.043675 
v 0.018975 3.49024e-19 -0.043675 
v 0.0190247 0.000303336 -0.043675 
v 0.019111 0.000489776 -0.043675 
v 0.0192353 0.000653314 -0.043675 
v 0.0193919 0.000786305 -0.043675 
v 0.0195734 0.000882528 -0.043675 
v 0.0197713 0.000937485 -0.043675 
v 0.0199764 0.000948607 -0.043675 
v 0.0201792 0.000915372 -0.043675 
v 0.02037 0.000839336 -0.043675 
v 0.02054 0.000724054 -0.043675 
v 0.0206813 0.000574916 -0.043675 
v 0.0207872 0.000398895 -0.043675 
v 0.0208528 0.000204222 -0.043675 
v 0.019925 0 -0.043675 
v 0.0217936 -0.0131293 -0.035375 
v 0.0232271 -0.0121255 -0.035375 
v 0.0217936 -0.0131293 -0.037675 
v 0.0232271 -0.0121255 -0.037675 
v 0.0234728 -0.0119535 -0.037675 
v 0.0249064 -0.0109497 -0.037675 
v 0.0249064 -0.0109497 -0.035375 
v 0.0234728 -0.0119535 -0.035375 
v 0.0251521 -0.0107776 -0.035375 
v 0.0265856 -0.00977387 -0.035375 
v 0.0251521 -0.0107776 -0.037675 
v 0.0265856 -0.00977387 -0.037675 
v 0.0268314 -0.0096018 -0.035375 
v 0.0282649 -0.00859804 -0.035375 
v 0.0268314 -0.0096018 -0.037675 
v 0.0282649 -0.00859804 -0.037675 
v 0.0285106 -0.00842597 -0.035375 
v 0.0299441 -0.00742221 -0.035375 
v 0.0285106 -0.00842597 -0.037675 
v 0.0299441 -0.00742221 -0.037675 
v 0.0301899 -0.00725014 -0.035375 
v 0.0316234 -0.00624638 -0.035375 
v 0.0301899 -0.00725014 -0.037675 
v 0.0316234 -0.00624638 -0.037675 
v 0.0216707 -0.0132153 -0.035075 
v 0.02335 -0.0120395 -0.035075 
v 0.0250292 -0.0108637 -0.035075 
v 0.0267085 -0.00968784 -0.035075 
v 0.0283878 -0.008512 -0.035075 
v 0.030067 -0.00733617 -0.035075 
v 0.0216789 -0.0129655 -0.035375 
v 0.0231124 -0.0119617 -0.035375 
v 0.0216789 -0.0129655 -0.037675 
v 0.0231124 -0.0119617 -0.037675 
v 0.0223668 -0.0124838 -0.035876 
v 0.0225927 -0.0123256 -0.0359212 
v 0.0226944 -0.0122544 -0.035987 
v 0.0224818 -0.0124033 -0.0358836 
v 0.0221462 -0.0126382 -0.0359507 
v 0.0222532 -0.0125633 -0.0358987 
v 0.0218756 -0.0128277 -0.0366647 
v 0.0218632 -0.0128364 -0.036525 
v 0.0224818 -0.0124033 -0.0371664 
v 0.0223668 -0.0124838 -0.037174 
v 0.022925 -0.0120929 -0.0365953 
v 0.0229002 -0.0121103 -0.0367325 
v 0.022925 -0.0120929 -0.0364547 
v 0.0227822 -0.0121929 -0.036078 
v 0.0219717 -0.0127604 -0.0361316 
v 0.0220509 -0.0127049 -0.0360296 
v 0.0219717 -0.0127604 -0.0369184 
v 0.0219124 -0.012802 -0.0367979 
v 0.0221462 -0.0126382 -0.0370993 
v 0.0220509 -0.0127049 -0.0370204 
v 0.0222532 -0.0125633 -0.0371513 
v 0.0225927 -0.0123256 -0.0371288 
v 0.0228519 -0.0121441 -0.0361899 
v 0.0229002 -0.0121103 -0.0363175 
v 0.0219124 -0.012802 -0.0362521 
v 0.0218756 -0.0128277 -0.0363853 
v 0.0227822 -0.0121929 -0.036972 
v 0.0226944 -0.0122544 -0.037063 
v 0.0228519 -0.0121441 -0.0368601 
v 0.0233581 -0.0117896 -0.035375 
v 0.0247916 -0.0107859 -0.035375 
v 0.0233581 -0.0117896 -0.037675 
v 0.0247916 -0.0107859 -0.037675 
v 0.0240461 -0.0113079 -0.035876 
v 0.0243737 -0.0110785 -0.035987 
v 0.0244614 -0.0110171 -0.036078 
v 0.024161 -0.0112274 -0.0358836 
v 0.0238255 -0.0114624 -0.0359507 
v 0.0239324 -0.0113875 -0.0358987 
v 0.023651 -0.0115846 -0.0369184 
v 0.0235917 -0.0116261 -0.0367979 
v 0.0239324 -0.0113875 -0.0371513 
v 0.0238255 -0.0114624 -0.0370993 
v 0.0246042 -0.0109171 -0.0365953 
v 0.0245795 -0.0109344 -0.0367325 
v 0.0246042 -0.0109171 -0.0364547 
v 0.024272 -0.0111498 -0.0359212 
v 0.023651 -0.0115846 -0.0361316 
v 0.0237302 -0.0115291 -0.0360296 
v 0.0235424 -0.0116606 -0.036525 
v 0.0235549 -0.0116519 -0.0363853 
v 0.0235549 -0.0116519 -0.0366647 
v 0.0237302 -0.0115291 -0.0370204 
v 0.0240461 -0.0113079 -0.037174 
v 0.024161 -0.0112274 -0.0371664 
v 0.0245311 -0.0109683 -0.0361899 
v 0.0245795 -0.0109344 -0.0363175 
v 0.0235917 -0.0116261 -0.0362521 
v 0.024272 -0.0111498 -0.0371288 
v 0.0244614 -0.0110171 -0.036972 
v 0.0243737 -0.0110785 -0.037063 
v 0.0245311 -0.0109683 -0.0368601 
v 0.0250374 -0.0106138 -0.035375 
v 0.0264709 -0.00961004 -0.035375 
v 0.0250374 -0.0106138 -0.037675 
v 0.0264709 -0.00961004 -0.037675 
v 0.0257253 -0.0101321 -0.035876 
v 0.0262835 -0.00974128 -0.0365953 
v 0.0262587 -0.00975861 -0.0367325 
v 0.0262835 -0.00974128 -0.0364547 
v 0.0256117 -0.0102117 -0.0358987 
v 0.0254095 -0.0103533 -0.0360296 
v 0.0255047 -0.0102866 -0.0359507 
v 0.0258403 -0.0100516 -0.0371664 
v 0.0257253 -0.0101321 -0.037174 
v 0.0262104 -0.00979246 -0.0361899 
v 0.0262587 -0.00975861 -0.0363175 
v 0.026053 -0.0099027 -0.035987 
v 0.0261407 -0.00984125 -0.036078 
v 0.0252709 -0.0104503 -0.0362521 
v 0.0253303 -0.0104087 -0.0361316 
v 0.0252217 -0.0104847 -0.036525 
v 0.0252341 -0.010476 -0.0363853 
v 0.0252341 -0.010476 -0.0366647 
v 0.0256117 -0.0102117 -0.0371513 
v 0.0259512 -0.00997393 -0.0371288 
v 0.0261407 -0.00984125 -0.036972 
v 0.026053 -0.0099027 -0.037063 
v 0.0262104 -0.00979246 -0.0368601 
v 0.0258403 -0.0100516 -0.0358836 
v 0.0259512 -0.00997393 -0.0359212 
v 0.0253303 -0.0104087 -0.0369184 
v 0.0252709 -0.0104503 -0.0367979 
v 0.0255047 -0.0102866 -0.0370993 
v 0.0254095 -0.0103533 -0.0370204 
v 0.0267167 -0.00943797 -0.035375 
v 0.0281502 -0.00843421 -0.035375 
v 0.0267167 -0.00943797 -0.037675 
v 0.0281502 -0.00843421 -0.037675 
v 0.0274046 -0.00895627 -0.035876 
v 0.0270887 -0.00917745 -0.0360296 
v 0.027184 -0.00911072 -0.0359507 
v 0.0275196 -0.00887577 -0.0358836 
v 0.027291 -0.00903583 -0.0358987 
v 0.0269502 -0.00927446 -0.0362521 
v 0.0270095 -0.00923289 -0.0361316 
v 0.026901 -0.00930892 -0.036525 
v 0.0269134 -0.0093002 -0.0363853 
v 0.0269134 -0.0093002 -0.0366647 
v 0.0277322 -0.00872687 -0.035987 
v 0.02782 -0.00866542 -0.036078 
v 0.0276305 -0.00879809 -0.0359212 
v 0.0279627 -0.00856545 -0.0364547 
v 0.027184 -0.00911072 -0.0370993 
v 0.0270887 -0.00917745 -0.0370204 
v 0.02782 -0.00866542 -0.036972 
v 0.0277322 -0.00872687 -0.037063 
v 0.027938 -0.00858278 -0.0367325 
v 0.0278896 -0.00861663 -0.0368601 
v 0.0279627 -0.00856545 -0.0365953 
v 0.0278896 -0.00861663 -0.0361899 
v 0.027938 -0.00858278 -0.0363175 
v 0.0270095 -0.00923289 -0.0369184 
v 0.0274046 -0.00895627 -0.037174 
v 0.027291 -0.00903583 -0.0371513 
v 0.0275196 -0.00887577 -0.0371664 
v 0.0276305 -0.00879809 -0.0371288 
v 0.0269502 -0.00927446 -0.0367979 
v 0.0283959 -0.00826214 -0.035375 
v 0.0298294 -0.00725838 -0.035375 
v 0.0283959 -0.00826214 -0.037675 
v 0.0298294 -0.00725838 -0.037675 
v 0.0292121 -0.00769066 -0.0357849 
v 0.0293401 -0.00760103 -0.0358283 
v 0.0290794 -0.00778355 -0.0357761 
v 0.0284983 -0.00819044 -0.036525 
v 0.0285127 -0.00818038 -0.0363638 
v 0.0288249 -0.00796176 -0.0358624 
v 0.0289483 -0.00787534 -0.0358023 
v 0.0286236 -0.00810272 -0.0360711 
v 0.0287149 -0.00803875 -0.0359534 
v 0.0285551 -0.00815068 -0.0362101 
v 0.0289483 -0.00787534 -0.0372477 
v 0.0288249 -0.00796176 -0.0371876 
v 0.0287149 -0.00803875 -0.0370966 
v 0.0286236 -0.00810272 -0.0369789 
v 0.0290794 -0.00778355 -0.0372739 
v 0.0292121 -0.00769066 -0.0372651 
v 0.0285127 -0.00818038 -0.0366862 
v 0.0293401 -0.00760103 -0.0372217 
v 0.0295587 -0.00744795 -0.0370408 
v 0.0294574 -0.00751885 -0.0371458 
v 0.0297234 -0.0073326 -0.0366061 
v 0.0296949 -0.0073526 -0.0367645 
v 0.0297234 -0.0073326 -0.0364439 
v 0.0294574 -0.00751885 -0.0359042 
v 0.0295587 -0.00744795 -0.0360092 
v 0.0285551 -0.00815068 -0.0368399 
v 0.0296391 -0.00739165 -0.0361383 
v 0.0296949 -0.0073526 -0.0362855 
v 0.0296391 -0.00739165 -0.0369117 
v 0.0315087 -0.00608255 -0.035375 
v 0.0300752 -0.00708631 -0.035375 
v 0.0300752 -0.00708631 -0.037675 
v 0.0315087 -0.00608255 -0.037675 
v 0.0310193 -0.0064252 -0.0358283 
v 0.0311367 -0.00634301 -0.0359042 
v 0.0308913 -0.00651483 -0.0357849 
v 0.0307587 -0.00660772 -0.0357761 
v 0.0303942 -0.00686292 -0.0370966 
v 0.0303028 -0.00692689 -0.0369789 
v 0.031238 -0.00627212 -0.0360092 
v 0.0313184 -0.00621582 -0.0361383 
v 0.0305042 -0.00678593 -0.0358624 
v 0.0306276 -0.00669951 -0.0358023 
v 0.0303028 -0.00692689 -0.0360711 
v 0.0303942 -0.00686292 -0.0359534 
v 0.0301776 -0.00701461 -0.036525 
v 0.0301919 -0.00700455 -0.0363638 
v 0.0305042 -0.00678593 -0.0371876 
v 0.0307587 -0.00660772 -0.0372739 
v 0.0306276 -0.00669951 -0.0372477 
v 0.0308913 -0.00651483 -0.0372651 
v 0.0311367 -0.00634301 -0.0371458 
v 0.0310193 -0.0064252 -0.0372217 
v 0.0302344 -0.00697485 -0.0362101 
v 0.0301919 -0.00700455 -0.0366862 
v 0.0313741 -0.00617676 -0.0362855 
v 0.0302344 -0.00697485 -0.0368399 
v 0.0313184 -0.00621582 -0.0369117 
v 0.031238 -0.00627212 -0.0370408 
v 0.0314027 -0.00615677 -0.0366061 
v 0.0313741 -0.00617676 -0.0367645 
v 0.0314027 -0.00615677 -0.0364439 
v 0.0288608 -0.0228301 -0.036525 
v 0.0288733 -0.0228213 -0.0366647 
v 0.02891 -0.0227956 -0.0367979 
v 0.0289694 -0.022754 -0.0369184 
v 0.0290486 -0.0226986 -0.0370204 
v 0.0291439 -0.0226319 -0.0370993 
v 0.0292508 -0.022557 -0.0371513 
v 0.0293644 -0.0224774 -0.037174 
v 0.0294794 -0.0223969 -0.0371664 
v 0.0295903 -0.0223192 -0.0371288 
v 0.0296921 -0.022248 -0.037063 
v 0.0297798 -0.0221866 -0.036972 
v 0.0298495 -0.0221378 -0.0368601 
v 0.0298978 -0.0221039 -0.0367325 
v 0.0299226 -0.0220866 -0.0364547 
v 0.0299257 -0.0220844 -0.036525 
v 0.0298978 -0.0221039 -0.0363175 
v 0.0298495 -0.0221378 -0.0361899 
v 0.0297798 -0.0221866 -0.036078 
v 0.0296921 -0.022248 -0.035987 
v 0.0295903 -0.0223192 -0.0359212 
v 0.0294794 -0.0223969 -0.0358836 
v 0.0293644 -0.0224774 -0.035876 
v 0.0292508 -0.022557 -0.0358987 
v 0.0291439 -0.0226319 -0.0359507 
v 0.0290486 -0.0226986 -0.0360296 
v 0.0289694 -0.022754 -0.0361316 
v 0.02891 -0.0227956 -0.0362521 
v 0.0288733 -0.0228213 -0.0363853 
v 0.0299226 -0.0220866 -0.0365953 
v 0.0293933 -0.0224572 -0.036525 
v 0.0305401 -0.0216542 -0.036525 
v 0.0305525 -0.0216455 -0.0366647 
v 0.0305893 -0.0216198 -0.0367979 
v 0.0306486 -0.0215782 -0.0369184 
v 0.0307278 -0.0215228 -0.0370204 
v 0.0308231 -0.021456 -0.0370993 
v 0.0309301 -0.0213811 -0.0371513 
v 0.0310437 -0.0213016 -0.037174 
v 0.0311587 -0.0212211 -0.0371664 
v 0.0312696 -0.0211434 -0.0371288 
v 0.0313713 -0.0210722 -0.037063 
v 0.0314591 -0.0210107 -0.036972 
v 0.0315288 -0.020962 -0.0368601 
v 0.0315771 -0.0209281 -0.0367325 
v 0.0316018 -0.0209108 -0.0364547 
v 0.031605 -0.0209086 -0.036525 
v 0.0315771 -0.0209281 -0.0363175 
v 0.0315288 -0.020962 -0.0361899 
v 0.0314591 -0.0210107 -0.036078 
v 0.0313713 -0.0210722 -0.035987 
v 0.0312696 -0.0211434 -0.0359212 
v 0.0311587 -0.0212211 -0.0358836 
v 0.0310437 -0.0213016 -0.035876 
v 0.0309301 -0.0213811 -0.0358987 
v 0.0308231 -0.021456 -0.0359507 
v 0.0307278 -0.0215228 -0.0360296 
v 0.0306486 -0.0215782 -0.0361316 
v 0.0305893 -0.0216198 -0.0362521 
v 0.0305525 -0.0216455 -0.0363853 
v 0.0316018 -0.0209108 -0.0365953 
v 0.0310725 -0.0212814 -0.036525 
v 0.0322193 -0.0204784 -0.036525 
v 0.0322318 -0.0204697 -0.0366647 
v 0.0322685 -0.0204439 -0.0367979 
v 0.0323279 -0.0204024 -0.0369184 
v 0.0324071 -0.0203469 -0.0370204 
v 0.0325024 -0.0202802 -0.0370993 
v 0.0326093 -0.0202053 -0.0371513 
v 0.032723 -0.0201258 -0.037174 
v 0.0328379 -0.0200453 -0.0371664 
v 0.0329489 -0.0199676 -0.0371288 
v 0.0330506 -0.0198964 -0.037063 
v 0.0331383 -0.0198349 -0.036972 
v 0.033208 -0.0197861 -0.0368601 
v 0.0332564 -0.0197523 -0.0367325 
v 0.0332811 -0.0197349 -0.0364547 
v 0.0332842 -0.0197328 -0.036525 
v 0.0332564 -0.0197523 -0.0363175 
v 0.033208 -0.0197861 -0.0361899 
v 0.0331383 -0.0198349 -0.036078 
v 0.0330506 -0.0198964 -0.035987 
v 0.0329489 -0.0199676 -0.0359212 
v 0.0328379 -0.0200453 -0.0358836 
v 0.032723 -0.0201258 -0.035876 
v 0.0326093 -0.0202053 -0.0358987 
v 0.0325024 -0.0202802 -0.0359507 
v 0.0324071 -0.0203469 -0.0360296 
v 0.0323279 -0.0204024 -0.0361316 
v 0.0322685 -0.0204439 -0.0362521 
v 0.0322318 -0.0204697 -0.0363853 
v 0.0332811 -0.0197349 -0.0365953 
v 0.0327518 -0.0201056 -0.036525 
v 0.0338986 -0.0193026 -0.036525 
v 0.033911 -0.0192939 -0.0366647 
v 0.0339478 -0.0192681 -0.0367979 
v 0.0340072 -0.0192265 -0.0369184 
v 0.0340863 -0.0191711 -0.0370204 
v 0.0341816 -0.0191044 -0.0370993 
v 0.0342886 -0.0190295 -0.0371513 
v 0.0344022 -0.0189499 -0.037174 
v 0.0345172 -0.0188694 -0.0371664 
v 0.0346281 -0.0187917 -0.0371288 
v 0.0347298 -0.0187205 -0.037063 
v 0.0348176 -0.0186591 -0.036972 
v 0.0348873 -0.0186103 -0.0368601 
v 0.0349356 -0.0185764 -0.0367325 
v 0.0349604 -0.0185591 -0.0364547 
v 0.0349635 -0.0185569 -0.036525 
v 0.0349356 -0.0185764 -0.0363175 
v 0.0348873 -0.0186103 -0.0361899 
v 0.0348176 -0.0186591 -0.036078 
v 0.0347298 -0.0187205 -0.035987 
v 0.0346281 -0.0187917 -0.0359212 
v 0.0345172 -0.0188694 -0.0358836 
v 0.0344022 -0.0189499 -0.035876 
v 0.0342886 -0.0190295 -0.0358987 
v 0.0341816 -0.0191044 -0.0359507 
v 0.0340863 -0.0191711 -0.0360296 
v 0.0340072 -0.0192265 -0.0361316 
v 0.0339478 -0.0192681 -0.0362521 
v 0.033911 -0.0192939 -0.0363853 
v 0.0349604 -0.0185591 -0.0365953 
v 0.034431 -0.0189297 -0.036525 
v 0.0354959 -0.0181841 -0.036525 
v 0.0355103 -0.018174 -0.0366862 
v 0.0355527 -0.0181443 -0.0368399 
v 0.0356212 -0.0180964 -0.0369789 
v 0.0357126 -0.0180324 -0.0370966 
v 0.0358225 -0.0179554 -0.0371876 
v 0.0359459 -0.017869 -0.0372477 
v 0.036077 -0.0177772 -0.0372739 
v 0.0362097 -0.0176843 -0.0372651 
v 0.0363377 -0.0175947 -0.0372217 
v 0.0364551 -0.0175125 -0.0371458 
v 0.0365563 -0.0174416 -0.0370408 
v 0.0366367 -0.0173853 -0.0369117 
v 0.0366925 -0.0173462 -0.0367645 
v 0.0367211 -0.0173263 -0.0366061 
v 0.0367211 -0.0173263 -0.0364439 
v 0.0366925 -0.0173462 -0.0362855 
v 0.0366367 -0.0173853 -0.0361383 
v 0.0365563 -0.0174416 -0.0360092 
v 0.0364551 -0.0175125 -0.0359042 
v 0.0363377 -0.0175947 -0.0358283 
v 0.0362097 -0.0176843 -0.0357849 
v 0.036077 -0.0177772 -0.0357761 
v 0.0359459 -0.017869 -0.0358023 
v 0.0358225 -0.0179554 -0.0358624 
v 0.0357126 -0.0180324 -0.0359534 
v 0.0356212 -0.0180964 -0.0360711 
v 0.0355527 -0.0181443 -0.0362101 
v 0.0355103 -0.018174 -0.0363638 
v 0.0361103 -0.0177539 -0.036525 
v 0.0371752 -0.0170083 -0.036525 
v 0.0371896 -0.0169982 -0.0366862 
v 0.037232 -0.0169685 -0.0368399 
v 0.0373005 -0.0169205 -0.0369789 
v 0.0373918 -0.0168566 -0.0370966 
v 0.0375018 -0.0167796 -0.0371876 
v 0.0376252 -0.0166932 -0.0372477 
v 0.0377563 -0.0166014 -0.0372739 
v 0.037889 -0.0165085 -0.0372651 
v 0.038017 -0.0164189 -0.0372217 
v 0.0381343 -0.0163367 -0.0371458 
v 0.0382356 -0.0162658 -0.0370408 
v 0.038316 -0.0162095 -0.0369117 
v 0.0383718 -0.0161704 -0.0367645 
v 0.0384003 -0.0161504 -0.0364439 
v 0.0384039 -0.0161479 -0.036525 
v 0.0383718 -0.0161704 -0.0362855 
v 0.038316 -0.0162095 -0.0361383 
v 0.0382356 -0.0162658 -0.0360092 
v 0.0381343 -0.0163367 -0.0359042 
v 0.038017 -0.0164189 -0.0358283 
v 0.037889 -0.0165085 -0.0357849 
v 0.0377563 -0.0166014 -0.0357761 
v 0.0376252 -0.0166932 -0.0358023 
v 0.0375018 -0.0167796 -0.0358624 
v 0.0373918 -0.0168566 -0.0359534 
v 0.0373005 -0.0169205 -0.0360711 
v 0.037232 -0.0169685 -0.0362101 
v 0.0371896 -0.0169982 -0.0363638 
v 0.0384003 -0.0161504 -0.0366061 
v 0.0377896 -0.0165781 -0.036525 
vn 3.49148e-15 1.97215e-31 1 
vn -0.976621 0.21497 3.40985e-15 
vn -1 0 3.46945e-15 
vn -0.907575 0.419889 3.16878e-15 
vn -0.976621 0.21497 3.40985e-15 
vn -0.796093 0.605174 2.77954e-15 
vn -0.907575 0.419889 3.16878e-15 
vn -0.647386 0.762162 2.26034e-15 
vn -0.796093 0.605174 2.77954e-15 
vn -0.468408 0.883512 1.63544e-15 
vn -0.647386 0.762162 2.26034e-15 
vn -0.267528 0.96355 9.3407e-16 
vn -0.468408 0.883512 1.63544e-15 
vn -0.0541389 0.998533 1.89025e-16 
vn -0.267528 0.96355 9.3407e-16 
vn 0.161782 0.986827 -5.64859e-16 
vn -0.0541389 0.998533 1.89025e-16 
vn 0.370138 0.928977 -1.29233e-15 
vn 0.161782 0.986827 -5.64859e-16 
vn 0.561187 0.827689 -1.95937e-15 
vn 0.370138 0.928977 -1.29233e-15 
vn 0.725995 0.687699 -2.5348e-15 
vn 0.561187 0.827689 -1.95937e-15 
vn 0.856857 0.515554 -2.9917e-15 
vn 0.725995 0.687699 -2.5348e-15 
vn 0.947653 0.319302 -3.30871e-15 
vn 0.856857 0.515554 -2.9917e-15 
vn 0.994138 0.108119 -3.47101e-15 
vn 0.947653 0.319302 -3.30871e-15 
vn 0.994138 -0.108119 -3.47101e-15 
vn 0.994138 0.108119 -3.47101e-15 
vn 0.947653 -0.319302 -3.30871e-15 
vn 0.994138 -0.108119 -3.47101e-15 
vn 0.856857 -0.515554 -2.9917e-15 
vn 0.947653 -0.319302 -3.30871e-15 
vn 0.725995 -0.687699 -2.5348e-15 
vn 0.856857 -0.515554 -2.9917e-15 
vn 0.561187 -0.827689 -1.95937e-15 
vn 0.725995 -0.687699 -2.5348e-15 
vn 0.370138 -0.928977 -1.29233e-15 
vn 0.561187 -0.827689 -1.95937e-15 
vn 0.161782 -0.986827 -5.64859e-16 
vn 0.370138 -0.928977 -1.29233e-15 
vn -0.0541389 -0.998533 1.89025e-16 
vn 0.161782 -0.986827 -5.64859e-16 
vn -0.267528 -0.96355 9.3407e-16 
vn -0.0541389 -0.998533 1.89025e-16 
vn -0.468408 -0.883512 1.63544e-15 
vn -0.267528 -0.96355 9.3407e-16 
vn -0.647386 -0.762162 2.26034e-15 
vn -0.468408 -0.883512 1.63544e-15 
vn -0.796093 -0.605174 2.77954e-15 
vn -0.647386 -0.762162 2.26034e-15 
vn -0.907575 -0.419889 3.16878e-15 
vn -0.796093 -0.605174 2.77954e-15 
vn -0.976621 -0.21497 3.40985e-15 
vn -0.907575 -0.419889 3.16878e-15 
vn -3.49148e-15 -1.97215e-31 -1 
vn -0.976621 0.21497 3.40985e-15 
vn -1 2.44929e-16 3.49148e-15 
vn -0.907575 0.419889 3.16878e-15 
vn -0.940199 0.340625 3.1225e-15 
vn -0.796093 0.605174 2.77954e-15 
vn -0.647386 0.762162 2.26034e-15 
vn -0.468408 0.883512 1.63544e-15 
vn -0.267528 0.96355 9.3407e-16 
vn -0.0541389 0.998533 1.89025e-16 
vn 0.161782 0.986827 -5.64859e-16 
vn 0.370138 0.928977 -1.29233e-15 
vn 0.561187 0.827689 -1.95937e-15 
vn 0.725995 0.687699 -2.5348e-15 
vn 0.856857 0.515554 -2.9917e-15 
vn 0.947653 0.319302 -3.30871e-15 
vn 0.940634 0.339423 -3.1225e-15 
vn 0.994138 0.108119 -3.47101e-15 
vn 0.994138 -0.108119 -3.47101e-15 
vn 0.947653 -0.319302 -3.30871e-15 
vn 0.856857 -0.515554 -2.9917e-15 
vn 0.725995 -0.687699 -2.5348e-15 
vn 0.561187 -0.827689 -1.95937e-15 
vn 0.370138 -0.928977 -1.29233e-15 
vn 0.161782 -0.986827 -5.64859e-16 
vn -0.0541389 -0.998533 1.89025e-16 
vn -0.267528 -0.96355 9.3407e-16 
vn -0.468408 -0.883512 1.63544e-15 
vn -0.647386 -0.762162 2.26034e-15 
vn -0.5 -0.866025 1.73472e-15 
vn -0.468408 -0.883512 1.63544e-15 
vn -0.796093 -0.605174 2.77954e-15 
vn -0.907575 -0.419889 3.16878e-15 
vn -0.976621 -0.21497 3.40985e-15 
vn 3.49148e-15 0 1 
vn 0.531865 0.601169 0.596419 
vn 0.619506 0.585292 0.523112 
vn 0.58616 0.617861 0.524084 
vn 0.58057 0.618908 0.529047 
vn 0.432196 0.609229 0.664866 
vn 0.49508 0.629666 0.598679 
vn 0.321402 0.6081 0.72589 
vn 0.392359 0.631682 0.668604 
vn 0.377171 0.631099 0.677832 
vn 0.297039 0.624521 0.722317 
vn 0.201166 0.596662 0.77687 
vn 0.279443 0.622329 0.731176 
vn 0.0739676 0.574216 0.815356 
vn 0.158215 0.600744 0.783629 
vn 0.138043 0.596096 0.790958 
vn 0.0665779 0.577261 0.813841 
vn -0.0570275 0.540613 0.839336 
vn 0.0313883 0.56668 0.82334 
vn -0.0526584 0.538013 0.84129 
vn -0.188188 0.496342 0.847484 
vn -0.0977943 0.520662 0.848144 
vn -0.116478 0.513076 0.850403 
vn -0.279079 0.437078 0.855031 
vn -0.34858 0.398933 0.848142 
vn -0.213883 0.469732 0.856508 
vn -0.315734 0.442525 0.839335 
vn -0.369431 0.386758 0.84495 
vn -0.465835 0.326019 0.822624 
vn -0.436088 0.380827 0.815352 
vn -0.560406 0.258309 0.786906 
vn -0.567362 0.25297 0.783649 
vn -0.546206 0.313291 0.776858 
vn -0.586379 0.23808 0.774259 
vn -0.699576 0.139547 0.7008 
vn -0.643813 0.242125 0.725865 
vn -0.736425 0.102937 0.668643 
vn -0.727516 0.1695 0.664824 
vn -0.786706 0.0475757 0.615492 
vn -0.796792 0.0973716 0.596357 
vn -0.850864 -0.0360617 0.524147 
vn -0.851876 0.027366 0.523028 
vn -0.890604 -0.0828049 0.447178 
vn -0.888939 -0.0987575 0.447252 
vn -0.846311 0.106389 0.521957 
vn -0.89447 4.95716e-05 0.447127 
vn -0.893592 -0.0392714 0.447159 
vn -0.813249 0.141646 0.564413 
vn -0.786602 0.167684 0.594255 
vn -0.713274 0.230728 0.661819 
vn -0.670574 0.263005 0.693657 
vn -0.626141 0.294076 0.722126 
vn -0.604299 0.308453 0.734629 
vn -0.525551 0.356324 0.772547 
vn -0.469914 0.386597 0.793551 
vn -0.428782 0.407414 0.806325 
vn -0.317203 0.457628 0.830638 
vn -0.290325 0.468461 0.834419 
vn -0.237644 0.488301 0.839695 
vn -0.133156 0.522537 0.842155 
vn -0.0280629 0.550262 0.834521 
vn -0.0273474 0.550428 0.834435 
vn 0.0798458 0.571741 0.81654 
vn 0.141538 0.580761 0.801675 
vn 0.23529 0.5897 0.772588 
vn 0.267989 0.591423 0.760527 
vn 0.292094 0.592193 0.750992 
vn 0.445367 0.586495 0.676515 
vn 0.470433 0.583624 0.661873 
vn 0.595705 0.559645 0.576136 
vn 0.694893 0.563081 0.447285 
vn 0.660637 0.539525 0.521989 
vn 0.665359 0.59774 0.447218 
vn 0.73674 0.50716 0.447217 
vn -0.893145 0.0479079 0.44721 
vn -0.619506 0.585292 0.523112 
vn -0.660663 0.539493 0.521988 
vn -0.571759 0.565594 0.594302 
vn -0.531865 0.601169 0.596419 
vn -0.548694 0.570707 0.610924 
vn -0.464123 0.584418 0.665617 
vn -0.432196 0.609229 0.664866 
vn -0.357728 0.592038 0.722165 
vn -0.321402 0.6081 0.72589 
vn -0.289739 0.592136 0.751948 
vn -0.235263 0.589707 0.772591 
vn -0.201166 0.596662 0.77687 
vn -0.211671 0.588016 0.780662 
vn -0.0759877 0.571096 0.817358 
vn -0.0739676 0.574216 0.815356 
vn -0.0143245 0.55955 0.828673 
vn 0.0273023 0.55044 0.834428 
vn 0.0570275 0.540613 0.839336 
vn 0.0965274 0.532958 0.840618 
vn 0.169482 0.511396 0.842467 
vn 0.315734 0.442525 0.839335 
vn 0.188188 0.496342 0.847484 
vn 0.270861 0.475991 0.8367 
vn 0.436088 0.380827 0.815352 
vn 0.290323 0.468463 0.834419 
vn 0.546206 0.313291 0.776858 
vn 0.368514 0.435624 0.821236 
vn 0.472222 0.385389 0.792768 
vn 0.509463 0.365296 0.779106 
vn 0.643813 0.242125 0.725865 
vn 0.525588 0.356257 0.772553 
vn 0.727516 0.1695 0.664824 
vn 0.629472 0.291812 0.720147 
vn 0.648461 0.278768 0.708369 
vn 0.796792 0.0973716 0.596357 
vn 0.713271 0.23074 0.661819 
vn 0.851876 0.027366 0.523028 
vn 0.782945 0.171009 0.598125 
vn 0.846305 0.106434 0.521957 
vn 0.893145 0.0479079 0.44721 
vn 0.89447 4.95715e-05 0.447127 
vn 0.890604 -0.0828049 0.447178 
vn 0.888939 -0.0987575 0.447252 
vn 0.868773 -0.0638429 0.491078 
vn 0.893592 -0.0392714 0.447159 
vn 0.850864 -0.0360647 0.524147 
vn 0.800329 0.0314881 0.598733 
vn 0.740229 0.0988995 0.665042 
vn 0.684307 0.153985 0.71275 
vn 0.658689 0.177425 0.731197 
vn 0.556312 0.261428 0.788779 
vn 0.49684 0.304778 0.812564 
vn 0.463351 0.327736 0.823344 
vn 0.390803 0.373948 0.841092 
vn 0.348591 0.398916 0.848145 
vn 0.331805 0.408451 0.850337 
vn 0.171504 0.48938 0.85504 
vn 0.0977815 0.520669 0.84814 
vn 0.237462 0.458265 0.856507 
vn 0.0760719 0.529181 0.845092 
vn -0.0232186 0.564106 0.825376 
vn -0.134488 0.595244 0.792211 
vn -0.158177 0.600745 0.783636 
vn -0.168476 0.603011 0.779739 
vn -0.311423 0.626109 0.714845 
vn -0.392436 0.631643 0.668596 
vn -0.500753 0.629293 0.594337 
vn -0.586199 0.617825 0.524083 
vn -0.665359 0.59774 0.447218 
vn -0.694893 0.563081 0.447285 
vn -0.73674 0.50716 0.447217 
vn 3.49148e-15 0 1 
vn -0.888512 0.102695 0.447214 
vn -0.848165 0.283929 0.447214 
vn -0.771269 0.452928 0.447214 
vn -0.816565 0.364996 0.447214 
vn -0.661138 0.602409 0.447214 
vn -0.522516 0.725932 0.447214 
vn -0.658013 0.605821 0.447214 
vn -0.361378 0.818172 0.447214 
vn -0.482921 0.752853 0.447214 
vn -0.522516 0.725932 0.447214 
vn -0.361378 0.818172 0.447214 
vn -0.184668 0.875156 0.447214 
vn 6.17748e-16 0.894427 0.447214 
vn 0.184668 0.875156 0.447214 
vn 0.361378 0.818172 0.447214 
vn 0.522516 0.725932 0.447214 
vn 0.41766 0.790923 0.447214 
vn 0.482921 0.752853 0.447214 
vn 0.522516 0.725932 0.447214 
vn 0.658013 0.605821 0.447214 
vn 0.661138 0.602409 0.447214 
vn 0.771269 0.452928 0.447214 
vn 0.816565 0.364996 0.447214 
vn 0.848165 0.283929 0.447214 
vn 0.888512 0.102695 0.447214 
vn 0.894427 -1.29408e-13 0.447214 
vn 0.893143 0.047903 0.447214 
vn 0.893579 -0.0389424 0.447214 
vn 0.890571 -0.0829649 0.447214 
vn 0.890601 -0.0826432 0.447214 
vn -0.893579 -0.0389423 0.447214 
vn -0.890601 -0.0826432 0.447214 
vn -0.893143 0.047903 0.447214 
vn -0.894427 0 0.447214 
vn -0.88897 -0.0986566 0.447214 
vn -0.890571 -0.0829649 0.447214 
vn 0.888512 0.102695 0.447214 
vn 0.88897 -0.0986566 0.447214 
vn -0.755309 0.47907 0.447214 
vn -0.839698 0.30807 0.447214 
vn -0.88592 0.123067 0.447214 
vn -0.856634 0.25725 0.447214 
vn -0.894381 -0.00906032 0.447214 
vn -0.891874 -0.06753 0.447214 
vn -0.85729 -0.255057 0.447214 
vn -0.783739 -0.430991 0.447214 
vn -0.674564 -0.587335 0.447214 
vn -0.744256 -0.496068 0.447214 
vn -0.750473 -0.48661 0.447214 
vn -0.674564 -0.587335 0.447214 
vn -0.534729 -0.716983 0.447214 
vn -0.453402 -0.770991 0.447214 
vn -0.370588 -0.814042 0.447214 
vn -0.189603 -0.8741 0.447214 
vn -0.286546 -0.847285 0.447214 
vn -0.370588 -0.814042 0.447214 
vn -0.189603 -0.8741 0.447214 
vn 3.39331e-15 -0.894427 0.447214 
vn 0.189603 -0.8741 0.447214 
vn 0.370588 -0.814042 0.447214 
vn 0.534729 -0.716983 0.447214 
vn 0.453402 -0.770991 0.447214 
vn 0.674564 -0.587335 0.447214 
vn 0.744256 -0.496068 0.447214 
vn 0.783739 -0.430991 0.447214 
vn 0.750473 -0.48661 0.447214 
vn 0.85729 -0.255057 0.447214 
vn 0.891874 -0.06753 0.447214 
vn 0.88592 0.123067 0.447214 
vn 0.894381 -0.00906032 0.447214 
vn 0.856634 0.25725 0.447214 
vn 0.839698 0.30807 0.447214 
vn 0.755309 0.47907 0.447214 
vn -0.755309 0.47907 0.447214 
vn -0.736739 0.507164 0.447214 
vn -0.741626 0.49999 0.447214 
vn -0.694412 0.56373 0.447214 
vn -0.665435 0.597659 0.447214 
vn 0.741626 0.49999 0.447214 
vn 0.665435 0.597659 0.447214 
vn 0.694412 0.56373 0.447214 
vn 0.736739 0.507164 0.447214 
vn -1 0 3.46945e-15 
vn -0.976621 0.21497 3.40985e-15 
vn -0.907575 0.419889 3.16878e-15 
vn -0.796093 0.605174 2.77954e-15 
vn -0.816856 0.576842 2.89121e-15 
vn -0.647386 0.762162 2.26034e-15 
vn -0.468408 0.883512 1.63544e-15 
vn -0.267528 0.96355 9.3407e-16 
vn -0.0541389 0.998533 1.89025e-16 
vn 0.161782 0.986827 -5.64859e-16 
vn 0.370138 0.928977 -1.29233e-15 
vn 0.561187 0.827689 -1.95937e-15 
vn 0.725995 0.687699 -2.5348e-15 
vn 0.66209 0.749424 -2.31296e-15 
vn 0.856857 0.515554 -2.9917e-15 
vn 0.815992 0.578063 -2.89121e-15 
vn 0.947653 0.319302 -3.30871e-15 
vn 0.994138 0.108119 -3.47101e-15 
vn 0.994138 -0.108119 -3.47101e-15 
vn 1 5.78241e-16 -3.49148e-15 
vn 0.947653 -0.319302 -3.30871e-15 
vn 0.856857 -0.515554 -2.9917e-15 
vn 0.725995 -0.687699 -2.5348e-15 
vn 0.756086 -0.654472 -2.60209e-15 
vn 0.561187 -0.827689 -1.95937e-15 
vn 0.66209 -0.749424 -2.31296e-15 
vn 0.370138 -0.928977 -1.29233e-15 
vn 0.161782 -0.986827 -5.64859e-16 
vn -0.0541389 -0.998533 1.89025e-16 
vn -0.267528 -0.96355 9.3407e-16 
vn -0.468408 -0.883512 1.63544e-15 
vn -0.647386 -0.762162 2.26034e-15 
vn -0.796093 -0.605174 2.77954e-15 
vn -0.755489 -0.655161 2.60209e-15 
vn -0.907575 -0.419889 3.16878e-15 
vn -0.976621 -0.21497 3.40985e-15 
vn -0.647386 -0.762162 2.26034e-15 
vn 0.856857 -0.515554 -2.9917e-15 
vn 0.561187 0.827689 -1.95937e-15 
vn -0.907575 0.419889 3.16878e-15 
vn 3.49148e-15 0 1 
vn 0.976621 0.21497 -3.40985e-15 
vn 1 2.44929e-16 -3.49148e-15 
vn 0.907575 0.419889 -3.16878e-15 
vn 0.976621 0.21497 -3.40985e-15 
vn 0.796093 0.605174 -2.77954e-15 
vn 0.907575 0.419889 -3.16878e-15 
vn 0.647386 0.762162 -2.26034e-15 
vn 0.796093 0.605174 -2.77954e-15 
vn 0.468408 0.883512 -1.63544e-15 
vn 0.647386 0.762162 -2.26034e-15 
vn 0.267528 0.96355 -9.3407e-16 
vn 0.468408 0.883512 -1.63544e-15 
vn 0.0541389 0.998533 -1.89025e-16 
vn 0.267528 0.96355 -9.3407e-16 
vn -0.161782 0.986827 5.64859e-16 
vn 0.0541389 0.998533 -1.89025e-16 
vn -0.370138 0.928977 1.29233e-15 
vn -0.161782 0.986827 5.64859e-16 
vn -0.561187 0.827689 1.95937e-15 
vn -0.370138 0.928977 1.29233e-15 
vn -0.725995 0.687699 2.5348e-15 
vn -0.561187 0.827689 1.95937e-15 
vn -0.856857 0.515554 2.9917e-15 
vn -0.725995 0.687699 2.5348e-15 
vn -0.947653 0.319302 3.30871e-15 
vn -0.856857 0.515554 2.9917e-15 
vn -0.994138 0.108119 3.47101e-15 
vn -0.947653 0.319302 3.30871e-15 
vn -1 0 3.49148e-15 
vn -0.994138 -0.108119 3.47101e-15 
vn -0.947653 -0.319302 3.30871e-15 
vn -0.856857 -0.515554 2.9917e-15 
vn -0.725995 -0.687699 2.5348e-15 
vn -0.561187 -0.827689 1.95937e-15 
vn -0.370138 -0.928977 1.29233e-15 
vn -0.161782 -0.986827 5.64859e-16 
vn 0.0541389 -0.998533 -1.89025e-16 
vn 0.267528 -0.96355 -9.3407e-16 
vn 0.468408 -0.883512 -1.63544e-15 
vn 0.647386 -0.762162 -2.26034e-15 
vn 0.796093 -0.605174 -2.77954e-15 
vn 0.907575 -0.419889 -3.16878e-15 
vn 0.976621 -0.21497 -3.40985e-15 
vn 3.49148e-15 0 1 
vn 0.976621 0.21497 -3.40985e-15 
vn 0.999977 0.00679834 -3.58258e-15 
vn 1 0 -3.49148e-15 
vn 0.907575 0.419889 -3.16878e-15 
vn 0.930436 0.366455 -3.20547e-15 
vn 0.796093 0.605174 -2.77954e-15 
vn 0.87605 0.48222 -3.01691e-15 
vn 0.647386 0.762162 -2.26034e-15 
vn 0.703867 0.710332 -2.45124e-15 
vn 0.72845 0.685099 -2.45124e-15 
vn 0.647386 0.762162 -2.26034e-15 
vn 0.468408 0.883512 -1.63544e-15 
vn 0.560989 0.827823 -1.88557e-15 
vn 0.267528 0.96355 -9.3407e-16 
vn 0.341517 0.939876 -1.13134e-15 
vn 0.0541389 0.998533 -1.89025e-16 
vn 0.215615 0.976478 -7.54228e-16 
vn -0.161782 0.986827 5.64859e-16 
vn -0.370138 0.928977 1.29233e-15 
vn -0.34067 0.940183 1.13134e-15 
vn -0.561187 0.827689 1.95937e-15 
vn -0.557935 0.829885 1.88557e-15 
vn -0.724369 0.689413 2.45124e-15 
vn -0.705759 0.708452 2.45124e-15 
vn -0.725995 0.687699 2.5348e-15 
vn -0.856857 0.515554 2.9917e-15 
vn -0.947653 0.319302 3.30871e-15 
vn -0.930499 0.366294 3.20547e-15 
vn -0.994138 0.108119 3.47101e-15 
vn -1 5.66554e-16 3.49148e-15 
vn -0.994138 -0.108119 3.47101e-15 
vn -0.999977 0.00679582 3.58258e-15 
vn -1 1.22465e-16 3.58258e-15 
vn -0.994138 0.108119 3.47101e-15 
vn -0.947653 -0.319302 3.30871e-15 
vn -0.980996 -0.194028 3.39402e-15 
vn -0.856857 -0.515554 2.9917e-15 
vn -0.725995 -0.687699 2.5348e-15 
vn -0.802622 -0.596489 2.82835e-15 
vn -0.654111 -0.756399 2.26268e-15 
vn -0.724369 -0.689413 2.45124e-15 
vn -0.561187 -0.827689 1.95937e-15 
vn -0.370138 -0.928977 1.29233e-15 
vn -0.557935 -0.829885 1.88557e-15 
vn -0.161782 -0.986827 5.64859e-16 
vn -0.34067 -0.940183 1.13134e-15 
vn 0.0541389 -0.998533 -1.89025e-16 
vn 0.267528 -0.96355 -9.3407e-16 
vn 0.215615 -0.976478 -7.54228e-16 
vn 0.468408 -0.883512 -1.63544e-15 
vn 0.341517 -0.939876 -1.13134e-15 
vn 0.647386 -0.762162 -2.26034e-15 
vn 0.560989 -0.827823 -1.88557e-15 
vn 0.796093 -0.605174 -2.77954e-15 
vn 0.72845 -0.685099 -2.45124e-15 
vn 0.65795 -0.753062 -2.26268e-15 
vn 0.796093 -0.605174 -2.77954e-15 
vn 0.907575 -0.419889 -3.16878e-15 
vn 0.87605 -0.48222 -3.01691e-15 
vn 0.804555 -0.593878 -2.82835e-15 
vn 0.907575 -0.419889 -3.16878e-15 
vn 0.976621 -0.21497 -3.40985e-15 
vn 1 0 -3.49148e-15 
vn 0.98113 -0.193351 -3.39402e-15 
vn 0.976621 -0.21497 -3.40985e-15 
vn 0.0541389 -0.998533 -1.89025e-16 
vn -0.856857 -0.515554 2.9917e-15 
vn -0.856857 0.515554 2.9917e-15 
vn -0.161782 0.986827 5.64859e-16 
vn -3.49148e-15 0 -1 
vn -0.976621 0.21497 3.40985e-15 
vn -1 0 3.46945e-15 
vn -0.907575 0.419889 3.16878e-15 
vn -0.976621 0.21497 3.40985e-15 
vn -0.796093 0.605174 2.77954e-15 
vn -0.907575 0.419889 3.16878e-15 
vn -0.647386 0.762162 2.26034e-15 
vn -0.796093 0.605174 2.77954e-15 
vn -0.468408 0.883512 1.63544e-15 
vn -0.647386 0.762162 2.26034e-15 
vn -0.267528 0.96355 9.3407e-16 
vn -0.430938 0.902381 1.38778e-15 
vn -0.468408 0.883512 1.63544e-15 
vn -0.0541389 0.998533 1.89025e-16 
vn 0.161782 0.986827 -5.64859e-16 
vn 0.370138 0.928977 -1.29233e-15 
vn 0.561187 0.827689 -1.95937e-15 
vn 0.725995 0.687699 -2.5348e-15 
vn 0.856857 0.515554 -2.9917e-15 
vn 0.947653 0.319302 -3.30871e-15 
vn 0.994138 0.108119 -3.47101e-15 
vn 0.994138 -0.108119 -3.47101e-15 
vn 0.994979 -0.100085 -3.46945e-15 
vn 0.994138 0.108119 -3.47101e-15 
vn 0.947653 -0.319302 -3.30871e-15 
vn 0.856857 -0.515554 -2.9917e-15 
vn 0.725995 -0.687699 -2.5348e-15 
vn 0.561187 -0.827689 -1.95937e-15 
vn 0.370138 -0.928977 -1.29233e-15 
vn 0.161782 -0.986827 -5.64859e-16 
vn -0.0541389 -0.998533 1.89025e-16 
vn -0.267528 -0.96355 9.3407e-16 
vn -0.468408 -0.883512 1.63544e-15 
vn -0.430938 -0.902381 1.38778e-15 
vn -0.647386 -0.762162 2.26034e-15 
vn -0.796093 -0.605174 2.77954e-15 
vn -0.907575 -0.419889 3.16878e-15 
vn -0.976621 -0.21497 3.40985e-15 
vn -0.994928 -0.100587 3.46945e-15 
vn -3.49148e-15 -1.97215e-31 -1 
vn -0.976621 0.21497 3.40985e-15 
vn -1 0 3.46945e-15 
vn -0.907575 0.419889 3.16878e-15 
vn -0.976621 0.21497 3.40985e-15 
vn -0.796093 0.605174 2.77954e-15 
vn -0.907575 0.419889 3.16878e-15 
vn -0.647386 0.762162 2.26034e-15 
vn -0.796093 0.605174 2.77954e-15 
vn -0.468408 0.883512 1.63544e-15 
vn -0.647386 0.762162 2.26034e-15 
vn -0.267528 0.96355 9.3407e-16 
vn -0.468408 0.883512 1.63544e-15 
vn -0.0541389 0.998533 1.89025e-16 
vn -0.267528 0.96355 9.3407e-16 
vn 0.161782 0.986827 -5.64859e-16 
vn -0.0541389 0.998533 1.89025e-16 
vn 0.370138 0.928977 -1.29233e-15 
vn 0.161782 0.986827 -5.64859e-16 
vn 0.561187 0.827689 -1.95937e-15 
vn 0.370138 0.928977 -1.29233e-15 
vn 0.725995 0.687699 -2.5348e-15 
vn 0.561187 0.827689 -1.95937e-15 
vn 0.856857 0.515554 -2.9917e-15 
vn 0.725995 0.687699 -2.5348e-15 
vn 0.947653 0.319302 -3.30871e-15 
vn 0.856857 0.515554 -2.9917e-15 
vn 0.994138 0.108119 -3.47101e-15 
vn 0.947653 0.319302 -3.30871e-15 
vn 0.994138 -0.108119 -3.47101e-15 
vn 0.994138 0.108119 -3.47101e-15 
vn 0.947653 -0.319302 -3.30871e-15 
vn 0.994138 -0.108119 -3.47101e-15 
vn 0.856857 -0.515554 -2.9917e-15 
vn 0.947653 -0.319302 -3.30871e-15 
vn 0.725995 -0.687699 -2.5348e-15 
vn 0.856857 -0.515554 -2.9917e-15 
vn 0.561187 -0.827689 -1.95937e-15 
vn 0.725995 -0.687699 -2.5348e-15 
vn 0.370138 -0.928977 -1.29233e-15 
vn 0.561187 -0.827689 -1.95937e-15 
vn 0.161782 -0.986827 -5.64859e-16 
vn 0.370138 -0.928977 -1.29233e-15 
vn -0.0541389 -0.998533 1.89025e-16 
vn 0.161782 -0.986827 -5.64859e-16 
vn -0.267528 -0.96355 9.3407e-16 
vn -0.0541389 -0.998533 1.89025e-16 
vn -0.468408 -0.883512 1.63544e-15 
vn -0.267528 -0.96355 9.3407e-16 
vn -0.647386 -0.762162 2.26034e-15 
vn -0.468408 -0.883512 1.63544e-15 
vn -0.796093 -0.605174 2.77954e-15 
vn -0.647386 -0.762162 2.26034e-15 
vn -0.907575 -0.419889 3.16878e-15 
vn -0.796093 -0.605174 2.77954e-15 
vn -0.976621 -0.21497 3.40985e-15 
vn -0.907575 -0.419889 3.16878e-15 
vn 3.49148e-15 1.97215e-31 1 
vn -0.976621 0.21497 3.40985e-15 
vn -1 2.44929e-16 3.49148e-15 
vn -0.907575 0.419889 3.16878e-15 
vn -0.943082 0.332559 3.1225e-15 
vn -0.796093 0.605174 2.77954e-15 
vn -0.647386 0.762162 2.26034e-15 
vn -0.468408 0.883512 1.63544e-15 
vn -0.5 0.866025 1.73472e-15 
vn -0.267528 0.96355 9.3407e-16 
vn -0.0541389 0.998533 1.89025e-16 
vn 0.161782 0.986827 -5.64859e-16 
vn 0.370138 0.928977 -1.29233e-15 
vn 0.561187 0.827689 -1.95937e-15 
vn 0.725995 0.687699 -2.5348e-15 
vn 0.856857 0.515554 -2.9917e-15 
vn 0.947653 0.319302 -3.30871e-15 
vn 0.943608 0.331064 -3.1225e-15 
vn 0.994138 0.108119 -3.47101e-15 
vn 0.994138 -0.108119 -3.47101e-15 
vn 0.947653 -0.319302 -3.30871e-15 
vn 0.856857 -0.515554 -2.9917e-15 
vn 0.725995 -0.687699 -2.5348e-15 
vn 0.561187 -0.827689 -1.95937e-15 
vn 0.370138 -0.928977 -1.29233e-15 
vn 0.161782 -0.986827 -5.64859e-16 
vn -0.0541389 -0.998533 1.89025e-16 
vn -0.267528 -0.96355 9.3407e-16 
vn -0.468408 -0.883512 1.63544e-15 
vn -0.647386 -0.762162 2.26034e-15 
vn -0.796093 -0.605174 2.77954e-15 
vn -0.907575 -0.419889 3.16878e-15 
vn -0.976621 -0.21497 3.40985e-15 
vn -3.49148e-15 -1.97215e-31 -1 
vn -0.976621 0.21497 3.40985e-15 
vn -1 2.44929e-16 3.49148e-15 
vn -0.907575 0.419889 3.16878e-15 
vn -0.943082 0.332559 3.1225e-15 
vn -0.796093 0.605174 2.77954e-15 
vn -0.647386 0.762162 2.26034e-15 
vn -0.468408 0.883512 1.63544e-15 
vn -0.267528 0.96355 9.3407e-16 
vn -0.0541389 0.998533 1.89025e-16 
vn 0.161782 0.986827 -5.64859e-16 
vn 0.370138 0.928977 -1.29233e-15 
vn 0.561187 0.827689 -1.95937e-15 
vn 0.5 0.866025 -1.73472e-15 
vn 0.725995 0.687699 -2.5348e-15 
vn 0.856857 0.515554 -2.9917e-15 
vn 0.947653 0.319302 -3.30871e-15 
vn 0.943608 0.331064 -3.1225e-15 
vn 0.994138 0.108119 -3.47101e-15 
vn 0.994138 -0.108119 -3.47101e-15 
vn 0.947653 -0.319302 -3.30871e-15 
vn 0.856857 -0.515554 -2.9917e-15 
vn 0.725995 -0.687699 -2.5348e-15 
vn 0.561187 -0.827689 -1.95937e-15 
vn 0.370138 -0.928977 -1.29233e-15 
vn 0.161782 -0.986827 -5.64859e-16 
vn -0.0541389 -0.998533 1.89025e-16 
vn -0.267528 -0.96355 9.3407e-16 
vn -0.468408 -0.883512 1.63544e-15 
vn -0.647386 -0.762162 2.26034e-15 
vn -0.796093 -0.605174 2.77954e-15 
vn -0.907575 -0.419889 3.16878e-15 
vn -0.976621 -0.21497 3.40985e-15 
vn -3.49148e-15 -1.97215e-31 -1 
vn -0.976621 0.21497 3.40985e-15 
vn -1 2.44929e-16 3.49148e-15 
vn -0.907575 0.419889 3.16878e-15 
vn -0.976621 0.21497 3.40985e-15 
vn -0.796093 0.605174 2.77954e-15 
vn -0.907575 0.419889 3.16878e-15 
vn -0.647386 0.762162 2.26034e-15 
vn -0.796093 0.605174 2.77954e-15 
vn -0.468408 0.883512 1.63544e-15 
vn -0.647386 0.762162 2.26034e-15 
vn -0.267528 0.96355 9.3407e-16 
vn -0.468408 0.883512 1.63544e-15 
vn -0.0541389 0.998533 1.89025e-16 
vn -0.267528 0.96355 9.3407e-16 
vn 0.161782 0.986827 -5.64859e-16 
vn -0.0541389 0.998533 1.89025e-16 
vn 0.370138 0.928977 -1.29233e-15 
vn 0.161782 0.986827 -5.64859e-16 
vn 0.561187 0.827689 -1.95937e-15 
vn 0.370138 0.928977 -1.29233e-15 
vn 0.725995 0.687699 -2.5348e-15 
vn 0.561187 0.827689 -1.95937e-15 
vn 0.856857 0.515554 -2.9917e-15 
vn 0.725995 0.687699 -2.5348e-15 
vn 0.947653 0.319302 -3.30871e-15 
vn 0.856857 0.515554 -2.9917e-15 
vn 0.994138 0.108119 -3.47101e-15 
vn 0.947653 0.319302 -3.30871e-15 
vn 0.994138 -0.108119 -3.47101e-15 
vn 0.994983 -0.100041 -3.46945e-15 
vn 0.994138 0.108119 -3.47101e-15 
vn 1 -5.66554e-16 -3.46945e-15 
vn 0.947653 -0.319302 -3.30871e-15 
vn 0.856857 -0.515554 -2.9917e-15 
vn 0.725995 -0.687699 -2.5348e-15 
vn 0.561187 -0.827689 -1.95937e-15 
vn 0.370138 -0.928977 -1.29233e-15 
vn 0.161782 -0.986827 -5.64859e-16 
vn -0.0541389 -0.998533 1.89025e-16 
vn -0.267528 -0.96355 9.3407e-16 
vn -0.468408 -0.883512 1.63544e-15 
vn -0.647386 -0.762162 2.26034e-15 
vn -0.796093 -0.605174 2.77954e-15 
vn -0.907575 -0.419889 3.16878e-15 
vn -0.976621 -0.21497 3.40985e-15 
vn -0.994928 -0.100587 3.46945e-15 
vn -3.49148e-15 -1.97215e-31 -1 
vn -0.976621 0.21497 3.40985e-15 
vn -1 2.44929e-16 3.49148e-15 
vn -0.907575 0.419889 3.16878e-15 
vn -0.940199 0.340625 3.1225e-15 
vn -0.796093 0.605174 2.77954e-15 
vn -0.647386 0.762162 2.26034e-15 
vn -0.468408 0.883512 1.63544e-15 
vn -0.267528 0.96355 9.3407e-16 
vn -0.0541389 0.998533 1.89025e-16 
vn 0.161782 0.986827 -5.64859e-16 
vn 0.370138 0.928977 -1.29233e-15 
vn 0.561187 0.827689 -1.95937e-15 
vn 0.725995 0.687699 -2.5348e-15 
vn 0.856857 0.515554 -2.9917e-15 
vn 0.947653 0.319302 -3.30871e-15 
vn 0.940634 0.339423 -3.1225e-15 
vn 0.994138 0.108119 -3.47101e-15 
vn 0.994138 -0.108119 -3.47101e-15 
vn 0.947653 -0.319302 -3.30871e-15 
vn 0.856857 -0.515554 -2.9917e-15 
vn 0.725995 -0.687699 -2.5348e-15 
vn 0.561187 -0.827689 -1.95937e-15 
vn 0.370138 -0.928977 -1.29233e-15 
vn 0.5 -0.866025 -1.73472e-15 
vn 0.561187 -0.827689 -1.95937e-15 
vn 0.161782 -0.986827 -5.64859e-16 
vn -0.0541389 -0.998533 1.89025e-16 
vn -0.267528 -0.96355 9.3407e-16 
vn -0.468408 -0.883512 1.63544e-15 
vn -0.647386 -0.762162 2.26034e-15 
vn -0.796093 -0.605174 2.77954e-15 
vn -0.907575 -0.419889 3.16878e-15 
vn -0.976621 -0.21497 3.40985e-15 
vn -3.49148e-15 -1.97215e-31 -1 
vn -0.976621 0.21497 3.40985e-15 
vn -1 0 3.46945e-15 
vn -0.907575 0.419889 3.16878e-15 
vn -0.976621 0.21497 3.40985e-15 
vn -0.796093 0.605174 2.77954e-15 
vn -0.907575 0.419889 3.16878e-15 
vn -0.647386 0.762162 2.26034e-15 
vn -0.796093 0.605174 2.77954e-15 
vn -0.468408 0.883512 1.63544e-15 
vn -0.647386 0.762162 2.26034e-15 
vn -0.267528 0.96355 9.3407e-16 
vn -0.468408 0.883512 1.63544e-15 
vn -0.0541389 0.998533 1.89025e-16 
vn -0.267528 0.96355 9.3407e-16 
vn 0.161782 0.986827 -5.64859e-16 
vn -0.0541389 0.998533 1.89025e-16 
vn 0.370138 0.928977 -1.29233e-15 
vn 0.161782 0.986827 -5.64859e-16 
vn 0.561187 0.827689 -1.95937e-15 
vn 0.370138 0.928977 -1.29233e-15 
vn 0.725995 0.687699 -2.5348e-15 
vn 0.561187 0.827689 -1.95937e-15 
vn 0.856857 0.515554 -2.9917e-15 
vn 0.725995 0.687699 -2.5348e-15 
vn 0.947653 0.319302 -3.30871e-15 
vn 0.856857 0.515554 -2.9917e-15 
vn 0.994138 0.108119 -3.47101e-15 
vn 0.947653 0.319302 -3.30871e-15 
vn 0.994138 -0.108119 -3.47101e-15 
vn 0.994138 0.108119 -3.47101e-15 
vn 0.947653 -0.319302 -3.30871e-15 
vn 0.994138 -0.108119 -3.47101e-15 
vn 0.856857 -0.515554 -2.9917e-15 
vn 0.947653 -0.319302 -3.30871e-15 
vn 0.725995 -0.687699 -2.5348e-15 
vn 0.856857 -0.515554 -2.9917e-15 
vn 0.561187 -0.827689 -1.95937e-15 
vn 0.725995 -0.687699 -2.5348e-15 
vn 0.370138 -0.928977 -1.29233e-15 
vn 0.561187 -0.827689 -1.95937e-15 
vn 0.161782 -0.986827 -5.64859e-16 
vn 0.370138 -0.928977 -1.29233e-15 
vn -0.0541389 -0.998533 1.89025e-16 
vn 0.161782 -0.986827 -5.64859e-16 
vn -0.267528 -0.96355 9.3407e-16 
vn -0.0541389 -0.998533 1.89025e-16 
vn -0.468408 -0.883512 1.63544e-15 
vn -0.267528 -0.96355 9.3407e-16 
vn -0.647386 -0.762162 2.26034e-15 
vn -0.468408 -0.883512 1.63544e-15 
vn -0.796093 -0.605174 2.77954e-15 
vn -0.647386 -0.762162 2.26034e-15 
vn -0.907575 -0.419889 3.16878e-15 
vn -0.796093 -0.605174 2.77954e-15 
vn -0.976621 -0.21497 3.40985e-15 
vn -0.907575 -0.419889 3.16878e-15 
vn 3.49148e-15 1.97215e-31 1 
vn -0.976621 0.21497 3.40985e-15 
vn -1 2.44929e-16 3.49148e-15 
vn -0.907575 0.419889 3.16878e-15 
vn -0.976621 0.21497 3.40985e-15 
vn -0.796093 0.605174 2.77954e-15 
vn -0.907575 0.419889 3.16878e-15 
vn -0.647386 0.762162 2.26034e-15 
vn -0.796093 0.605174 2.77954e-15 
vn -0.468408 0.883512 1.63544e-15 
vn -0.647386 0.762162 2.26034e-15 
vn -0.267528 0.96355 9.3407e-16 
vn -0.468408 0.883512 1.63544e-15 
vn -0.0541389 0.998533 1.89025e-16 
vn -0.267528 0.96355 9.3407e-16 
vn 0.161782 0.986827 -5.64859e-16 
vn -0.0541389 0.998533 1.89025e-16 
vn 0.370138 0.928977 -1.29233e-15 
vn 0.161782 0.986827 -5.64859e-16 
vn 0.5 0.866025 -1.74574e-15 
vn 0.561187 0.827689 -1.95937e-15 
vn 0.370138 0.928977 -1.29233e-15 
vn 0.725995 0.687699 -2.5348e-15 
vn 0.856857 0.515554 -2.9917e-15 
vn 0.947653 0.319302 -3.30871e-15 
vn 0.994138 0.108119 -3.47101e-15 
vn 0.994138 -0.108119 -3.47101e-15 
vn 0.947653 -0.319302 -3.30871e-15 
vn 0.856857 -0.515554 -2.9917e-15 
vn 0.725995 -0.687699 -2.5348e-15 
vn 0.561187 -0.827689 -1.95937e-15 
vn 0.370138 -0.928977 -1.29233e-15 
vn 0.161782 -0.986827 -5.64859e-16 
vn -0.0541389 -0.998533 1.89025e-16 
vn -0.267528 -0.96355 9.3407e-16 
vn -0.468408 -0.883512 1.63544e-15 
vn -0.647386 -0.762162 2.26034e-15 
vn -0.796093 -0.605174 2.77954e-15 
vn -0.907575 -0.419889 3.16878e-15 
vn -0.976621 -0.21497 3.40985e-15 
vn 3.49148e-15 1.97215e-31 1 
vn -0.976621 0.21497 3.40985e-15 
vn -1 0 3.46945e-15 
vn -0.907575 0.419889 3.16878e-15 
vn -0.976621 0.21497 3.40985e-15 
vn -0.796093 0.605174 2.77954e-15 
vn -0.907575 0.419889 3.16878e-15 
vn -0.647386 0.762162 2.26034e-15 
vn -0.796093 0.605174 2.77954e-15 
vn -0.468408 0.883512 1.63544e-15 
vn -0.647386 0.762162 2.26034e-15 
vn -0.267528 0.96355 9.3407e-16 
vn -0.468408 0.883512 1.63544e-15 
vn -0.0541389 0.998533 1.89025e-16 
vn -0.267528 0.96355 9.3407e-16 
vn 0.161782 0.986827 -5.64859e-16 
vn -0.0541389 0.998533 1.89025e-16 
vn 0.370138 0.928977 -1.29233e-15 
vn 0.161782 0.986827 -5.64859e-16 
vn 0.561187 0.827689 -1.95937e-15 
vn 0.370138 0.928977 -1.29233e-15 
vn 0.725995 0.687699 -2.5348e-15 
vn 0.561187 0.827689 -1.95937e-15 
vn 0.856857 0.515554 -2.9917e-15 
vn 0.725995 0.687699 -2.5348e-15 
vn 0.947653 0.319302 -3.30871e-15 
vn 0.856857 0.515554 -2.9917e-15 
vn 0.994138 0.108119 -3.47101e-15 
vn 0.947653 0.319302 -3.30871e-15 
vn 0.994138 -0.108119 -3.47101e-15 
vn 0.994138 0.108119 -3.47101e-15 
vn 0.947653 -0.319302 -3.30871e-15 
vn 0.994138 -0.108119 -3.47101e-15 
vn 0.856857 -0.515554 -2.9917e-15 
vn 0.947653 -0.319302 -3.30871e-15 
vn 0.725995 -0.687699 -2.5348e-15 
vn 0.856857 -0.515554 -2.9917e-15 
vn 0.561187 -0.827689 -1.95937e-15 
vn 0.725995 -0.687699 -2.5348e-15 
vn 0.370138 -0.928977 -1.29233e-15 
vn 0.561187 -0.827689 -1.95937e-15 
vn 0.161782 -0.986827 -5.64859e-16 
vn 0.370138 -0.928977 -1.29233e-15 
vn -0.0541389 -0.998533 1.89025e-16 
vn 0.161782 -0.986827 -5.64859e-16 
vn -0.267528 -0.96355 9.3407e-16 
vn -0.0541389 -0.998533 1.89025e-16 
vn -0.468408 -0.883512 1.63544e-15 
vn -0.267528 -0.96355 9.3407e-16 
vn -0.647386 -0.762162 2.26034e-15 
vn -0.468408 -0.883512 1.63544e-15 
vn -0.796093 -0.605174 2.77954e-15 
vn -0.647386 -0.762162 2.26034e-15 
vn -0.907575 -0.419889 3.16878e-15 
vn -0.796093 -0.605174 2.77954e-15 
vn -0.976621 -0.21497 3.40985e-15 
vn -0.907575 -0.419889 3.16878e-15 
vn 3.49148e-15 1.97215e-31 1 
vn -0.976621 0.21497 3.40985e-15 
vn -1 0 3.46945e-15 
vn -0.907575 0.419889 3.16878e-15 
vn -0.976621 0.21497 3.40985e-15 
vn -0.796093 0.605174 2.77954e-15 
vn -0.907575 0.419889 3.16878e-15 
vn -0.647386 0.762162 2.26034e-15 
vn -0.796093 0.605174 2.77954e-15 
vn -0.468408 0.883512 1.63544e-15 
vn -0.647386 0.762162 2.26034e-15 
vn -0.267528 0.96355 9.3407e-16 
vn -0.468408 0.883512 1.63544e-15 
vn -0.0541389 0.998533 1.89025e-16 
vn -0.267528 0.96355 9.3407e-16 
vn 0.161782 0.986827 -5.64859e-16 
vn -0.0541389 0.998533 1.89025e-16 
vn 0.370138 0.928977 -1.29233e-15 
vn 0.161782 0.986827 -5.64859e-16 
vn 0.561187 0.827689 -1.95937e-15 
vn 0.370138 0.928977 -1.29233e-15 
vn 0.725995 0.687699 -2.5348e-15 
vn 0.561187 0.827689 -1.95937e-15 
vn 0.856857 0.515554 -2.9917e-15 
vn 0.725995 0.687699 -2.5348e-15 
vn 0.947653 0.319302 -3.30871e-15 
vn 0.856857 0.515554 -2.9917e-15 
vn 0.994138 0.108119 -3.47101e-15 
vn 0.947653 0.319302 -3.30871e-15 
vn 0.994138 -0.108119 -3.47101e-15 
vn 0.994138 0.108119 -3.47101e-15 
vn 0.947653 -0.319302 -3.30871e-15 
vn 0.994138 -0.108119 -3.47101e-15 
vn 0.856857 -0.515554 -2.9917e-15 
vn 0.947653 -0.319302 -3.30871e-15 
vn 0.725995 -0.687699 -2.5348e-15 
vn 0.856857 -0.515554 -2.9917e-15 
vn 0.561187 -0.827689 -1.95937e-15 
vn 0.725995 -0.687699 -2.5348e-15 
vn 0.370138 -0.928977 -1.29233e-15 
vn 0.561187 -0.827689 -1.95937e-15 
vn 0.161782 -0.986827 -5.64859e-16 
vn 0.370138 -0.928977 -1.29233e-15 
vn -0.0541389 -0.998533 1.89025e-16 
vn 0.161782 -0.986827 -5.64859e-16 
vn -0.267528 -0.96355 9.3407e-16 
vn -0.0541389 -0.998533 1.89025e-16 
vn -0.468408 -0.883512 1.63544e-15 
vn -0.267528 -0.96355 9.3407e-16 
vn -0.647386 -0.762162 2.26034e-15 
vn -0.468408 -0.883512 1.63544e-15 
vn -0.796093 -0.605174 2.77954e-15 
vn -0.647386 -0.762162 2.26034e-15 
vn -0.907575 -0.419889 3.16878e-15 
vn -0.796093 -0.605174 2.77954e-15 
vn -0.976621 -0.21497 3.40985e-15 
vn -0.907575 -0.419889 3.16878e-15 
vn 3.49148e-15 1.97215e-31 1 
vn -0.976621 0.21497 3.40985e-15 
vn -1 0 3.48086e-15 
vn -0.907575 0.419889 3.16878e-15 
vn -0.976621 0.21497 3.40985e-15 
vn -0.796093 0.605174 2.77954e-15 
vn -0.907575 0.419889 3.16878e-15 
vn -0.647386 0.762162 2.26034e-15 
vn -0.796093 0.605174 2.77954e-15 
vn -0.468408 0.883512 1.63544e-15 
vn -0.647386 0.762162 2.26034e-15 
vn -0.267528 0.96355 9.3407e-16 
vn -0.468408 0.883512 1.63544e-15 
vn -0.0541389 0.998533 1.89025e-16 
vn -0.267528 0.96355 9.3407e-16 
vn 0.161782 0.986827 -5.64859e-16 
vn -0.0541389 0.998533 1.89025e-16 
vn 0.370138 0.928977 -1.29233e-15 
vn 0.161782 0.986827 -5.64859e-16 
vn 0.561187 0.827689 -1.95937e-15 
vn 0.370138 0.928977 -1.29233e-15 
vn 0.725995 0.687699 -2.5348e-15 
vn 0.561187 0.827689 -1.95937e-15 
vn 0.856857 0.515554 -2.9917e-15 
vn 0.725995 0.687699 -2.5348e-15 
vn 0.947653 0.319302 -3.30871e-15 
vn 0.856857 0.515554 -2.9917e-15 
vn 0.994138 0.108119 -3.47101e-15 
vn 0.947653 0.319302 -3.30871e-15 
vn 0.994138 -0.108119 -3.47101e-15 
vn 0.994138 0.108119 -3.47101e-15 
vn 0.947653 -0.319302 -3.30871e-15 
vn 0.994138 -0.108119 -3.47101e-15 
vn 0.856857 -0.515554 -2.9917e-15 
vn 0.947653 -0.319302 -3.30871e-15 
vn 0.725995 -0.687699 -2.5348e-15 
vn 0.856857 -0.515554 -2.9917e-15 
vn 0.561187 -0.827689 -1.95937e-15 
vn 0.725995 -0.687699 -2.5348e-15 
vn 0.370138 -0.928977 -1.29233e-15 
vn 0.561187 -0.827689 -1.95937e-15 
vn 0.161782 -0.986827 -5.64859e-16 
vn 0.370138 -0.928977 -1.29233e-15 
vn -0.0541389 -0.998533 1.89025e-16 
vn 0.161782 -0.986827 -5.64859e-16 
vn -0.267528 -0.96355 9.3407e-16 
vn -0.0541389 -0.998533 1.89025e-16 
vn -0.468408 -0.883512 1.63544e-15 
vn -0.267528 -0.96355 9.3407e-16 
vn -0.647386 -0.762162 2.26034e-15 
vn -0.468408 -0.883512 1.63544e-15 
vn -0.796093 -0.605174 2.77954e-15 
vn -0.647386 -0.762162 2.26034e-15 
vn -0.907575 -0.419889 3.16878e-15 
vn -0.796093 -0.605174 2.77954e-15 
vn -0.976621 -0.21497 3.40985e-15 
vn -0.907575 -0.419889 3.16878e-15 
vn -0.976621 0.21497 3.40985e-15 
vn -1 2.44929e-16 3.49148e-15 
vn -0.907575 0.419889 3.16878e-15 
vn -0.976621 0.21497 3.40985e-15 
vn -0.796093 0.605174 2.77954e-15 
vn -0.907575 0.419889 3.16878e-15 
vn -0.647386 0.762162 2.26034e-15 
vn -0.796093 0.605174 2.77954e-15 
vn -0.468408 0.883512 1.63544e-15 
vn -0.647386 0.762162 2.26034e-15 
vn -0.267528 0.96355 9.3407e-16 
vn -0.468408 0.883512 1.63544e-15 
vn -0.0541389 0.998533 1.89025e-16 
vn -0.267528 0.96355 9.3407e-16 
vn 0.161782 0.986827 -5.64859e-16 
vn -0.0517992 0.998658 1.7119e-16 
vn -0.0541389 0.998533 1.89025e-16 
vn 0.370138 0.928977 -1.29233e-15 
vn 0.561187 0.827689 -1.95937e-15 
vn 0.725995 0.687699 -2.5348e-15 
vn 0.856857 0.515554 -2.9917e-15 
vn 0.947653 0.319302 -3.30871e-15 
vn 0.994138 0.108119 -3.47101e-15 
vn 0.994138 -0.108119 -3.47101e-15 
vn 0.947653 -0.319302 -3.30871e-15 
vn 0.856857 -0.515554 -2.9917e-15 
vn 0.725995 -0.687699 -2.5348e-15 
vn 0.561187 -0.827689 -1.95937e-15 
vn 0.5 -0.866025 -1.76896e-15 
vn 0.370138 -0.928977 -1.29233e-15 
vn 0.561187 -0.827689 -1.95937e-15 
vn 0.161782 -0.986827 -5.64859e-16 
vn 0.370138 -0.928977 -1.29233e-15 
vn -0.0541389 -0.998533 1.89025e-16 
vn -0.0517992 -0.998658 1.7119e-16 
vn -0.267528 -0.96355 9.3407e-16 
vn -0.468408 -0.883512 1.63544e-15 
vn -0.647386 -0.762162 2.26034e-15 
vn -0.796093 -0.605174 2.77954e-15 
vn -0.907575 -0.419889 3.16878e-15 
vn -0.976621 -0.21497 3.40985e-15 
vn -0.976621 0.21497 3.40985e-15 
vn -1 2.44929e-16 3.49148e-15 
vn -0.907575 0.419889 3.16878e-15 
vn -0.976621 0.21497 3.40985e-15 
vn -0.796093 0.605174 2.77954e-15 
vn -0.907575 0.419889 3.16878e-15 
vn -0.647386 0.762162 2.26034e-15 
vn -0.796093 0.605174 2.77954e-15 
vn -0.468408 0.883512 1.63544e-15 
vn -0.647386 0.762162 2.26034e-15 
vn -0.267528 0.96355 9.3407e-16 
vn -0.468408 0.883512 1.63544e-15 
vn -0.0541389 0.998533 1.89025e-16 
vn -0.267528 0.96355 9.3407e-16 
vn 0.161782 0.986827 -5.64859e-16 
vn 0.0520914 0.998642 -1.7119e-16 
vn -0.0541389 0.998533 1.89025e-16 
vn 0.370138 0.928977 -1.29233e-15 
vn 0.561187 0.827689 -1.95937e-15 
vn 0.5 0.866025 -1.76896e-15 
vn 0.725995 0.687699 -2.5348e-15 
vn 0.856857 0.515554 -2.9917e-15 
vn 0.947653 0.319302 -3.30871e-15 
vn 0.994138 0.108119 -3.47101e-15 
vn 0.994138 -0.108119 -3.47101e-15 
vn 0.947653 -0.319302 -3.30871e-15 
vn 0.856857 -0.515554 -2.9917e-15 
vn 0.725995 -0.687699 -2.5348e-15 
vn 0.561187 -0.827689 -1.95937e-15 
vn 0.370138 -0.928977 -1.29233e-15 
vn 0.161782 -0.986827 -5.64859e-16 
vn -0.0541389 -0.998533 1.89025e-16 
vn 0.0520914 -0.998642 -1.7119e-16 
vn -0.267528 -0.96355 9.3407e-16 
vn -0.468408 -0.883512 1.63544e-15 
vn -0.647386 -0.762162 2.26034e-15 
vn -0.796093 -0.605174 2.77954e-15 
vn -0.907575 -0.419889 3.16878e-15 
vn -0.976621 -0.21497 3.40985e-15 
vn -0.19509 0 0.980785 
vn 1.04083e-14 0 1 
vn -0.190529 0.0419387 0.980785 
vn -0.177059 0.0819163 0.980785 
vn 9.10002e-15 -4.2635e-15 1 
vn -0.15531 0.118064 0.980785 
vn -0.126299 0.14869 0.980785 
vn 6.79145e-15 -6.22441e-15 1 
vn -0.091382 0.172365 0.980785 
vn -0.0521922 0.187979 0.980785 
vn 3.87289e-15 -7.03474e-15 1 
vn -0.010562 0.194804 0.980785 
vn 0.0315621 0.19252 0.980785 
vn 8.83831e-16 -6.54471e-15 1 
vn 0.0722104 0.181234 0.980785 
vn 0.109482 0.161474 0.980785 
vn -1.62321e-15 -4.84489e-15 1 
vn 0.141635 0.134164 0.980785 
vn 0.167165 0.10058 0.980785 
vn -3.18481e-15 -2.2495e-15 1 
vn 0.184878 0.0622926 0.980785 
vn 0.193947 0.021093 0.980785 
vn -3.51229e-15 7.61707e-16 1 
vn 0.193947 -0.021093 0.980785 
vn 0.184878 -0.0622926 0.980785 
vn -2.54514e-15 3.63212e-15 1 
vn 0.167165 -0.10058 0.980785 
vn 0.141635 -0.134164 0.980785 
vn -4.62123e-16 5.83113e-15 1 
vn 0.109482 -0.161474 0.980785 
vn 0.0722104 -0.181234 0.980785 
vn 2.35172e-15 6.95227e-15 1 
vn 0.0315621 -0.19252 0.980785 
vn -0.010562 -0.194804 0.980785 
vn 5.37624e-15 6.78828e-15 1 
vn -0.0521922 -0.187979 0.980785 
vn -0.091382 -0.172365 0.980785 
vn 8.05237e-15 5.36949e-15 1 
vn -0.126299 -0.14869 0.980785 
vn -0.15531 -0.118064 0.980785 
vn 9.88542e-15 2.95815e-15 1 
vn -0.177059 -0.0819163 0.980785 
vn -0.190529 -0.0419387 0.980785 
vn -0.382683 0 0.92388 
vn -0.373737 0.0822656 0.92388 
vn -0.347314 0.160685 0.92388 
vn -0.304652 0.23159 0.92388 
vn -0.247744 0.291667 0.92388 
vn -0.179252 0.338105 0.92388 
vn -0.102379 0.368735 0.92388 
vn -0.0207181 0.382122 0.92388 
vn 0.0619113 0.377642 0.92388 
vn 0.141646 0.355504 0.92388 
vn 0.214757 0.316743 0.92388 
vn 0.277826 0.263171 0.92388 
vn 0.327905 0.197294 0.92388 
vn 0.362651 0.122191 0.92388 
vn 0.38044 0.0413754 0.92388 
vn 0.38044 -0.0413754 0.92388 
vn 0.362651 -0.122191 0.92388 
vn 0.327905 -0.197294 0.92388 
vn 0.277826 -0.263171 0.92388 
vn 0.214757 -0.316743 0.92388 
vn 0.141646 -0.355504 0.92388 
vn 0.0619113 -0.377642 0.92388 
vn -0.0207181 -0.382122 0.92388 
vn -0.102379 -0.368735 0.92388 
vn -0.179252 -0.338105 0.92388 
vn -0.247744 -0.291667 0.92388 
vn -0.304652 -0.23159 0.92388 
vn -0.347314 -0.160685 0.92388 
vn -0.373737 -0.0822656 0.92388 
vn -0.55557 0 0.83147 
vn -0.542581 0.119431 0.83147 
vn -0.504222 0.233278 0.83147 
vn -0.442286 0.336217 0.83147 
vn -0.359669 0.423435 0.83147 
vn -0.260234 0.490853 0.83147 
vn -0.148631 0.53532 0.83147 
vn -0.030078 0.554755 0.83147 
vn 0.0898813 0.548251 0.83147 
vn 0.205638 0.516112 0.83147 
vn 0.311779 0.459839 0.83147 
vn 0.403341 0.382065 0.83147 
vn 0.476044 0.286426 0.83147 
vn 0.526488 0.177394 0.83147 
vn 0.552313 0.0600677 0.83147 
vn 0.552313 -0.0600677 0.83147 
vn 0.526488 -0.177394 0.83147 
vn 0.476044 -0.286426 0.83147 
vn 0.403341 -0.382065 0.83147 
vn 0.311779 -0.459839 0.83147 
vn 0.205638 -0.516112 0.83147 
vn 0.0898813 -0.548251 0.83147 
vn -0.030078 -0.554755 0.83147 
vn -0.148631 -0.53532 0.83147 
vn -0.260234 -0.490853 0.83147 
vn -0.359669 -0.423435 0.83147 
vn -0.442286 -0.336217 0.83147 
vn -0.504222 -0.233278 0.83147 
vn -0.542581 -0.119431 0.83147 
vn -0.707107 0 0.707107 
vn -0.690575 0.152007 0.707107 
vn -0.641753 0.296906 0.707107 
vn -0.562923 0.427923 0.707107 
vn -0.457771 0.53893 0.707107 
vn -0.331215 0.624737 0.707107 
vn -0.189171 0.681333 0.707107 
vn -0.038282 0.70607 0.707107 
vn 0.114397 0.697792 0.707107 
vn 0.261727 0.656886 0.707107 
vn 0.396819 0.585265 0.707107 
vn 0.513356 0.486277 0.707107 
vn 0.60589 0.364552 0.707107 
vn 0.670092 0.22578 0.707107 
vn 0.702962 0.0764517 0.707107 
vn 0.702962 -0.0764517 0.707107 
vn 0.670092 -0.22578 0.707107 
vn 0.60589 -0.364552 0.707107 
vn 0.513356 -0.486277 0.707107 
vn 0.396819 -0.585265 0.707107 
vn 0.261727 -0.656886 0.707107 
vn 0.114397 -0.697792 0.707107 
vn -0.038282 -0.70607 0.707107 
vn -0.189171 -0.681333 0.707107 
vn -0.331215 -0.624737 0.707107 
vn -0.457771 -0.53893 0.707107 
vn -0.562923 -0.427923 0.707107 
vn -0.641753 -0.296906 0.707107 
vn -0.690575 -0.152007 0.707107 
vn -0.83147 0 0.55557 
vn -0.81203 0.178741 0.55557 
vn -0.754621 0.349125 0.55557 
vn -0.661927 0.503184 0.55557 
vn -0.538282 0.633715 0.55557 
vn -0.389467 0.734613 0.55557 
vn -0.222442 0.801163 0.55557 
vn -0.0450149 0.83025 0.55557 
vn 0.134517 0.820516 0.55557 
vn 0.307759 0.772416 0.55557 
vn 0.46661 0.688198 0.55557 
vn 0.603643 0.571801 0.55557 
vn 0.712451 0.428667 0.55557 
vn 0.787945 0.26549 0.55557 
vn 0.826596 0.0898977 0.55557 
vn 0.826596 -0.0898977 0.55557 
vn 0.787945 -0.26549 0.55557 
vn 0.712451 -0.428667 0.55557 
vn 0.603643 -0.571801 0.55557 
vn 0.46661 -0.688198 0.55557 
vn 0.307759 -0.772416 0.55557 
vn 0.134517 -0.820516 0.55557 
vn -0.0450149 -0.83025 0.55557 
vn -0.222442 -0.801163 0.55557 
vn -0.389467 -0.734613 0.55557 
vn -0.538282 -0.633715 0.55557 
vn -0.661927 -0.503184 0.55557 
vn -0.754621 -0.349125 0.55557 
vn -0.81203 -0.178741 0.55557 
vn -0.92388 0 0.382683 
vn -0.90228 0.198607 0.382683 
vn -0.83849 0.387927 0.382683 
vn -0.735494 0.559108 0.382683 
vn -0.598107 0.704146 0.382683 
vn -0.432753 0.816259 0.382683 
vn -0.247164 0.890204 0.382683 
vn -0.0500178 0.922525 0.382683 
vn 0.149467 0.911709 0.382683 
vn 0.341963 0.858263 0.382683 
vn 0.518469 0.764685 0.382683 
vn 0.670732 0.635351 0.382683 
vn 0.791633 0.47631 0.382683 
vn 0.875517 0.294996 0.382683 
vn 0.918464 0.0998889 0.382683 
vn 0.918464 -0.0998889 0.382683 
vn 0.875517 -0.294996 0.382683 
vn 0.791633 -0.47631 0.382683 
vn 0.670732 -0.635351 0.382683 
vn 0.518469 -0.764685 0.382683 
vn 0.341963 -0.858263 0.382683 
vn 0.149467 -0.911709 0.382683 
vn -0.0500178 -0.922525 0.382683 
vn -0.247164 -0.890204 0.382683 
vn -0.432753 -0.816259 0.382683 
vn -0.598107 -0.704146 0.382683 
vn -0.735494 -0.559108 0.382683 
vn -0.83849 -0.387927 0.382683 
vn -0.90228 -0.198607 0.382683 
vn -0.980785 0 0.19509 
vn -0.957855 0.21084 0.19509 
vn -0.890137 0.411821 0.19509 
vn -0.780796 0.593546 0.19509 
vn -0.634947 0.747517 0.19509 
vn -0.459408 0.866536 0.19509 
vn -0.262388 0.945036 0.19509 
vn -0.0530986 0.979347 0.19509 
vn 0.158673 0.967865 0.19509 
vn 0.363026 0.911127 0.19509 
vn 0.550404 0.811785 0.19509 
vn 0.712046 0.674486 0.19509 
vn 0.840393 0.505648 0.19509 
vn 0.929444 0.313166 0.19509 
vn 0.975036 0.106042 0.19509 
vn 0.975036 -0.106042 0.19509 
vn 0.929444 -0.313166 0.19509 
vn 0.840393 -0.505648 0.19509 
vn 0.712046 -0.674486 0.19509 
vn 0.550404 -0.811785 0.19509 
vn 0.363026 -0.911127 0.19509 
vn 0.158673 -0.967865 0.19509 
vn -0.0530986 -0.979347 0.19509 
vn -0.262388 -0.945036 0.19509 
vn -0.459408 -0.866536 0.19509 
vn -0.634947 -0.747517 0.19509 
vn -0.780796 -0.593546 0.19509 
vn -0.890137 -0.411821 0.19509 
vn -0.957855 -0.21084 0.19509 
vn -0.994138 0.108119 3.79069e-15 
vn -0.976621 0.21497 3.44426e-15 
vn -0.947653 0.319302 4.28402e-15 
vn -0.907575 0.419889 3.20333e-15 
vn -0.856857 0.515554 3.84517e-15 
vn -0.796093 0.605174 2.81433e-15 
vn -0.725995 0.687699 4.83314e-15 
vn -0.647386 0.762162 2.29543e-15 
vn -0.561187 0.827689 3.86178e-15 
vn -0.468408 0.883512 1.67091e-15 
vn -0.370138 0.928977 9.23505e-16 
vn -0.267528 0.96355 9.69963e-16 
vn -0.161782 0.986827 -1.56386e-16 
vn -0.0541389 0.998533 2.25365e-16 
vn 0.0541389 0.998533 -1.2368e-15 
vn 0.161782 0.986827 -5.28066e-16 
vn 0.267528 0.96355 -2.46216e-15 
vn 0.370138 0.928977 -1.2551e-15 
vn 0.468408 0.883512 -3.53646e-15 
vn 0.561187 0.827689 -1.92174e-15 
vn 0.647386 0.762162 -2.82911e-15 
vn 0.725995 0.687699 -2.49683e-15 
vn 0.796093 0.605174 -3.42142e-15 
vn 0.856857 0.515554 -2.95345e-15 
vn 0.907575 0.419889 -3.9768e-15 
vn 0.947653 0.319302 -3.27027e-15 
vn 0.976621 0.21497 -4.36006e-15 
vn 0.994138 0.108119 -3.43248e-15 
vn 0.994138 -0.108119 -3.43248e-15 
vn 1 1.22465e-16 -6.05711e-15 
vn 0.947653 -0.319302 -3.27027e-15 
vn 0.976621 -0.21497 -4.36006e-15 
vn 0.856857 -0.515554 -2.95345e-15 
vn 0.907575 -0.419889 -3.9768e-15 
vn 0.725995 -0.687699 -2.49683e-15 
vn 0.796093 -0.605174 -3.42142e-15 
vn 0.561187 -0.827689 -1.92174e-15 
vn 0.647386 -0.762162 -2.82911e-15 
vn 0.370138 -0.928977 -1.2551e-15 
vn 0.468408 -0.883512 -3.53646e-15 
vn 0.161782 -0.986827 -5.28066e-16 
vn 0.267528 -0.96355 -2.46216e-15 
vn -0.0541389 -0.998533 2.25365e-16 
vn 0.0541389 -0.998533 -1.2368e-15 
vn -0.267528 -0.96355 9.69963e-16 
vn -0.161782 -0.986827 -1.56386e-16 
vn -0.468408 -0.883512 1.67091e-15 
vn -0.370138 -0.928977 9.23505e-16 
vn -0.647386 -0.762162 2.29543e-15 
vn -0.561187 -0.827689 3.86178e-15 
vn -0.796093 -0.605174 2.81433e-15 
vn -0.725995 -0.687699 4.83314e-15 
vn -0.907575 -0.419889 3.20333e-15 
vn -0.856857 -0.515554 3.84517e-15 
vn -0.976621 -0.21497 3.44426e-15 
vn -0.947653 -0.319302 4.28402e-15 
vn -1 0 3.45503e-15 
vn -0.994138 -0.108119 3.79069e-15 
vn -0.976621 0.21497 3.40985e-15 
vn -0.907575 0.419889 3.16878e-15 
vn -0.796093 0.605174 2.77954e-15 
vn -0.647386 0.762162 2.26034e-15 
vn 0.725995 0.687699 -2.5348e-15 
vn 0.856857 0.515554 -2.9917e-15 
vn 0.947653 0.319302 -3.30871e-15 
vn 0.994138 0.108119 -3.47101e-15 
vn 0.994138 -0.108119 -3.47101e-15 
vn 0.947653 -0.319302 -3.30871e-15 
vn 0.856857 -0.515554 -2.9917e-15 
vn 0.725995 -0.687699 -2.5348e-15 
vn 0.561187 -0.827689 -1.95937e-15 
vn 0.370138 -0.928977 -1.29233e-15 
vn 0.161782 -0.986827 -5.64859e-16 
vn -0.0541389 -0.998533 1.89025e-16 
vn -0.267528 -0.96355 9.3407e-16 
vn -0.468408 -0.883512 1.63544e-15 
vn -0.647386 -0.762162 2.26034e-15 
vn -0.796093 -0.605174 2.77954e-15 
vn -0.907575 -0.419889 3.16878e-15 
vn -0.976621 -0.21497 3.40985e-15 
vn -0.468408 0.883512 1.63544e-15 
vn -0.647386 0.762162 2.26034e-15 
vn -0.6 0.8 2.31296e-15 
vn -0.468408 0.883512 1.63544e-15 
vn -0.267528 0.96355 1.15648e-15 
vn -0.0541389 0.998533 0 
vn 0.161782 0.986827 -5.78241e-16 
vn 0.370138 0.928977 -1.15648e-15 
vn 0.561187 0.827689 -1.73472e-15 
vn 0.6 0.8 -2.31296e-15 
vn 0 1 0 
vn 3.49148e-15 0 1 
vn -0.965926 -0.258819 3.37251e-15 
vn -0.258819 0.965926 9.03662e-16 
vn 0.258819 -0.965926 -9.03662e-16 
vn 0.965926 0.258819 -3.37251e-15 
vn -0.866025 0.5 3.02371e-15 
vn -0.5 -0.866025 1.74574e-15 
vn -0.788675 -0.211325 0.57735 
vn -0.353553 -0.612372 0.707107 
vn -0.612372 0.353553 0.707107 
vn -0.5 -0.866025 1.74574e-15 
vn 0.866025 -0.5 -3.02371e-15 
vn 0.211325 -0.788675 0.57735 
vn 0.612372 -0.353553 0.707107 
vn -0.353553 -0.612372 0.707107 
vn -0.5 -0.866025 1.74574e-15 
vn 0.866025 -0.5 -3.02371e-15 
vn 0.612372 -0.353553 0.707107 
vn 0.211325 -0.788675 0.57735 
vn 0.5 0.866025 -1.74574e-15 
vn 0.788675 0.211325 0.57735 
vn 0.353553 0.612372 0.707107 
vn 0.612372 -0.353553 0.707107 
vn 0.866025 -0.5 -3.02371e-15 
vn 0.5 0.866025 -1.74574e-15 
vn 0.353553 0.612372 0.707107 
vn 0.788675 0.211325 0.57735 
vn -0.866025 0.5 3.02371e-15 
vn -0.211325 0.788675 0.57735 
vn -0.612372 0.353553 0.707107 
vn 0.353553 0.612372 0.707107 
vn 0.5 0.866025 -1.74574e-15 
vn 3.49148e-15 0 1 
vn -0.612372 0.353553 0.707107 
vn -0.866025 0.5 3.02371e-15 
vn -0.788675 -0.211325 0.57735 
vn -0.211325 0.788675 0.57735 
vn 3.49148e-15 -1.97215e-31 1 
vn 0.258819 0.965926 -9.03662e-16 
vn 0.965926 -0.258819 -3.37251e-15 
vn -0.965926 0.258819 3.37251e-15 
vn -0.258819 -0.965926 9.03662e-16 
vn 0.866025 0.5 -3.02371e-15 
vn -0.5 0.866025 1.74574e-15 
vn 0.211325 0.788675 0.57735 
vn -0.353553 0.612372 0.707107 
vn 0.612372 0.353553 0.707107 
vn -0.5 0.866025 1.74574e-15 
vn -0.866025 -0.5 3.02371e-15 
vn -0.788675 0.211325 0.57735 
vn -0.612372 -0.353553 0.707107 
vn -0.353553 0.612372 0.707107 
vn -0.5 0.866025 1.74574e-15 
vn -0.866025 -0.5 3.02371e-15 
vn -0.612372 -0.353553 0.707107 
vn -0.788675 0.211325 0.57735 
vn 0.5 -0.866025 -1.74574e-15 
vn -0.211325 -0.788675 0.57735 
vn 0.353553 -0.612372 0.707107 
vn -0.612372 -0.353553 0.707107 
vn -0.866025 -0.5 3.02371e-15 
vn 0.5 -0.866025 -1.74574e-15 
vn 0.353553 -0.612372 0.707107 
vn -0.211325 -0.788675 0.57735 
vn 0.866025 0.5 -3.02371e-15 
vn 0.788675 -0.211325 0.57735 
vn 0.612372 0.353553 0.707107 
vn 0.353553 -0.612372 0.707107 
vn 0.5 -0.866025 -1.74574e-15 
vn 3.49148e-15 0 1 
vn 0.612372 0.353553 0.707107 
vn 0.866025 0.5 -3.02371e-15 
vn 0.211325 0.788675 0.57735 
vn 0.788675 -0.211325 0.57735 
vn 3.49148e-15 -1.97215e-31 1 
vn 0.707107 -0.707107 -2.46885e-15 
vn -0.707107 -0.707107 2.46885e-15 
vn 0.707107 0.707107 -2.46885e-15 
vn -0.707107 0.707107 2.46885e-15 
vn 0 -1 0 
vn 1 0 -3.49148e-15 
vn 0.57735 -0.57735 0.57735 
vn 0.707107 0 0.707107 
vn 2.46885e-15 -0.707107 0.707107 
vn 1 0 -3.49148e-15 
vn 0 1 0 
vn 0.57735 0.57735 0.57735 
vn 2.46885e-15 0.707107 0.707107 
vn 0.707107 0 0.707107 
vn 1 0 -3.49148e-15 
vn 0 1 0 
vn 2.46885e-15 0.707107 0.707107 
vn 0.57735 0.57735 0.57735 
vn -1 0 3.49148e-15 
vn -0.57735 0.57735 0.57735 
vn -0.707107 0 0.707107 
vn 2.46885e-15 0.707107 0.707107 
vn 0 1 0 
vn -1 0 3.49148e-15 
vn -0.707107 0 0.707107 
vn -0.57735 0.57735 0.57735 
vn 0 -1 0 
vn -0.57735 -0.57735 0.57735 
vn 2.46885e-15 -0.707107 0.707107 
vn -0.707107 0 0.707107 
vn -1 0 3.49148e-15 
vn 3.49148e-15 0 1 
vn 2.46885e-15 -0.707107 0.707107 
vn 0 -1 0 
vn 0.57735 -0.57735 0.57735 
vn -0.57735 -0.57735 0.57735 
vn 1 0 -3.49148e-15 
vn 0.976621 0.21497 -3.40985e-15 
vn 0.994138 0.108119 -3.38969e-15 
vn 0.907575 0.419889 -3.16878e-15 
vn 0.947653 0.319302 -3.38969e-15 
vn 0.796093 0.605174 -2.77954e-15 
vn 0.856857 0.515554 -2.9909e-15 
vn 0.647386 0.762162 -2.26034e-15 
vn 0.725995 0.687699 -2.59212e-15 
vn 0.468408 0.883512 -1.63544e-15 
vn 0.561187 0.827689 -1.99394e-15 
vn -0.561187 0.827689 1.95937e-15 
vn -0.725995 0.687699 2.5348e-15 
vn -0.647386 0.762162 2.19333e-15 
vn -0.856857 0.515554 2.9917e-15 
vn -0.796093 0.605174 2.79151e-15 
vn -0.947653 0.319302 3.30871e-15 
vn -0.907575 0.419889 3.1903e-15 
vn -0.994138 0.108119 3.47101e-15 
vn -0.976621 0.21497 3.38969e-15 
vn -0.994138 -0.108119 3.47101e-15 
vn -1 5.66554e-16 3.49148e-15 
vn -0.947653 -0.319302 3.30871e-15 
vn -0.976621 -0.21497 3.38969e-15 
vn -0.856857 -0.515554 2.9917e-15 
vn -0.907575 -0.419889 3.1903e-15 
vn -0.725995 -0.687699 2.5348e-15 
vn -0.796093 -0.605174 2.79151e-15 
vn -0.561187 -0.827689 1.95937e-15 
vn -0.647386 -0.762162 2.19333e-15 
vn -0.370138 -0.928977 1.29233e-15 
vn -0.468408 -0.883512 1.59515e-15 
vn -0.161782 -0.986827 5.64859e-16 
vn -0.267528 -0.96355 9.96968e-16 
vn 0.0541389 -0.998533 -1.89025e-16 
vn -0.0541389 -0.998533 1.99394e-16 
vn 0.267528 -0.96355 -9.3407e-16 
vn 0.161782 -0.986827 -5.98181e-16 
vn 0.468408 -0.883512 -1.63544e-15 
vn 0.370138 -0.928977 -1.19636e-15 
vn 0.647386 -0.762162 -2.26034e-15 
vn 0.561187 -0.827689 -1.99394e-15 
vn 0.796093 -0.605174 -2.77954e-15 
vn 0.725995 -0.687699 -2.59212e-15 
vn 0.907575 -0.419889 -3.16878e-15 
vn 0.856857 -0.515554 -2.9909e-15 
vn 0.976621 -0.21497 -3.40985e-15 
vn 0.947653 -0.319302 -3.38969e-15 
vn 1 0 -3.58908e-15 
vn 0.994138 -0.108119 -3.38969e-15 
vn 0.266378 0.963869 -9.96968e-16 
vn 0.260738 0.96541 -9.96968e-16 
vn 0.260512 0.965471 -9.96968e-16 
vn 0.264879 0.964282 -9.96968e-16 
vn 0.267528 0.96355 -9.96968e-16 
vn 0.267528 0.96355 -9.96968e-16 
vn 0.265774 0.964035 -9.96968e-16 
vn 0.257241 0.966347 -9.96968e-16 
vn 0.266038 0.963963 -9.96968e-16 
vn 0.261988 0.965071 -9.96968e-16 
vn 0.262102 0.96504 -9.96968e-16 
vn 0.265401 0.964138 -9.96968e-16 
vn 0.247372 0.968921 -7.97574e-16 
vn 0.25457 0.967054 -7.97574e-16 
vn 0.257241 0.966347 -9.96968e-16 
vn 0.24407 0.969758 -7.97574e-16 
vn 0.252238 0.967665 -7.97574e-16 
vn 0.252816 0.967514 -7.97574e-16 
vn 0.250044 0.968235 -7.97574e-16 
vn 0.251004 0.967986 -7.97574e-16 
vn 0.247984 0.968764 -7.97574e-16 
vn 0.24815 0.968722 -7.97574e-16 
vn 0.24605 0.969257 -7.97574e-16 
vn 0.246062 0.969254 -7.97574e-16 
vn 0.242944 0.97004 -7.97574e-16 
vn 0.243997 0.969776 -7.97574e-16 
vn 0.244522 0.969644 -7.97574e-16 
vn 0.241732 0.970343 -7.97574e-16 
vn 0.242895 0.970053 -7.97574e-16 
vn 0.240716 0.970596 -7.97574e-16 
vn 0.241297 0.970451 -7.97574e-16 
vn 0.239939 0.970788 -7.97574e-16 
vn 0.239993 0.970775 -7.97574e-16 
vn 0.240652 0.970611 -7.97574e-16 
vn 0.239885 0.970801 -7.97574e-16 
vn 0.241419 0.970421 -7.97574e-16 
vn 0.240459 0.970659 -7.97574e-16 
vn 0.240196 0.970724 -7.97574e-16 
vn 0.240866 0.970558 -7.97574e-16 
vn 0.243558 0.969886 -7.97574e-16 
vn 0.242569 0.970134 -7.97574e-16 
vn 0.242535 0.970143 -7.97574e-16 
vn 0.239495 0.970898 -7.97574e-16 
vn 0.245741 0.969336 -7.97574e-16 
vn 0.245613 0.969368 -7.97574e-16 
vn 0.249245 0.968441 -7.97574e-16 
vn 0.247429 0.968906 -7.97574e-16 
vn 0.251375 0.96789 -7.97574e-16 
vn 0.250012 0.968243 -7.97574e-16 
vn 0.25377 0.967265 -7.97574e-16 
vn 0.253196 0.967415 -7.97574e-16 
vn -0.161782 0.986827 5.73256e-16 
vn -0.370138 0.928977 1.29233e-15 
vn 0.0541389 0.998533 -1.99394e-16 
vn 0.267528 0.96355 -9.22195e-16 
vn 0.417171 0.908828 -1.4456e-15 
vn 0.370138 0.928977 -1.19636e-15 
vn 0.362009 0.932175 -1.19636e-15 
vn 0.352478 0.93582 -1.19636e-15 
vn 0.267528 0.96355 -9.96968e-16 
vn 0.370331 0.9289 -1.19636e-15 
vn 0.367805 0.929903 -1.19636e-15 
vn 0.372261 0.928128 -1.39575e-15 
vn 0.372101 0.928192 -1.39575e-15 
vn 0.374765 0.92712 -1.39575e-15 
vn 0.373898 0.92747 -1.39575e-15 
vn 0.365553 0.93079 -1.19636e-15 
vn 0.377466 0.926023 -1.39575e-15 
vn 0.377401 0.92605 -1.39575e-15 
vn 0.380742 0.924681 -1.39575e-15 
vn 0.380617 0.924733 -1.39575e-15 
vn 0.38239 0.924001 -1.39575e-15 
vn 0.364192 0.931324 -1.19636e-15 
vn 0.383359 0.9236 -1.39575e-15 
vn 0.382751 0.923852 -1.39575e-15 
vn 0.38439 0.923171 -1.39575e-15 
vn 0.383958 0.923351 -1.39575e-15 
vn 0.38528 0.9228 -1.39575e-15 
vn 0.385182 0.922841 -1.39575e-15 
vn 0.385971 0.922511 -1.39575e-15 
vn 0.385897 0.922542 -1.39575e-15 
vn 0.387158 0.922013 -1.39575e-15 
vn 0.386816 0.922157 -1.39575e-15 
vn 0.387269 0.921967 -1.39575e-15 
vn 0.3878 0.921743 -1.39575e-15 
vn 0.388088 0.921622 -1.39575e-15 
vn 0.387923 0.921692 -1.39575e-15 
vn 0.388492 0.921452 -1.39575e-15 
vn 0.397874 0.91744 -1.39575e-15 
vn 0.362009 0.932175 -1.19636e-15 
vn 0.423922 0.905699 -1.39575e-15 
vn 0.397874 0.91744 -1.39575e-15 
vn 0.405449 0.914118 -1.39575e-15 
vn 0.403734 0.914876 -1.39575e-15 
vn 0.408029 0.912969 -1.39575e-15 
vn 0.407802 0.91307 -1.39575e-15 
vn 0.410429 0.911892 -1.39575e-15 
vn 0.409609 0.912261 -1.39575e-15 
vn 0.400906 0.916119 -1.39575e-15 
vn 0.415408 0.909635 -1.39575e-15 
vn 0.413018 0.910723 -1.39575e-15 
vn 0.416184 0.90928 -1.39575e-15 
vn 0.41783 0.908525 -1.39575e-15 
vn 0.417759 0.908558 -1.39575e-15 
vn 0.419859 0.907589 -1.39575e-15 
vn 0.419016 0.907979 -1.39575e-15 
vn 0.418875 0.908044 -1.39575e-15 
vn 0.420747 0.907178 -1.39575e-15 
vn 0.420308 0.907382 -1.39575e-15 
vn 0.42142 0.906866 -1.39575e-15 
vn 0.421327 0.906909 -1.39575e-15 
vn 0.422633 0.906301 -1.39575e-15 
vn 0.422275 0.906468 -1.39575e-15 
vn 0.422724 0.906258 -1.39575e-15 
vn 0.423242 0.906016 -1.39575e-15 
vn 0.423522 0.905886 -1.39575e-15 
vn 0.423358 0.905962 -1.39575e-15 
vn 0.397523 0.917592 -1.39575e-15 
vn 0.433142 0.901326 -1.59515e-15 
vn 0.432143 0.901805 -1.59515e-15 
vn 0.432193 0.901781 -1.59515e-15 
vn 0.432829 0.901476 -1.59515e-15 
vn 0.433053 0.901368 -1.59515e-15 
vn 0.433142 0.901326 -1.59515e-15 
vn 0.43141 0.902156 -1.59515e-15 
vn 0.42964 0.903 -1.59515e-15 
vn 0.429945 0.902855 -1.59515e-15 
vn 0.431222 0.902246 -1.59515e-15 
vn 0.428511 0.903537 -1.59515e-15 
vn 0.428663 0.903464 -1.59515e-15 
vn 0.426531 0.904473 -1.39575e-15 
vn 0.427204 0.904155 -1.39575e-15 
vn 0.424987 0.905199 -1.39575e-15 
vn 0.42554 0.90494 -1.39575e-15 
vn 0.422472 0.906376 -1.39575e-15 
vn 0.423732 0.905788 -1.39575e-15 
vn 0.420174 0.907444 -1.39575e-15 
vn 0.4217 0.906735 -1.39575e-15 
vn 0.41356 0.910477 -1.39575e-15 
vn 0.415659 0.909521 -1.39575e-15 
vn 0.419205 0.907892 -1.39575e-15 
vn 0.411025 0.911624 -1.39575e-15 
vn 0.408572 0.912726 -1.39575e-15 
vn 0.409486 0.912316 -1.39575e-15 
vn 0.41225 0.911071 -1.39575e-15 
vn 0.40849 0.912763 -1.39575e-15 
vn 0.409261 0.912417 -1.39575e-15 
vn 0.404088 0.91472 -1.39575e-15 
vn 0.406077 0.913839 -1.39575e-15 
vn 0.413858 0.910341 -1.39575e-15 
vn 0.415523 0.909583 -1.39575e-15 
vn 0.414191 0.91019 -1.39575e-15 
vn 0.417171 0.908828 -1.39575e-15 
vn 0.415986 0.909371 -1.39575e-15 
vn 0.40227 0.915521 -1.39575e-15 
vn 0.394572 0.918865 -1.39575e-15 
vn 0.394734 0.918795 -1.39575e-15 
vn 0.395547 0.918446 -1.39575e-15 
vn 0.393232 0.919439 -1.39575e-15 
vn 0.393563 0.919297 -1.39575e-15 
vn 0.391928 0.919996 -1.39575e-15 
vn 0.391234 0.920291 -1.39575e-15 
vn 0.389543 0.921008 -1.39575e-15 
vn 0.390084 0.920779 -1.39575e-15 
vn 0.386805 0.922162 -1.39575e-15 
vn 0.387975 0.92167 -1.39575e-15 
vn 0.384359 0.923184 -1.39575e-15 
vn 0.385892 0.922544 -1.39575e-15 
vn 0.380087 0.924951 -1.39575e-15 
vn 0.383749 0.923437 -1.39575e-15 
vn 0.374668 0.927159 -1.39575e-15 
vn 0.377424 0.926041 -1.39575e-15 
vn 0.377927 0.925835 -1.39575e-15 
vn 0.37151 0.928429 -1.39575e-15 
vn 0.374481 0.927235 -1.39575e-15 
vn 0.37086 0.928689 -1.19636e-15 
vn 0.362009 0.932175 -1.19636e-15 
vn 0.36763 0.929972 -1.19636e-15 
vn 0.366237 0.930522 -1.19636e-15 
vn 0.362009 0.932175 -1.19636e-15 
vn 0.352478 0.93582 -1.19636e-15 
vn 0.304205 0.952606 -9.96968e-16 
vn 0.303071 0.952968 -9.96968e-16 
vn 0.297112 0.954843 -9.96968e-16 
vn 0.296467 0.955043 -9.96968e-16 
vn 0.310663 0.95052 -9.96968e-16 
vn 0.309916 0.950764 -9.96968e-16 
vn 0.323239 0.946317 -1.19636e-15 
vn 0.317841 0.948144 -1.19636e-15 
vn 0.331609 0.943417 -1.19636e-15 
vn 0.328065 0.944655 -1.19636e-15 
vn 0.349623 0.936891 -1.19636e-15 
vn 0.341726 0.9398 -1.19636e-15 
vn 0.360476 0.932768 -1.19636e-15 
vn 0.375694 0.926744 -1.39575e-15 
vn 0.375678 0.92675 -1.39575e-15 
vn 0.36472 0.931117 -1.19636e-15 
vn 0.391426 0.92021 -1.39575e-15 
vn 0.384393 0.92317 -1.39575e-15 
vn 0.381666 0.9243 -1.39575e-15 
vn 0.397157 0.917751 -1.39575e-15 
vn 0.39169 0.920097 -1.39575e-15 
vn 0.40304 0.915182 -1.39575e-15 
vn 0.397689 0.91752 -1.39575e-15 
vn 0.404185 0.914677 -1.39575e-15 
vn 0.407505 0.913203 -1.39575e-15 
vn 0.29201 0.956415 -9.96968e-16 
vn 0.275468 0.96131 -9.96968e-16 
vn 0.270832 0.962627 -9.96968e-16 
vn 0.269744 0.962932 -9.96968e-16 
vn 0.284789 0.95859 -9.96968e-16 
vn 0.275973 0.961165 -9.96968e-16 
vn 0.304751 0.952432 -9.96968e-16 
vn 0.308536 0.951213 -9.96968e-16 
vn 0.303707 0.952766 -9.96968e-16 
vn 0.300511 0.953778 -9.96968e-16 
vn 0.30134 0.953517 -9.96968e-16 
vn 0.296487 0.955037 -9.96968e-16 
vn 0.298224 0.954496 -9.96968e-16 
vn 0.293953 0.95582 -9.96968e-16 
vn 0.295245 0.955422 -9.96968e-16 
vn 0.290803 0.956783 -9.96968e-16 
vn 0.292785 0.956178 -9.96968e-16 
vn 0.288019 0.957625 -9.96968e-16 
vn 0.288213 0.957566 -9.96968e-16 
vn 0.290273 0.956944 -9.96968e-16 
vn 0.286684 0.958025 -9.96968e-16 
vn 0.286071 0.958208 -9.96968e-16 
vn 0.285652 0.958333 -9.96968e-16 
vn 0.285526 0.958371 -9.96968e-16 
vn 0.305413 0.95222 -9.96968e-16 
vn 0.275973 0.961165 -9.96968e-16 
vn 0.311119 0.950371 -9.96968e-16 
vn 0.306513 0.951867 -9.96968e-16 
vn 0.318129 0.948047 -1.19636e-15 
vn 0.317652 0.948207 -1.19636e-15 
vn 0.313861 0.949469 -9.96968e-16 
vn 0.311939 0.950102 -9.96968e-16 
vn 0.321434 0.946932 -1.19636e-15 
vn 0.321051 0.947062 -1.19636e-15 
vn 0.32545 0.945559 -1.19636e-15 
vn 0.324089 0.946027 -1.19636e-15 
vn 0.32798 0.944685 -1.19636e-15 
vn 0.327083 0.944996 -1.19636e-15 
vn 0.33119 0.943564 -1.19636e-15 
vn 0.32956 0.944135 -1.19636e-15 
vn 0.333885 0.942614 -1.19636e-15 
vn 0.331875 0.943323 -1.19636e-15 
vn 0.334014 0.942568 -1.19636e-15 
vn 0.335894 0.9419 -1.19636e-15 
vn 0.335349 0.942094 -1.19636e-15 
vn 0.336307 0.941753 -1.19636e-15 
vn 0.337152 0.94145 -1.19636e-15 
vn 0.336438 0.941706 -1.19636e-15 
vn 0.336195 0.941793 -1.19636e-15 
vn 0.336347 0.941738 -1.19636e-15 
vn 0.336987 0.941509 -1.19636e-15 
vn 0.333214 0.942851 -1.19636e-15 
vn 0.333457 0.942765 -1.19636e-15 
vn 0.3351 0.942183 -1.19636e-15 
vn 0.335512 0.942036 -1.19636e-15 
vn 0.328487 0.944509 -1.19636e-15 
vn 0.330636 0.943758 -1.19636e-15 
vn 0.331337 0.943512 -1.19636e-15 
vn 0.331789 0.943354 -1.19636e-15 
vn 0.325902 0.945403 -1.19636e-15 
vn 0.328248 0.944592 -1.19636e-15 
vn 0.321983 0.946746 -1.19636e-15 
vn 0.322489 0.946573 -1.19636e-15 
vn 0.325499 0.945542 -1.19636e-15 
vn 0.321243 0.946997 -1.19636e-15 
vn 0.316686 0.94853 -1.19636e-15 
vn 0.319458 0.947601 -1.19636e-15 
vn 0.267528 0.96355 -9.96968e-16 
vn 0.28442 0.9587 -9.96968e-16 
vn 0.282361 0.959308 -9.96968e-16 
vn 0.281609 0.959529 -9.96968e-16 
vn 0.286887 0.957964 -9.96968e-16 
vn 0.284544 0.958663 -9.96968e-16 
vn 0.315674 0.948868 -1.19636e-15 
vn 0.311119 0.950371 -9.96968e-16 
vn 0.272335 0.962202 -9.96968e-16 
vn 0.268632 0.963243 -9.96968e-16 
vn 0.271804 0.962353 -9.96968e-16 
vn 0.309233 0.950986 -9.96968e-16 
vn 0.291851 0.956464 -9.96968e-16 
vn 0.287979 0.957637 -9.96968e-16 
vn 0.281062 0.95969 -9.96968e-16 
vn 0.267528 0.96355 -9.96968e-16 
vn 0.299515 0.954092 -9.96968e-16 
vn 0.296341 0.955082 -9.96968e-16 
vn 0.300213 0.953872 -9.96968e-16 
vn 0.296284 0.9551 -9.96968e-16 
vn 0.302688 0.95309 -9.96968e-16 
vn 0.275973 0.961165 -9.96968e-16 
vn 0.417171 0.908828 -1.39575e-15 
vn 0.328597 0.94447 -1.19636e-15 
vn 0.371443 0.928456 -1.39575e-15 
vn 0.370979 0.928641 -1.19636e-15 
vn 0.3701 0.928992 -1.19636e-15 
vn 0.370909 0.928669 -1.19636e-15 
vn 0.36892 0.929461 -1.19636e-15 
vn 0.369829 0.9291 -1.19636e-15 
vn 0.367581 0.929991 -1.19636e-15 
vn 0.368212 0.929742 -1.19636e-15 
vn 0.365833 0.930681 -1.19636e-15 
vn 0.366944 0.930243 -1.19636e-15 
vn 0.364059 0.931376 -1.19636e-15 
vn 0.364645 0.931147 -1.19636e-15 
vn 0.361909 0.932213 -1.19636e-15 
vn 0.362318 0.932054 -1.19636e-15 
vn 0.356667 0.934232 -1.19636e-15 
vn 0.35704 0.934089 -1.19636e-15 
vn 0.358902 0.933375 -1.19636e-15 
vn 0.359477 0.933154 -1.19636e-15 
vn 0.350041 0.936734 -1.19636e-15 
vn 0.351579 0.936158 -1.19636e-15 
vn 0.345816 0.938302 -1.19636e-15 
vn 0.353224 0.935539 -1.19636e-15 
vn 0.342577 0.93949 -1.19636e-15 
vn 0.345146 0.938549 -1.19636e-15 
vn 0.340662 0.940186 -1.19636e-15 
vn 0.341111 0.940023 -1.19636e-15 
vn 0.339924 0.940453 -1.19636e-15 
vn 0.333123 0.942883 -1.19636e-15 
vn 0.337642 0.941275 -1.19636e-15 
vn 0.335525 0.942031 -1.19636e-15 
vn 0.335646 0.941988 -1.19636e-15 
vn 0.337601 0.941289 -1.19636e-15 
vn 0.333719 0.942673 -1.19636e-15 
vn 0.333231 0.942845 -1.19636e-15 
vn 0.331784 0.943355 -1.19636e-15 
vn 0.331957 0.943295 -1.19636e-15 
vn 0.333215 0.942851 -1.19636e-15 
vn 0.330552 0.943788 -1.19636e-15 
vn 0.329458 0.94417 -1.19636e-15 
vn 0.330035 0.943969 -1.19636e-15 
vn 0.328853 0.944381 -1.19636e-15 
vn 0.329301 0.944225 -1.19636e-15 
vn 0.267528 0.96355 -9.3407e-16 
vn 0.281062 0.95969 -9.96968e-16 
vn 0.417171 0.908828 -1.45655e-15 
vn 0.285869 0.958269 -9.96968e-16 
vn 0.285244 0.958455 -9.96968e-16 
vn 0.285885 0.958264 -9.96968e-16 
vn 0.288905 0.957358 -9.96968e-16 
vn 0.287285 0.957845 -9.96968e-16 
vn 0.286532 0.958071 -9.96968e-16 
vn 0.2904 0.956905 -9.96968e-16 
vn 0.288926 0.957351 -9.96968e-16 
vn 0.291244 0.956649 -9.96968e-16 
vn 0.291119 0.956687 -9.96968e-16 
vn 0.293685 0.955902 -9.96968e-16 
vn 0.293625 0.955921 -9.96968e-16 
vn 0.268609 0.963249 -9.96968e-16 
vn 0.275475 0.961308 -9.96968e-16 
vn 0.161782 0.986827 -5.98181e-16 
vn 0.210663 0.977559 -7.97574e-16 
vn 0.197676 0.980267 -5.98181e-16 
vn 0.0541389 0.998533 -1.99394e-16 
vn 0.251909 0.967751 -7.97574e-16 
vn 0.263243 0.96473 -9.96968e-16 
vn 0.266913 0.963721 -9.96968e-16 
vn 0.257703 0.966224 -9.96968e-16 
vn 0.263199 0.964742 -9.96968e-16 
vn 0.251062 0.967971 -7.97574e-16 
vn 0.255167 0.966897 -7.97574e-16 
vn 0.249366 0.968409 -7.97574e-16 
vn 0.256266 0.966606 -7.97574e-16 
vn 0.24596 0.96928 -7.97574e-16 
vn 0.247243 0.968953 -7.97574e-16 
vn 0.241538 0.970391 -7.97574e-16 
vn 0.243855 0.969812 -7.97574e-16 
vn 0.238181 0.971221 -7.97574e-16 
vn 0.240551 0.970637 -7.97574e-16 
vn 0.234891 0.972022 -7.97574e-16 
vn 0.234927 0.972013 -7.97574e-16 
vn 0.237514 0.971384 -7.97574e-16 
vn 0.210663 0.977559 -7.97574e-16 
vn 0.232944 0.97249 -7.97574e-16 
vn 0.232993 0.972478 -7.97574e-16 
vn 0.231402 0.972858 -7.97574e-16 
vn 0.230974 0.97296 -7.97574e-16 
vn 0.230383 0.9731 -7.97574e-16 
vn 0.229575 0.973291 -7.97574e-16 
vn 0.230292 0.973122 -7.97574e-16 
vn 0.230403 0.973095 -7.97574e-16 
vn 0.229983 0.973195 -7.97574e-16 
vn 0.232154 0.972679 -7.97574e-16 
vn 0.230685 0.973028 -7.97574e-16 
vn 0.232418 0.972616 -7.97574e-16 
vn 0.234138 0.972203 -7.97574e-16 
vn 0.232977 0.972482 -7.97574e-16 
vn 0.237451 0.971399 -7.97574e-16 
vn 0.234982 0.972 -7.97574e-16 
vn 0.242118 0.970247 -7.97574e-16 
vn 0.240401 0.970674 -7.97574e-16 
vn 0.238021 0.97126 -7.97574e-16 
vn 0.246821 0.969061 -7.97574e-16 
vn 0.243488 0.969904 -7.97574e-16 
vn 0.252154 0.967687 -7.97574e-16 
vn 0.251735 0.967796 -7.97574e-16 
vn 0.246981 0.96902 -7.97574e-16 
vn 0.258983 0.965882 -9.96968e-16 
vn 0.257703 0.966224 -9.96968e-16 
vn 0.265648 0.96407 -9.96968e-16 
vn 0.26262 0.964899 -9.96968e-16 
vn 0.259827 0.965655 -9.96968e-16 
vn 0.267079 0.963675 -9.96968e-16 
vn 0.251909 0.967751 -7.97574e-16 
vn 0.20287 0.979206 -7.97574e-16 
vn 0.150819 0.988561 -5.98181e-16 
vn 0.139373 0.99024 -3.98787e-16 
vn 0.167278 0.98591 -5.98181e-16 
vn 0.162876 0.986646 -5.98181e-16 
vn 0.183071 0.9831 -5.98181e-16 
vn 0.13148 0.991319 -3.98787e-16 
vn 0.188362 0.9821 -5.98181e-16 
vn 0.185626 0.982621 -5.98181e-16 
vn 0.194698 0.980863 -5.98181e-16 
vn 0.212363 0.977191 -7.97574e-16 
vn 0.207477 0.97824 -7.97574e-16 
vn 0.225251 0.974301 -7.97574e-16 
vn 0.218263 0.97589 -7.97574e-16 
vn 0.232806 0.972523 -7.97574e-16 
vn 0.225725 0.974191 -7.97574e-16 
vn 0.234694 0.972069 -7.97574e-16 
vn 0.245332 0.969439 -7.97574e-16 
vn 0.239761 0.970832 -7.97574e-16 
vn 0.258373 0.966045 -9.96968e-16 
vn 0.256979 0.966417 -7.97574e-16 
vn 0.247399 0.968914 -7.97574e-16 
vn 0.104171 0.994559 -3.98787e-16 
vn 0.0541389 0.998533 -1.89025e-16 
vn 0.107782 0.994175 -3.98787e-16 
vn 0.102882 0.994694 -3.98787e-16 
vn 0.106797 0.994281 -3.98787e-16 
vn 0.054139 0.998533 -1.99394e-16 
vn 0.166066 0.986115 -5.98181e-16 
vn 0.105927 0.994374 -3.98787e-16 
vn 0.135303 0.990804 -3.98787e-16 
vn 0.125186 0.992133 -3.98787e-16 
vn 0.20287 0.979206 -7.97574e-16 
vn 0.171276 0.985223 -5.98181e-16 
vn 0.168822 0.985646 -5.98181e-16 
vn 0.175756 0.984434 -5.98181e-16 
vn 0.173148 0.984896 -5.98181e-16 
vn 0.17727 0.984162 -5.98181e-16 
vn 0.176052 0.984381 -5.98181e-16 
vn 0.17611 0.98437 -5.98181e-16 
vn 0.175747 0.984435 -5.98181e-16 
vn 0.170873 0.985293 -5.98181e-16 
vn 0.173168 0.984892 -5.98181e-16 
vn 0.163051 0.986618 -5.98181e-16 
vn 0.168758 0.985658 -5.98181e-16 
vn 0.155125 0.987895 -5.98181e-16 
vn 0.162845 0.986652 -5.98181e-16 
vn 0.153249 0.988188 -5.98181e-16 
vn 0.140802 0.990038 -3.98787e-16 
vn 0.146536 0.989205 -5.98181e-16 
vn 0.126114 0.992016 -3.98787e-16 
vn 0.136414 0.990652 -3.98787e-16 
vn 0.125333 0.992115 -3.98787e-16 
vn 0.110191 0.99391 -3.98787e-16 
vn 0.113272 0.993564 -3.98787e-16 
vn 0.0956648 0.995414 -3.98787e-16 
vn 0.100025 0.994985 -3.98787e-16 
vn 0.0841031 0.996457 -1.99394e-16 
vn 0.0676111 0.997712 -1.99394e-16 
vn 0.0685137 0.99765 -1.99394e-16 
vn 0.0821795 0.996618 -1.99394e-16 
vn 0.0564476 0.998406 -1.99394e-16 
vn 0.0560149 0.99843 -1.99394e-16 
vn 0.0957749 0.995403 -3.98787e-16 
vn 0.0645303 0.997916 -1.99394e-16 
vn 0.0541595 0.998532 -1.99394e-16 
vn 0.0805239 0.996753 -1.99394e-16 
vn 0.0774332 0.996998 -1.99394e-16 
vn 0.0653164 0.997865 -1.99394e-16 
vn 0.0950709 0.995471 -3.98787e-16 
vn 0.0907095 0.995877 -3.98787e-16 
vn 0.10662 0.9943 -3.98787e-16 
vn 0.122153 0.992511 -3.98787e-16 
vn 0.108539 0.994092 -3.98787e-16 
vn 0.123051 0.9924 -3.98787e-16 
vn 0.134143 0.990962 -3.98787e-16 
vn 0.145401 0.989373 -5.98181e-16 
vn 0.134572 0.990904 -3.98787e-16 
vn 0.147466 0.989067 -5.98181e-16 
vn 0.156925 0.987611 -5.98181e-16 
vn 0.154744 0.987955 -5.98181e-16 
vn 0.162558 0.986699 -5.98181e-16 
vn 0.0541388 0.998533 -1.99394e-16 
vn 0.105927 0.994374 -3.98787e-16 
vn 0.125186 0.992133 -3.98787e-16 
vn 0.0594248 0.998233 -1.99394e-16 
vn 0.0589222 0.998263 -1.99394e-16 
vn 0.0549332 0.99849 -1.99394e-16 
vn 0.0629067 0.998019 -1.99394e-16 
vn 0.0625029 0.998045 -1.99394e-16 
vn 0.0671416 0.997743 -1.99394e-16 
vn 0.0657054 0.997839 -1.99394e-16 
vn 0.0957749 0.995403 -3.98787e-16 
vn 0.0698123 0.99756 -1.99394e-16 
vn 0.0688649 0.997626 -1.99394e-16 
vn 0.0732034 0.997317 -1.99394e-16 
vn 0.0714809 0.997442 -1.99394e-16 
vn 0.0760536 0.997104 -1.99394e-16 
vn 0.0739275 0.997264 -1.99394e-16 
vn 0.076189 0.997093 -1.99394e-16 
vn 0.0781786 0.996939 -1.99394e-16 
vn 0.0776024 0.996984 -1.99394e-16 
vn 0.0786155 0.996905 -1.99394e-16 
vn 0.0795108 0.996834 -1.99394e-16 
vn 0.0787546 0.996894 -1.99394e-16 
vn 0.0793362 0.996848 -1.99394e-16 
vn 0.078497 0.996914 -1.99394e-16 
vn 0.078658 0.996902 -1.99394e-16 
vn 0.0753432 0.997158 -1.99394e-16 
vn 0.0756004 0.997138 -1.99394e-16 
vn 0.0773384 0.997005 -1.99394e-16 
vn 0.0777751 0.996971 -1.99394e-16 
vn 0.0703473 0.997523 -1.99394e-16 
vn 0.072618 0.99736 -1.99394e-16 
vn 0.0733589 0.997306 -1.99394e-16 
vn 0.0738363 0.99727 -1.99394e-16 
vn 0.0676187 0.997711 -1.99394e-16 
vn 0.070095 0.99754 -1.99394e-16 
vn 0.0634846 0.997983 -1.99394e-16 
vn 0.0640182 0.997949 -1.99394e-16 
vn 0.0671936 0.99774 -1.99394e-16 
vn 0.062705 0.998032 -1.99394e-16 
vn 0.0579057 0.998322 -1.99394e-16 
vn 0.0608241 0.998149 -1.99394e-16 
vn 0.0541389 0.998533 -1.99394e-16 
vn 0.0568402 0.998383 -1.99394e-16 
vn 0.0541389 0.998533 -1.99394e-16 
vn 0.174617 0.984636 -5.98181e-16 
vn 0.197676 0.980267 -5.98181e-16 
vn 0.16456 0.986367 -5.98181e-16 
vn 0.158452 0.987367 -5.98181e-16 
vn 0.159747 0.987158 -5.98181e-16 
vn 0.163544 0.986536 -5.98181e-16 
vn 0.154186 0.988042 -5.98181e-16 
vn 0.154613 0.987975 -5.98181e-16 
vn 0.150792 0.988566 -5.98181e-16 
vn 0.151923 0.988392 -5.98181e-16 
vn 0.145957 0.989291 -5.98181e-16 
vn 0.147741 0.989026 -5.98181e-16 
vn 0.14405 0.98957 -5.98181e-16 
vn 0.142287 0.989825 -3.98787e-16 
vn 0.142489 0.989796 -3.98787e-16 
vn 0.141323 0.989964 -3.98787e-16 
vn 0.141329 0.989963 -3.98787e-16 
vn 0.139454 0.990229 -3.98787e-16 
vn 0.139971 0.990156 -3.98787e-16 
vn 0.140373 0.990099 -3.98787e-16 
vn 0.138589 0.99035 -3.98787e-16 
vn 0.138702 0.990334 -3.98787e-16 
vn 0.136634 0.990622 -3.98787e-16 
vn 0.137514 0.9905 -3.98787e-16 
vn 0.136063 0.9907 -3.98787e-16 
vn 0.136508 0.990639 -3.98787e-16 
vn 0.135663 0.990755 -3.98787e-16 
vn 0.136025 0.990705 -3.98787e-16 
vn 0.135303 0.990804 -3.98787e-16 
vn 0.135504 0.990777 -3.98787e-16 
vn 0.16456 0.986367 -5.98181e-16 
vn 0.10179 0.994806 -3.98787e-16 
vn 0.126058 0.992023 -3.98787e-16 
vn 0.125626 0.992078 -3.98787e-16 
vn 0.126828 0.991925 -3.98787e-16 
vn 0.126148 0.992011 -3.98787e-16 
vn 0.128319 0.991733 -3.98787e-16 
vn 0.127188 0.991879 -3.98787e-16 
vn 0.128651 0.99169 -3.98787e-16 
vn 0.130064 0.991506 -3.98787e-16 
vn 0.129765 0.991545 -3.98787e-16 
vn 0.129711 0.991552 -3.98787e-16 
vn 0.132398 0.991197 -3.98787e-16 
vn 0.131511 0.991315 -3.98787e-16 
vn 0.134275 0.990944 -3.98787e-16 
vn 0.133575 0.991039 -3.98787e-16 
vn 0.137326 0.990526 -3.98787e-16 
vn 0.135971 0.990713 -3.98787e-16 
vn 0.140028 0.990148 -3.98787e-16 
vn 0.138335 0.990385 -3.98787e-16 
vn 0.144854 0.989453 -5.98181e-16 
vn 0.140978 0.990013 -3.98787e-16 
vn 0.150731 0.988575 -5.98181e-16 
vn 0.147842 0.989011 -5.98181e-16 
vn 0.155018 0.987912 -5.98181e-16 
vn 0.15418 0.988043 -5.98181e-16 
vn 0.151017 0.988531 -5.98181e-16 
vn 0.16456 0.986367 -5.98181e-16 
vn 0.157823 0.987467 -5.98181e-16 
vn 0.159973 0.987121 -5.98181e-16 
vn 0.16456 0.986367 -5.98181e-16 
vn 0.174617 0.984636 -5.98181e-16 
vn 0.151224 0.9885 -4.98484e-16 
vn 0.0811005 0.996706 -2.9909e-16 
vn 0.0728456 0.997343 -2.49242e-16 
vn 0.221143 0.975241 -7.97574e-16 
vn 0.212791 0.977098 -6.97877e-16 
vn 0.209194 0.977874 -7.47726e-16 
vn 0.2028 0.97922 -6.97877e-16 
vn 0.263856 0.964562 -8.97271e-16 
vn 0.259594 0.965718 -8.97271e-16 
vn 0.267534 0.963548 -8.97271e-16 
vn 0.267527 0.96355 -8.97271e-16 
vn 0.186443 0.982466 -6.97877e-16 
vn 0.138869 0.990311 -4.98484e-16 
vn 0.137397 0.990516 -4.98484e-16 
vn 0.164225 0.986423 -5.98181e-16 
vn 0.183519 0.983016 -5.98181e-16 
vn 0.2352 0.971947 -7.97574e-16 
vn 0.230317 0.973116 -7.97574e-16 
vn 0.223594 0.974682 -7.97574e-16 
vn 0.13992 0.990163 -4.98484e-16 
vn 0.199554 0.979887 -6.97877e-16 
vn 0.183942 0.982937 -5.98181e-16 
vn 0.173483 0.984837 -5.98181e-16 
vn 0.206473 0.978452 -6.97877e-16 
vn 0.0703695 0.997521 -1.99394e-16 
vn 0.107072 0.994251 -3.98787e-16 
vn 0.0541381 0.998533 -1.99394e-16 
vn -0.161773 0.986828 5.98181e-16 
vn -0.161788 0.986825 5.98181e-16 
vn -0.192366 0.981323 6.97877e-16 
vn -0.213782 0.976881 6.97877e-16 
vn -0.217079 0.976154 7.97574e-16 
vn -0.250069 0.968228 8.97271e-16 
vn -0.193997 0.981002 6.97877e-16 
vn -0.252941 0.967482 8.97271e-16 
vn -0.268335 0.963326 8.97271e-16 
vn -0.296435 0.955053 9.96968e-16 
vn 0.004463 0.99999 0 
vn 0.00158364 0.999999 0 
vn -0.00628563 0.99998 0 
vn 0.00167645 0.999999 0 
vn -0.00843739 0.999964 0 
vn -0.132817 0.991141 4.98484e-16 
vn -0.0630943 0.998008 1.99394e-16 
vn -0.0815532 0.996669 2.9909e-16 
vn -0.0881713 0.996105 2.9909e-16 
vn -0.160588 0.987021 5.98181e-16 
vn -0.161782 0.986827 5.98181e-16 
vn -0.157256 0.987558 5.98181e-16 
vn -0.144887 0.989448 4.98484e-16 
vn -0.14546 0.989364 4.98484e-16 
vn -0.158306 0.98739 5.98181e-16 
vn -0.161782 0.986827 5.98181e-16 
vn -0.151053 0.988526 4.98484e-16 
vn -0.102425 0.994741 3.98787e-16 
vn -0.113526 0.993535 3.98787e-16 
vn -0.139563 0.990213 4.98484e-16 
vn -0.0856814 0.996323 2.9909e-16 
vn -0.0907641 0.995872 2.9909e-16 
vn 0.0347486 0.999396 -9.96968e-17 
vn 0.0282464 0.999601 -9.96968e-17 
vn -0.0817748 0.996651 2.9909e-16 
vn -0.031982 0.999488 9.96968e-17 
vn -0.0805195 0.996753 2.9909e-16 
vn -0.0371924 0.999308 1.49545e-16 
vn -0.0799666 0.996798 2.9909e-16 
vn -0.0788637 0.996885 2.9909e-16 
vn -0.161782 0.986827 5.98181e-16 
vn -0.137325 0.990526 3.98787e-16 
vn -0.160533 0.98703 5.98181e-16 
vn -0.0541389 0.998533 1.99394e-16 
vn -0.12721 0.991876 3.98787e-16 
vn -0.121519 0.992589 3.98787e-16 
vn -0.12393 0.992291 3.98787e-16 
vn -0.117194 0.993109 3.98787e-16 
vn -0.120193 0.992751 3.98787e-16 
vn -0.111491 0.993765 3.98787e-16 
vn -0.116287 0.993216 3.98787e-16 
vn -0.10608 0.994358 3.98787e-16 
vn -0.106777 0.994283 3.98787e-16 
vn -0.107254 0.994232 3.98787e-16 
vn -0.101209 0.994865 3.98787e-16 
vn -0.102493 0.994734 3.98787e-16 
vn -0.103424 0.994637 3.98787e-16 
vn -0.105511 0.994418 3.98787e-16 
vn -0.0972956 0.995256 3.98787e-16 
vn -0.0993191 0.995056 3.98787e-16 
vn -0.0934257 0.995626 3.98787e-16 
vn -0.0965871 0.995325 3.98787e-16 
vn -0.0573111 0.998356 1.99394e-16 
vn -0.092034 0.995756 3.98787e-16 
vn -0.0892728 0.996007 3.98787e-16 
vn -0.0913612 0.995818 3.98787e-16 
vn -0.0891229 0.996021 3.98787e-16 
vn -0.0722655 0.997385 1.99394e-16 
vn -0.0870604 0.996203 3.98787e-16 
vn -0.0874098 0.996172 3.98787e-16 
vn -0.0722823 0.997384 1.99394e-16 
vn -0.0865006 0.996252 3.98787e-16 
vn -0.0863255 0.996267 3.98787e-16 
vn -0.0729321 0.997337 1.99394e-16 
vn -0.073406 0.997302 1.99394e-16 
vn -0.0856125 0.996329 1.99394e-16 
vn -0.0691202 0.997608 1.99394e-16 
vn -0.0708081 0.99749 1.99394e-16 
vn -0.0715917 0.997434 1.99394e-16 
vn -0.0675625 0.997715 1.99394e-16 
vn -0.069098 0.99761 1.99394e-16 
vn -0.0666815 0.997774 1.99394e-16 
vn -0.0668125 0.997766 1.99394e-16 
vn -0.0641345 0.997941 1.99394e-16 
vn -0.0641979 0.997937 1.99394e-16 
vn -0.0580414 0.998314 1.99394e-16 
vn -0.0613602 0.998116 1.99394e-16 
vn -0.0614198 0.998112 1.99394e-16 
vn -0.0518632 0.998654 1.99394e-16 
vn -0.0547198 0.998502 1.99394e-16 
vn -0.0458721 0.998947 1.99394e-16 
vn -0.0507094 0.998713 1.99394e-16 
vn -0.0384935 0.999259 1.99394e-16 
vn -0.0389965 0.999239 1.99394e-16 
vn -0.0429887 0.999076 1.99394e-16 
vn -0.0450103 0.998987 1.99394e-16 
vn -0.0350074 0.999387 1.99394e-16 
vn -0.0354118 0.999373 1.99394e-16 
vn -0.0307658 0.999527 1.99394e-16 
vn -0.0322045 0.999481 1.99394e-16 
vn -0.00204089 0.999998 0 
vn -0.0290393 0.999578 1.99394e-16 
vn -0.02809 0.999605 0 
vn -0.0246914 0.999695 0 
vn -0.0264179 0.999651 0 
vn -0.021834 0.999762 0 
vn -0.0239655 0.999713 0 
vn -0.0216982 0.999765 0 
vn -0.0197031 0.999806 0 
vn -0.0202809 0.999794 0 
vn -0.0192649 0.999814 0 
vn -0.018367 0.999831 0 
vn -0.0191254 0.999817 0 
vn -0.0193837 0.999812 0 
vn -0.0192223 0.999815 0 
vn -0.0185421 0.999828 0 
vn -0.0201078 0.999798 0 
vn 0.00816348 0.999967 0 
vn -0.12721 0.991876 3.98787e-16 
vn 0.0500695 0.998746 -1.99394e-16 
vn 0.0520511 0.998644 -1.99394e-16 
vn 0.045366 0.99897 -1.99394e-16 
vn 0.0493378 0.998782 -1.99394e-16 
vn 0.0442709 0.99902 -1.99394e-16 
vn 0.00816348 0.999967 0 
vn 0.0409212 0.999162 -1.99394e-16 
vn 0.0417897 0.999126 -1.99394e-16 
vn 0.0367082 0.999326 -1.99394e-16 
vn 0.0385267 0.999258 -1.99394e-16 
vn 0.0340575 0.99942 -1.99394e-16 
vn 0.035409 0.999373 -1.99394e-16 
vn 0.0307657 0.999527 -1.99394e-16 
vn 0.0328363 0.999461 -1.99394e-16 
vn 0.0278579 0.999612 0 
vn 0.0280606 0.999606 0 
vn 0.0302118 0.999544 -1.99394e-16 
vn 0.0258255 0.999666 0 
vn 0.0264656 0.99965 0 
vn 0.0253884 0.999678 0 
vn 0.0244883 0.9997 0 
vn 0.0252575 0.999681 0 
vn 0.0256315 0.999671 0 
vn 0.0256146 0.999672 0 
vn 0.0249634 0.999688 0 
vn 0.0287834 0.999586 -1.99394e-16 
vn 0.0270921 0.999633 0 
vn 0.0263068 0.999654 0 
vn 0.0303441 0.99954 -1.99394e-16 
vn 0.0288057 0.999585 -1.99394e-16 
vn 0.0312267 0.999512 -1.99394e-16 
vn 0.0310955 0.999516 -1.99394e-16 
vn 0.0337778 0.999429 -1.99394e-16 
vn 0.0337144 0.999432 -1.99394e-16 
vn 0.0364962 0.999334 -1.99394e-16 
vn 0.0398782 0.999205 -1.99394e-16 
vn 0.0365559 0.999332 -1.99394e-16 
vn 0.0406092 0.999175 -1.99394e-16 
vn 0.04606 0.998939 -1.99394e-16 
vn 0.0432022 0.999066 -1.99394e-16 
vn 0.0520511 0.998644 -1.99394e-16 
vn 0.0472141 0.998885 -1.99394e-16 
vn 0.0529126 0.998599 -1.99394e-16 
vn -0.0160918 0.999871 0 
vn 0.0430074 0.999075 -1.99394e-16 
vn 0.0450919 0.998983 -1.99394e-16 
vn 0.0334436 0.999441 -1.99394e-16 
vn 0.0356498 0.999364 -1.99394e-16 
vn 0.0241842 0.999708 0 
vn 0.02774 0.999615 0 
vn 0.0189 0.999821 0 
vn 0.0213896 0.999771 0 
vn 0.0143522 0.999897 0 
vn 0.0170006 0.999855 0 
vn 0.0128142 0.999918 0 
vn 0.0140509 0.999901 0 
vn -0.00204089 0.999998 0 
vn 0.0128142 0.999918 0 
vn 0.0143605 0.999897 0 
vn 0.0139919 0.999902 0 
vn 0.0193093 0.999814 0 
vn 0.0169798 0.999856 0 
vn 0.0272402 0.999629 0 
vn 0.0214549 0.99977 0 
vn 0.0352646 0.999378 -1.99394e-16 
vn 0.0274495 0.999623 0 
vn 0.0371624 0.999309 -1.99394e-16 
vn 0.0439467 0.999034 -1.99394e-16 
vn 0.0497344 0.998762 -1.99394e-16 
vn -0.0664078 0.997793 1.99394e-16 
vn -0.151375 0.988476 5.98181e-16 
vn -0.152144 0.988358 5.98181e-16 
vn -0.130322 0.991472 3.98787e-16 
vn -0.140914 0.990022 3.98787e-16 
vn -0.109218 0.994018 3.98787e-16 
vn -0.0541516 0.998533 1.99394e-16 
vn -0.0858364 0.996309 3.98787e-16 
vn -0.103534 0.994626 3.98787e-16 
vn -0.0385554 0.999256 1.99394e-16 
vn -0.00710538 0.999975 0 
vn -0.00123821 0.999999 0 
vn 0.00117295 0.999999 0 
vn -0.16178 0.986827 5.98181e-16 
vn -0.0866281 0.996241 3.98787e-16 
vn -0.0700439 0.997544 1.99394e-16 
vn -0.0698416 0.997558 1.99394e-16 
vn -0.0676946 0.997706 1.99394e-16 
vn -0.0720719 0.997399 1.99394e-16 
vn -0.0714333 0.997445 1.99394e-16 
vn -0.072508 0.997368 1.99394e-16 
vn -0.0726386 0.997358 1.99394e-16 
vn -0.0858398 0.996309 3.98787e-16 
vn -0.085641 0.996326 1.99394e-16 
vn -0.0865656 0.996246 3.98787e-16 
vn -0.0205457 0.999789 0 
vn -0.0225462 0.999746 0 
vn -0.0222883 0.999752 0 
vn -0.0275538 0.99962 0 
vn -0.0252781 0.99968 0 
vn -0.0245355 0.999699 0 
vn -0.0240569 0.999711 0 
vn -0.0302878 0.999541 1.99394e-16 
vn -0.0278067 0.999613 0 
vn -0.0344287 0.999407 1.99394e-16 
vn -0.0338943 0.999425 1.99394e-16 
vn -0.0307137 0.999528 1.99394e-16 
vn -0.0352094 0.99938 1.99394e-16 
vn -0.0400141 0.999199 1.99394e-16 
vn -0.0370927 0.999312 1.99394e-16 
vn -0.0458721 0.998947 1.99394e-16 
vn -0.0410804 0.999156 1.99394e-16 
vn -0.0478541 0.998854 1.99394e-16 
vn -0.0525571 0.998618 1.99394e-16 
vn -0.0485858 0.998819 1.99394e-16 
vn -0.0536517 0.99856 1.99394e-16 
vn -0.0569992 0.998374 1.99394e-16 
vn -0.0561314 0.998423 1.99394e-16 
vn -0.0887303 0.996056 3.98787e-16 
vn -0.061208 0.998125 1.99394e-16 
vn -0.0593916 0.998235 1.99394e-16 
vn -0.0638553 0.997959 1.99394e-16 
vn -0.0625056 0.998045 1.99394e-16 
vn -0.0879438 0.996125 3.98787e-16 
vn -0.0671418 0.997743 1.99394e-16 
vn -0.0650746 0.99788 1.99394e-16 
vn -0.0906763 0.99588 3.98787e-16 
vn -0.089464 0.99599 3.98787e-16 
vn -0.0160918 0.999871 0 
vn -0.0912884 0.995825 3.98787e-16 
vn -0.0939021 0.995581 3.98787e-16 
vn -0.0925937 0.995704 3.98787e-16 
vn -0.0967426 0.995309 3.98787e-16 
vn -0.0967348 0.99531 3.98787e-16 
vn -0.0946213 0.995513 3.98787e-16 
vn -0.0999337 0.994994 3.98787e-16 
vn -0.0990723 0.99508 3.98787e-16 
vn -0.103615 0.994618 3.98787e-16 
vn -0.101883 0.994796 3.98787e-16 
vn -0.107972 0.994154 3.98787e-16 
vn -0.104688 0.994505 3.98787e-16 
vn -0.112925 0.993603 3.98787e-16 
vn -0.111415 0.993774 3.98787e-16 
vn -0.12721 0.991876 3.98787e-16 
vn -0.117545 0.993068 3.98787e-16 
vn -0.11461 0.993411 3.98787e-16 
vn -0.122217 0.992503 3.98787e-16 
vn -0.118397 0.992966 3.98787e-16 
vn -0.122615 0.992454 3.98787e-16 
vn -0.12721 0.991876 3.98787e-16 
vn -0.0664078 0.997793 1.99394e-16 
vn -0.0954159 0.995437 3.98787e-16 
vn -0.0980522 0.995181 3.98787e-16 
vn -0.0999425 0.994993 3.98787e-16 
vn -0.0938846 0.995583 3.98787e-16 
vn -0.0951159 0.995466 3.98787e-16 
vn -0.0950571 0.995472 3.98787e-16 
vn -0.0954241 0.995437 3.98787e-16 
vn -0.10035 0.994952 3.98787e-16 
vn -0.0980315 0.995183 3.98787e-16 
vn -0.10824 0.994125 3.98787e-16 
vn -0.102485 0.994735 3.98787e-16 
vn -0.116217 0.993224 3.98787e-16 
vn -0.108448 0.994102 3.98787e-16 
vn -0.118103 0.993001 3.98787e-16 
vn -0.13059 0.991437 3.98787e-16 
vn -0.124844 0.992176 3.98787e-16 
vn -0.145268 0.989392 5.98181e-16 
vn -0.134982 0.990848 3.98787e-16 
vn -0.161115 0.986936 5.98181e-16 
vn -0.158055 0.98743 5.98181e-16 
vn -0.146048 0.989277 5.98181e-16 
vn -0.161782 0.986827 5.98181e-16 
vn -0.160533 0.98703 5.98181e-16 
vn -0.149217 0.988804 5.98181e-16 
vn -0.161782 0.986827 5.98181e-16 
vn -0.148322 0.988939 5.98181e-16 
vn -0.137252 0.990536 3.98787e-16 
vn -0.12598 0.992033 3.98787e-16 
vn -0.136823 0.990596 3.98787e-16 
vn -0.12391 0.992293 3.98787e-16 
vn -0.114407 0.993434 3.98787e-16 
vn -0.1166 0.993179 3.98787e-16 
vn -0.1052 0.994451 3.98787e-16 
vn -0.108737 0.994071 3.98787e-16 
vn -0.10242 0.994741 3.98787e-16 
vn -0.161782 0.986827 5.64859e-16 
vn -0.190691 0.98165 5.98181e-16 
vn -0.205931 0.978566 7.97574e-16 
vn -0.173612 0.984814 5.98181e-16 
vn -0.354366 0.935107 1.19636e-15 
vn -0.362981 0.931797 1.19636e-15 
vn -0.370138 0.928977 1.19636e-15 
vn -0.339634 0.940558 1.19636e-15 
vn -0.370138 0.928977 1.19636e-15 
vn -0.267528 0.96355 9.96968e-16 
vn -0.33085 0.943684 1.19636e-15 
vn -0.301806 0.953369 9.96968e-16 
vn -0.292858 0.956156 9.96968e-16 
vn -0.316416 0.948621 1.19636e-15 
vn -0.253918 0.967226 7.97574e-16 
vn -0.277956 0.960594 9.96968e-16 
vn -0.244888 0.969551 7.97574e-16 
vn -0.215093 0.976594 7.97574e-16 
vn -0.23007 0.973174 7.97574e-16 
vn -0.173612 0.984814 5.98181e-16 
vn -0.161782 0.986827 5.64859e-16 
vn -0.255033 0.966932 7.97574e-16 
vn -0.280063 0.959982 9.96968e-16 
vn -0.281684 0.959507 9.96968e-16 
vn -0.27489 0.961476 9.96968e-16 
vn -0.252471 0.967604 7.97574e-16 
vn -0.271319 0.96249 9.96968e-16 
vn -0.268794 0.963198 9.96968e-16 
vn -0.250633 0.968082 7.97574e-16 
vn -0.248221 0.968703 7.97574e-16 
vn -0.265644 0.964071 9.96968e-16 
vn -0.260173 0.965562 9.96968e-16 
vn -0.17551 0.984478 5.98181e-16 
vn -0.171197 0.985237 5.98181e-16 
vn -0.186926 0.982374 5.98181e-16 
vn -0.203148 0.979148 7.97574e-16 
vn -0.202262 0.979331 7.97574e-16 
vn -0.188822 0.982011 5.98181e-16 
vn -0.214087 0.976815 7.97574e-16 
vn -0.227212 0.973845 7.97574e-16 
vn -0.22518 0.974317 7.97574e-16 
vn -0.21451 0.976722 7.97574e-16 
vn -0.234377 0.972146 7.97574e-16 
vn -0.258536 0.966002 9.96968e-16 
vn -0.259095 0.965852 9.96968e-16 
vn -0.236522 0.971626 7.97574e-16 
vn -0.258536 0.966002 9.96968e-16 
vn -0.259802 0.965662 9.96968e-16 
vn -0.260768 0.965401 9.96968e-16 
vn -0.260864 0.965376 9.96968e-16 
vn -0.264319 0.964435 9.96968e-16 
vn -0.245512 0.969393 7.97574e-16 
vn -0.242063 0.970261 7.97574e-16 
vn -0.259339 0.965786 9.96968e-16 
vn -0.2644 0.964413 9.96968e-16 
vn -0.26239 0.964962 9.96968e-16 
vn -0.27079 0.962638 9.96968e-16 
vn -0.266153 0.963931 9.96968e-16 
vn -0.255025 0.966934 7.97574e-16 
vn -0.300324 0.953837 9.96968e-16 
vn -0.301747 0.953388 9.96968e-16 
vn -0.314498 0.949258 1.19636e-15 
vn -0.255325 0.966855 7.97574e-16 
vn -0.287281 0.957846 9.96968e-16 
vn -0.25652 0.966539 7.97574e-16 
vn -0.291391 0.956604 9.96968e-16 
vn -0.255382 0.96684 7.97574e-16 
vn -0.316763 0.948505 1.19636e-15 
vn -0.277681 0.960673 9.96968e-16 
vn -0.270918 0.962602 9.96968e-16 
vn -0.279903 0.960028 9.96968e-16 
vn -0.250237 0.968185 7.97574e-16 
vn -0.252491 0.967599 7.97574e-16 
vn -0.28551 0.958376 9.96968e-16 
vn -0.226651 0.973976 7.97574e-16 
vn -0.236011 0.97175 7.97574e-16 
vn -0.291248 0.956648 9.96968e-16 
vn -0.223513 0.974701 7.97574e-16 
vn -0.304421 0.952538 9.96968e-16 
vn -0.294119 0.955769 9.96968e-16 
vn -0.304532 0.952502 9.96968e-16 
vn -0.322728 0.946492 1.19636e-15 
vn -0.316178 0.9487 1.19636e-15 
vn -0.370138 0.928977 1.29233e-15 
vn -0.329411 0.944187 1.19636e-15 
vn -0.343333 0.939214 1.19636e-15 
vn -0.370138 0.928977 1.29233e-15 
vn -0.211582 0.97736 7.97574e-16 
vn -0.217803 0.975993 7.97574e-16 
vn -0.196247 0.980555 5.98181e-16 
vn -0.196458 0.980512 5.98181e-16 
vn -0.208745 0.97797 7.97574e-16 
vn -0.166005 0.986125 5.98181e-16 
vn -0.242548 0.970139 7.97574e-16 
vn -0.248158 0.96872 7.97574e-16 
vn -0.201018 0.979587 7.97574e-16 
vn -0.242345 0.97019 7.97574e-16 
vn -0.234752 0.972055 7.97574e-16 
vn -0.232905 0.972499 7.97574e-16 
vn -0.220649 0.975353 7.97574e-16 
vn -0.226295 0.974059 7.97574e-16 
vn -0.20617 0.978516 7.97574e-16 
vn -0.216324 0.976322 7.97574e-16 
vn -0.190453 0.981696 5.98181e-16 
vn -0.193494 0.981101 5.98181e-16 
vn -0.205398 0.978679 7.97574e-16 
vn -0.176097 0.984373 5.98181e-16 
vn -0.180405 0.983592 5.98181e-16 
vn -0.164658 0.986351 5.98181e-16 
vn -0.162754 0.986667 5.98181e-16 
vn -0.269079 0.963118 9.96968e-16 
vn -0.347947 0.937514 1.19636e-15 
vn -0.349762 0.936838 1.19636e-15 
vn -0.33704 0.94149 1.19636e-15 
vn -0.233846 0.972274 7.97574e-16 
vn -0.225719 0.974192 7.97574e-16 
vn -0.25892 0.965899 9.96968e-16 
vn -0.329625 0.944112 1.19636e-15 
vn -0.370138 0.928977 1.19636e-15 
vn -0.21079 0.977531 7.97574e-16 
vn -0.24834 0.968673 7.97574e-16 
vn -0.288057 0.957613 9.96968e-16 
vn -0.320096 0.947385 1.19636e-15 
vn -0.312174 0.950025 9.96968e-16 
vn -0.344497 0.938787 1.19636e-15 
vn -0.334209 0.942499 1.19636e-15 
vn -0.370138 0.928977 1.29233e-15 
vn -0.297604 0.954689 9.96968e-16 
vn -0.417171 0.908828 1.39575e-15 
vn -0.436797 0.89956 1.59515e-15 
vn -0.370197 0.928953 1.19636e-15 
vn -0.396113 0.918202 1.39575e-15 
vn -0.38202 0.924154 1.39575e-15 
vn -0.372773 0.927922 1.39575e-15 
vn -0.427298 0.904111 1.39575e-15 
vn -0.403766 0.914862 1.39575e-15 
vn -0.417384 0.90873 1.39575e-15 
vn -0.370197 0.928953 1.19636e-15 
vn -0.561187 0.827689 1.99394e-15 
vn -0.422613 0.90631 1.39575e-15 
vn -0.414145 0.910211 1.39575e-15 
vn -0.468408 0.883512 1.59515e-15 
vn -0.386087 0.922462 1.39575e-15 
vn -0.377425 0.92604 1.39575e-15 
vn -0.400212 0.916423 1.39575e-15 
vn -0.417171 0.908828 1.4456e-15 
vn -0.370138 0.928977 1.29233e-15 
vn -0.175788 0.984428 5.98181e-16 
vn 0.295328 0.955396 -9.96968e-16 
vn -3.49148e-15 0 -1 
vn 0.00128432 0.999999 0 
vn -1.70063e-09 1 0 
vn 0.00198422 0.999998 0 
vn 0.00462167 0.999989 0 
vn -0.213509 0.976941 7.01911e-16 
vn -0.153902 0.988086 5.01365e-16 
vn -0.14602 0.989282 5.01365e-16 
vn -0.175788 0.984428 6.01638e-16 
vn -0.159425 0.98721 6.01638e-16 
vn -0.213509 0.976941 8.02184e-16 
vn -0.144901 0.989446 5.01365e-16 
vn -0.000540248 1 0 
vn -0.00753217 0.999972 0 
vn -0.0541496 0.998533 2.00546e-16 
vn -0.0385554 0.999256 2.00546e-16 
vn -0.0861052 0.996286 2.00546e-16 
vn -0.0630975 0.998007 2.00546e-16 
vn -0.0812964 0.99669 3.00819e-16 
vn 2.49891e-08 1 0 
vn -0.00843739 0.999964 0 
vn -0.0881557 0.996107 3.00819e-16 
vn -0.156876 0.987618 5.01365e-16 
vn -0.109216 0.994018 4.01092e-16 
vn -0.103534 0.994626 4.01092e-16 
vn -0.130376 0.991465 4.01092e-16 
vn -0.140914 0.990022 4.01092e-16 
vn -0.152368 0.988324 6.01638e-16 
vn -0.151366 0.988478 6.01638e-16 
vn -0.196449 0.980514 6.01638e-16 
vn -0.196433 0.980517 6.01638e-16 
vn -0.166016 0.986123 6.01638e-16 
vn -0.211721 0.97733 8.02184e-16 
vn -0.20875 0.977969 8.02184e-16 
vn -0.417171 0.908828 1.45396e-15 
vn -0.217071 0.976156 8.02184e-16 
vn -0.213506 0.976942 7.01911e-16 
vn -0.250137 0.968211 9.02457e-16 
vn -0.296435 0.955053 1.00273e-15 
vn -0.268332 0.963327 9.02457e-16 
vn -0.417171 0.908828 1.40382e-15 
vn -0.217803 0.975993 8.02184e-16 
vn -0.213782 0.976881 7.01911e-16 
vn -0.253242 0.967403 9.02457e-16 
vn -0.22665 0.973976 8.02184e-16 
vn -0.223585 0.974684 8.02184e-16 
vn -0.236011 0.97175 8.02184e-16 
vn -8.15442e-15 1 2.8471e-29 
vn -0.213509 0.976941 7.45462e-16 
vn -0.0788637 0.996885 2.50683e-16 
vn -0.0371818 0.999309 1.5041e-16 
vn -0.0322584 0.99948 1.00273e-16 
vn -0.0907647 0.995872 3.00819e-16 
vn -0.0856814 0.996323 3.00819e-16 
vn -0.0817748 0.996651 3.00819e-16 
vn -0.1144 0.993435 4.01092e-16 
vn -0.102425 0.994741 4.01092e-16 
vn -0.0805968 0.996747 3.00819e-16 
vn -0.151048 0.988526 5.01365e-16 
vn -0.139565 0.990213 5.01365e-16 
vn -0.193047 0.981189 7.01911e-16 
vn -0.19377 0.981047 7.01911e-16 
vn 0.213509 0.976941 -7.45462e-16 
vn 0.208683 0.977983 -7.52048e-16 
vn 0.212765 0.977103 -7.01911e-16 
vn 0.138629 0.990344 -5.01365e-16 
vn 0.202804 0.979219 -7.01911e-16 
vn 0.0926035 0.995703 -3.00819e-16 
vn 0.137395 0.990516 -5.01365e-16 
vn 0.072753 0.99735 -2.50683e-16 
vn 0.0811005 0.996706 -3.00819e-16 
vn 0.0283834 0.999597 -1.00273e-16 
vn 0.0286299 0.99959 -1.00273e-16 
vn 7.46308e-07 1 0 
vn 0.21351 0.976941 -7.01911e-16 
vn 0.183698 0.982983 -6.01638e-16 
vn 0.199071 0.979985 -7.01911e-16 
vn 0.186444 0.982466 -6.01638e-16 
vn 0.164586 0.986363 -6.01638e-16 
vn 0.186464 0.982462 -6.01638e-16 
vn 0.151224 0.9885 -5.01365e-16 
vn 0.2352 0.971947 -8.02184e-16 
vn 0.256974 0.966418 -8.02184e-16 
vn 0.258373 0.966045 -8.02184e-16 
vn 0.247389 0.968916 -8.02184e-16 
vn 0.24788 0.968791 -8.02184e-16 
vn 0.239672 0.970854 -8.02184e-16 
vn 0.232813 0.972521 -8.02184e-16 
vn 0.239476 0.970902 -8.02184e-16 
vn 0.225925 0.974145 -8.02184e-16 
vn 0.229872 0.973221 -8.02184e-16 
vn 0.218032 0.975942 -8.02184e-16 
vn 0.21351 0.976941 -7.01911e-16 
vn 0.213509 0.976941 -8.02184e-16 
vn 0.217731 0.976009 -8.02184e-16 
vn 0.295328 0.955396 -1.00273e-15 
vn 0.233703 0.972308 -8.02184e-16 
vn 0.213863 0.976864 -7.01911e-16 
vn 0.223382 0.974731 -8.02184e-16 
vn 0.221143 0.975241 -8.02184e-16 
vn 0.213509 0.976941 -7.01911e-16 
vn 0.417171 0.908828 -1.40382e-15 
vn 0.213506 0.976942 -7.01911e-16 
vn 0.263897 0.964551 -9.02457e-16 
vn 0.267481 0.963563 -9.02457e-16 
vn 0.183097 0.983095 -6.01638e-16 
vn 0.194838 0.980835 -6.01638e-16 
vn 0.180176 0.983634 -6.01638e-16 
vn 0.195654 0.980673 -6.01638e-16 
vn 0.159315 0.987228 -6.01638e-16 
vn 0.167235 0.985917 -6.01638e-16 
vn 0.144611 0.989489 -6.01638e-16 
vn 0.150972 0.988538 -6.01638e-16 
vn 0.115516 0.993306 -4.01092e-16 
vn 0.131438 0.991324 -4.01092e-16 
vn 0.106797 0.994281 -4.01092e-16 
vn 0.107782 0.994175 -4.01092e-16 
vn 0.102882 0.994694 -4.01092e-16 
vn 0.104171 0.994559 -4.01092e-16 
vn 0.17348 0.984837 -6.01638e-16 
vn 0.14042 0.990092 -5.01365e-16 
vn 0.107065 0.994252 -4.01092e-16 
vn 0.183796 0.982964 -6.01638e-16 
vn 0.0703695 0.997521 -2.00546e-16 
vn -0.132817 0.991141 5.01365e-16 
vn 0.0015389 -0.000411585 -0.999999 
vn 0.019998 -0.00531738 -0.999786 
vn 0.0198831 -0.00528683 -0.999788 
vn 0.155276 -0.0397298 -0.987072 
vn 0.162627 -0.0415213 -0.985814 
vn 0.301675 -0.0744723 -0.950498 
vn 0.300107 -0.0740853 -0.951024 
vn 0.197234 -0.0499131 -0.979085 
vn 0.16354 -0.0417545 -0.985653 
vn 0.305343 -0.0753138 -0.94926 
vn 0.435043 -0.104102 -0.894371 
vn 0.395914 -0.0955883 -0.913299 
vn 0.43304 -0.103622 -0.895399 
vn 0.55461 -0.128491 -0.82213 
vn 0.486328 -0.11487 -0.866193 
vn 0.655244 -0.146371 -0.741101 
vn 0.653168 -0.145907 -0.743023 
vn 0.561229 -0.129752 -0.817426 
vn 0.55677 -0.128992 -0.82059 
vn 0.711824 -0.142016 -0.68785 
vn 0.706864 -0.140446 -0.693266 
vn 0.718773 -0.152447 -0.678325 
vn 0.693928 -0.151512 -0.703923 
vn 0.657946 -0.146777 -0.738622 
vn 0.697591 -0.1516 -0.700274 
vn 0.708819 -0.140834 -0.691188 
vn 0.645514 -0.120325 -0.75421 
vn 0.675753 -0.129606 -0.725645 
vn 0.643396 -0.119931 -0.756081 
vn 0.65918 -0.124525 -0.741603 
vn 0.526468 -0.0894838 -0.845473 
vn 0.624497 -0.114391 -0.772605 
vn 0.400741 -0.0612435 -0.914142 
vn 0.489842 -0.0808635 -0.868053 
vn 0.464465 -0.0749537 -0.882414 
vn 0.528638 -0.0898526 -0.844079 
vn 0.273206 -0.0362748 -0.961271 
vn 0.271754 -0.0360821 -0.96169 
vn 0.319623 -0.0449858 -0.946476 
vn 0.402674 -0.0615389 -0.913273 
vn 0.356434 -0.052092 -0.932867 
vn 0.186769 -0.0217201 -0.982164 
vn 0.134345 -0.0140715 -0.990835 
vn 0.135107 -0.0141513 -0.99073 
vn 0.00153006 -0.000409219 -0.999999 
vn 0.991219 -0.103821 0.0818912 
vn 0.991257 -0.103825 0.0814237 
vn 0.992661 -0.106623 0.0570623 
vn 0.99405 -0.107769 -0.0158204 
vn 0.992642 -0.106621 0.0573911 
vn 0.994052 -0.107769 -0.0157295 
vn 0.989716 -0.102367 -0.0999157 
vn 0.964225 -0.0680206 -0.25621 
vn 0.963858 -0.0679948 -0.257593 
vn 0.989123 -0.101695 -0.106277 
vn 0.989659 -0.102361 -0.100487 
vn -0.204562 0.0220811 0.978605 
vn -0.13457 0.00949316 0.990859 
vn -0.135334 0.00954703 0.990754 
vn -0.336279 0.0592792 0.939895 
vn -0.268667 0.0379646 0.962485 
vn -0.271106 0.0384489 0.961781 
vn -0.205693 0.0222032 0.978365 
vn -0.356282 0.0665135 0.932008 
vn -0.358631 0.0670567 0.931068 
vn -0.419417 0.0918257 0.903137 
vn -0.45967 0.111235 0.881096 
vn -0.337995 0.0595816 0.93926 
vn -0.461729 0.111733 0.879956 
vn 0.91193 -0.210199 -0.352421 
vn 0.911274 -0.210048 -0.354203 
vn 0.92919 -0.219921 -0.297054 
vn 0.942803 -0.226611 -0.244479 
vn 0.949325 -0.229726 -0.214495 
vn 0.949575 -0.229787 -0.213319 
vn 0.860542 -0.175579 -0.478162 
vn 0.859404 -0.175347 -0.48029 
vn 0.870962 -0.18379 -0.455682 
vn 0.88656 -0.194093 -0.419927 
vn 0.88591 -0.193655 -0.421499 
vn 0.783244 -0.119823 -0.610059 
vn 0.833392 -0.155957 -0.530222 
vn 0.834351 -0.155922 -0.528722 
vn 0.784919 -0.120079 -0.607851 
vn 0.623254 -0.103762 0.775105 
vn 0.65724 -0.100547 0.746944 
vn 0.659352 -0.10087 0.745037 
vn 0.625411 -0.104121 0.773318 
vn 0.572387 -0.108622 0.812757 
vn 0.508817 -0.115378 0.853108 
vn 0.572342 -0.108626 0.812789 
vn 0.522577 -0.114137 0.844918 
vn 0.570208 -0.108209 0.814342 
vn 0.510952 -0.115862 0.851765 
vn 0.449919 -0.139077 0.882174 
vn 0.46324 -0.128482 0.87687 
vn 0.447903 -0.138454 0.883297 
vn 0.3416 -0.0934908 -0.935184 
vn 0.35286 -0.0980423 -0.930525 
vn 0.353884 -0.0982368 -0.930116 
vn 0.4637 -0.143337 -0.874321 
vn 0.461659 -0.142706 -0.875503 
vn 0.225288 -0.0492542 -0.973047 
vn 0.222515 -0.0484735 -0.973723 
vn 0.329178 -0.088486 -0.940113 
vn 0.343325 -0.093963 -0.934505 
vn 0.20218 -0.0418848 -0.978452 
vn 0.214993 -0.0459929 -0.975532 
vn 0.215125 -0.0459036 -0.975507 
vn 0.223734 -0.048739 -0.973431 
vn 0.0687127 -0.00953123 -0.997591 
vn 0.0718789 -0.0100794 -0.997362 
vn 0.0717731 -0.0100468 -0.99737 
vn 0.203299 -0.0421165 -0.97821 
vn 0.069108 -0.00958606 -0.997563 
vn -0.0399807 0.00371833 -0.999194 
vn -0.0714833 0.0058165 -0.997425 
vn -0.0718944 0.00584994 -0.997395 
vn 0.820167 -0.0605103 -0.568916 
vn 0.83905 -0.0682722 -0.539754 
vn 0.840454 -0.0683865 -0.53755 
vn 0.737461 -0.0211406 -0.675059 
vn 0.745415 -0.0259178 -0.666097 
vn 0.78126 -0.0432365 -0.622707 
vn 0.73552 -0.021085 -0.677174 
vn 0.821692 -0.0606229 -0.566698 
vn 0.631101 0.0233473 -0.775349 
vn 0.639809 0.0204728 -0.768261 
vn 0.641508 0.0207048 -0.766837 
vn 0.695544 -0.000657434 -0.718484 
vn 0.737027 -0.0209278 -0.675539 
vn 0.633287 0.0234282 -0.773563 
vn 0.515714 0.0407981 -0.855789 
vn 0.513538 0.040626 -0.857105 
vn -0.986049 -0.0883071 -0.141102 
vn -0.986161 -0.0883172 -0.140307 
vn -0.956314 -0.0984683 -0.27526 
vn -0.990692 -0.0851972 -0.106166 
vn -0.990756 -0.0852027 -0.105562 
vn -0.994185 -0.0815725 -0.0703038 
vn -0.994213 -0.0815748 -0.0699018 
vn -0.994951 -0.0803346 -0.0601499 
vn -0.994972 -0.0803363 -0.0598054 
vn -0.995615 -0.0787632 -0.0504691 
vn -0.995186 -0.0798374 -0.056833 
vn -0.9956 -0.078762 -0.05076 
vn -0.955894 -0.0984251 -0.27673 
vn -0.258295 -0.0365323 -0.965375 
vn -0.197376 -0.0225531 -0.980068 
vn -0.200604 -0.0231008 -0.9794 
vn -0.170692 -0.0175756 -0.985168 
vn -0.16974 -0.0174776 -0.985334 
vn -0.282605 -0.0433375 -0.958257 
vn -0.259686 -0.036729 -0.964995 
vn -0.365479 -0.0722747 -0.92801 
vn -0.366866 -0.0724607 -0.927448 
vn -0.404623 -0.0885965 -0.910182 
vn -0.409446 -0.0912411 -0.907761 
vn -0.362396 -0.0710392 -0.929313 
vn -0.365497 -0.0719109 -0.928031 
vn -0.304333 -0.0500619 -0.951249 
vn -0.284104 -0.0435674 -0.957803 
vn -0.521617 -0.145695 -0.840648 
vn -0.476095 -0.122963 -0.870755 
vn -0.478325 -0.123575 -0.869445 
vn -0.411393 -0.091675 -0.906836 
vn -0.523743 -0.146289 -0.839222 
vn -0.619711 -0.192349 -0.760894 
vn -0.617642 -0.191707 -0.762736 
vn -0.306476 -0.0669781 0.949519 
vn -0.428879 -0.0574715 0.901532 
vn -0.381251 -0.0623009 0.92237 
vn -0.304475 -0.0666316 0.950187 
vn -0.306062 -0.066979 0.949652 
vn -0.426872 -0.0572026 0.902501 
vn -0.252225 -0.0659423 0.965419 
vn -0.253583 -0.0662973 0.965039 
vn -0.197724 -0.0613707 0.978335 
vn -0.198818 -0.0617102 0.978092 
vn -0.91539 -0.122666 -0.383425 
vn -0.939572 -0.139481 -0.312649 
vn -0.93904 -0.139402 -0.314278 
vn -0.961028 -0.157294 -0.227341 
vn -0.96074 -0.157246 -0.228587 
vn -0.956341 -0.153328 -0.248803 
vn -0.95041 -0.148034 -0.273508 
vn -0.981124 -0.175198 -0.0818593 
vn -0.981086 -0.175191 -0.0823293 
vn -0.962842 -0.159152 -0.218185 
vn -0.914611 -0.122562 -0.385313 
vn 0.608588 0.0895138 0.788421 
vn 0.628048 0.100009 0.771721 
vn 0.629593 0.100006 0.770462 
vn 0.658351 0.11756 0.743474 
vn 0.635322 0.104195 0.765186 
vn 0.656251 0.117186 0.745387 
vn 0.610767 0.0898344 0.786697 
vn 0.497824 0.0442732 0.866147 
vn 0.43841 0.0279649 0.89834 
vn 0.4798 0.03926 0.876499 
vn 0.481341 0.0392612 0.875654 
vn 0.495673 0.0440819 0.86739 
vn 0.440452 0.0280952 0.897336 
vn 0.306204 0.00258366 0.951962 
vn 0.304608 0.00257019 0.952474 
vn -0.994883 0.00195274 0.101011 
vn -0.996394 0.0029122 0.0847954 
vn -0.983653 -0.006183 0.179967 
vn -0.983281 -0.00829661 0.181908 
vn -0.983092 -0.00829502 0.182924 
vn -0.998635 0.00434315 -0.052045 
vn -0.998895 0.00445811 0.0467939 
vn -0.999175 0.00461791 0.0403537 
vn -0.996435 0.00291232 0.0843116 
vn -0.98216 -0.00503827 -0.18798 
vn -0.981959 -0.00503724 -0.189028 
vn -0.988519 -0.00122399 -0.151091 
vn -0.997763 0.00386637 -0.0667334 
vn -0.998651 0.00434322 -0.0517466 
vn -0.992343 0.000874433 -0.123513 
vn -0.989851 -0.000534765 -0.142109 
vn -0.942476 -0.0363646 -0.33229 
vn -0.943073 -0.0363876 -0.330589 
vn -0.126973 -0.00689664 -0.991882 
vn -0.0968148 -0.00373551 -0.995295 
vn -0.0973691 -0.0037569 -0.995241 
vn -0.261969 -0.027339 -0.964689 
vn -0.20471 -0.0176367 -0.978664 
vn -0.206634 -0.0178586 -0.978255 
vn -0.127695 -0.00693585 -0.991789 
vn -0.281982 -0.0310618 -0.958917 
vn -0.263377 -0.0274859 -0.964301 
vn -0.411436 -0.0585613 -0.909555 
vn -0.36388 -0.0478294 -0.930217 
vn -0.365931 -0.0481194 -0.929397 
vn -0.283479 -0.0312268 -0.95847 
vn -0.413401 -0.0588409 -0.908646 
vn -0.544346 -0.0833779 -0.834707 
vn -0.418952 -0.059631 -0.906048 
vn -0.420937 -0.0599135 -0.905109 
vn -0.55558 -0.0856529 -0.82704 
vn -0.63602 -0.10722 -0.764187 
vn -0.61698 -0.101323 -0.780429 
vn -0.633878 -0.106859 -0.766015 
vn -0.546533 -0.0837129 -0.833243 
vn -0.551313 -0.0848668 -0.829971 
vn -0.556874 -0.111562 -0.82307 
vn -0.556218 -0.111321 -0.823547 
vn -0.554577 -0.111111 -0.824681 
vn -0.42993 -0.0917061 -0.898193 
vn -0.556751 -0.111546 -0.823156 
vn -0.300984 -0.067137 -0.951263 
vn -0.390044 -0.0844381 -0.916917 
vn -0.365557 -0.0798695 -0.927356 
vn -0.390017 -0.0844899 -0.916923 
vn -0.431932 -0.092133 -0.897188 
vn -0.159033 -0.0370032 -0.98658 
vn -0.209845 -0.0481206 -0.97655 
vn -0.209844 -0.0481364 -0.976549 
vn -0.302557 -0.0674879 -0.950739 
vn -0.159927 -0.0372113 -0.986427 
vn -0.00198349 -0.000481733 -0.999998 
vn -0.00197209 -0.000478964 -0.999998 
vn -3.49148e-15 0 -1 
vn 0.908828 0.417171 5.10339e-16 
vn 3.49148e-15 0 1 
vn -0.908828 0.417171 -7.01322e-16 
vn -0.107893 -0.0376376 0.99345 
vn -0.000880336 -0.00032181 1 
vn -0.000885425 -0.00032367 1 
vn -0.231575 -0.077146 0.969753 
vn -0.230323 -0.0767288 0.970085 
vn -0.166492 -0.0567691 0.984407 
vn -0.126483 -0.0438091 0.991001 
vn -0.108508 -0.0378523 0.993375 
vn -0.352308 -0.112639 0.929081 
vn -0.23507 -0.0782143 0.968826 
vn -0.355404 -0.113581 0.927786 
vn -0.353643 -0.113018 0.928527 
vn -0.423922 -0.132659 0.895931 
vn -0.480429 -0.147781 0.864493 
vn -0.596528 -0.177557 0.782705 
vn -0.516415 -0.157221 0.841782 
vn -0.519605 -0.158143 0.839644 
vn -0.4825 -0.148418 0.86323 
vn -0.672595 -0.196104 0.713554 
vn -0.707351 -0.204286 0.676699 
vn -0.705481 -0.203746 0.678811 
vn -0.598633 -0.178183 0.780954 
vn -0.670694 -0.195545 0.715494 
vn -0.792377 -0.223613 0.56757 
vn -0.801029 -0.22543 0.554557 
vn -0.872808 -0.240764 0.424545 
vn -0.871898 -0.240513 0.426553 
vn -0.802652 -0.225786 0.55206 
vn -0.802445 -0.225828 0.552344 
vn -0.918289 -0.2498 0.307157 
vn -0.923555 -0.250778 0.290098 
vn -0.892279 -0.244624 0.37947 
vn -0.885575 -0.243349 0.395648 
vn -0.924001 -0.250899 0.28857 
vn -0.95539 -0.25672 0.146028 
vn -0.947245 -0.255238 0.193857 
vn -0.955272 -0.256689 0.146854 
vn -0.966001 -0.258535 0.00117098 
vn -0.958899 -0.257337 0.119546 
vn -0.966001 -0.258535 0.00116425 
vn -0.966002 -0.258536 0 
vn -0.966001 -0.258535 -0.00122898 
vn -0.966001 -0.258535 -0.00122191 
vn -0.962001 -0.257875 -0.0897482 
vn -0.939865 -0.253871 -0.228481 
vn -0.957236 -0.257043 -0.132773 
vn -0.957027 -0.257016 -0.134322 
vn -0.939715 -0.253866 -0.229104 
vn -0.939007 -0.25371 -0.232158 
vn -0.961956 -0.257863 -0.0902628 
vn -0.896449 -0.245396 -0.368999 
vn -0.939297 -0.253788 -0.230895 
vn -0.832313 -0.232076 -0.503384 
vn -0.874199 -0.24088 -0.421607 
vn -0.873944 -0.240893 -0.42213 
vn -0.897149 -0.245587 -0.367165 
vn -0.744225 -0.212568 -0.633202 
vn -0.792629 -0.223436 -0.567289 
vn -0.792677 -0.223536 -0.567182 
vn -0.833524 -0.232414 -0.50122 
vn -0.645736 -0.189519 -0.739668 
vn -0.667073 -0.194611 -0.719125 
vn -0.667077 -0.19472 -0.719092 
vn -0.745941 -0.213058 -0.631014 
vn -0.521497 -0.158756 -0.838354 
vn -0.57126 -0.171334 -0.802687 
vn -0.570863 -0.171344 -0.802967 
vn -0.64777 -0.190116 -0.737733 
vn -0.397891 -0.125912 -0.908751 
vn -0.413334 -0.130142 -0.901231 
vn -0.412736 -0.13006 -0.901517 
vn -0.52361 -0.159399 -0.836913 
vn -0.268135 -0.0888152 -0.959279 
vn -0.399788 -0.126512 -0.907835 
vn -0.136134 -0.0475176 -0.98955 
vn -0.246699 -0.0823878 -0.965584 
vn -0.247069 -0.0825415 -0.965476 
vn -0.26956 -0.0892873 -0.958835 
vn -0.000831879 -0.000308742 -1 
vn -0.0776306 -0.0277906 -0.996595 
vn -0.077732 -0.0278312 -0.996586 
vn -0.136904 -0.0477865 -0.989431 
vn -0.000836687 -0.000310526 -1 
vn -3.49148e-15 0 -1 
vn -3.16885e-05 -1.26282e-05 -1 
vn -0.928953 -0.370197 2.31057e-15 
vn -3.49148e-15 0 -1 
vn 0.908828 0.417171 5.10339e-16 
vn 3.49148e-15 0 1 
vn -3.49148e-15 0 -1 
vn 0.251909 0.967751 -8.02184e-16 
vn 0.20287 0.979206 -8.02184e-16 
vn 0.979206 -0.20287 -3.2175e-15 
vn 3.49148e-15 0 1 
vn -0.967751 0.251909 -2.06933e-16 
vn -0.00123454 0.000117903 -0.999999 
vn -0.123612 0.0132552 -0.992242 
vn -0.123779 0.0132669 -0.992221 
vn -0.145405 0.0158815 -0.989245 
vn -0.146228 0.0159713 -0.989122 
vn -0.302005 0.0371748 -0.952581 
vn -0.303588 0.0373697 -0.95207 
vn -0.311996 0.0386853 -0.949295 
vn -0.312353 0.0386941 -0.949178 
vn -0.443134 0.0599854 -0.894446 
vn -0.443142 0.0599103 -0.894447 
vn -0.450745 0.0612266 -0.89055 
vn -0.448687 0.0609471 -0.891608 
vn -0.584448 0.085959 -0.806865 
vn -0.586641 0.0862815 -0.805238 
vn -0.608721 0.0907577 -0.788176 
vn -0.608939 0.0906892 -0.788015 
vn -0.701718 0.110001 -0.703912 
vn -0.699711 0.109687 -0.705956 
vn -0.725263 0.115239 -0.678758 
vn -0.724144 0.114878 -0.680014 
vn -0.802559 0.132462 -0.581681 
vn -0.800989 0.132203 -0.583899 
vn -0.842883 0.141946 -0.519037 
vn -0.842048 0.141658 -0.520469 
vn -0.881236 0.151113 -0.44787 
vn -0.880213 0.150938 -0.449936 
vn -0.908551 0.157947 -0.386766 
vn -0.907164 0.15754 -0.390172 
vn -0.937198 0.165112 -0.307241 
vn -0.936686 0.165022 -0.308848 
vn -0.965418 0.172361 -0.195603 
vn -0.964682 0.172153 -0.19938 
vn -0.972342 0.174145 -0.155641 
vn -0.972206 0.174121 -0.156519 
vn -0.984161 0.177269 -0.00152879 
vn -0.984161 0.177269 -0.00152 
vn -0.00124168 0.000118584 -0.999999 
vn 0.0461822 -0.00420563 -0.998924 
vn 0.00139951 -0.000133658 -0.999999 
vn 0.0014076 -0.00013443 -0.999999 
vn 0.193939 -0.0150503 -0.980898 
vn 0.192867 -0.0149671 -0.981111 
vn 0.15693 -0.0126778 -0.987528 
vn 0.0464486 -0.00422989 -0.998912 
vn 0.144731 -0.0118613 -0.9894 
vn 0.334316 -0.0218767 -0.942207 
vn 0.25617 -0.0185028 -0.966455 
vn 0.343382 -0.0222048 -0.938933 
vn 0.33603 -0.0219888 -0.941595 
vn 0.442643 -0.0250106 -0.896349 
vn 0.470499 -0.0254474 -0.882034 
vn 0.601546 -0.0263156 -0.798404 
vn 0.524476 -0.0261168 -0.851025 
vn 0.554502 -0.0263991 -0.831764 
vn 0.47261 -0.0255616 -0.880901 
vn 0.470918 -0.0254545 -0.881809 
vn 0.603756 -0.0264123 -0.796732 
vn 0.707533 -0.0251154 -0.706234 
vn 0.68423 -0.0254452 -0.728822 
vn 0.710237 -0.0249415 -0.703521 
vn 0.71226 -0.0250126 -0.70147 
vn 0.80209 -0.0225863 -0.596776 
vn 0.81002 -0.0222243 -0.58598 
vn 0.893834 -0.0189211 -0.447999 
vn 0.892796 -0.0188992 -0.450066 
vn 0.812495 -0.0221407 -0.582548 
vn 0.811619 -0.0222682 -0.583762 
vn 0.943027 -0.0163128 -0.332316 
vn 0.952013 -0.0157662 -0.30565 
vn 0.916551 -0.0177012 -0.399525 
vn 0.904627 -0.0183862 -0.425808 
vn 0.952524 -0.0157746 -0.304056 
vn 0.988991 -0.0135583 -0.147351 
vn 0.980516 -0.0140822 -0.195936 
vn 0.988867 -0.0135566 -0.148184 
vn 0.999917 -0.0128142 -0.00158738 
vn 0.990017 -0.0134914 -0.140304 
vn 0.999917 -0.0128142 -0.00157826 
vn 0.999918 -0.0128142 0 
vn 0.999917 -0.0128142 0.00152877 
vn 0.999917 -0.0128142 0.00151999 
vn 0.98772 -0.0136378 0.15564 
vn 0.95098 -0.0158247 0.308847 
vn 0.980582 -0.014075 0.195602 
vn 0.97982 -0.0141392 0.199379 
vn 0.987581 -0.0136359 0.156518 
vn 0.892861 -0.0189308 0.449935 
vn 0.922014 -0.0174292 0.386765 
vn 0.920575 -0.017566 0.390171 
vn 0.9515 -0.0158334 0.30724 
vn 0.811522 -0.0222827 0.583897 
vn 0.854503 -0.0206715 0.519034 
vn 0.853629 -0.0207957 0.520467 
vn 0.893898 -0.0189528 0.447869 
vn 0.707811 -0.0251601 0.705954 
vn 0.733952 -0.0245598 0.678757 
vn 0.732785 -0.0247017 0.680012 
vn 0.813112 -0.0223264 0.581679 
vn 0.59014 -0.0265716 0.806864 
vn 0.614879 -0.0264688 0.788177 
vn 0.615081 -0.0265774 0.788016 
vn 0.709841 -0.0252323 0.70391 
vn 0.592354 -0.0266713 0.805236 
vn 0.454173 -0.0254684 0.890549 
vn 0.476291 -0.0257724 0.87891 
vn 0.452099 -0.0253521 0.891607 
vn 0.30357 -0.0208419 0.952581 
vn 0.313664 -0.0212558 0.949296 
vn 0.314016 -0.021315 0.949178 
vn 0.446462 -0.0252419 0.894446 
vn 0.446455 -0.0253171 0.894448 
vn 0.145776 -0.0120149 0.989245 
vn 0.305161 -0.0209512 0.95207 
vn 0.00123446 -0.000118638 0.999999 
vn 0.123879 -0.0104557 0.992242 
vn 0.124045 -0.0104757 0.992221 
vn 0.1466 -0.0120829 0.989122 
vn 0.00124159 -0.000119324 0.999999 
vn -0.0461488 0.00464018 0.998924 
vn -0.00139941 0.000134492 0.999999 
vn -0.0014075 0.000135269 0.999999 
vn -0.193277 0.0220471 0.980897 
vn -0.192208 0.0219251 0.981109 
vn -0.156484 0.0173488 0.987528 
vn -0.046415 0.00466694 0.998911 
vn -0.144352 0.0158342 0.9894 
vn -0.332394 0.0419976 0.942205 
vn -0.255022 0.0304716 0.966455 
vn -0.341352 0.0433959 0.938933 
vn -0.334098 0.0422129 0.941592 
vn -0.439339 0.0594873 0.89635 
vn -0.466778 0.0643485 0.882031 
vn -0.595606 0.0883775 0.7984 
vn -0.519894 0.0739386 0.851025 
vn -0.549427 0.0793624 0.831764 
vn -0.468873 0.0646373 0.880898 
vn -0.597793 0.0887022 0.796728 
vn -0.699431 0.109678 0.706234 
vn -0.676615 0.10493 0.728822 
vn -0.702052 0.110362 0.703522 
vn -0.704051 0.110676 0.701472 
vn -0.79179 0.130115 0.596774 
vn -0.799505 0.131975 0.585982 
vn -0.881167 0.151132 0.448 
vn -0.880143 0.150956 0.450067 
vn -0.801918 0.132527 0.58255 
vn -0.801083 0.132236 0.583764 
vn -0.928971 0.163033 0.332314 
vn -0.93769 0.165276 0.30565 
vn -0.90324 0.156643 0.399525 
vn -0.891663 0.153707 0.425806 
vn -0.938192 0.165364 0.304056 
vn -0.973576 0.174464 0.147351 
vn -0.965354 0.172341 0.195936 
vn -0.973453 0.174443 0.148184 
vn -0.984161 0.177269 0.00158737 
vn -0.97457 0.174725 0.140303 
vn -0.984161 0.177269 0.00157824 
vn -0.984162 0.17727 0 
vn -3.49148e-15 0 -1 
vn -0.0160918 0.999871 0 
vn -0.0664078 0.997793 2.00546e-16 
vn 0.997793 0.0664078 -3.27858e-15 
vn 3.49148e-15 0 1 
vn -0.999871 -0.0160918 0 
vn -0.00122078 -0.000218388 -0.999999 
vn -0.122624 -0.0204704 -0.992242 
vn -0.122788 -0.0205039 -0.992221 
vn -0.144321 -0.0238006 -0.989245 
vn -0.145137 -0.0239352 -0.989122 
vn -0.302455 -0.0456366 -0.95207 
vn -0.155286 -0.0254519 -0.987542 
vn -0.300879 -0.0453986 -0.952581 
vn -0.310908 -0.0466303 -0.949295 
vn -0.311254 -0.0467179 -0.949178 
vn -0.442944 -0.0613756 -0.894446 
vn -0.442931 -0.0614499 -0.894447 
vn -0.450608 -0.0622266 -0.89055 
vn -0.448551 -0.0619424 -0.891608 
vn -0.586037 -0.0743557 -0.806865 
vn -0.588236 -0.0746346 -0.805238 
vn -0.610707 -0.0762603 -0.788176 
vn -0.610899 -0.0763849 -0.788015 
vn -0.705453 -0.0827309 -0.703912 
vn -0.703435 -0.0824942 -0.705956 
vn -0.72954 -0.0840165 -0.678758 
vn -0.728364 -0.0840632 -0.680014 
vn -0.80862 -0.0882118 -0.581681 
vn -0.807038 -0.0880393 -0.583899 
vn -0.850009 -0.08992 -0.519037 
vn -0.849127 -0.0899728 -0.520469 
vn -0.889414 -0.0914028 -0.44787 
vn -0.888382 -0.0912967 -0.449936 
vn -0.917561 -0.0921648 -0.386766 
vn -0.916116 -0.0921844 -0.390172 
vn -0.94708 -0.0929662 -0.307241 
vn -0.946562 -0.0929154 -0.308848 
vn -0.976209 -0.0935727 -0.195603 
vn -0.975444 -0.0935749 -0.19938 
vn -0.983358 -0.093716 -0.155641 
vn -0.98322 -0.0937028 -0.156519 
vn -0.995582 -0.0938845 -0.00152879 
vn -0.995582 -0.0938845 -0.00152 
vn -0.00122783 -0.00021965 -0.999999 
vn 0.0455941 0.00836352 -0.998925 
vn 0.0013839 0.00024757 -0.999999 
vn 0.0013919 0.000249001 -0.999999 
vn 0.190826 0.0376473 -0.980902 
vn 0.18977 0.037439 -0.981114 
vn 0.154556 0.0299845 -0.987529 
vn 0.0458571 0.00841176 -0.998913 
vn 0.142591 0.0274917 -0.9894 
vn 0.32787 0.0688174 -0.942213 
vn 0.251713 0.0510591 -0.966454 
vn 0.336704 0.0709425 -0.938934 
vn 0.329551 0.0691702 -0.941601 
vn 0.433068 0.0949307 -0.896348 
vn 0.459998 0.101995 -0.882043 
vn 0.586454 0.136396 -0.798416 
vn 0.512181 0.115868 -0.851026 
vn 0.541179 0.12367 -0.831764 
vn 0.462062 0.102453 -0.88091 
vn 0.588608 0.136897 -0.796743 
vn 0.688229 0.166054 -0.706234 
vn 0.665871 0.15947 -0.728825 
vn 0.690788 0.166949 -0.70352 
vn 0.692755 0.167425 -0.701469 
vn 0.778622 0.193915 -0.596779 
vn 0.786166 0.196397 -0.585979 
vn 0.866004 0.222114 -0.447998 
vn 0.864998 0.221856 -0.450065 
vn 0.788527 0.197142 -0.582546 
vn 0.787718 0.196784 -0.583761 
vn 0.912683 0.237853 -0.332317 
vn 0.921192 0.240796 -0.30565 
vn 0.887557 0.229397 -0.399524 
vn 0.876254 0.225531 -0.425811 
vn 0.921686 0.240925 -0.304056 
vn 0.956215 0.252866 -0.147351 
vn 0.948192 0.250082 -0.195936 
vn 0.956094 0.252834 -0.148184 
vn 0.966538 0.25652 -0.0015874 
vn 0.957184 0.253206 -0.140306 
vn 0.966538 0.25652 -0.00157828 
vn 0.966539 0.25652 0 
vn 0.966538 0.25652 0.00152879 
vn 0.966538 0.25652 0.00152 
vn 0.955011 0.252447 0.155641 
vn 0.920212 0.240462 0.308848 
vn 0.948254 0.250107 0.195603 
vn 0.947538 0.24984 0.19938 
vn 0.954877 0.252412 0.156519 
vn 0.865068 0.221843 0.449936 
vn 0.892744 0.231128 0.386766 
vn 0.891395 0.230609 0.390172 
vn 0.920716 0.240594 0.307241 
vn 0.787625 0.196743 0.583899 
vn 0.828591 0.209852 0.519037 
vn 0.827782 0.209498 0.520469 
vn 0.866074 0.222101 0.44787 
vn 0.688507 0.166085 0.705956 
vn 0.713525 0.173693 0.678758 
vn 0.712438 0.173242 0.680014 
vn 0.789169 0.197129 0.581681 
vn 0.575549 0.133086 0.806865 
vn 0.599353 0.139838 0.788176 
vn 0.599576 0.139787 0.788015 
vn 0.690482 0.166562 0.703912 
vn 0.577708 0.133585 0.805238 
vn 0.444293 0.0975892 0.89055 
vn 0.297994 0.0615509 0.952581 
vn 0.30783 0.0638669 0.949295 
vn 0.308185 0.0639046 0.949178 
vn 0.436808 0.0957347 0.894446 
vn 0.436822 0.0956604 0.894447 
vn 0.442264 0.0971436 0.891608 
vn 0.143638 0.0276244 0.989245 
vn 0.299556 0.0618734 0.95207 
vn 0.00122091 0.00021766 0.999999 
vn 0.12213 0.0232389 0.992242 
vn 0.122295 0.0232641 0.992221 
vn 0.14445 0.0277807 0.989122 
vn 0.00122796 0.000218918 0.999999 
vn -0.0456788 -0.00793635 0.998925 
vn -0.00138404 -0.000246743 0.999999 
vn -0.00139204 -0.000248169 0.999999 
vn -0.192069 -0.0307315 0.9809 
vn -0.191006 -0.0305615 0.981113 
vn -0.155383 -0.0253659 0.987529 
vn -0.143294 -0.0235631 0.9894 
vn -0.0459423 -0.00798213 0.998912 
vn -0.147939 -0.0242522 0.988699 
vn -0.331429 -0.0489228 0.942211 
vn -0.253825 -0.0392222 0.966455 
vn -0.340447 -0.0499863 0.938934 
vn -0.333128 -0.0491736 0.941598 
vn -0.439156 -0.0608351 0.896349 
vn -0.466873 -0.063529 0.882039 
vn -0.597419 -0.0750251 0.798412 
vn -0.520626 -0.0685756 0.851026 
vn -0.550532 -0.0712928 0.831764 
vn -0.468969 -0.0638141 0.880906 
vn -0.599614 -0.0753007 0.796739 
vn -0.703163 -0.0824271 0.706235 
vn -0.679908 -0.0808654 0.728825 
vn -0.705873 -0.0824732 0.703521 
vn -0.707883 -0.0827081 0.70147 
vn -0.797614 -0.0875767 0.596777 
vn -0.805548 -0.0878593 0.58598 
vn -0.889353 -0.0913659 0.447999 
vn -0.88832 -0.0912598 0.450066 
vn -0.808021 -0.0879768 0.582548 
vn -0.807138 -0.0880327 0.583763 
vn -0.938596 -0.0927568 0.332316 
vn -0.947597 -0.0929409 0.30565 
vn -0.912095 -0.0919929 0.399525 
vn -0.900154 -0.0917082 0.425809 
vn -0.948105 -0.0929907 0.304056 
vn -0.984632 -0.09374 0.147351 
vn -0.976142 -0.0935745 0.195936 
vn -0.984508 -0.0937282 0.148184 
vn -0.995582 -0.0938845 0.00158738 
vn -0.985659 -0.0937563 0.140304 
vn -0.995582 -0.0938845 0.00157826 
vn -0.995583 -0.0938846 0 
vn -0.000939162 0.00035047 -0.999999 
vn -0.0909729 0.0351572 -0.995233 
vn -0.0910718 0.0351904 -0.995222 
vn -0.132692 0.0519841 -0.989793 
vn -0.133443 0.0522784 -0.989677 
vn -0.25729 0.104298 -0.960689 
vn -0.257738 0.104456 -0.960552 
vn -0.258662 0.104854 -0.96026 
vn -0.257495 0.104386 -0.960625 
vn -0.338127 0.139621 -0.930686 
vn -0.337901 0.13947 -0.93079 
vn -0.381584 0.15893 -0.910569 
vn -0.379763 0.158172 -0.911462 
vn -0.491748 0.209173 -0.84524 
vn -0.491632 0.209044 -0.845339 
vn -0.498495 0.21222 -0.840515 
vn -0.496466 0.211356 -0.841932 
vn -0.592281 0.25631 -0.763877 
vn -0.592356 0.25626 -0.763835 
vn -0.604731 0.262154 -0.752048 
vn -0.602758 0.261299 -0.753927 
vn -0.699704 0.308237 -0.644519 
vn -0.701375 0.308973 -0.642346 
vn -0.718339 0.317426 -0.619056 
vn -0.718471 0.317407 -0.618912 
vn -0.779024 0.347723 -0.521737 
vn -0.777798 0.347176 -0.523927 
vn -0.794152 0.355494 -0.492896 
vn -0.79385 0.355269 -0.493545 
vn -0.838689 0.378486 -0.391598 
vn -0.837945 0.37815 -0.393511 
vn -0.869372 0.394889 -0.297077 
vn -0.869207 0.394761 -0.297729 
vn -0.879044 0.400131 -0.259187 
vn -0.878701 0.399975 -0.260584 
vn -0.893168 0.408024 -0.189123 
vn -0.893025 0.407923 -0.190014 
vn -0.901784 0.412953 -0.127495 
vn -0.901699 0.412914 -0.128219 
vn -0.908828 0.417171 -0.000907224 
vn -0.908828 0.417171 -0.00090201 
vn -0.000944591 0.000352496 -0.999999 
vn 0.328597 0.94447 -1.20328e-15 
vn 0.281062 0.95969 -1.00273e-15 
vn 0.281598 0.959532 -1.00273e-15 
vn 0.328856 0.94438 -1.20328e-15 
vn 0.328597 0.94447 -1.20328e-15 
vn 0.282369 0.959306 -1.00273e-15 
vn 0.329315 0.94422 -1.20328e-15 
vn 0.284427 0.958698 -1.00273e-15 
vn 0.329456 0.944171 -1.20328e-15 
vn 0.284542 0.958664 -1.00273e-15 
vn 0.330056 0.943961 -1.20328e-15 
vn 0.286758 0.958003 -1.00273e-15 
vn 0.330549 0.943789 -1.20328e-15 
vn 0.287996 0.957632 -1.00273e-15 
vn 0.331791 0.943353 -1.20328e-15 
vn 0.291828 0.956471 -1.00273e-15 
vn 0.331992 0.943282 -1.20328e-15 
vn 0.333231 0.942845 -1.20328e-15 
vn 0.291854 0.956463 -1.00273e-15 
vn 0.296278 0.955102 -1.00273e-15 
vn 0.333247 0.942839 -1.20328e-15 
vn 0.297128 0.954838 -1.00273e-15 
vn 0.303056 0.952973 -1.00273e-15 
vn 0.335528 0.94203 -1.20328e-15 
vn 0.333717 0.942673 -1.20328e-15 
vn 0.303958 0.952685 -1.00273e-15 
vn 0.335686 0.941974 -1.20328e-15 
vn 0.33764 0.941275 -1.20328e-15 
vn 0.309911 0.950766 -1.00273e-15 
vn 0.310497 0.950574 -1.00273e-15 
vn 0.337644 0.941274 -1.20328e-15 
vn 0.317839 0.948145 -1.20328e-15 
vn 0.339925 0.940453 -1.20328e-15 
vn 0.322937 0.946421 -1.20328e-15 
vn 0.340707 0.94017 -1.20328e-15 
vn 0.328065 0.944655 -1.20328e-15 
vn 0.331261 0.943539 -1.20328e-15 
vn 0.341728 0.939799 -1.20328e-15 
vn 0.345163 0.938543 -1.20328e-15 
vn 0.342586 0.939486 -1.20328e-15 
vn 0.349623 0.936891 -1.20328e-15 
vn 0.350041 0.936734 -1.20328e-15 
vn 0.345816 0.938302 -1.20328e-15 
vn 0.360431 0.932786 -1.20328e-15 
vn 0.351644 0.936134 -1.20328e-15 
vn 0.36472 0.931117 -1.20328e-15 
vn 0.356667 0.934232 -1.20328e-15 
vn 0.357069 0.934078 -1.20328e-15 
vn 0.353225 0.935539 -1.20328e-15 
vn 0.375606 0.926779 -1.40382e-15 
vn 0.358953 0.933356 -1.20328e-15 
vn 0.359478 0.933153 -1.20328e-15 
vn 0.361908 0.932214 -1.20328e-15 
vn 0.375677 0.926751 -1.40382e-15 
vn 0.381532 0.924356 -1.40382e-15 
vn 0.38439 0.923171 -1.40382e-15 
vn 0.362347 0.932043 -1.20328e-15 
vn 0.3913 0.920263 -1.40382e-15 
vn 0.364056 0.931377 -1.20328e-15 
vn 0.364708 0.931122 -1.20328e-15 
vn 0.391685 0.920099 -1.40382e-15 
vn 0.39768 0.917524 -1.40382e-15 
vn 0.403047 0.915179 -1.40382e-15 
vn 0.366992 0.930224 -1.20328e-15 
vn 0.365832 0.930681 -1.20328e-15 
vn 0.39705 0.917797 -1.40382e-15 
vn 0.367581 0.929991 -1.20328e-15 
vn 0.404104 0.914713 -1.40382e-15 
vn 0.407512 0.9132 -1.40382e-15 
vn 0.368251 0.929726 -1.20328e-15 
vn 0.411023 0.911625 -1.40382e-15 
vn 0.36892 0.929461 -1.20328e-15 
vn 0.369865 0.929085 -1.20328e-15 
vn 0.408487 0.912764 -1.40382e-15 
vn 0.413514 0.910498 -1.40382e-15 
vn 0.414188 0.910191 -1.40382e-15 
vn 0.415493 0.909596 -1.40382e-15 
vn 0.3709 0.928673 -1.20328e-15 
vn 0.370108 0.928989 -1.20328e-15 
vn 0.415975 0.909376 -1.40382e-15 
vn 0.417171 0.908828 -1.40382e-15 
vn 0.371443 0.928456 -1.20328e-15 
vn 0.370975 0.928643 -1.20328e-15 
vn 0.417171 0.908828 -1.40382e-15 
vn 0.0657462 -0.0239038 -0.99755 
vn 0.000905804 -0.000338022 -1 
vn 0.00091104 -0.000339976 -1 
vn 0.207271 -0.0719757 -0.975632 
vn 0.166138 -0.0583971 -0.984372 
vn 0.170956 -0.0600201 -0.983449 
vn 0.0661243 -0.0240413 -0.997522 
vn 0.344601 -0.115464 -0.931621 
vn 0.267683 -0.091434 -0.959159 
vn 0.273137 -0.0931996 -0.95745 
vn 0.20841 -0.0723715 -0.97536 
vn 0.46892 -0.152835 -0.869917 
vn 0.455776 -0.148964 -0.877541 
vn 0.460599 -0.150451 -0.874765 
vn 0.346328 -0.116043 -0.930909 
vn 0.592032 -0.188221 -0.783626 
vn 0.569509 -0.181867 -0.801613 
vn 0.576145 -0.183821 -0.796408 
vn 0.470967 -0.153503 -0.868693 
vn 0.594127 -0.188887 -0.781879 
vn 0.70435 -0.219123 -0.675185 
vn 0.795964 -0.243022 -0.55442 
vn 0.713513 -0.22149 -0.664711 
vn 0.718831 -0.222986 -0.658452 
vn 0.80017 -0.244163 -0.547825 
vn 0.799352 -0.243885 -0.549142 
vn 0.702496 -0.218547 -0.677301 
vn 0.868695 -0.261082 -0.420958 
vn 0.800737 -0.244307 -0.546932 
vn 0.919035 -0.272763 -0.28456 
vn 0.883826 -0.264685 -0.385738 
vn 0.8866 -0.265385 -0.378829 
vn 0.869579 -0.261347 -0.418964 
vn 0.949531 -0.279206 -0.142951 
vn 0.949419 -0.279173 -0.14376 
vn 0.920496 -0.273086 -0.279483 
vn 0.919462 -0.272889 -0.283056 
vn 0.920808 -0.273186 -0.278355 
vn 0.959689 -0.281062 -0.000950838 
vn 0.954608 -0.280165 -0.101149 
vn 0.954774 -0.280202 -0.0994625 
vn 0.959689 -0.281062 -0.000945373 
vn 0.95969 -0.281062 -4.36066e-15 
vn 3.49148e-15 0 1 
vn -0.94447 0.328597 4.19883e-15 
vn -0.942648 0.328062 0.0615691 
vn -0.944467 0.328596 0.00266319 
vn -0.944467 0.328596 0.00264788 
vn -0.922585 0.321899 0.212644 
vn -0.926586 0.323149 0.192389 
vn -0.92636 0.323086 0.193578 
vn -0.942668 0.328069 0.0612166 
vn -0.886556 0.310408 0.343023 
vn -0.902384 0.315496 0.293538 
vn -0.902097 0.315418 0.294504 
vn -0.922825 0.321982 0.211476 
vn -0.887155 0.310617 0.341282 
vn -0.832588 0.292786 0.470184 
vn -0.759438 0.268395 0.592636 
vn -0.821547 0.289112 0.491401 
vn -0.821045 0.28897 0.492323 
vn -0.760244 0.268692 0.591467 
vn -0.758707 0.268149 0.593683 
vn -0.831523 0.292411 0.472297 
vn -0.735036 0.260174 0.626125 
vn -0.759321 0.268383 0.592792 
vn -0.736692 0.26076 0.62393 
vn -0.639354 0.227709 0.734422 
vn -0.521448 0.187021 0.832535 
vn -0.6299 0.224444 0.743539 
vn -0.629702 0.224404 0.74372 
vn -0.521392 0.187025 0.83257 
vn -0.519309 0.186278 0.834037 
vn -0.637364 0.227001 0.736368 
vn -0.521133 0.186936 0.832752 
vn -0.398623 0.144067 0.905729 
vn -0.271712 0.0990694 0.957266 
vn -0.27028 0.0985473 0.957725 
vn -0.337724 0.122552 0.933233 
vn -0.359347 0.130223 0.924073 
vn -0.400511 0.144749 0.904787 
vn -0.359783 0.130362 0.923884 
vn -0.137709 0.0507527 0.989172 
vn -0.162575 0.0597858 0.984883 
vn -0.162827 0.0598822 0.984836 
vn -0.138488 0.0510397 0.989048 
vn -0.00359154 0.0013421 0.999993 
vn -0.0035709 0.00133438 0.999993 
vn 0.0959041 -0.0362118 0.994732 
vn 0.0452873 -0.0170079 0.998829 
vn 0.0474255 -0.0178147 0.998716 
vn 0.00331237 -0.00123778 0.999994 
vn 0.00329333 -0.00123066 0.999994 
vn 0.0964526 -0.0364189 0.994671 
vn 0.221603 -0.0846042 0.97146 
vn 0.345738 -0.133198 0.928829 
vn 0.317462 -0.122071 0.940381 
vn 0.321466 -0.12363 0.938816 
vn 0.237958 -0.0909636 0.967007 
vn 0.235487 -0.090011 0.9677 
vn 0.220401 -0.0841451 0.971773 
vn 0.347461 -0.133862 0.928091 
vn 0.471191 -0.182939 0.862851 
vn 0.587302 -0.229587 0.776123 
vn 0.490161 -0.190541 0.850551 
vn 0.493767 -0.19196 0.848142 
vn 0.46917 -0.182154 0.864118 
vn 0.686418 -0.26987 0.675278 
vn 0.618153 -0.242074 0.747855 
vn 0.623654 -0.244277 0.742552 
vn 0.589339 -0.230384 0.77434 
vn 0.776598 -0.306981 0.550143 
vn 0.741867 -0.292637 0.603322 
vn 0.746187 -0.294386 0.597111 
vn 0.688219 -0.270578 0.673158 
vn 0.843206 -0.334771 0.420633 
vn 0.806374 -0.319353 0.49777 
vn 0.809393 -0.320589 0.492042 
vn 0.777949 -0.307515 0.547933 
vn 0.890504 -0.35484 0.284766 
vn 0.877773 -0.349398 0.327775 
vn 0.879727 -0.350216 0.321603 
vn 0.844062 -0.335111 0.41864 
vn 0.918917 -0.36717 0.144141 
vn 0.918807 -0.367126 0.144957 
vn 0.914968 -0.365437 0.171142 
vn 0.890918 -0.355005 0.283261 
vn 0.914838 -0.365374 0.171968 
vn 0.928451 -0.371441 0.00315599 
vn 0.928451 -0.371441 0.00317423 
vn 0.928456 -0.371443 4.90441e-15 
vn 3.49148e-15 0 1 
vn -0.908828 0.417171 -7.01322e-16 
vn -3.49148e-15 0 -1 
vn 0.352478 0.93582 -1.20328e-15 
vn 0.362009 0.932175 -1.20328e-15 
vn 0.395547 0.918446 -1.40382e-15 
vn 0.388241 0.921558 -1.40382e-15 
vn 0.388492 0.921452 -1.40382e-15 
vn 0.387838 0.921727 -1.40382e-15 
vn 0.394722 0.9188 -1.40382e-15 
vn 0.386816 0.922157 -1.40382e-15 
vn 0.387304 0.921952 -1.40382e-15 
vn 0.394419 0.918931 -1.40382e-15 
vn 0.393539 0.919308 -1.40382e-15 
vn 0.385962 0.922515 -1.40382e-15 
vn 0.392709 0.919663 -1.40382e-15 
vn 0.385834 0.922568 -1.40382e-15 
vn 0.391922 0.919999 -1.40382e-15 
vn 0.390329 0.920675 -1.40382e-15 
vn 0.38475 0.923021 -1.40382e-15 
vn 0.38526 0.922808 -1.40382e-15 
vn 0.390089 0.920777 -1.40382e-15 
vn 0.387986 0.921665 -1.40382e-15 
vn 0.383435 0.923568 -1.40382e-15 
vn 0.384393 0.92317 -1.40382e-15 
vn 0.387559 0.921845 -1.40382e-15 
vn 0.385883 0.922548 -1.40382e-15 
vn 0.38337 0.923595 -1.40382e-15 
vn 0.384645 0.923064 -1.40382e-15 
vn 0.383747 0.923438 -1.40382e-15 
vn 0.381844 0.924227 -1.40382e-15 
vn 0.382386 0.924003 -1.40382e-15 
vn 0.380087 0.924951 -1.40382e-15 
vn 0.379611 0.925146 -1.40382e-15 
vn 0.380736 0.924684 -1.40382e-15 
vn 0.377475 0.92602 -1.40382e-15 
vn 0.377466 0.926023 -1.40382e-15 
vn 0.377419 0.926043 -1.40382e-15 
vn 0.377401 0.92605 -1.40382e-15 
vn 0.374766 0.92712 -1.40382e-15 
vn 0.374496 0.927229 -1.40382e-15 
vn 0.373343 0.927693 -1.20328e-15 
vn 0.371541 0.928416 -1.20328e-15 
vn 0.373902 0.927468 -1.40382e-15 
vn 0.368874 0.92948 -1.20328e-15 
vn 0.372291 0.928116 -1.20328e-15 
vn 0.36766 0.92996 -1.20328e-15 
vn 0.370287 0.928917 -1.20328e-15 
vn 0.365535 0.930798 -1.20328e-15 
vn 0.370284 0.928919 -1.20328e-15 
vn 0.36426 0.931297 -1.20328e-15 
vn 0.362009 0.932175 -1.20328e-15 
vn 0.364131 0.931348 -1.20328e-15 
vn 0.433142 0.901326 -1.60437e-15 
vn 0.423922 0.905699 -1.40382e-15 
vn 0.423673 0.905815 -1.40382e-15 
vn 0.432814 0.901483 -1.60437e-15 
vn 0.423278 0.906 -1.40382e-15 
vn 0.432633 0.90157 -1.60437e-15 
vn 0.432117 0.901818 -1.60437e-15 
vn 0.431302 0.902208 -1.60437e-15 
vn 0.422754 0.906244 -1.40382e-15 
vn 0.431246 0.902234 -1.60437e-15 
vn 0.429947 0.902854 -1.40382e-15 
vn 0.422275 0.906468 -1.40382e-15 
vn 0.421412 0.906869 -1.40382e-15 
vn 0.429621 0.903009 -1.40382e-15 
vn 0.428621 0.903484 -1.40382e-15 
vn 0.421244 0.906947 -1.40382e-15 
vn 0.427862 0.903844 -1.40382e-15 
vn 0.427207 0.904154 -1.40382e-15 
vn 0.425656 0.904885 -1.40382e-15 
vn 0.420289 0.90739 -1.40382e-15 
vn 0.42075 0.907177 -1.40382e-15 
vn 0.425551 0.904935 -1.40382e-15 
vn 0.423738 0.905785 -1.40382e-15 
vn 0.423218 0.906028 -1.40382e-15 
vn 0.419024 0.907975 -1.40382e-15 
vn 0.41986 0.907589 -1.40382e-15 
vn 0.42169 0.90674 -1.40382e-15 
vn 0.418875 0.908044 -1.40382e-15 
vn 0.42031 0.907381 -1.40382e-15 
vn 0.417683 0.908593 -1.40382e-15 
vn 0.417828 0.908526 -1.40382e-15 
vn 0.419203 0.907892 -1.40382e-15 
vn 0.415659 0.909521 -1.40382e-15 
vn 0.415437 0.909622 -1.40382e-15 
vn 0.416185 0.90928 -1.40382e-15 
vn 0.412543 0.910938 -1.40382e-15 
vn 0.413018 0.910723 -1.40382e-15 
vn 0.412239 0.911076 -1.40382e-15 
vn 0.409284 0.912407 -1.40382e-15 
vn 0.407967 0.912997 -1.40382e-15 
vn 0.40959 0.91227 -1.40382e-15 
vn 0.41043 0.911892 -1.40382e-15 
vn 0.406081 0.913837 -1.40382e-15 
vn 0.403462 0.914996 -1.40382e-15 
vn 0.406166 0.913799 -1.40382e-15 
vn 0.408056 0.912957 -1.40382e-15 
vn 0.402232 0.915538 -1.40382e-15 
vn 0.400864 0.916138 -1.40382e-15 
vn 0.405447 0.914119 -1.40382e-15 
vn 0.400205 0.916426 -1.40382e-15 
vn 0.397523 0.917592 -1.40382e-15 
vn 0.388492 0.921452 -1.40382e-15 
vn 0.397874 0.91744 -1.40382e-15 
vn 0.423922 0.905699 -1.40382e-15 
vn 0.362009 0.932175 -1.20328e-15 
vn -0.901326 0.433142 0 
vn -0.90115 0.433058 0.0197255 
vn -0.901148 0.433057 0.0198395 
vn -0.900057 0.432423 0.0539145 
vn -0.896943 0.430792 0.0995595 
vn -0.896891 0.430768 0.100129 
vn -0.872937 0.418409 0.25083 
vn -0.887406 0.425835 0.176565 
vn -0.873252 0.41856 0.249479 
vn -0.837998 0.400606 0.370506 
vn -0.870368 0.417078 0.261737 
vn -0.841937 0.402613 0.359228 
vn -0.835373 0.3993 0.377771 
vn -0.836057 0.399627 0.375907 
vn -0.773857 0.368573 0.515073 
vn -0.775036 0.369135 0.512893 
vn -0.754019 0.358756 0.550226 
vn -0.694961 0.329746 0.638981 
vn -0.696593 0.330521 0.6368 
vn -0.754284 0.358862 0.549795 
vn -0.684257 0.324516 0.653056 
vn -0.598973 0.283044 0.749078 
vn -0.642756 0.304268 0.703055 
vn -0.600908 0.283958 0.747179 
vn -0.491974 0.231423 0.839288 
vn -0.549683 0.259219 0.794137 
vn -0.483242 0.227251 0.845479 
vn -0.485234 0.228187 0.844084 
vn -0.368535 0.172416 0.913485 
vn -0.445328 0.209079 0.870614 
vn -0.335883 0.156895 0.928745 
vn -0.366765 0.171588 0.914353 
vn -0.286594 0.133585 0.948693 
vn -0.245795 0.114316 0.962557 
vn -0.244486 0.113707 0.962963 
vn -0.170555 0.0789722 0.982178 
vn -0.177501 0.0822208 0.98068 
vn -0.124318 0.0574028 0.990581 
vn -0.123616 0.057079 0.990687 
vn -0.0188858 0.00863096 0.999784 
vn -0.0189949 0.00868082 0.999782 
vn 0.0247201 -0.0112973 0.999631 
vn 0.0245781 -0.0112324 0.999635 
vn 0.0540642 -0.0245786 0.998235 
vn 0.114411 -0.0518143 0.992081 
vn 0.128943 -0.0583424 0.989934 
vn 0.129674 -0.0586728 0.989819 
vn 0.242239 -0.108727 0.964105 
vn 0.25335 -0.113639 0.960677 
vn 0.252006 -0.113036 0.961102 
vn 0.2825 -0.126428 0.950899 
vn 0.376741 -0.167387 0.911069 
vn 0.378546 -0.168189 0.910173 
vn 0.304701 -0.136154 0.942666 
vn 0.444738 -0.196469 0.873847 
vn 0.496051 -0.217884 0.840512 
vn 0.498071 -0.218771 0.839085 
vn 0.465268 -0.205157 0.861067 
vn 0.597807 -0.257458 0.759172 
vn 0.599792 -0.258312 0.757314 
vn -0.805551 0.346093 0.480944 
vn -0.806621 0.346553 0.478815 
vn -0.827514 0.356386 0.433831 
vn -0.795055 0.341406 0.501328 
vn -0.724132 0.310038 0.616044 
vn -0.725712 0.310714 0.61384 
vn -0.781464 0.335416 0.526127 
vn -0.702348 0.300385 0.645349 
vn -0.625088 0.266328 0.733713 
vn -0.627025 0.267154 0.731757 
vn -0.674259 0.287918 0.680057 
vn -0.527693 0.223721 0.819444 
vn -0.580472 0.24677 0.775987 
vn -0.512131 0.216974 0.83105 
vn -0.51417 0.217838 0.829564 
vn -0.390688 0.164475 0.90571 
vn -0.479459 0.202789 0.853812 
vn -0.26419 0.110512 0.958118 
vn -0.363191 0.152691 0.919118 
vn -0.31556 0.132363 0.939629 
vn -0.388843 0.163698 0.906644 
vn -0.262795 0.109929 0.958569 
vn -0.170579 0.0710191 0.982781 
vn -0.191655 0.0798636 0.978208 
vn -0.13786 0.0572908 0.988793 
vn -0.137085 0.0569688 0.98892 
vn -0.0318783 0.0130996 0.999406 
vn -0.0320623 0.0131753 0.999399 
vn -0.826613 0.355998 0.435864 
vn 0.0285485 -0.0117313 0.999524 
vn 0.0283846 -0.011664 0.999529 
vn 0.0759583 -0.0310063 0.996629 
vn 0.105181 -0.042875 0.993528 
vn 0.106911 -0.0435724 0.993313 
vn 0.10752 -0.0438209 0.993237 
vn 0.24069 -0.0972637 0.965716 
vn 0.251501 -0.101571 0.962513 
vn 0.374877 -0.149999 0.914859 
vn 0.376689 -0.150723 0.913996 
vn 0.301674 -0.121406 0.94565 
vn 0.250161 -0.10103 0.962919 
vn 0.398402 -0.159097 0.903307 
vn 0.495652 -0.195911 0.846137 
vn 0.46441 -0.184306 0.86623 
vn 0.497698 -0.19672 0.844747 
vn 0.604526 -0.234767 0.761205 
vn 0.528644 -0.208065 0.822949 
vn 0.602505 -0.233982 0.763046 
vn -0.932175 0.362009 4.07029e-15 
vn 3.49148e-15 0 1 
vn 0.93582 -0.352478 1.16325e-14 
vn -3.49148e-15 0 -1 
vn -0.932175 0.362009 4.07029e-15 
vn -0.565389 0.219568 -0.795063 
vn -0.563329 0.218768 -0.796744 
vn -0.542864 0.212244 -0.812559 
vn -0.511023 0.200651 -0.83582 
vn -0.513081 0.201459 -0.834363 
vn -0.54293 0.212357 -0.812485 
vn -0.389805 0.155384 -0.907694 
vn -0.458752 0.181451 -0.86984 
vn -0.38969 0.155339 -0.907751 
vn -0.387957 0.154647 -0.908611 
vn -0.30534 0.122407 -0.944343 
vn -0.298927 0.119895 -0.946714 
vn -0.297386 0.119277 -0.947277 
vn -0.214794 0.0865917 -0.972813 
vn -0.215751 0.0869783 -0.972567 
vn -0.164067 0.0663181 -0.984217 
vn -0.164985 0.0666893 -0.984039 
vn -0.0305943 0.0124684 -0.999454 
vn -0.030771 0.0125404 -0.999448 
vn -0.54493 0.213051 -0.810963 
vn 0.0237414 -0.00967553 -0.999671 
vn 0.023605 -0.00961996 -0.999675 
vn 0.0243147 -0.00991119 -0.999655 
vn 0.139808 -0.0575443 -0.988505 
vn 0.0711661 -0.0292013 -0.997037 
vn 0.150393 -0.0619255 -0.986685 
vn 0.149551 -0.0615789 -0.986835 
vn 0.286348 -0.118506 -0.950769 
vn 0.239572 -0.0989791 -0.96582 
vn 0.287843 -0.119124 -0.95024 
vn 0.401543 -0.166676 -0.900545 
vn 0.318052 -0.131769 -0.938872 
vn 0.409569 -0.17004 -0.896292 
vn 0.399669 -0.165897 -0.901523 
vn 0.471844 -0.196208 -0.859573 
vn 0.526394 -0.219193 -0.821501 
vn 0.524346 -0.21834 -0.823036 
vn 0.613 -0.255858 -0.747507 
vn 0.628842 -0.262554 -0.731863 
vn 0.565131 -0.235568 -0.790655 
vn 0.626898 -0.261742 -0.733819 
vn 0.706209 -0.295405 -0.643432 
vn 0.698392 -0.29208 -0.653404 
vn 0.722525 -0.302308 -0.621746 
vn 0.720911 -0.301633 -0.623943 
vn 0.798145 -0.334797 -0.500875 
vn 0.799295 -0.335279 -0.498714 
vn 0.0244552 -0.00996844 -0.999651 
vn 0.840397 -0.352521 -0.411657 
vn 0.839573 -0.352175 -0.413631 
vn 0.859356 -0.360847 -0.362349 
vn 0.868848 -0.364996 -0.334486 
vn 0.903191 -0.380039 -0.19954 
vn 0.903397 -0.380126 -0.198438 
vn 0.917938 -0.386716 -0.0885413 
vn 0.908518 -0.382378 -0.168469 
vn 0.921413 -0.388475 -0.00926893 
vn 0.917897 -0.386699 -0.0890491 
vn 0.921412 -0.388475 -0.0093225 
vn 0.868285 -0.364759 -0.336202 
vn 0.921452 -0.388492 -5.2762e-15 
vn -3.49148e-15 0 -1 
vn -0.91744 0.397874 4.67143e-15 
vn -0.91736 0.397842 0.0131456 
vn -0.912118 0.395155 0.109061 
vn -0.912152 0.395171 0.108711 
vn -0.917364 0.397845 0.0127964 
vn -0.558615 0.242005 -0.793337 
vn -0.513395 0.224622 -0.828233 
vn -0.52555 0.229509 -0.819221 
vn -0.515425 0.22551 -0.82673 
vn -0.452817 0.199828 -0.868922 
vn -0.404828 0.179536 -0.896594 
vn -0.301558 0.134684 -0.943887 
vn -0.290871 0.129996 -0.94789 
vn -0.377554 0.167816 -0.910654 
vn -0.402954 0.178706 -0.897603 
vn -0.289368 0.129324 -0.948442 
vn -0.206371 0.0926614 -0.974076 
vn -0.208517 0.0936199 -0.973528 
vn -0.159186 0.0716454 -0.984646 
vn -0.158299 0.0712461 -0.984818 
vn -0.0281221 0.0127535 -0.999523 
vn -0.0282845 0.0128272 -0.999518 
vn -0.56064 0.242883 -0.791638 
vn 0.0201411 -0.00913412 -0.999755 
vn 0.0200254 -0.00908165 -0.999758 
vn 0.0890781 -0.0406798 -0.995194 
vn 0.143292 -0.0655879 -0.987505 
vn 0.1441 -0.0659575 -0.987363 
vn 0.0914972 -0.041788 -0.994928 
vn 0.269058 -0.123714 -0.955145 
vn 0.263224 -0.121005 -0.957116 
vn 0.277631 -0.127683 -0.952165 
vn 0.276183 -0.127017 -0.952675 
vn 0.394675 -0.182064 -0.900602 
vn 0.396523 -0.182916 -0.899617 
vn 0.409591 -0.189019 -0.892472 
vn 0.515786 -0.238621 -0.822815 
vn 0.517798 -0.239552 -0.821279 
vn 0.412402 -0.190321 -0.8909 
vn 0.567489 -0.262866 -0.780293 
vn 0.567191 -0.262714 -0.780561 
vn 0.628828 -0.291673 -0.720765 
vn 0.626943 -0.290799 -0.722758 
vn 0.70384 -0.326986 -0.630625 
vn 0.695994 -0.323264 -0.641165 
vn 0.716663 -0.333043 -0.612761 
vn 0.715109 -0.332321 -0.614966 
vn 0.78366 -0.365066 -0.502597 
vn 0.784797 -0.365595 -0.500433 
vn 0.823921 -0.383821 -0.416935 
vn 0.823092 -0.383435 -0.418923 
vn 0.8451 -0.394093 -0.361244 
vn 0.85346 -0.39813 -0.336301 
vn 0.888067 -0.4149 -0.19798 
vn 0.888266 -0.414993 -0.196886 
vn 0.902201 -0.421983 -0.0892395 
vn 0.892977 -0.41729 -0.168706 
vn 0.905655 -0.423902 -0.00983384 
vn 0.90216 -0.421963 -0.0897512 
vn 0.905654 -0.423901 -0.00989067 
vn 0.852901 -0.39787 -0.338024 
vn 0.905699 -0.423922 0 
vn -0.0741278 0.0245057 -0.996948 
vn -0.0188997 0.00618711 -0.999802 
vn -0.0264522 0.00868482 -0.999612 
vn -0.0187911 0.00615156 -0.999805 
vn -0.0737044 0.0243657 -0.996982 
vn -0.210443 0.0705004 -0.975061 
vn -0.154369 0.0514009 -0.986675 
vn -0.211599 0.0708877 -0.974782 
vn -0.226941 0.076153 -0.970927 
vn -0.34081 0.115537 -0.933006 
vn -0.322173 0.109033 -0.940381 
vn -0.342523 0.116117 -0.932306 
vn -0.472965 0.162055 -0.86605 
vn -0.356666 0.12107 -0.926354 
vn -0.599325 0.207462 -0.773156 
vn -0.498646 0.1712 -0.849731 
vn -0.527449 0.181541 -0.829964 
vn -0.470922 0.161355 -0.867293 
vn -0.597258 0.206746 -0.774944 
vn -0.632526 0.219603 -0.742755 
vn -0.697192 0.243431 -0.674288 
vn -0.699016 0.244068 -0.672167 
vn -0.644222 0.223849 -0.731348 
vn -0.752665 0.264185 -0.603077 
vn -0.771242 0.271122 -0.575915 
vn -0.781118 0.274893 -0.560614 
vn -0.782529 0.275389 -0.558399 
vn -0.849675 0.300987 -0.432965 
vn -0.85059 0.301311 -0.43094 
vn -0.853313 0.302384 -0.42476 
vn -0.899506 0.320298 -0.29715 
vn -0.899961 0.32046 -0.295592 
vn -0.861108 0.30536 -0.406507 
vn -0.912091 0.325264 -0.249585 
vn -0.928893 0.332001 -0.164116 
vn -0.917159 0.327264 -0.227413 
vn -0.922617 0.329473 -0.20056 
vn -0.928748 0.331949 -0.165039 
vn -0.94133 0.337109 -0.0159457 
vn -0.941332 0.33711 -0.015854 
vn -0.941325 0.337107 0.0162819 
vn -0.940969 0.336935 0.0324437 
vn -0.941119 0.337005 0.0268777 
vn -0.940974 0.336937 0.0322574 
vn -0.926971 0.331235 0.176093 
vn -0.927135 0.331294 0.175112 
vn -0.919858 0.328364 0.214567 
vn -0.920402 0.328573 0.211896 
vn -0.901394 0.321038 0.290558 
vn -0.892196 0.317411 0.321304 
vn -0.891663 0.317221 0.322968 
vn -0.836021 0.295757 0.462165 
vn -0.837046 0.29612 0.460072 
vn -0.870165 0.308866 0.383946 
vn -0.786375 0.276816 0.552256 
vn -0.825736 0.291824 0.482699 
vn -0.763402 0.268128 0.587644 
vn -0.77607 0.272953 0.568518 
vn -0.761878 0.267593 0.589861 
vn -0.738318 0.25874 0.622848 
vn -0.653888 0.227413 0.721605 
vn -0.669538 0.233132 0.705243 
vn -0.64685 0.224792 0.728735 
vn -0.644867 0.224103 0.730701 
vn -0.547741 0.188819 0.815063 
vn -0.533814 0.183776 0.82539 
vn -0.406488 0.138499 0.903098 
vn -0.408401 0.13915 0.902134 
vn -0.522421 0.179687 0.83354 
vn -0.531718 0.183055 0.826902 
vn -0.358975 0.12183 0.925362 
vn -0.384517 0.130772 0.913808 
vn -0.278124 0.0937717 0.955957 
vn -0.350816 0.119005 0.928852 
vn -0.276663 0.0932789 0.956429 
vn -0.178256 0.0595143 0.982183 
vn -0.185148 0.0618561 0.980762 
vn -0.146259 0.0486595 0.988049 
vn -0.145439 0.0483864 0.988183 
vn -0.0188234 0.00616213 0.999804 
vn -0.0189321 0.00619773 0.999802 
vn -0.739965 0.259317 0.62065 
vn -0.941327 0.337108 0.0161883 
vn 0.0185337 -0.00606729 0.99981 
vn 0.0184272 -0.00603244 0.999812 
vn 0.0422954 -0.0137532 0.99901 
vn 0.0641535 -0.0208081 0.997723 
vn 0.0637865 -0.0206891 0.997749 
vn 0.202852 -0.0649039 0.977056 
vn 0.172354 -0.0553396 0.983479 
vn 0.203971 -0.0652619 0.976799 
vn 0.332488 -0.10507 0.937237 
vn 0.238342 -0.0759748 0.968205 
vn 0.468304 -0.146289 0.871373 
vn 0.341697 -0.107897 0.933596 
vn 0.367107 -0.115666 0.922959 
vn 0.330807 -0.104539 0.93789 
vn 0.466256 -0.145649 0.872577 
vn 0.537276 -0.166795 0.826749 
vn 0.519282 -0.161491 0.839206 
vn 0.593661 -0.183429 0.78353 
vn 0.59156 -0.18278 0.78527 
vn 0.644441 -0.198191 0.738522 
vn 0.695606 -0.212933 0.686143 
vn 0.69749 -0.21351 0.684047 
vn 0.666404 -0.204578 0.716975 
vn 0.767984 -0.23342 0.596419 
vn 0.791931 -0.240153 0.561401 
vn 0.861291 -0.259206 0.437024 
vn 0.862235 -0.25949 0.434989 
vn 0.796383 -0.241395 0.55453 
vn 0.790489 -0.239716 0.563617 
vn 0.866871 -0.260723 0.424921 
vn 0.91354 -0.273258 0.30129 
vn 0.914015 -0.2734 0.299714 
vn 0.884536 -0.265526 0.383526 
vn 0.927893 -0.27702 0.24955 
vn 0.937978 -0.279628 0.204954 
vn 0.94487 -0.281372 0.167485 
vn 0.938788 -0.279826 0.200935 
vn 0.944716 -0.281326 0.168426 
vn 0.958464 -0.284752 0.0162059 
vn 0.958466 -0.284752 0.0161128 
vn 0.955882 -0.284172 -0.0744048 
vn 0.955912 -0.284181 -0.0739796 
vn 0.958209 -0.284706 -0.027899 
vn 0.95847 -0.284753 -0.0158697 
vn 0.93363 -0.278499 -0.225329 
vn 0.935989 -0.279116 -0.21452 
vn 0.933902 -0.27858 -0.224099 
vn 0.932723 -0.278265 -0.229337 
vn 0.914843 -0.273604 -0.296988 
vn 0.896018 -0.268615 -0.35355 
vn 0.836248 -0.252357 -0.486832 
vn 0.836692 -0.25251 -0.485989 
vn 0.884471 -0.265517 -0.383681 
vn 0.89537 -0.268421 -0.355336 
vn 0.835549 -0.252165 -0.48813 
vn 0.781511 -0.237171 -0.577053 
vn 0.799639 -0.242262 -0.549442 
vn 0.758576 -0.230778 -0.609347 
vn 0.756948 -0.230283 -0.611554 
vn 0.752373 -0.228992 -0.617655 
vn 0.657252 -0.201879 -0.72613 
vn 0.679394 -0.208293 -0.703589 
vn 0.659247 -0.202492 -0.724149 
vn 0.544592 -0.168973 -0.821503 
vn 0.654475 -0.201077 -0.728855 
vn 0.544785 -0.168999 -0.82137 
vn 0.40855 -0.12824 -0.903682 
vn 0.410475 -0.128844 -0.902723 
vn 0.526966 -0.163753 -0.833961 
vn 0.542474 -0.168316 -0.823038 
vn 0.37844 -0.119107 -0.91793 
vn 0.27826 -0.0883577 -0.956433 
vn 0.27973 -0.0888246 -0.955961 
vn 0.361152 -0.113853 -0.925531 
vn 0.180366 -0.0578501 -0.981897 
vn 0.185634 -0.0595119 -0.980815 
vn 0.145893 -0.0469781 -0.988184 
vn 0.145074 -0.0467144 -0.988317 
vn 0.0183949 -0.00602185 -0.999813 
vn 0.0185012 -0.00605665 -0.99981 
vn 0.754023 -0.229494 -0.615453 
vn 0.958471 -0.284753 -0.0157785 
vn -0.0160412 0.00427838 -0.999862 
vn -0.0159491 0.0042538 -0.999864 
vn -0.0373394 0.0100119 -0.999252 
vn -0.0552766 0.0148738 -0.99836 
vn -0.146752 0.0399461 -0.988366 
vn -0.14758 0.0401716 -0.988234 
vn -0.238649 0.0657595 -0.968877 
vn -0.285265 0.0790767 -0.955181 
vn -0.41635 0.119544 -0.901311 
vn -0.29347 0.0814989 -0.952488 
vn -0.283768 0.0786618 -0.955661 
vn -0.414403 0.118985 -0.902282 
vn -0.0549599 0.0147886 -0.998379 
vn 0.269713 0.962941 -1.00273e-15 
vn 0.275468 0.96131 -1.00273e-15 
vn 0.275973 0.961165 -1.00273e-15 
vn 0.274116 0.961697 -1.00273e-15 
vn 0.272346 0.9622 -1.00273e-15 
vn 0.268621 0.963246 -1.00273e-15 
vn 0.262839 0.96484 -1.00273e-15 
vn 0.26485 0.96429 -1.00273e-15 
vn 0.266889 0.963727 -1.00273e-15 
vn 0.271803 0.962353 -1.00273e-15 
vn 0.265343 0.964154 -1.00273e-15 
vn 0.263178 0.964747 -1.00273e-15 
vn 0.257703 0.966224 -8.02184e-16 
vn 0.257971 0.966153 -8.02184e-16 
vn 0.260726 0.965413 -1.00273e-15 
vn 0.257241 0.966347 -8.02184e-16 
vn 0.253772 0.967264 -8.02184e-16 
vn 0.255161 0.966899 -8.02184e-16 
vn 0.252061 0.967711 -8.02184e-16 
vn 0.251059 0.967972 -8.02184e-16 
vn 0.252995 0.967468 -8.02184e-16 
vn 0.247228 0.968957 -8.02184e-16 
vn 0.251375 0.96789 -8.02184e-16 
vn 0.249931 0.968264 -8.02184e-16 
vn 0.247068 0.968998 -8.02184e-16 
vn 0.243842 0.969815 -8.02184e-16 
vn 0.249242 0.968441 -8.02184e-16 
vn 0.24743 0.968906 -8.02184e-16 
vn 0.242475 0.970158 -8.02184e-16 
vn 0.240591 0.970627 -8.02184e-16 
vn 0.238216 0.971212 -8.02184e-16 
vn 0.24513 0.96949 -8.02184e-16 
vn 0.247374 0.96892 -8.02184e-16 
vn 0.24563 0.969364 -8.02184e-16 
vn 0.234943 0.972009 -8.02184e-16 
vn 0.243009 0.970024 -8.02184e-16 
vn 0.244094 0.969752 -8.02184e-16 
vn 0.237521 0.971382 -8.02184e-16 
vn 0.242586 0.97013 -8.02184e-16 
vn 0.233032 0.972469 -8.02184e-16 
vn 0.241383 0.97043 -8.02184e-16 
vn 0.234771 0.972051 -8.02184e-16 
vn 0.232235 0.97266 -8.02184e-16 
vn 0.241343 0.97044 -8.02184e-16 
vn 0.231453 0.972846 -8.02184e-16 
vn 0.24053 0.970642 -8.02184e-16 
vn 0.230462 0.973081 -8.02184e-16 
vn 0.240072 0.970755 -8.02184e-16 
vn 0.229575 0.973291 -8.02184e-16 
vn 0.239495 0.970898 -8.02184e-16 
vn 0.239845 0.970811 -8.02184e-16 
vn 0.230329 0.973113 -8.02184e-16 
vn 0.229643 0.973275 -8.02184e-16 
vn 0.229816 0.973234 -8.02184e-16 
vn 0.240038 0.970763 -8.02184e-16 
vn 0.23 0.973191 -8.02184e-16 
vn 0.230783 0.973005 -8.02184e-16 
vn 0.240222 0.970718 -8.02184e-16 
vn 0.231696 0.972788 -8.02184e-16 
vn 0.240675 0.970606 -8.02184e-16 
vn 0.232153 0.972679 -8.02184e-16 
vn 0.241446 0.970414 -8.02184e-16 
vn 0.242968 0.970034 -8.02184e-16 
vn 0.241714 0.970347 -8.02184e-16 
vn 0.233059 0.972463 -8.02184e-16 
vn 0.234142 0.972202 -8.02184e-16 
vn 0.234981 0.972 -8.02184e-16 
vn 0.243129 0.969994 -8.02184e-16 
vn 0.237451 0.971399 -8.02184e-16 
vn 0.244513 0.969646 -8.02184e-16 
vn 0.244851 0.969561 -8.02184e-16 
vn 0.240269 0.970706 -8.02184e-16 
vn 0.246095 0.969246 -8.02184e-16 
vn 0.24031 0.970696 -8.02184e-16 
vn 0.247023 0.96901 -8.02184e-16 
vn 0.24454 0.969639 -8.02184e-16 
vn 0.247026 0.969009 -8.02184e-16 
vn 0.249716 0.968319 -8.02184e-16 
vn 0.248011 0.968757 -8.02184e-16 
vn 0.243489 0.969904 -8.02184e-16 
vn 0.250211 0.968191 -8.02184e-16 
vn 0.252243 0.967664 -8.02184e-16 
vn 0.252626 0.967564 -8.02184e-16 
vn 0.250024 0.96824 -8.02184e-16 
vn 0.25174 0.967795 -8.02184e-16 
vn 0.257703 0.966224 -8.02184e-16 
vn 0.256902 0.966438 -8.02184e-16 
vn 0.254571 0.967054 -8.02184e-16 
vn 0.257241 0.966347 -8.02184e-16 
vn 0.261976 0.965074 -1.00273e-15 
vn 0.259838 0.965652 -1.00273e-15 
vn 0.262646 0.964892 -1.00273e-15 
vn 0.263076 0.964775 -1.00273e-15 
vn 0.267131 0.96366 -1.00273e-15 
vn 0.265815 0.964024 -1.00273e-15 
vn 0.266389 0.963866 -1.00273e-15 
vn 0.266048 0.96396 -1.00273e-15 
vn 0.267318 0.963608 -1.00273e-15 
vn 0.275973 0.961165 -1.00273e-15 
vn 0.268609 0.963249 -1.00273e-15 
vn 0.275476 0.961308 -1.00273e-15 
vn 0.275973 0.961165 -1.00273e-15 
vn -0.961165 0.275973 0 
vn 3.49148e-15 0 1 
vn 0.569487 -0.16279 0.80572 
vn 0.42382 -0.118071 0.898018 
vn 0.426157 -0.118786 0.896817 
vn 0.571011 -0.16326 0.804545 
vn 0.396081 -0.11045 0.911548 
vn 0.394187 -0.109922 0.912433 
vn 0.38128 -0.105867 0.918378 
vn 0.353034 -0.0975718 0.930509 
vn 0.354799 -0.0980596 0.929786 
vn 0.379338 -0.105234 0.919254 
vn 0.338357 -0.093386 0.936372 
vn 0.305628 -0.0841311 0.948427 
vn 0.193663 -0.0525983 0.979657 
vn 0.226287 -0.0617041 0.972104 
vn 0.322846 -0.0890199 0.942256 
vn 0.33665 -0.0929149 0.937034 
vn 0.190709 -0.0517721 0.98028 
vn 0.189656 -0.051486 0.9805 
vn 0.0348584 -0.00927929 0.999349 
vn 0.0350597 -0.00933285 0.999342 
vn -0.10453 0.0275155 0.994141 
vn -0.105127 0.0276726 0.994074 
vn -0.0316395 0.00841052 0.999464 
vn -0.0251304 0.0066897 0.999662 
vn -0.199573 0.0521492 0.978494 
vn -0.230988 0.0602095 0.971092 
vn -0.232247 0.0605376 0.970771 
vn -0.210621 0.054992 0.97602 
vn -0.304985 0.0790842 0.949068 
vn -0.368857 0.0952446 0.924593 
vn -0.484986 0.124235 0.865653 
vn -0.498722 0.127657 0.85731 
vn -0.387178 0.0998477 0.916583 
vn -0.367042 0.094776 0.925363 
vn -0.49661 0.127117 0.858615 
vn -0.62441 0.158517 0.764843 
vn -0.627372 0.15926 0.76226 
vn -0.562196 0.143317 0.814491 
vn -0.62527 0.158727 0.764097 
vn -0.726864 0.183267 0.661878 
vn -0.705418 0.178145 0.686039 
vn -0.728695 0.183729 0.659732 
vn -0.809263 0.202841 0.551316 
vn -0.756798 0.190411 0.6253 
vn -0.818594 0.205012 0.536539 
vn -0.819948 0.205351 0.534338 
vn -0.886816 0.220867 0.405926 
vn -0.821186 0.20562 0.53233 
vn -0.88597 0.220656 0.407883 
vn -0.903825 0.224731 0.364138 
vn -0.897652 0.223342 0.379919 
vn -0.934251 0.231575 0.271198 
vn -0.933853 0.231477 0.272649 
vn -0.957262 0.236652 0.166271 
vn -0.949506 0.234973 0.207908 
vn -0.960781 0.237409 0.143305 
vn -0.960667 0.237381 0.144116 
vn -0.970745 0.239457 0.0177563 
vn -0.970746 0.239458 0.0176543 
vn -0.0252756 0.00672835 0.999658 
vn -0.970751 0.239459 -0.0173781 
vn -0.970749 0.239458 -0.0174785 
vn -0.966722 0.238676 -0.0920998 
vn -0.949958 0.235058 -0.205735 
vn -0.954466 0.236043 -0.182423 
vn -0.942138 0.233361 -0.240663 
vn -0.941822 0.233283 -0.241972 
vn -0.923622 0.229218 -0.307216 
vn -0.902947 0.224543 -0.366424 
vn -0.840036 0.210001 -0.500238 
vn -0.841244 0.210303 -0.498078 
vn -0.90032 0.223944 -0.373193 
vn -0.902245 0.224369 -0.368256 
vn -0.837687 0.209453 -0.504391 
vn -0.78165 0.196288 -0.592026 
vn -0.756626 0.190392 -0.625514 
vn -0.81443 0.20403 -0.543209 
vn -0.754915 0.189962 -0.627708 
vn -0.658938 0.166948 -0.733437 
vn -0.689703 0.174387 -0.70278 
vn -0.660978 0.167465 -0.73148 
vn -0.548447 0.140021 -0.824378 
vn -0.650346 0.164872 -0.741531 
vn -0.546299 0.139472 -0.825896 
vn -0.542316 0.138491 -0.828682 
vn -0.544378 0.139018 -0.82724 
vn -0.422848 0.108813 -0.899644 
vn -0.424823 0.109322 -0.898651 
vn -0.369585 0.0954312 -0.924283 
vn -0.376591 0.0972069 -0.921265 
vn -0.293382 0.0761883 -0.952955 
vn -0.291849 0.0757903 -0.953457 
vn -0.192014 0.0502548 -0.980105 
vn -0.204521 0.0534826 -0.9774 
vn -0.157868 0.041417 -0.986591 
vn -0.156984 0.0411853 -0.986742 
vn -0.0290193 0.00772491 -0.999549 
vn -0.0291869 0.00776952 -0.999544 
vn -0.966769 0.238688 -0.091575 
vn 0.56591 -0.162164 -0.808361 
vn 0.439238 -0.123058 -0.889903 
vn 0.465654 -0.131011 -0.875216 
vn 0.437235 -0.122497 -0.890966 
vn 0.298492 -0.0819991 -0.950883 
vn 0.324711 -0.0895195 -0.941567 
vn 0.376035 -0.104422 -0.920703 
vn 0.29694 -0.0815726 -0.951406 
vn 0.408386 -0.113887 -0.905677 
vn 0.227136 -0.0618756 -0.971895 
vn 0.148787 -0.0401854 -0.988052 
vn 0.138794 -0.0374506 -0.989613 
vn 0.149626 -0.0404121 -0.987916 
vn 0.035878 -0.00957974 -0.99931 
vn 0.0255798 -0.00680932 -0.99965 
vn 0.0257275 -0.00684865 -0.999646 
vn 0.563779 -0.161553 -0.809972 
vn -3.49148e-15 0 -1 
vn -0.961165 0.275973 0 
vn -0.42407 0.121761 0.897407 
vn -0.371694 0.105226 0.922373 
vn -0.40286 0.114829 0.90803 
vn -0.373519 0.105743 0.921576 
vn -0.362208 0.102325 0.926464 
vn -0.360419 0.10182 0.927217 
vn -0.296216 0.0826098 0.951542 
vn -0.262447 0.0726938 0.962204 
vn -0.275052 0.0763732 0.958391 
vn -0.161708 0.0441248 0.985852 
vn -0.161318 0.0440106 0.985921 
vn -0.222101 0.0611241 0.973106 
vn -0.26105 0.0723067 0.962614 
vn -0.160417 0.0437647 0.986079 
vn -0.0224251 0.00598103 0.999731 
vn -0.0225547 0.00601559 0.999728 
vn -0.426041 0.122327 0.896396 
vn 0.0204548 -0.00545553 0.999776 
vn 0.0203373 -0.00542419 0.999778 
vn 0.0419279 -0.0111159 0.999059 
vn 0.0632597 -0.0166935 0.997857 
vn 0.0628977 -0.0165979 0.997882 
vn 0.194032 -0.0503216 0.979704 
vn 0.160913 -0.0419131 0.986078 
vn 0.195109 -0.0506007 0.979475 
vn 0.324903 -0.0828973 0.942107 
vn 0.247072 -0.0636212 0.966906 
vn 0.458013 -0.115135 0.881458 
vn 0.330884 -0.0843664 0.939893 
vn 0.373216 -0.0947056 0.922898 
vn 0.323244 -0.0824741 0.942715 
vn 0.455964 -0.11462 0.882587 
vn 0.546543 -0.136039 0.826308 
vn 0.511341 -0.127801 0.849822 
vn 0.589821 -0.146142 0.7942 
vn 0.587676 -0.145611 0.795886 
vn 0.6771 -0.166051 0.716912 
vn 0.677801 -0.166249 0.716203 
vn 0.705888 -0.17255 0.686986 
vn 0.703964 -0.17208 0.689074 
vn 0.799092 -0.19313 0.569344 
vn 0.800581 -0.19349 0.567127 
vn 0.800282 -0.19339 0.567582 
vn 0.870389 -0.208534 0.446024 
vn 0.873532 -0.209229 0.439506 
vn 0.806321 -0.194743 0.558499 
vn 0.872555 -0.208995 0.441552 
vn 0.926145 -0.220209 0.306207 
vn 0.926643 -0.220327 0.304611 
vn 0.897406 -0.214267 0.385685 
vn 0.951996 -0.225468 0.207045 
vn 0.936602 -0.222343 0.270815 
vn 0.958945 -0.226843 0.170195 
vn 0.953939 -0.225846 0.197469 
vn 0.958784 -0.226804 0.17115 
vn 0.973086 -0.229527 0.0205071 
vn 0.973089 -0.229528 0.0203892 
vn 0.973152 -0.229542 -0.0168974 
vn 0.970388 -0.229089 -0.0765835 
vn 0.97243 -0.229444 -0.0416607 
vn 0.970421 -0.229097 -0.0761459 
vn 0.95361 -0.225789 -0.199118 
vn 0.948444 -0.224775 -0.22345 
vn 0.963857 -0.227794 -0.138164 
vn 0.94817 -0.22471 -0.224676 
vn 0.903827 -0.215642 -0.369588 
vn 0.916868 -0.218377 -0.334163 
vn 0.904535 -0.215811 -0.367752 
vn 0.875506 -0.209697 -0.435335 
vn 0.89227 -0.213219 -0.397986 
vn 0.831514 -0.200255 -0.518153 
vn 0.832637 -0.20053 -0.51624 
vn 0.801494 -0.193677 -0.56577 
vn 0.802969 -0.194033 -0.563553 
vn 0.714104 -0.174557 -0.677928 
vn 0.715992 -0.175019 -0.675814 
vn 0.874546 -0.209467 -0.437371 
vn 0.973154 -0.229543 -0.0168003 
vn 0.577596 -0.142966 -0.803706 
vn 0.673948 -0.164741 -0.720176 
vn 0.66471 -0.162896 -0.729126 
vn 0.671931 -0.164248 -0.722171 
vn 0.573581 -0.141997 -0.806748 
vn 0.575732 -0.142529 -0.80512 
vn 0.496913 -0.124001 -0.858895 
vn 0.443945 -0.111426 -0.889099 
vn 0.308182 -0.0784942 -0.948084 
vn 0.30496 -0.0777263 -0.949188 
vn 0.400278 -0.100949 -0.910817 
vn 0.441925 -0.110919 -0.890168 
vn 0.30338 -0.0773235 -0.949727 
vn 0.156863 -0.0408006 -0.986777 
vn 0.203444 -0.0525763 -0.977674 
vn 0.157746 -0.0410302 -0.986627 
vn 0.0251853 -0.00671721 -0.99966 
vn 0.144641 -0.0376896 -0.988766 
vn 0.0250406 -0.00667863 -0.999664 
vn -3.49148e-15 0 -1 
vn 0.210663 0.977559 -8.02184e-16 
vn 0.197676 0.980267 -6.01638e-16 
vn -0.977559 0.210663 0 
vn 3.49148e-15 0 1 
vn 0.980267 -0.197676 -1.27695e-14 
vn -3.49148e-15 0 -1 
vn 0.174617 0.984636 -6.01638e-16 
vn 0.16456 0.986367 -6.01638e-16 
vn 0.125186 0.992133 -4.01092e-16 
vn 0.135303 0.990804 -4.01092e-16 
vn 0.135605 0.990763 -4.01092e-16 
vn 0.125233 0.992127 -4.01092e-16 
vn 0.125546 0.992088 -4.01092e-16 
vn 0.126065 0.992022 -4.01092e-16 
vn 0.13609 0.990696 -4.01092e-16 
vn 0.136158 0.990687 -4.01092e-16 
vn 0.126155 0.992011 -4.01092e-16 
vn 0.127167 0.991881 -4.01092e-16 
vn 0.136648 0.99062 -4.01092e-16 
vn 0.136868 0.990589 -4.01092e-16 
vn 0.127336 0.99186 -4.01092e-16 
vn 0.12832 0.991733 -4.01092e-16 
vn 0.137514 0.9905 -4.01092e-16 
vn 0.128932 0.991653 -4.01092e-16 
vn 0.129747 0.991547 -4.01092e-16 
vn 0.129806 0.991539 -4.01092e-16 
vn 0.131057 0.991375 -4.01092e-16 
vn 0.138834 0.990316 -4.01092e-16 
vn 0.138601 0.990348 -4.01092e-16 
vn 0.131489 0.991318 -4.01092e-16 
vn 0.133574 0.991039 -4.01092e-16 
vn 0.139449 0.990229 -4.01092e-16 
vn 0.13999 0.990153 -4.01092e-16 
vn 0.135966 0.990713 -4.01092e-16 
vn 0.136798 0.990599 -4.01092e-16 
vn 0.141298 0.989967 -4.01092e-16 
vn 0.140372 0.990099 -4.01092e-16 
vn 0.133812 0.991007 -4.01092e-16 
vn 0.138345 0.990384 -4.01092e-16 
vn 0.141324 0.989963 -4.01092e-16 
vn 0.140218 0.990121 -4.01092e-16 
vn 0.140977 0.990013 -4.01092e-16 
vn 0.142873 0.989741 -4.01092e-16 
vn 0.142295 0.989824 -4.01092e-16 
vn 0.144854 0.989453 -6.01638e-16 
vn 0.146287 0.989242 -6.01638e-16 
vn 0.144046 0.989571 -6.01638e-16 
vn 0.147832 0.989013 -6.01638e-16 
vn 0.147858 0.989009 -6.01638e-16 
vn 0.147741 0.989026 -6.01638e-16 
vn 0.151911 0.988394 -6.01638e-16 
vn 0.154158 0.988046 -6.01638e-16 
vn 0.151826 0.988407 -6.01638e-16 
vn 0.150793 0.988565 -6.01638e-16 
vn 0.151012 0.988532 -6.01638e-16 
vn 0.156348 0.987702 -6.01638e-16 
vn 0.154145 0.988048 -6.01638e-16 
vn 0.157791 0.987473 -6.01638e-16 
vn 0.156777 0.987634 -6.01638e-16 
vn 0.158469 0.987364 -6.01638e-16 
vn 0.159977 0.987121 -6.01638e-16 
vn 0.164413 0.986392 -6.01638e-16 
vn 0.16355 0.986535 -6.01638e-16 
vn 0.16456 0.986367 -6.01638e-16 
vn 0.135303 0.990804 -4.01092e-16 
vn -0.984636 0.174617 6.52191e-15 
vn 3.49148e-15 0 1 
vn 0.986367 -0.16456 -4.30692e-15 
vn 0.592528 -0.0982473 0.799536 
vn 0.594711 -0.0986092 0.797869 
vn 0.609242 -0.101549 0.786455 
vn 0.609512 -0.101688 0.786228 
vn 0.508564 -0.0822985 0.857082 
vn 0.516722 -0.0837419 0.852048 
vn 0.475962 -0.0764021 0.876141 
vn 0.473858 -0.0760644 0.87731 
vn 0.35512 -0.0555743 0.933167 
vn 0.340276 -0.0531031 0.938825 
vn 0.427717 -0.0678956 0.901359 
vn 0.33855 -0.0528338 0.939464 
vn 0.245682 -0.0377629 0.968615 
vn 0.193138 -0.0294633 0.980729 
vn 0.194211 -0.029627 0.980512 
vn 0.243166 -0.0373519 0.969265 
vn 0.036533 -0.0054573 0.999318 
vn 0.0367439 -0.0054888 0.99931 
vn 0.611683 -0.10205 0.784493 
vn -0.0130428 0.00194834 0.999913 
vn -0.0640594 0.00945116 0.997901 
vn -0.0534479 0.00790375 0.998539 
vn -0.15003 0.0218376 0.98844 
vn -0.149188 0.021715 0.98857 
vn -0.26674 0.0383994 0.963003 
vn -0.232178 0.0335158 0.972096 
vn -0.290092 0.0416993 0.95609 
vn -0.288566 0.04148 0.956561 
vn -0.409029 0.0583936 0.910651 
vn -0.411874 0.0587974 0.909342 
vn -0.536739 0.0760881 0.84031 
vn -0.538925 0.0763978 0.838882 
vn -0.415846 0.0593538 0.907496 
vn -0.409914 0.0585175 0.910245 
vn -0.581323 0.0821773 0.809512 
vn -0.581334 0.0821901 0.809504 
vn -0.654794 0.0921938 0.750163 
vn -0.652668 0.0918945 0.75205 
vn -0.738379 0.103414 0.66641 
vn -0.726474 0.101846 0.679605 
vn -0.752593 0.105309 0.650011 
vn -0.750756 0.105052 0.652172 
vn -0.833112 0.115664 0.540875 
vn -0.834512 0.115858 0.538671 
vn -0.0131182 0.0019596 0.999912 
vn -0.990763 0.135297 0.0090984 
vn -0.986402 0.135008 0.0937207 
vn -0.988319 0.135168 0.0703946 
vn -0.986352 0.135001 0.0942576 
vn -0.963736 0.132354 0.231721 
vn -0.965543 0.132571 0.223946 
vn -0.963436 0.132312 0.232991 
vn -0.930335 0.128199 0.343573 
vn -0.956616 0.131476 0.259998 
vn -0.923268 0.127327 0.362442 
vn -0.922566 0.12723 0.364259 
vn -0.869967 0.12078 0.47809 
vn -0.906196 0.125208 0.403895 
vn -0.871109 0.120939 0.475966 
vn -0.990763 0.135297 0.00915098 
vn -0.990804 0.135303 1.13466e-14 
vn 3.49148e-15 0 1 
vn 0.992133 -0.125186 -5.03127e-15 
vn 0.987425 -0.124814 -0.0970175 
vn 0.987479 -0.124821 -0.0964652 
vn 0.99122 -0.125119 -0.0427658 
vn 0.992041 -0.125174 -0.0136175 
vn 0.96557 -0.122696 -0.22939 
vn 0.962616 -0.122395 -0.24164 
vn 0.962938 -0.122436 -0.240331 
vn 0.965574 -0.122704 -0.229371 
vn 0.932969 -0.11929 -0.339614 
vn 0.919974 -0.11791 -0.373824 
vn 0.862486 -0.111542 -0.493636 
vn 0.863693 -0.111698 -0.491486 
vn 0.91009 -0.116839 -0.397599 
vn 0.91923 -0.117814 -0.375681 
vn 0.841549 -0.109173 -0.529034 
vn 0.78091 -0.102134 -0.616237 
vn 0.782615 -0.102357 -0.614033 
vn 0.826921 -0.107514 -0.551945 
vn 0.779192 -0.101955 -0.618438 
vn 0.75789 -0.0994184 -0.644763 
vn 0.671852 -0.0890927 -0.735308 
vn 0.698653 -0.0923602 -0.709474 
vn 0.77747 -0.10173 -0.620638 
vn 0.673943 -0.0893701 -0.733358 
vn 0.546694 -0.0736737 -0.834085 
vn 0.613927 -0.0820046 -0.785092 
vn 0.410101 -0.05627 -0.910302 
vn 0.531886 -0.0718185 -0.843765 
vn 0.503352 -0.068205 -0.861386 
vn 0.544502 -0.0733784 -0.835543 
vn 0.408145 -0.0560016 -0.911198 
vn 0.326516 -0.0452679 -0.944107 
vn 0.358477 -0.0495042 -0.932225 
vn 0.273441 -0.0381902 -0.96113 
vn 0.271988 -0.0379873 -0.961551 
vn 0.185654 -0.0262554 -0.982264 
vn 0.137623 -0.0195967 -0.990291 
vn 0.138403 -0.0197077 -0.99018 
vn 0.176168 -0.0249484 -0.984044 
vn 0.0240367 -0.00351893 -0.999705 
vn 0.0241756 -0.00353926 -0.999701 
vn 0.992042 -0.125174 -0.0135392 
vn -0.610325 0.101823 -0.78558 
vn -0.498881 0.0797598 -0.862992 
vn -0.542025 0.0878408 -0.835759 
vn -0.496741 0.0794177 -0.864257 
vn -0.381135 0.0594832 -0.922604 
vn -0.379268 0.0591919 -0.923392 
vn -0.410828 0.064465 -0.909431 
vn -0.458518 0.0725809 -0.885716 
vn -0.285797 0.0439255 -0.957283 
vn -0.245387 0.0374898 -0.9687 
vn -0.101979 0.015246 -0.99467 
vn -0.101399 0.0151593 -0.99473 
vn -0.231272 0.0352626 -0.97225 
vn -0.246717 0.0376931 -0.968354 
vn -0.101136 0.0151173 -0.994758 
vn -0.0317243 0.00464439 -0.999486 
vn -0.0319075 0.00467121 -0.99948 
vn -0.608153 0.101461 -0.787309 
vn 0.986367 -0.16456 -4.30692e-15 
vn -3.49148e-15 0 -1 
vn 0.105927 0.994374 -4.01092e-16 
vn 0.0957749 0.995403 -4.01092e-16 
vn -0.994374 0.105927 4.739e-15 
vn 3.49148e-15 0 1 
vn 0.995403 -0.0957749 -4.74391e-15 
vn -0.0779555 0.00429046 -0.996948 
vn -0.0198597 0.00103512 -0.999802 
vn -0.0278024 0.00147316 -0.999612 
vn -0.0197456 0.00102917 -0.999805 
vn -0.0479294 0.00259892 -0.998847 
vn -0.0775101 0.00426595 -0.996982 
vn -0.221552 0.0130786 -0.975061 
vn -0.162436 0.00929054 -0.986675 
vn -0.222769 0.0131504 -0.974782 
vn -0.238955 0.014225 -0.970927 
vn -0.359157 0.0224954 -0.933006 
vn -0.339469 0.0210863 -0.940381 
vn -0.360962 0.0226085 -0.932306 
vn -0.498876 0.0328758 -0.86605 
vn -0.375908 0.023694 -0.926354 
vn -0.632709 0.0436967 -0.773156 
vn -0.526054 0.0349943 -0.849731 
vn -0.556558 0.0374527 -0.829964 
vn -0.496721 0.0327338 -0.867293 
vn -0.630528 0.0435461 -0.774944 
vn -0.667929 0.0467438 -0.742755 
vn -0.736575 0.0528514 -0.674288 
vn -0.738501 0.0529897 -0.672167 
vn -0.680328 0.0477869 -0.731348 
vn -0.795543 0.0583931 -0.603077 
vn -0.815287 0.0602363 -0.575915 
vn -0.825805 0.0612968 -0.560614 
vn -0.827297 0.0614075 -0.558399 
vn -0.898799 0.0685755 -0.432965 
vn -0.899766 0.0686493 -0.43094 
vn -0.902674 0.0689744 -0.42476 
vn -0.951943 0.0741991 -0.29715 
vn -0.952425 0.0742366 -0.295592 
vn -0.910977 0.0698101 -0.406507 
vn -0.965389 0.0757045 -0.249585 
vn -0.983367 0.0778189 -0.164116 
vn -0.970804 0.0763119 -0.227413 
vn -0.976649 0.0770182 -0.20056 
vn -0.983213 0.0778068 -0.165039 
vn -0.996707 0.0795007 -0.0159457 
vn -0.996709 0.0795008 -0.015854 
vn -0.996702 0.0795002 0.0162819 
vn -0.996313 0.079427 0.0324437 
vn -0.996476 0.0794557 0.0268777 
vn -0.996319 0.0794274 0.0322574 
vn -0.981312 0.0775817 0.176093 
vn -0.981486 0.0775955 0.175112 
vn -0.973696 0.0766688 0.214567 
vn -0.974276 0.0767276 0.211896 
vn -0.953959 0.0744196 0.290558 
vn -0.944133 0.0733217 0.321304 
vn -0.943569 0.0732779 0.322968 
vn -0.884252 0.0670941 0.462165 
vn -0.885337 0.0671764 0.460072 
vn -0.920635 0.0708284 0.383946 
vn -0.831382 0.0617803 0.552256 
vn -0.873297 0.0659846 0.482699 
vn -0.806937 0.059395 0.587644 
vn -0.820425 0.060743 0.568518 
vn -0.805326 0.0592765 0.589861 
vn -0.780272 0.0568851 0.622848 
vn -0.690589 0.0487018 0.721605 
vn -0.70719 0.0501337 0.705243 
vn -0.683111 0.0480103 0.728735 
vn -0.681018 0.0478632 0.730701 
vn -0.578047 0.0391765 0.815063 
vn -0.563286 0.0379473 0.82539 
vn -0.428553 0.027503 0.903098 
vn -0.43057 0.0276324 0.902134 
vn -0.55122 0.0369756 0.83354 
vn -0.561074 0.0377983 0.826902 
vn -0.378336 0.0238252 0.925362 
vn -0.405327 0.0257841 0.913808 
vn -0.292963 0.0178614 0.955957 
vn -0.369722 0.0232291 0.928852 
vn -0.291423 0.0177675 0.956429 
vn -0.187613 0.0108821 0.982183 
vn -0.194877 0.0113423 0.980762 
vn -0.153892 0.00876265 0.988049 
vn -0.153029 0.00871348 0.988183 
vn -0.0479479 0.00259994 0.998846 
vn -0.0198938 0.0010369 0.999802 
vn -0.0197795 0.00103094 0.999804 
vn -0.782012 0.057012 0.62065 
vn -0.996703 0.0795004 0.0161883 
vn 0.0194751 -0.00101508 0.99981 
vn 0.0193632 -0.00100924 0.999812 
vn 0.0444195 -0.00222685 0.99901 
vn 0.0673616 -0.0033268 0.997723 
vn 0.0669762 -0.00330777 0.997749 
vn 0.212763 -0.00965923 0.977056 
vn 0.180825 -0.00839418 0.983479 
vn 0.213937 -0.00971251 0.976799 
vn 0.34839 -0.0145664 0.937237 
vn 0.249913 -0.0110747 0.968205 
vn 0.490258 -0.0188746 0.871373 
vn 0.358018 -0.0148892 0.933596 
vn 0.384575 -0.0157505 0.922959 
vn 0.346629 -0.0144928 0.93789 
vn 0.488114 -0.018792 0.872577 
vn 0.562191 -0.020651 0.826749 
vn 0.543437 -0.0202321 0.839206 
vn 0.620965 -0.0219783 0.78353 
vn 0.618766 -0.0219005 0.78527 
vn 0.673838 -0.0229625 0.738522 
vn 0.727077 -0.0238268 0.686143 
vn 0.729046 -0.0238913 0.684047 
vn 0.696706 -0.0233899 0.716975 
vn 0.802293 -0.0246948 0.596419 
vn 0.827168 -0.0249386 0.561401 
vn 0.899096 -0.0252109 0.437024 
vn 0.900082 -0.0252386 0.434989 
vn 0.831789 -0.0249744 0.55453 
vn 0.825661 -0.0248931 0.563617 
vn 0.904879 -0.0252178 0.424921 
vn 0.953202 -0.0251261 0.30129 
vn 0.953698 -0.0251392 0.299714 
vn 0.923185 -0.0252394 0.383526 
vn 0.968039 -0.0250085 0.24955 
vn 0.978455 -0.0248914 0.204954 
vn 0.985563 -0.0247737 0.167485 
vn 0.979289 -0.0248705 0.200935 
vn 0.985403 -0.0247697 0.168426 
vn 0.999569 -0.024485 0.0162059 
vn 0.99957 -0.0244851 0.0161128 
vn 0.996925 -0.0246006 -0.0744048 
vn 0.996956 -0.0246014 -0.0739796 
vn 0.99931 -0.0245078 -0.027899 
vn 0.999574 -0.0244852 -0.0158697 
vn 0.973963 -0.0249371 -0.225329 
vn 0.976402 -0.0249165 -0.21452 
vn 0.974247 -0.0249443 -0.224099 
vn 0.973027 -0.0249483 -0.229337 
vn 0.954551 -0.0251199 -0.296988 
vn 0.935076 -0.0252218 -0.35355 
vn 0.873134 -0.0251422 -0.486832 
vn 0.873603 -0.0251736 -0.485989 
vn 0.92312 -0.025248 -0.383681 
vn 0.934399 -0.0252035 -0.355336 
vn 0.872409 -0.0251392 -0.48813 
vn 0.816331 -0.0247823 -0.577053 
vn 0.835159 -0.0249606 -0.549442 
vn 0.792522 -0.0246023 -0.609347 
vn 0.790821 -0.0245495 -0.611554 
vn 0.786067 -0.024499 -0.617655 
vn 0.687166 -0.0231755 -0.72613 
vn 0.710215 -0.023583 -0.703589 
vn 0.689252 -0.0232458 -0.724149 
vn 0.569823 -0.0208424 -0.821503 
vn 0.684277 -0.0231266 -0.728855 
vn 0.570016 -0.0208173 -0.82137 
vn 0.427863 -0.0170618 -0.903682 
vn 0.42988 -0.0171422 -0.902723 
vn 0.551445 -0.0204075 -0.833961 
vn 0.567606 -0.0207613 -0.823038 
vn 0.396414 -0.0161113 -0.91793 
vn 0.29168 -0.0125999 -0.956433 
vn 0.293221 -0.0126665 -0.955961 
vn 0.378353 -0.0155565 -0.925531 
vn 0.189215 -0.00872451 -0.981897 
vn 0.194735 -0.00895238 -0.980815 
vn 0.1531 -0.00723521 -0.988184 
vn 0.15224 -0.00719459 -0.988317 
vn 0.0193292 -0.00100747 -0.999813 
vn 0.0194409 -0.0010133 -0.99981 
vn 0.787791 -0.0245528 -0.615453 
vn 0.999576 -0.0244852 -0.0157785 
vn -3.49148e-15 0 -1 
vn 0.00816348 0.999967 0 
vn -0.00204089 0.999998 0 
vn -0.999967 0.00816348 -7.14848e-15 
vn 3.49148e-15 0 1 
vn 0.999998 0.00204089 7.14871e-15 
vn -0.0780013 -0.00335464 -0.996948 
vn -0.0198657 -0.000912241 -0.999802 
vn -0.0278132 -0.00125315 -0.999612 
vn -0.0197516 -0.000907001 -0.999805 
vn -0.0775558 -0.00333548 -0.996982 
vn -0.221769 -0.0086533 -0.975061 
vn -0.162566 -0.00664123 -0.986675 
vn -0.222988 -0.00870084 -0.974782 
vn -0.2392 -0.00921449 -0.970927 
vn -0.359635 -0.0127402 -0.933006 
vn -0.339904 -0.012217 -0.940381 
vn -0.361443 -0.0128043 -0.932306 
vn -0.4997 -0.016075 -0.86605 
vn -0.376423 -0.0131857 -0.926354 
vn -0.633949 -0.0183957 -0.773156 
vn -0.526955 -0.0166249 -0.849731 
vn -0.557553 -0.0171617 -0.829964 
vn -0.497541 -0.0160055 -0.867293 
vn -0.631764 -0.0183323 -0.774944 
vn -0.669299 -0.018808 -0.742755 
vn -0.738212 -0.0194435 -0.674288 
vn -0.740143 -0.0194944 -0.672167 
vn -0.68174 -0.0189825 -0.731348 
vn -0.79744 -0.0196959 -0.603077 
vn -0.81727 -0.0197927 -0.575915 
vn -0.827841 -0.0197659 -0.560614 
vn -0.829336 -0.0198016 -0.558399 
vn -0.901196 -0.0196614 -0.432965 
vn -0.902166 -0.0196825 -0.43094 
vn -0.905093 -0.0196435 -0.42476 
vn -0.954636 -0.0192627 -0.29715 
vn -0.95512 -0.0192724 -0.295592 
vn -0.913437 -0.0196238 -0.406507 
vn -0.968165 -0.0190795 -0.249585 
vn -0.986263 -0.0187335 -0.164116 
vn -0.973613 -0.0190046 -0.227413 
vn -0.9795 -0.0188735 -0.20056 
vn -0.986109 -0.0187306 -0.165039 
vn -0.999704 -0.0183647 -0.0159457 
vn -0.999706 -0.0183647 -0.015854 
vn -0.999699 -0.0183646 0.0162819 
vn -0.999304 -0.0183994 0.0324437 
vn -0.99947 -0.0183868 0.0268777 
vn -0.99931 -0.0183995 0.0322574 
vn -0.984195 -0.0187686 0.176093 
vn -0.98437 -0.0187719 0.175112 
vn -0.976526 -0.0189323 0.214567 
vn -0.977109 -0.0189304 0.211896 
vn -0.956664 -0.0192403 0.290558 
vn -0.946778 -0.0193719 0.321304 
vn -0.946212 -0.0193603 0.322968 
vn -0.886575 -0.0197129 0.462165 
vn -0.887662 -0.0197371 0.460072 
vn -0.923149 -0.019555 0.383946 
vn -0.833439 -0.0198303 0.552256 
vn -0.875564 -0.0197457 0.482699 
vn -0.808877 -0.0198132 0.587644 
vn -0.822433 -0.0197909 0.568518 
vn -0.807263 -0.0197736 0.589861 
vn -0.782095 -0.0197031 0.622848 
vn -0.692042 -0.0190756 0.721605 
vn -0.708703 -0.0192743 0.705243 
vn -0.684532 -0.0190324 0.728735 
vn -0.682434 -0.0189741 0.730701 
vn -0.579107 -0.017548 0.815063 
vn -0.564297 -0.0173275 0.82539 
vn -0.429188 -0.014544 0.903098 
vn -0.431208 -0.0146125 0.902134 
vn -0.552194 -0.0171144 0.83354 
vn -0.562081 -0.0172595 0.826902 
vn -0.378853 -0.0132927 0.925362 
vn -0.405906 -0.0139831 0.913808 
vn -0.293305 -0.0108778 0.955957 
vn -0.370221 -0.0130434 0.928852 
vn -0.291764 -0.0108207 0.956429 
vn -0.187778 -0.00751978 0.982183 
vn -0.195052 -0.00777231 0.980762 
vn -0.154011 -0.00633097 0.988049 
vn -0.153147 -0.00629544 0.988183 
vn -0.0197855 -0.000908558 0.999804 
vn -0.0198998 -0.000913808 0.999802 
vn -0.783839 -0.019747 0.62065 
vn -0.9997 -0.0183646 0.0161883 
vn 0.019481 0.000894575 0.99981 
vn 0.0193691 0.000889436 0.999812 
vn 0.0444243 0.00212832 0.99901 
vn 0.067364 0.00327753 0.997723 
vn 0.0669786 0.00325878 0.997749 
vn 0.212688 0.0111967 0.977056 
vn 0.180779 0.00933191 0.983479 
vn 0.213861 0.0112584 0.976799 
vn 0.348144 0.0195781 0.937237 
vn 0.249798 0.0134214 0.968205 
vn 0.489753 0.0291662 0.871373 
vn 0.357758 0.0201986 0.933596 
vn 0.384272 0.0219389 0.922959 
vn 0.346385 0.0194792 0.93789 
vn 0.487612 0.0290387 0.872577 
vn 0.561516 0.0344338 0.826749 
vn 0.542811 0.0330165 0.839206 
vn 0.620137 0.0388613 0.78353 
vn 0.617942 0.0387237 0.78527 
vn 0.672853 0.0430531 0.738522 
vn 0.725921 0.0474001 0.686143 
vn 0.727888 0.0475285 0.684047 
vn 0.695653 0.0448644 0.716975 
vn 0.800862 0.0538929 0.596419 
vn 0.825641 0.0560832 0.561401 
vn 0.897252 0.0628471 0.437024 
vn 0.898235 0.062916 0.434989 
vn 0.830244 0.0564995 0.55453 
vn 0.824137 0.055981 0.563617 
vn 0.903007 0.0634059 0.424921 
vn 0.951089 0.0682234 0.30129 
vn 0.951584 0.0682589 0.299714 
vn 0.921227 0.0651748 0.383526 
vn 0.965844 0.0697917 0.24955 
vn 0.976198 0.0709269 0.204954 
vn 0.983261 0.0717393 0.167485 
vn 0.977026 0.0710292 0.200935 
vn 0.983101 0.0717276 0.168426 
vn 0.997171 0.0733964 0.0162059 
vn 0.997173 0.0733965 0.0161128 
vn 0.994551 0.0730227 -0.0744048 
vn 0.994583 0.0730251 -0.0739796 
vn 0.996916 0.0733485 -0.027899 
vn 0.997177 0.0733968 -0.0158697 
vn 0.971733 0.0704422 -0.225329 
vn 0.974157 0.0707011 -0.21452 
vn 0.972016 0.0704627 -0.224099 
vn 0.970802 0.0703394 -0.229337 
vn 0.952431 0.0683616 -0.296988 
vn 0.933059 0.0663554 -0.35355 
vn 0.871407 0.0603762 -0.486832 
vn 0.871876 0.0603908 -0.485989 
vn 0.921164 0.0651599 -0.383681 
vn 0.932384 0.0663073 -0.355336 
vn 0.870685 0.0603083 -0.48813 
vn 0.814841 0.0551787 -0.577053 
vn 0.833596 0.0568427 -0.549442 
vn 0.791128 0.0530292 -0.609347 
vn 0.789431 0.0529154 -0.611554 
vn 0.784695 0.0525007 -0.617655 
vn 0.686138 0.0441448 -0.72613 
vn 0.709117 0.0459936 -0.703589 
vn 0.688221 0.0442788 -0.724149 
vn 0.569129 0.0349897 -0.821503 
vn 0.683258 0.0439108 -0.728855 
vn 0.569319 0.0350336 -0.82137 
vn 0.427481 0.0248677 -0.903682 
vn 0.429495 0.0249849 -0.902723 
vn 0.550797 0.0336251 -0.833961 
vn 0.566916 0.0348536 -0.823038 
vn 0.396089 0.0227377 -0.91793 
vn 0.291514 0.0159886 -0.956433 
vn 0.293054 0.0160731 -0.955961 
vn 0.378061 0.0215233 -0.925531 
vn 0.189161 0.00982373 -0.981897 
vn 0.194677 0.0101368 -0.980815 
vn 0.153073 0.00777357 -0.988184 
vn 0.152214 0.00772994 -0.988317 
vn 0.0193351 0.000887876 -0.999813 
vn 0.0194468 0.000893006 -0.99981 
vn 0.786416 0.0526158 -0.615453 
vn 0.997178 0.0733969 -0.0157785 
vn -0.762961 -0.0715933 -0.642467 
vn -0.788319 -0.0728614 -0.610937 
vn -0.784648 -0.0726708 -0.615667 
vn -0.827942 -0.0758747 -0.555657 
vn -0.826465 -0.0757393 -0.557871 
vn -0.897426 -0.0804156 -0.433774 
vn -0.896241 -0.0803731 -0.436225 
vn -0.898395 -0.0805025 -0.431747 
vn -0.954093 -0.0836521 -0.28759 
vn -0.900961 -0.080617 -0.426345 
vn -0.960726 -0.08396 -0.264492 
vn -0.975026 -0.0846576 -0.205323 
vn -0.968758 -0.0843653 -0.233218 
vn -0.953636 -0.083612 -0.289114 
vn -0.98348 -0.0850622 -0.159788 
vn -0.983334 -0.0850496 -0.160688 
vn -0.99613 -0.0855955 -0.0199447 
vn -0.996133 -0.0855957 -0.0198301 
vn -0.764773 -0.0717633 -0.640291 
vn -0.996203 -0.0856018 0.0158711 
vn -0.996015 -0.0856143 0.0249712 
vn -0.996024 -0.0856144 0.0246056 
vn -0.995369 -0.0856248 0.0436831 
vn -0.995358 -0.0856239 0.0439351 
vn -0.978423 -0.0849596 0.188336 
vn -0.978622 -0.0849769 0.187292 
vn -0.975494 -0.084824 0.203017 
vn -0.944627 -0.0832406 0.317413 
vn -0.945173 -0.0832887 0.315771 
vn -0.97546 -0.0848337 0.203178 
vn -0.914568 -0.0814712 0.396141 
vn -0.892363 -0.0800719 0.444159 
vn -0.893373 -0.0801626 0.442106 
vn -0.914661 -0.0814998 0.395921 
vn -0.847088 -0.0770558 0.525837 
vn -0.848433 -0.0771782 0.523646 
vn -0.819086 -0.0750865 0.568735 
vn -0.765094 -0.0710914 0.639982 
vn -0.766897 -0.0712588 0.637802 
vn -0.818816 -0.0750977 0.569123 
vn -0.698287 -0.0658616 0.712782 
vn -0.663652 -0.0630503 0.745379 
vn -0.665775 -0.063252 0.743466 
vn -0.698031 -0.0658698 0.713031 
vn -0.548198 -0.0532794 0.83465 
vn -0.5504 -0.0534933 0.833186 
vn -0.547752 -0.0532406 0.834945 
vn -0.417459 -0.0415488 0.907745 
vn -0.419444 -0.0417464 0.906821 
vn -0.547742 -0.053262 0.83495 
vn -0.368665 -0.0370273 0.928825 
vn -0.271063 -0.0277544 0.962161 
vn -0.272513 -0.0279028 0.961748 
vn -0.368726 -0.0370458 0.9288 
vn -0.184285 -0.019198 0.982685 
vn -0.127077 -0.0133761 0.991803 
vn -0.127799 -0.0134521 0.991709 
vn -0.18426 -0.019199 0.98269 
vn -0.0275122 -0.00298803 0.999617 
vn -0.0276711 -0.00300529 0.999613 
vn -0.996204 -0.0856019 0.0157799 
vn 0.635042 0.0814454 0.768172 
vn 0.518149 0.0638125 0.852906 
vn 0.52524 0.0648919 0.848476 
vn 0.515978 0.0635451 0.854242 
vn 0.463436 0.0560534 0.884356 
vn 0.413737 0.0493451 0.909058 
vn 0.287692 0.0333347 0.957143 
vn 0.267475 0.0308677 0.96307 
vn 0.382392 0.0452622 0.922891 
vn 0.415711 0.0495804 0.908144 
vn 0.268908 0.0310331 0.962666 
vn 0.122033 0.0136825 0.992432 
vn 0.18996 0.0215894 0.981554 
vn 0.121342 0.013605 0.992518 
vn 0.0295936 0.00321408 0.999557 
vn 0.0972205 0.0108294 0.995204 
vn 0.0297646 0.00323265 0.999552 
vn 0.63288 0.0811682 0.769983 
vn -0.991876 -0.12721 0 
vn 3.49148e-15 0 1 
vn 0.990526 0.137325 5.44149e-15 
vn -3.49148e-15 0 -1 
vn -0.991876 -0.12721 0 
vn 0.136682 0.0160037 -0.990486 
vn 0.0154279 0.00173085 -0.999879 
vn 0.015517 0.00174085 -0.999878 
vn 0.283058 0.0342762 -0.95849 
vn 0.166908 0.0196963 -0.985776 
vn 0.192807 0.0228857 -0.98097 
vn 0.137457 0.0160944 -0.990377 
vn 0.386532 0.0479837 -0.921027 
vn 0.40648 0.0507884 -0.912247 
vn 0.331711 0.0406101 -0.942507 
vn 0.28456 0.0344581 -0.958039 
vn 0.408433 0.0510323 -0.911361 
vn 0.481684 0.0617769 -0.874165 
vn 0.479564 0.0615051 -0.875349 
vn -0.161983 -0.0174723 -0.986639 
vn -0.162895 -0.0175706 -0.986487 
vn -0.0617618 -0.00684681 -0.998067 
vn -0.0345237 -0.00387321 -0.999396 
vn -0.189205 -0.0203174 -0.981727 
vn -0.188157 -0.0202048 -0.981931 
vn -0.226043 -0.0241146 -0.973819 
vn -0.345069 -0.0358671 -0.937892 
vn -0.235046 -0.0250286 -0.971662 
vn -0.251198 -0.0266531 -0.967569 
vn -0.343323 -0.0356856 -0.938539 
vn -0.382196 -0.0393674 -0.923242 
vn -0.384077 -0.0395611 -0.922453 
vn -0.433287 -0.044079 -0.900178 
vn -0.41758 -0.0426674 -0.907638 
vn -0.516576 -0.0515304 -0.85469 
vn -0.514402 -0.0513136 -0.856013 
vn -0.597686 -0.0584295 -0.799598 
vn -0.592712 -0.0580462 -0.80332 
vn -0.641324 -0.0621993 -0.764745 
vn -0.639161 -0.0619895 -0.766571 
vn -0.729349 -0.0684392 -0.68071 
vn -0.731293 -0.0686217 -0.678603 
vn -0.034723 -0.00389557 -0.999389 
vn -3.49148e-15 0 -1 
vn -0.160533 0.98703 6.01638e-16 
vn -0.173612 0.984814 6.01638e-16 
vn -0.98703 -0.160533 1.28576e-14 
vn 3.49148e-15 0 1 
vn 0.984814 0.173612 -1.28287e-14 
vn 0.956943 0.201347 0.20909 
vn -0.269101 0.963112 1.00273e-15 
vn -0.253874 0.967237 8.02184e-16 
vn -0.248339 0.968673 8.02184e-16 
vn -0.244931 0.969541 8.02184e-16 
vn -0.230074 0.973173 8.02184e-16 
vn -0.21505 0.976603 8.02184e-16 
vn -0.210787 0.977532 8.02184e-16 
vn -0.225762 0.974182 8.02184e-16 
vn -0.233804 0.972284 8.02184e-16 
vn -0.205975 0.978557 8.02184e-16 
vn -0.190669 0.981654 6.01638e-16 
vn -0.20099 0.979593 6.01638e-16 
vn -0.258951 0.965891 1.00273e-15 
vn 3.49148e-15 0 1 
vn -0.949 -0.192017 -0.250055 
vn -3.49148e-15 0 -1 
vn 0.925656 0.211332 -0.313847 
vn -0.922965 -0.225658 -0.311793 
vn -3.49148e-15 0 -1 
vn 0.933939 0.253036 -0.25245 
vn 3.49148e-15 0 1 
vn -0.941798 -0.246955 0.228101 
vn 0.924365 0.229628 0.304665 
vn 3.49148e-15 0 1 
vn -0.92736 -0.207416 0.311419 
vn 0.935031 0.286353 0.20909 
vn -0.354387 0.935099 1.20328e-15 
vn -0.339591 0.940573 1.20328e-15 
vn -0.334208 0.942499 1.20328e-15 
vn -0.330891 0.943669 1.20328e-15 
vn -0.31642 0.948619 1.20328e-15 
vn -0.301764 0.953383 1.00273e-15 
vn -0.297601 0.95469 1.00273e-15 
vn -0.312216 0.950011 1.00273e-15 
vn -0.320055 0.947399 1.20328e-15 
vn -0.292901 0.956143 1.00273e-15 
vn -0.277934 0.9606 1.00273e-15 
vn -0.288029 0.957622 1.00273e-15 
vn -0.344527 0.938776 1.20328e-15 
vn 3.49148e-15 0 1 
vn -0.927957 -0.276348 -0.250055 
vn -3.49148e-15 0 -1 
vn 0.902974 0.293492 -0.313847 
vn -0.899009 -0.307519 -0.311793 
vn -3.49148e-15 0 -1 
vn 0.907484 0.335771 -0.25245 
vn 3.49148e-15 0 1 
vn -0.915857 -0.330419 0.228101 
vn 0.900048 0.311598 0.304665 
vn 3.49148e-15 0 1 
vn -0.905023 -0.289745 0.311419 
vn 0.905584 0.369052 0.20909 
vn -0.436817 0.89955 1.60437e-15 
vn -0.422572 0.906329 1.40382e-15 
vn -0.417383 0.90873 1.40382e-15 
vn -0.414185 0.910193 1.40382e-15 
vn -0.400216 0.916421 1.40382e-15 
vn -0.386046 0.92248 1.40382e-15 
vn -0.382017 0.924155 1.40382e-15 
vn -0.396153 0.918184 1.40382e-15 
vn -0.403727 0.91488 1.40382e-15 
vn -0.377466 0.926023 1.40382e-15 
vn -0.36296 0.931805 1.20328e-15 
vn -0.372747 0.927933 1.20328e-15 
vn -0.427327 0.904097 1.40382e-15 
vn 3.49148e-15 0 1 
vn -0.899435 -0.358453 -0.250055 
vn -3.49148e-15 0 -1 
vn 0.873016 0.373287 -0.313847 
vn -0.867809 -0.386902 -0.311793 
vn -3.49148e-15 0 -1 
vn 0.873716 0.4158 -0.25245 
vn 3.49148e-15 0 1 
vn -0.882535 -0.41122 0.228101 
vn 0.868478 0.391058 0.304665 
vn 3.49148e-15 0 1 
vn -0.875392 -0.369739 0.311419 
vn -3.49148e-15 0 -1 
vn 0.976621 0.21497 -3.40985e-15 
vn 1 2.44929e-16 -3.49148e-15 
vn 0.907575 0.419889 -3.16878e-15 
vn 0.976621 0.21497 -3.40985e-15 
vn 0.796093 0.605174 -2.77954e-15 
vn 0.907575 0.419889 -3.16878e-15 
vn 0.647386 0.762162 -2.26034e-15 
vn 0.796093 0.605174 -2.77954e-15 
vn 0.468408 0.883512 -1.63544e-15 
vn 0.647386 0.762162 -2.26034e-15 
vn 0.267528 0.96355 -9.3407e-16 
vn 0.468408 0.883512 -1.63544e-15 
vn 0.0541389 0.998533 -1.89025e-16 
vn 0.267528 0.96355 -9.3407e-16 
vn -0.161782 0.986827 5.64859e-16 
vn 0.0541389 0.998533 -1.89025e-16 
vn -0.370138 0.928977 1.29233e-15 
vn -0.161782 0.986827 5.64859e-16 
vn -0.561187 0.827689 1.95937e-15 
vn -0.370138 0.928977 1.29233e-15 
vn -0.725995 0.687699 2.5348e-15 
vn -0.561187 0.827689 1.95937e-15 
vn -0.856857 0.515554 2.9917e-15 
vn -0.725995 0.687699 2.5348e-15 
vn -0.947653 0.319302 3.30871e-15 
vn -0.90159 0.432593 3.14224e-15 
vn -0.856857 0.515554 2.9917e-15 
vn -0.994138 0.108119 3.47101e-15 
vn -0.994138 -0.108119 3.47101e-15 
vn -0.947653 -0.319302 3.30871e-15 
vn -0.856857 -0.515554 2.9917e-15 
vn -0.725995 -0.687699 2.5348e-15 
vn -0.561187 -0.827689 1.95937e-15 
vn -0.370138 -0.928977 1.29233e-15 
vn -0.161782 -0.986827 5.64859e-16 
vn 0.0541389 -0.998533 -1.89025e-16 
vn 0.267528 -0.96355 -9.3407e-16 
vn 0.468408 -0.883512 -1.63544e-15 
vn 0.647386 -0.762162 -2.26034e-15 
vn 0.796093 -0.605174 -2.77954e-15 
vn 0.907575 -0.419889 -3.16878e-15 
vn 0.976621 -0.21497 -3.40985e-15 
vn -3.49148e-15 0 -1 
vn 1 0 -3.49148e-15 
vn 0.976621 0.21497 -3.40985e-15 
vn 0.907575 0.419889 -3.16878e-15 
vn 0.796093 0.605174 -2.77954e-15 
vn 0.647386 0.762162 -2.26034e-15 
vn 0.468408 0.883512 -1.63544e-15 
vn 0.267528 0.96355 -9.3407e-16 
vn 0.0541389 0.998533 -1.89025e-16 
vn -0.161782 0.986827 5.64859e-16 
vn -0.370138 0.928977 1.29233e-15 
vn -0.561187 0.827689 1.95937e-15 
vn -0.725995 0.687699 2.5348e-15 
vn -0.856857 0.515554 2.9917e-15 
vn -0.947653 0.319302 3.30871e-15 
vn -0.994138 0.108119 3.47101e-15 
vn -1 1.22465e-16 3.55841e-15 
vn -0.994138 -0.108119 3.47101e-15 
vn -0.947653 -0.319302 3.30871e-15 
vn -0.856857 -0.515554 2.9917e-15 
vn -0.725995 -0.687699 2.5348e-15 
vn -0.561187 -0.827689 1.95937e-15 
vn -0.370138 -0.928977 1.29233e-15 
vn -0.161782 -0.986827 5.64859e-16 
vn 0.0541389 -0.998533 -1.89025e-16 
vn 0.267528 -0.96355 -9.3407e-16 
vn 0.468408 -0.883512 -1.63544e-15 
vn 0.647386 -0.762162 -2.26034e-15 
vn 0.796093 -0.605174 -2.77954e-15 
vn 0.907575 -0.419889 -3.16878e-15 
vn 0.976621 -0.21497 -3.40985e-15 
vn 3.49148e-15 0 1 
vn 1 0 -3.49148e-15 
vn 0.976621 0.21497 -3.40985e-15 
vn 0.907575 0.419889 -3.16878e-15 
vn 0.796093 0.605174 -2.77954e-15 
vn 0.647386 0.762162 -2.26034e-15 
vn 0.468408 0.883512 -1.63544e-15 
vn 0.267528 0.96355 -9.3407e-16 
vn 0.0685999 0.997644 -2.36553e-16 
vn 0.0541389 0.998533 -1.89025e-16 
vn -0.161782 0.986827 5.64859e-16 
vn -0.370138 0.928977 1.29233e-15 
vn -0.561187 0.827689 1.95937e-15 
vn -0.725995 0.687699 2.5348e-15 
vn -0.856857 0.515554 2.9917e-15 
vn -0.947653 0.319302 3.30871e-15 
vn -0.994138 0.108119 3.47101e-15 
vn -0.994138 -0.108119 3.47101e-15 
vn -1 0 3.46945e-15 
vn -0.947653 -0.319302 3.30871e-15 
vn -0.856857 -0.515554 2.9917e-15 
vn -0.725995 -0.687699 2.5348e-15 
vn -0.561187 -0.827689 1.95937e-15 
vn -0.370138 -0.928977 1.29233e-15 
vn -0.161782 -0.986827 5.64859e-16 
vn 0.0541389 -0.998533 -1.89025e-16 
vn 0.267528 -0.96355 -9.3407e-16 
vn 0.468408 -0.883512 -1.63544e-15 
vn 0.647386 -0.762162 -2.26034e-15 
vn 0.796093 -0.605174 -2.77954e-15 
vn 0.907575 -0.419889 -3.16878e-15 
vn 0.960941 -0.276752 -3.35117e-15 
vn 0.976621 -0.21497 -3.40985e-15 
vn -0.994138 0.108119 3.47101e-15 
vn -3.49148e-15 0 -1 
vn 1 0 -3.46945e-15 
vn 0.976621 0.21497 -3.40985e-15 
vn 0.907575 0.419889 -3.16878e-15 
vn 0.796093 0.605174 -2.77954e-15 
vn 0.647386 0.762162 -2.26034e-15 
vn 0.468408 0.883512 -1.63544e-15 
vn 0.267528 0.96355 -9.3407e-16 
vn 0.0541389 0.998533 -1.89025e-16 
vn -0.161782 0.986827 5.64859e-16 
vn -0.370138 0.928977 1.29233e-15 
vn -0.561187 0.827689 1.95937e-15 
vn -0.725995 0.687699 2.5348e-15 
vn -0.856857 0.515554 2.9917e-15 
vn -0.947653 0.319302 3.30871e-15 
vn -0.994138 0.108119 3.47101e-15 
vn -0.960941 0.276752 3.35117e-15 
vn -0.994138 -0.108119 3.47101e-15 
vn -0.947653 -0.319302 3.30871e-15 
vn -0.856857 -0.515554 2.9917e-15 
vn -0.725995 -0.687699 2.5348e-15 
vn -0.561187 -0.827689 1.95937e-15 
vn -0.370138 -0.928977 1.29233e-15 
vn -0.161782 -0.986827 5.64859e-16 
vn 0.0541389 -0.998533 -1.89025e-16 
vn -0.0685999 -0.997644 2.36553e-16 
vn 0.267528 -0.96355 -9.3407e-16 
vn 0.468408 -0.883512 -1.63544e-15 
vn 0.647386 -0.762162 -2.26034e-15 
vn 0.796093 -0.605174 -2.77954e-15 
vn 0.907575 -0.419889 -3.16878e-15 
vn 0.976621 -0.21497 -3.40985e-15 
vn -3.49148e-15 0 -1 
vn 1 0 -3.49148e-15 
vn 0.976621 0.21497 -3.40985e-15 
vn 0.907575 0.419889 -3.16878e-15 
vn 0.973933 0.226834 -3.40047e-15 
vn 0.796093 0.605174 -2.77954e-15 
vn 0.900212 0.435452 -3.13933e-15 
vn 0.874648 0.484758 -3.05382e-15 
vn 0.88615 0.463398 -3.09398e-15 
vn 0.907575 0.419889 -3.16878e-15 
vn 0.892233 0.451575 -3.11522e-15 
vn 0.796093 0.605174 -2.77954e-15 
vn 0.690921 0.72293 -2.41234e-15 
vn 0.717082 0.696989 -2.49205e-15 
vn 0.647386 0.762162 -2.26034e-15 
vn 0.468408 0.883512 -1.63544e-15 
vn 0.342492 0.939521 -1.19581e-15 
vn 0.267528 0.96355 -9.3407e-16 
vn 0.0541389 0.998533 -1.89025e-16 
vn -0.150608 0.988594 5.25845e-16 
vn -0.161782 0.986827 5.64859e-16 
vn -0.370138 0.928977 1.29233e-15 
vn -0.561187 0.827689 1.95937e-15 
vn -0.422083 0.906557 1.47369e-15 
vn -0.690606 0.723231 2.41124e-15 
vn -0.725995 0.687699 2.5348e-15 
vn -0.856857 0.515554 2.9917e-15 
vn -0.947653 0.319302 3.30871e-15 
vn -0.891771 0.452488 3.1136e-15 
vn -0.875168 0.483819 3.05563e-15 
vn -0.994138 0.108119 3.47101e-15 
vn -0.973692 0.227867 3.39963e-15 
vn -0.947653 0.319302 3.30871e-15 
vn -0.994138 0.108119 3.47101e-15 
vn -0.994138 -0.108119 3.47101e-15 
vn -0.973692 -0.227867 3.39963e-15 
vn -0.947653 -0.319302 3.30871e-15 
vn -0.875527 -0.483168 3.05689e-15 
vn -0.900212 -0.435452 3.13933e-15 
vn -0.856857 -0.515554 2.9917e-15 
vn -0.725995 -0.687699 2.5348e-15 
vn -0.717082 -0.696989 2.49205e-15 
vn -0.690606 -0.723231 2.41124e-15 
vn -0.607816 -0.794078 2.12218e-15 
vn -0.561187 -0.827689 1.95937e-15 
vn -0.422083 -0.906557 1.47369e-15 
vn -0.370138 -0.928977 1.29233e-15 
vn -0.161782 -0.986827 5.64859e-16 
vn 0.0541389 -0.998533 -1.89025e-16 
vn -0.150608 -0.988594 5.25845e-16 
vn 0.267528 -0.96355 -9.3407e-16 
vn 0.121107 -0.992639 -4.22844e-16 
vn 0.0541389 -0.998533 -1.89025e-16 
vn 0.267528 -0.96355 -9.3407e-16 
vn 0.468408 -0.883512 -1.63544e-15 
vn 0.647386 -0.762162 -2.26034e-15 
vn 0.796093 -0.605174 -2.77954e-15 
vn 0.891355 -0.453306 -3.11215e-15 
vn 0.907575 -0.419889 -3.16878e-15 
vn 0.973933 -0.226834 -3.40047e-15 
vn 0.976621 -0.21497 -3.40985e-15 
vn -0.725995 -0.687699 2.5348e-15 
vn -3.49148e-15 0 -1 
vn 0.285769 0.958299 -1.00273e-15 
vn 0.295078 0.955473 -1.00273e-15 
vn 0.295016 0.955492 -1.00273e-15 
vn 0.294556 0.955634 -1.00273e-15 
vn 0.284817 0.958582 -1.00273e-15 
vn 0.285153 0.958482 -1.00273e-15 
vn 0.284789 0.95859 -1.00273e-15 
vn 0.287233 0.957861 -1.00273e-15 
vn 0.296144 0.955143 -1.00273e-15 
vn 0.295738 0.955269 -1.00273e-15 
vn 0.285879 0.958266 -1.00273e-15 
vn 0.287523 0.957774 -1.00273e-15 
vn 0.296789 0.954943 -1.00273e-15 
vn 0.289027 0.957321 -1.00273e-15 
vn 0.297702 0.954659 -1.00273e-15 
vn 0.289949 0.957042 -1.00273e-15 
vn 0.291145 0.956679 -1.00273e-15 
vn 0.298628 0.954369 -1.00273e-15 
vn 0.297949 0.954582 -1.00273e-15 
vn 0.291266 0.956642 -1.00273e-15 
vn 0.29312 0.956076 -1.00273e-15 
vn 0.299348 0.954144 -1.00273e-15 
vn 0.293656 0.955911 -1.00273e-15 
vn 0.296367 0.955074 -1.00273e-15 
vn 0.301411 0.953494 -1.00273e-15 
vn 0.300035 0.953928 -1.00273e-15 
vn 0.301551 0.95345 -1.00273e-15 
vn 0.296749 0.954956 -1.00273e-15 
vn 0.299525 0.954088 -1.00273e-15 
vn 0.303376 0.952871 -1.00273e-15 
vn 0.303935 0.952693 -1.00273e-15 
vn 0.302677 0.953093 -1.00273e-15 
vn 0.305283 0.952262 -1.00273e-15 
vn 0.30659 0.951842 -1.00273e-15 
vn 0.300664 0.95373 -1.00273e-15 
vn 0.305291 0.952259 -1.00273e-15 
vn 0.306514 0.951866 -1.00273e-15 
vn 0.307374 0.951589 -1.00273e-15 
vn 0.311119 0.950371 -1.00273e-15 
vn 0.310103 0.950703 -1.00273e-15 
vn 0.310115 0.950699 -1.00273e-15 
vn 0.313873 0.949465 -1.00273e-15 
vn 0.314104 0.949389 -1.00273e-15 
vn 0.315922 0.948785 -1.20328e-15 
vn 0.314693 0.949194 -1.00273e-15 
vn 0.317633 0.948214 -1.20328e-15 
vn 0.316126 0.948717 -1.20328e-15 
vn 0.32057 0.947225 -1.20328e-15 
vn 0.317395 0.948294 -1.20328e-15 
vn 0.321038 0.947066 -1.20328e-15 
vn 0.324111 0.946019 -1.20328e-15 
vn 0.319705 0.947517 -1.20328e-15 
vn 0.318359 0.94797 -1.20328e-15 
vn 0.324724 0.945809 -1.20328e-15 
vn 0.327057 0.945005 -1.20328e-15 
vn 0.321459 0.946924 -1.20328e-15 
vn 0.31995 0.947434 -1.20328e-15 
vn 0.328223 0.9446 -1.20328e-15 
vn 0.321867 0.946785 -1.20328e-15 
vn 0.329547 0.944139 -1.20328e-15 
vn 0.322959 0.946413 -1.20328e-15 
vn 0.331643 0.943405 -1.20328e-15 
vn 0.323776 0.946134 -1.20328e-15 
vn 0.331922 0.943307 -1.20328e-15 
vn 0.333852 0.942625 -1.20328e-15 
vn 0.325078 0.945687 -1.20328e-15 
vn 0.324332 0.945943 -1.20328e-15 
vn 0.325373 0.945586 -1.20328e-15 
vn 0.334221 0.942495 -1.20328e-15 
vn 0.335323 0.942103 -1.20328e-15 
vn 0.326352 0.945248 -1.20328e-15 
vn 0.33607 0.941837 -1.20328e-15 
vn 0.326376 0.94524 -1.20328e-15 
vn 0.336337 0.941742 -1.20328e-15 
vn 0.327144 0.944974 -1.20328e-15 
vn 0.327383 0.944892 -1.20328e-15 
vn 0.337152 0.94145 -1.20328e-15 
vn 0.327528 0.944842 -1.20328e-15 
vn 0.337073 0.941479 -1.20328e-15 
vn 0.336368 0.941731 -1.20328e-15 
vn 0.327118 0.944983 -1.20328e-15 
vn 0.337127 0.941459 -1.20328e-15 
vn 0.32705 0.945007 -1.20328e-15 
vn 0.336207 0.941788 -1.20328e-15 
vn 0.33507 0.942193 -1.20328e-15 
vn 0.32642 0.945225 -1.20328e-15 
vn 0.325999 0.94537 -1.20328e-15 
vn 0.333403 0.942784 -1.20328e-15 
vn 0.332044 0.943264 -1.20328e-15 
vn 0.324537 0.945873 -1.20328e-15 
vn 0.334504 0.942394 -1.20328e-15 
vn 0.32544 0.945563 -1.20328e-15 
vn 0.324373 0.945929 -1.20328e-15 
vn 0.331315 0.94352 -1.20328e-15 
vn 0.32365 0.946177 -1.20328e-15 
vn 0.330629 0.943761 -1.20328e-15 
vn 0.323076 0.946373 -1.20328e-15 
vn 0.328834 0.944388 -1.20328e-15 
vn 0.322289 0.946641 -1.20328e-15 
vn 0.328219 0.944602 -1.20328e-15 
vn 0.3255 0.945542 -1.20328e-15 
vn 0.32116 0.947025 -1.20328e-15 
vn 0.325249 0.945629 -1.20328e-15 
vn 0.322473 0.946579 -1.20328e-15 
vn 0.318872 0.947798 -1.20328e-15 
vn 0.320643 0.9472 -1.20328e-15 
vn 0.318777 0.94783 -1.20328e-15 
vn 0.32138 0.94695 -1.20328e-15 
vn 0.319456 0.947601 -1.20328e-15 
vn 0.316859 0.948473 -1.20328e-15 
vn 0.316083 0.948731 -1.20328e-15 
vn 0.316874 0.948468 -1.20328e-15 
vn 0.31478 0.949165 -1.00273e-15 
vn 0.315672 0.948868 -1.00273e-15 
vn 0.313408 0.949619 -1.00273e-15 
vn 0.311119 0.950371 -1.00273e-15 
vn 0.311777 0.950155 -1.00273e-15 
vn 0.308536 0.951213 -1.00273e-15 
vn 0.307939 0.951406 -1.00273e-15 
vn 0.30571 0.952125 -1.00273e-15 
vn 0.307114 0.951673 -1.00273e-15 
vn 0.304757 0.95243 -1.00273e-15 
vn 0.3059 0.952064 -1.00273e-15 
vn 0.30133 0.95352 -1.00273e-15 
vn 0.304348 0.952561 -1.00273e-15 
vn 0.301113 0.953589 -1.00273e-15 
vn 0.298217 0.954498 -1.00273e-15 
vn 0.303899 0.952704 -1.00273e-15 
vn 0.301957 0.953321 -1.00273e-15 
vn 0.296961 0.95489 -1.00273e-15 
vn 0.295278 0.955411 -1.00273e-15 
vn 0.301927 0.953331 -1.00273e-15 
vn 0.300302 0.953844 -1.00273e-15 
vn 0.29347 0.955968 -1.00273e-15 
vn 0.299775 0.95401 -1.00273e-15 
vn 0.292777 0.956181 -1.00273e-15 
vn 0.290216 0.956961 -1.00273e-15 
vn 0.297984 0.954571 -1.00273e-15 
vn 0.298894 0.954286 -1.00273e-15 
vn 0.297638 0.954679 -1.00273e-15 
vn 0.290081 0.957002 -1.00273e-15 
vn 0.288281 0.957546 -1.00273e-15 
vn 0.297564 0.954702 -1.00273e-15 
vn 0.296388 0.955067 -1.00273e-15 
vn 0.287512 0.957777 -1.00273e-15 
vn 0.296275 0.955103 -1.00273e-15 
vn 0.285693 0.958321 -1.00273e-15 
vn 0.295025 0.955489 -1.00273e-15 
vn 0.29542 0.955367 -1.00273e-15 
vn 0.286713 0.958016 -1.00273e-15 
vn 0.285545 0.958365 -1.00273e-15 
vn 0.294785 0.955564 -1.00273e-15 
vn 0.0301105 -0.00985714 -0.999498 
vn 0.0299376 -0.00980055 -0.999504 
vn 0.0396408 -0.0129982 -0.999129 
vn 0.0445556 -0.0146202 -0.9989 
vn 0.0443001 -0.0145364 -0.998913 
vn 0.176847 -0.0586518 -0.982489 
vn 0.0959063 -0.0316525 -0.994887 
vn 0.177833 -0.058979 -0.982292 
vn 0.234434 -0.0779861 -0.968999 
vn 0.313184 -0.104635 -0.943911 
vn 0.314796 -0.105173 -0.943315 
vn 0.262993 -0.0876196 -0.960811 
vn 0.44307 -0.149014 -0.884016 
vn 0.354046 -0.118542 -0.927685 
vn 0.447987 -0.150722 -0.881244 
vn 0.449994 -0.151397 -0.880105 
vn 0.522574 -0.176502 -0.834124 
vn 0.569939 -0.192952 -0.798711 
vn 0.657631 -0.223643 -0.719379 
vn 0.684641 -0.233127 -0.690593 
vn 0.603324 -0.204602 -0.770804 
vn 0.567843 -0.192243 -0.800373 
vn 0.682756 -0.232485 -0.692672 
vn 0.770961 -0.263754 -0.5797 
vn 0.733597 -0.250438 -0.631756 
vn 0.77245 -0.264264 -0.577482 
vn 0.813477 -0.27897 -0.510324 
vn 0.776521 -0.265739 -0.571313 
vn 0.874635 -0.301106 -0.379933 
vn 0.823466 -0.282538 -0.492012 
vn 0.83063 -0.285149 -0.478271 
vn 0.812252 -0.27855 -0.5125 
vn 0.873904 -0.300854 -0.38181 
vn 0.89904 -0.310106 -0.30913 
vn 0.896311 -0.309082 -0.317954 
vn 0.915994 -0.316423 -0.246639 
vn 0.915672 -0.316311 -0.247978 
vn 0.931895 -0.322449 -0.166127 
vn 0.93765 -0.324652 -0.124152 
vn 0.937733 -0.324681 -0.123449 
vn 0.93389 -0.323203 -0.152937 
vn 0.944808 -0.327516 -0.00848791 
vn 0.944807 -0.327516 -0.00853697 
vn 0.311776 0.950156 -9.96968e-16 
vn 0.295022 0.955491 -9.96968e-16 
vn 0.295091 0.955469 -9.96968e-16 
vn 0.294861 0.95554 -9.96968e-16 
vn 0.294556 0.955634 -9.96968e-16 
vn 0.29611 0.955154 -9.96968e-16 
vn 0.295345 0.955391 -9.96968e-16 
vn 0.296423 0.955057 -9.96968e-16 
vn 0.295333 0.955394 -9.96968e-16 
vn 0.298593 0.954381 -9.96968e-16 
vn 0.297643 0.954677 -9.96968e-16 
vn 0.298864 0.954296 -9.96968e-16 
vn 0.297567 0.954701 -9.96968e-16 
vn 0.303403 0.952862 -9.96968e-16 
vn 0.301931 0.95333 -9.96968e-16 
vn 0.300551 0.953766 -9.96968e-16 
vn 0.300292 0.953847 -9.96968e-16 
vn 0.303902 0.952703 -9.96968e-16 
vn 0.302072 0.953285 -9.96968e-16 
vn 0.305901 0.952063 -9.96968e-16 
vn 0.304481 0.952518 -9.96968e-16 
vn 0.307936 0.951407 -9.96968e-16 
vn 0.30741 0.951577 -9.96968e-16 
vn 0.311577 0.950221 -9.96968e-16 
vn 0.311119 0.950371 -9.96968e-16 
vn 0.29573 0.955272 -9.96968e-16 
vn 0.314781 0.949164 -1.19636e-15 
vn 0.316873 0.948468 -1.19636e-15 
vn 0.31565 0.948876 -1.19636e-15 
vn 0.318846 0.947807 -1.19636e-15 
vn 0.317497 0.948259 -1.19636e-15 
vn 0.320639 0.947202 -1.19636e-15 
vn 0.319995 0.947419 -1.19636e-15 
vn 0.322303 0.946637 -1.19636e-15 
vn 0.321965 0.946752 -1.19636e-15 
vn 0.323682 0.946166 -1.19636e-15 
vn 0.324372 0.94593 -1.19636e-15 
vn 0.323783 0.946131 -1.19636e-15 
vn 0.32544 0.945563 -1.19636e-15 
vn 0.324693 0.94582 -1.19636e-15 
vn 0.326443 0.945217 -1.19636e-15 
vn 0.326077 0.945343 -1.19636e-15 
vn 0.327092 0.944992 -1.19636e-15 
vn 0.326992 0.945027 -1.19636e-15 
vn 0.327236 0.944943 -1.19636e-15 
vn 0.327256 0.944936 -1.19636e-15 
vn 0.327528 0.944842 -1.19636e-15 
vn 0.326299 0.945267 -1.19636e-15 
vn 0.325565 0.94552 -1.19636e-15 
vn 0.326072 0.945345 -1.19636e-15 
vn 0.325399 0.945577 -1.19636e-15 
vn 0.32431 0.945951 -1.19636e-15 
vn 0.323004 0.946398 -1.19636e-15 
vn 0.323881 0.946098 -1.19636e-15 
vn 0.321437 0.946931 -1.19636e-15 
vn 0.322853 0.946449 -1.19636e-15 
vn 0.319947 0.947436 -1.19636e-15 
vn 0.320698 0.947181 -1.19636e-15 
vn 0.318368 0.947967 -1.19636e-15 
vn 0.319037 0.947742 -1.19636e-15 
vn 0.31614 0.948712 -1.19636e-15 
vn 0.316555 0.948574 -1.19636e-15 
vn 0.300025 0.953931 -9.96968e-16 
vn 0.314103 0.949389 -1.19636e-15 
vn 0.314824 0.94915 -1.19636e-15 
vn 0.305078 0.952327 -9.96968e-16 
vn 0.310123 0.950696 -9.96968e-16 
vn 0.311119 0.950371 -9.96968e-16 
vn 0.305273 0.952265 -9.96968e-16 
vn 0.306892 0.951744 -9.96968e-16 
vn 0.30737 0.95159 -9.96968e-16 
vn 0.303377 0.952871 -9.96968e-16 
vn 0.304908 0.952382 -9.96968e-16 
vn 0.301578 0.953442 -9.96968e-16 
vn 0.302423 0.953174 -9.96968e-16 
vn 0.300397 0.953814 -9.96968e-16 
vn 0.297941 0.954584 -9.96968e-16 
vn 0.298513 0.954406 -9.96968e-16 
vn 0.298582 0.954384 -9.96968e-16 
vn 0.296785 0.954944 -9.96968e-16 
vn 0.297579 0.954697 -9.96968e-16 
vn 0.296107 0.955155 -9.96968e-16 
vn 0.944668 -0.327468 0.019168 
vn 0.938499 -0.325026 0.116525 
vn 0.942272 -0.326475 0.0744209 
vn 0.938253 -0.324929 0.118752 
vn 0.938177 -0.324902 0.119429 
vn 0.911356 -0.314692 0.265328 
vn 0.911724 -0.314819 0.26391 
vn 0.869633 -0.299294 0.392635 
vn 0.910178 -0.314244 0.269864 
vn 0.898351 -0.309863 0.311369 
vn 0.87549 -0.301452 0.377683 
vn 0.868856 -0.299027 0.394552 
vn 0.812695 -0.278687 0.511723 
vn 0.813917 -0.279106 0.509548 
vn 0.852097 -0.292906 0.433748 
vn 0.783774 -0.268312 0.560096 
vn 0.730653 -0.249378 0.635576 
vn 0.73235 -0.249958 0.633392 
vn 0.77938 -0.266712 0.56695 
vn 0.720727 -0.245855 0.648158 
vn 0.6352 -0.215655 0.741629 
vn 0.661214 -0.224785 0.715729 
vn 0.637212 -0.216338 0.739702 
vn 0.58531 -0.198175 0.786218 
vn 0.53849 -0.18186 0.822773 
vn 0.519703 -0.175355 0.836158 
vn 0.536389 -0.181151 0.8243 
vn 0.465851 -0.156818 0.870856 
vn 0.415663 -0.139607 0.898741 
vn 0.41373 -0.138958 0.899732 
vn 0.299041 -0.0997948 0.949008 
vn 0.355522 -0.118993 0.927063 
vn 0.273996 -0.0913056 0.957387 
vn 0.272552 -0.0908243 0.957845 
vn 0.187246 -0.0621075 0.980348 
vn 0.139118 -0.0460276 0.989206 
vn 0.139904 -0.0462879 0.989083 
vn 0.178653 -0.05923 0.982128 
vn 0.0270524 -0.00885604 0.999595 
vn 0.0272087 -0.00890719 0.99959 
vn 0.94467 -0.327468 0.0190579 
vn -0.0265671 0.00869715 0.999609 
vn -0.0264145 0.00864721 0.999614 
vn -0.0511903 0.0166981 0.998549 
vn -0.188469 0.0608755 0.980191 
vn -0.189515 0.0612134 0.979968 
vn -0.0518548 0.0169141 0.998511 
vn -0.214053 0.0690218 0.974381 
vn -0.318663 0.102153 0.942347 
vn -0.320297 0.102677 0.941736 
vn -0.233017 0.0750552 0.969572 
vn -0.343955 0.110118 0.932507 
vn -0.452503 0.144053 0.880051 
vn -0.414224 0.132149 0.900531 
vn -0.454524 0.144696 0.878903 
vn -0.580496 0.183589 0.793296 
vn -0.516917 0.164008 0.840178 
vn -0.589497 0.186347 0.785982 
vn -0.57839 0.182923 0.794987 
vn -0.656794 0.206852 0.725144 
vn -0.685507 0.215576 0.695418 
vn -0.683594 0.214974 0.697485 
vn -0.773453 0.241971 0.58585 
vn -0.774979 0.242448 0.583632 
vn -0.72407 0.227166 0.651244 
vn -0.814423 0.254177 0.521641 
vn -0.777336 0.24313 0.580204 
vn -0.813141 0.253777 0.523831 
vn -0.832724 0.25956 0.48908 
vn -0.827021 0.257899 0.499525 
vn -0.878501 0.272951 0.392088 
vn -0.87772 0.272708 0.394004 
vn -0.904462 0.280392 0.321447 
vn -0.903475 0.280124 0.324442 
vn -0.922688 0.285561 0.259039 
vn -0.92233 0.28545 0.260435 
vn -0.942424 0.291062 0.16468 
vn -0.946505 0.292175 0.136976 
vn -0.946607 0.292207 0.136203 
vn -0.942971 0.291217 0.16124 
vn -0.955595 0.294544 0.00909823 
vn -0.955595 0.294544 0.00904594 
vn -0.0514854 0.0167944 0.998533 
vn -0.9556 0.294545 -0.00850221 
vn -0.955599 0.294545 -0.00855136 
vn -0.953679 0.294076 -0.0633666 
vn -0.934822 0.288957 -0.206424 
vn -0.944695 0.291692 -0.149891 
vn -0.935051 0.289028 -0.205288 
vn -0.93388 0.288696 -0.211002 
vn -0.905104 0.280593 -0.319458 
vn -0.898487 0.278713 -0.339175 
vn -0.893616 0.277298 -0.352926 
vn -0.894254 0.277496 -0.351148 
vn -0.831396 0.259118 -0.491567 
vn -0.83255 0.259478 -0.48942 
vn -0.82585 0.257478 -0.501674 
vn -0.827314 0.25793 -0.499024 
vn -0.805535 0.25146 -0.536546 
vn -0.768129 0.240321 -0.593484 
vn -0.75417 0.236166 -0.612742 
vn -0.752534 0.235654 -0.614947 
vn -0.656026 0.206512 -0.725935 
vn -0.691939 0.217426 -0.688437 
vn -0.658017 0.207138 -0.723953 
vn -0.540352 0.171132 -0.823853 
vn -0.635998 0.200416 -0.745212 
vn -0.405277 0.129269 -0.905008 
vn -0.538016 0.170413 -0.825529 
vn -0.527783 0.167241 -0.832752 
vn -0.538239 0.170463 -0.825374 
vn -0.403366 0.128659 -0.905948 
vn -0.363772 0.116283 -0.924202 
vn -0.374399 0.119622 -0.919519 
vn -0.273879 0.0879913 -0.95773 
vn -0.272435 0.0875271 -0.958185 
vn -0.176327 0.0569629 -0.982682 
vn -0.197836 0.0638435 -0.978154 
vn -0.139823 0.0452549 -0.989142 
vn -0.139036 0.0450004 -0.989264 
vn -0.0285092 0.00933295 -0.99955 
vn -0.0286739 0.00938685 -0.999545 
vn -0.953701 0.294083 -0.0630039 
vn 0.0255104 0.999675 0 
vn 0.0352348 0.999379 -2.00546e-16 
vn 0.0351691 0.999381 -2.00546e-16 
vn 0.0346882 0.999398 -2.00546e-16 
vn 0.0245173 0.999699 0 
vn 0.0248679 0.999691 0 
vn 0.0244883 0.9997 0 
vn 0.0270376 0.999634 0 
vn 0.0363497 0.999339 -2.00546e-16 
vn 0.0359246 0.999355 -2.00546e-16 
vn 0.0256249 0.999672 0 
vn 0.0273405 0.999626 0 
vn 0.0370246 0.999314 -2.00546e-16 
vn 0.0289109 0.999582 -2.00546e-16 
vn 0.0379797 0.999279 -2.00546e-16 
vn 0.029874 0.999554 -2.00546e-16 
vn 0.0311231 0.999516 -2.00546e-16 
vn 0.0389498 0.999241 -2.00546e-16 
vn 0.0382389 0.999269 -2.00546e-16 
vn 0.0312496 0.999512 -2.00546e-16 
vn 0.0331871 0.999449 -2.00546e-16 
vn 0.0397031 0.999212 -2.00546e-16 
vn 0.0337472 0.99943 -2.00546e-16 
vn 0.0365832 0.999331 -2.00546e-16 
vn 0.0418648 0.999123 -2.00546e-16 
vn 0.0404228 0.999183 -2.00546e-16 
vn 0.0420107 0.999117 -2.00546e-16 
vn 0.036982 0.999316 -2.00546e-16 
vn 0.0398887 0.999204 -2.00546e-16 
vn 0.0439238 0.999035 -2.00546e-16 
vn 0.0445106 0.999009 -2.00546e-16 
vn 0.0431913 0.999067 -2.00546e-16 
vn 0.0459237 0.998945 -2.00546e-16 
vn 0.0472948 0.998881 -2.00546e-16 
vn 0.0410817 0.999156 -2.00546e-16 
vn 0.0459326 0.998945 -2.00546e-16 
vn 0.0472154 0.998885 -2.00546e-16 
vn 0.0481177 0.998842 -2.00546e-16 
vn 0.0520511 0.998644 -2.00546e-16 
vn 0.0509834 0.9987 -2.00546e-16 
vn 0.0509968 0.998699 -2.00546e-16 
vn 0.0549464 0.998489 -2.00546e-16 
vn 0.0551893 0.998476 -2.00546e-16 
vn 0.0571018 0.998368 -2.00546e-16 
vn 0.0558084 0.998441 -2.00546e-16 
vn 0.0589027 0.998264 -2.00546e-16 
vn 0.0573165 0.998356 -2.00546e-16 
vn 0.0619961 0.998076 -2.00546e-16 
vn 0.0586517 0.998279 -2.00546e-16 
vn 0.0624893 0.998046 -2.00546e-16 
vn 0.0657294 0.997837 -2.00546e-16 
vn 0.0610841 0.998133 -2.00546e-16 
vn 0.059667 0.998218 -2.00546e-16 
vn 0.0663755 0.997795 -2.00546e-16 
vn 0.0688374 0.997628 -2.00546e-16 
vn 0.0629324 0.998018 -2.00546e-16 
vn 0.0613432 0.998117 -2.00546e-16 
vn 0.0700684 0.997542 -2.00546e-16 
vn 0.0633624 0.997991 -2.00546e-16 
vn 0.0714675 0.997443 -2.00546e-16 
vn 0.0645142 0.997917 -2.00546e-16 
vn 0.0736827 0.997282 -2.00546e-16 
vn 0.065376 0.997861 -2.00546e-16 
vn 0.0739771 0.99726 -2.00546e-16 
vn 0.0760184 0.997106 -2.00546e-16 
vn 0.0667485 0.99777 -2.00546e-16 
vn 0.0659616 0.997822 -2.00546e-16 
vn 0.0670603 0.997749 -2.00546e-16 
vn 0.0764081 0.997077 -2.00546e-16 
vn 0.0775748 0.996987 -2.00546e-16 
vn 0.0680939 0.997679 -2.00546e-16 
vn 0.0783652 0.996925 -2.00546e-16 
vn 0.068119 0.997677 -2.00546e-16 
vn 0.0786477 0.996902 -2.00546e-16 
vn 0.0689299 0.997622 -2.00546e-16 
vn 0.0691816 0.997604 -2.00546e-16 
vn 0.0795108 0.996834 -2.00546e-16 
vn 0.0693347 0.997593 -2.00546e-16 
vn 0.0794268 0.996841 -2.00546e-16 
vn 0.0786808 0.9969 -2.00546e-16 
vn 0.0689023 0.997623 -2.00546e-16 
vn 0.0794844 0.996836 -2.00546e-16 
vn 0.0688303 0.997628 -2.00546e-16 
vn 0.0785104 0.996913 -2.00546e-16 
vn 0.0773064 0.997007 -2.00546e-16 
vn 0.0681657 0.997674 -2.00546e-16 
vn 0.0677209 0.997704 -2.00546e-16 
vn 0.0755434 0.997143 -2.00546e-16 
vn 0.074106 0.99725 -2.00546e-16 
vn 0.0661782 0.997808 -2.00546e-16 
vn 0.0767076 0.997054 -2.00546e-16 
vn 0.0671313 0.997744 -2.00546e-16 
vn 0.066005 0.997819 -2.00546e-16 
vn 0.0733356 0.997307 -2.00546e-16 
vn 0.0652425 0.997869 -2.00546e-16 
vn 0.0726103 0.99736 -2.00546e-16 
vn 0.0646378 0.997909 -2.00546e-16 
vn 0.0707139 0.997497 -2.00546e-16 
vn 0.0638077 0.997962 -2.00546e-16 
vn 0.0700642 0.997542 -2.00546e-16 
vn 0.0671946 0.99774 -2.00546e-16 
vn 0.0626173 0.998038 -2.00546e-16 
vn 0.0669291 0.997758 -2.00546e-16 
vn 0.0640019 0.99795 -2.00546e-16 
vn 0.0602077 0.998186 -2.00546e-16 
vn 0.0620727 0.998072 -2.00546e-16 
vn 0.0601067 0.998192 -2.00546e-16 
vn 0.0628491 0.998023 -2.00546e-16 
vn 0.0608224 0.998149 -2.00546e-16 
vn 0.0580878 0.998311 -2.00546e-16 
vn 0.0572713 0.998359 -2.00546e-16 
vn 0.0581038 0.998311 -2.00546e-16 
vn 0.0558997 0.998436 -2.00546e-16 
vn 0.0568383 0.998383 -2.00546e-16 
vn 0.0544568 0.998516 -2.00546e-16 
vn 0.0520511 0.998644 -2.00546e-16 
vn 0.0527431 0.998608 -2.00546e-16 
vn 0.0493382 0.998782 -2.00546e-16 
vn 0.048711 0.998813 -2.00546e-16 
vn 0.0463715 0.998924 -2.00546e-16 
vn 0.047845 0.998855 -2.00546e-16 
vn 0.0453717 0.99897 -2.00546e-16 
vn 0.0465708 0.998915 -2.00546e-16 
vn 0.04178 0.999127 -2.00546e-16 
vn 0.0449428 0.99899 -2.00546e-16 
vn 0.0415519 0.999136 -2.00546e-16 
vn 0.0385188 0.999258 -2.00546e-16 
vn 0.0444726 0.999011 -2.00546e-16 
vn 0.0424368 0.999099 -2.00546e-16 
vn 0.037204 0.999308 -2.00546e-16 
vn 0.0354433 0.999372 -2.00546e-16 
vn 0.0424053 0.9991 -2.00546e-16 
vn 0.0407025 0.999171 -2.00546e-16 
vn 0.0335532 0.999437 -2.00546e-16 
vn 0.040151 0.999194 -2.00546e-16 
vn 0.0328279 0.999461 -2.00546e-16 
vn 0.0301526 0.999545 -2.00546e-16 
vn 0.0382756 0.999267 -2.00546e-16 
vn 0.0392281 0.99923 -2.00546e-16 
vn 0.0379131 0.999281 -2.00546e-16 
vn 0.0300114 0.99955 -2.00546e-16 
vn 0.0281316 0.999604 0 
vn 0.0378353 0.999284 -2.00546e-16 
vn 0.0366053 0.99933 -2.00546e-16 
vn 0.0273293 0.999626 0 
vn 0.0364864 0.999334 -2.00546e-16 
vn 0.0254313 0.999677 0 
vn 0.035179 0.999381 -2.00546e-16 
vn 0.0355921 0.999366 -2.00546e-16 
vn 0.0264959 0.999649 0 
vn 0.025277 0.99968 0 
vn 0.0349278 0.99939 -2.00546e-16 
vn 0.0316399 -0.00164913 -0.999498 
vn 0.0314583 -0.00163966 -0.999504 
vn 0.0416599 -0.00219153 -0.999129 
vn 0.0468277 -0.00247333 -0.9989 
vn 0.0465592 -0.00245915 -0.998913 
vn 0.186028 -0.0104176 -0.982489 
vn 0.100845 -0.00549984 -0.994887 
vn 0.187066 -0.0104757 -0.982292 
vn 0.246666 -0.0140371 -0.968999 
vn 0.329643 -0.0191886 -0.943911 
vn 0.331339 -0.0192873 -0.943315 
vn 0.276749 -0.0158758 -0.960811 
vn 0.466612 -0.0280973 -0.884016 
vn 0.372719 -0.0219386 -0.927685 
vn 0.471805 -0.028461 -0.881244 
vn 0.473918 -0.0285885 -0.880105 
vn 0.550536 -0.0338613 -0.834124 
vn 0.600553 -0.0373675 -0.798711 
vn 0.693218 -0.0440848 -0.719379 
vn 0.721768 -0.0461835 -0.690593 
vn 0.635823 -0.0398918 -0.770804 
vn 0.598345 -0.0372301 -0.800373 
vn 0.719781 -0.0460564 -0.692672 
vn 0.813092 -0.0531983 -0.5797 
vn 0.773546 -0.0501051 -0.631756 
vn 0.814662 -0.0533011 -0.577482 
vn 0.858106 -0.0567792 -0.510324 
vn 0.818976 -0.053662 -0.571313 
vn 0.922922 -0.0621699 -0.379933 
vn 0.86868 -0.057614 -0.492012 
vn 0.876278 -0.0582628 -0.478271 
vn 0.856813 -0.0566937 -0.5125 
vn 0.922151 -0.062118 -0.38181 
vn 0.948831 -0.0644822 -0.30913 
vn 0.94593 -0.0642066 -0.317954 
vn 0.966847 -0.0661508 -0.246639 
vn 0.966506 -0.0661275 -0.247978 
vn 0.98377 -0.0678138 -0.166127 
vn 0.9899 -0.0684377 -0.124152 
vn 0.989988 -0.0684437 -0.123449 
vn 0.985892 -0.0680206 -0.152937 
vn 0.997558 -0.0693322 -0.00848791 
vn 0.997557 -0.0693321 -0.00853697 
vn 0.0601796 0.998188 -1.99394e-16 
vn 0.0351753 0.999381 -1.99394e-16 
vn 0.0352482 0.999379 -1.99394e-16 
vn 0.0350074 0.999387 -1.99394e-16 
vn 0.0346882 0.999398 -1.99394e-16 
vn 0.0363135 0.99934 -1.99394e-16 
vn 0.0355141 0.999369 -1.99394e-16 
vn 0.0366419 0.999328 -1.99394e-16 
vn 0.0355012 0.99937 -1.99394e-16 
vn 0.0389123 0.999243 -1.99394e-16 
vn 0.0379178 0.999281 -1.99394e-16 
vn 0.0391964 0.999232 -1.99394e-16 
vn 0.0378384 0.999284 -1.99394e-16 
vn 0.0439527 0.999034 -1.99394e-16 
vn 0.0424098 0.9991 -1.99394e-16 
vn 0.040963 0.999161 -1.99394e-16 
vn 0.0406919 0.999172 -1.99394e-16 
vn 0.0444759 0.99901 -1.99394e-16 
vn 0.0425567 0.999094 -1.99394e-16 
vn 0.046572 0.998915 -1.99394e-16 
vn 0.0450825 0.998983 -1.99394e-16 
vn 0.0487079 0.998813 -1.99394e-16 
vn 0.0481554 0.99884 -1.99394e-16 
vn 0.0525326 0.998619 -1.99394e-16 
vn 0.0520511 0.998644 -1.99394e-16 
vn 0.052742 0.998608 -1.99394e-16 
vn 0.0581023 0.998311 -1.99394e-16 
vn 0.0568155 0.998385 -1.99394e-16 
vn 0.0559016 0.998436 -1.99394e-16 
vn 0.0587591 0.998272 -1.99394e-16 
vn 0.035916 0.999355 -1.99394e-16 
vn 0.0620682 0.998072 -1.99394e-16 
vn 0.06139 0.998114 -1.99394e-16 
vn 0.0638223 0.997961 -1.99394e-16 
vn 0.0634662 0.997984 -1.99394e-16 
vn 0.0652762 0.997867 -1.99394e-16 
vn 0.0660039 0.997819 -1.99394e-16 
vn 0.065383 0.99786 -1.99394e-16 
vn 0.0671313 0.997744 -1.99394e-16 
vn 0.0663425 0.997797 -1.99394e-16 
vn 0.0681897 0.997672 -1.99394e-16 
vn 0.0678032 0.997699 -1.99394e-16 
vn 0.0688746 0.997625 -1.99394e-16 
vn 0.0687694 0.997633 -1.99394e-16 
vn 0.0690265 0.997615 -1.99394e-16 
vn 0.0690475 0.997613 -1.99394e-16 
vn 0.0693347 0.997593 -1.99394e-16 
vn 0.0680372 0.997683 -1.99394e-16 
vn 0.0672631 0.997735 -1.99394e-16 
vn 0.0677983 0.997699 -1.99394e-16 
vn 0.0670881 0.997747 -1.99394e-16 
vn 0.0659393 0.997824 -1.99394e-16 
vn 0.0645612 0.997914 -1.99394e-16 
vn 0.0654868 0.997853 -1.99394e-16 
vn 0.0629098 0.998019 -1.99394e-16 
vn 0.0644025 0.997924 -1.99394e-16 
vn 0.0613393 0.998117 -1.99394e-16 
vn 0.0621308 0.998068 -1.99394e-16 
vn 0.059676 0.998218 -1.99394e-16 
vn 0.0603805 0.998175 -1.99394e-16 
vn 0.0573315 0.998355 -1.99394e-16 
vn 0.0577673 0.99833 -1.99394e-16 
vn 0.0551881 0.998476 -1.99394e-16 
vn 0.0559461 0.998434 -1.99394e-16 
vn 0.0510047 0.998698 -1.99394e-16 
vn 0.0520511 0.998644 -1.99394e-16 
vn 0.0420157 0.999117 -1.99394e-16 
vn 0.0481138 0.998842 -1.99394e-16 
vn 0.0459138 0.998945 -1.99394e-16 
vn 0.0476125 0.998866 -1.99394e-16 
vn 0.0439246 0.999035 -1.99394e-16 
vn 0.0455303 0.998963 -1.99394e-16 
vn 0.0420392 0.999116 -1.99394e-16 
vn 0.0429254 0.999078 -1.99394e-16 
vn 0.040412 0.999183 -1.99394e-16 
vn 0.0408018 0.999167 -1.99394e-16 
vn 0.0382302 0.999269 -1.99394e-16 
vn 0.0388289 0.999246 -1.99394e-16 
vn 0.0389014 0.999243 -1.99394e-16 
vn 0.0370201 0.999315 -1.99394e-16 
vn 0.0378512 0.999283 -1.99394e-16 
vn 0.0363109 0.999341 -1.99394e-16 
vn 0.99741 -0.0693219 0.019168 
vn 0.990817 -0.0685771 0.116525 
vn 0.994838 -0.0689898 0.0744209 
vn 0.990555 -0.0685469 0.118752 
vn 0.990474 -0.0685413 0.119429 
vn 0.961918 -0.0656919 0.265328 
vn 0.962306 -0.0657185 0.26391 
vn 0.917621 -0.0617282 0.392635 
vn 0.960663 -0.0655675 0.269864 
vn 0.948102 -0.064428 0.311369 
vn 0.923838 -0.0622813 0.377683 
vn 0.916802 -0.0616731 0.394552 
vn 0.857277 -0.0567099 0.511723 
vn 0.858566 -0.0567952 0.509548 
vn 0.899025 -0.0601427 0.433748 
vn 0.82665 -0.0542511 0.560096 
vn 0.770427 -0.0498514 0.635576 
vn 0.772217 -0.0499672 0.633392 
vn 0.82199 -0.0538537 0.56695 
vn 0.759925 -0.0490429 0.648158 
vn 0.66948 -0.0422336 0.741629 
vn 0.696975 -0.0442509 0.715729 
vn 0.6716 -0.0423673 0.739702 
vn 0.616755 -0.0383937 0.786218 
vn 0.567299 -0.0348759 0.822773 
vn 0.547465 -0.033504 0.836158 
vn 0.565086 -0.0347399 0.8243 
vn 0.490641 -0.0296793 0.870856 
vn 0.437699 -0.0261761 0.898741 
vn 0.435664 -0.0260543 0.899732 
vn 0.314727 -0.0182113 0.949008 
vn 0.374261 -0.0219889 0.927063 
vn 0.288334 -0.0165594 0.957387 
vn 0.286814 -0.0164721 0.957845 
vn 0.196968 -0.0110369 0.980348 
vn 0.146311 -0.00808773 0.989206 
vn 0.147138 -0.00813347 0.989083 
vn 0.187922 -0.010504 0.982128 
vn 0.0284265 -0.00148164 0.999595 
vn 0.0285907 -0.0014902 0.99959 
vn 0.997412 -0.0693221 0.0190579 
vn -0.0279165 0.00145506 0.999609 
vn -0.0277562 0.0014467 0.999614 
vn -0.0537749 0.00274592 0.998549 
vn -0.197827 0.0095281 0.980191 
vn -0.198925 0.009581 0.979968 
vn -0.0544727 0.00278082 0.998511 
vn -0.224651 0.0107083 0.974381 
vn -0.334283 0.0153621 0.942347 
vn -0.335997 0.0154409 0.941736 
vn -0.244533 0.0115781 0.969572 
vn -0.360778 0.0164434 0.932507 
vn -0.474421 0.0208437 0.880051 
vn -0.434362 0.0193529 0.900531 
vn -0.476541 0.0209369 0.878903 
vn -0.608299 0.0255719 0.793296 
vn -0.541811 0.0232789 0.840178 
vn -0.617707 0.0258829 0.785982 
vn -0.606091 0.0254791 0.794987 
vn -0.688023 0.028096 0.725144 
vn -0.718019 0.0290159 0.695418 
vn -0.716015 0.0289349 0.697485 
vn -0.809807 0.0315201 0.58585 
vn -0.811404 0.0315823 0.583632 
vn -0.75827 0.0301295 0.651244 
vn -0.852542 0.0325998 0.521641 
vn -0.813857 0.031625 0.580204 
vn -0.8512 0.0325485 0.523831 
vn -0.871614 0.0330153 0.48908 
vn -0.865674 0.0329018 0.499525 
vn -0.9193 0.0339826 0.392088 
vn -0.918481 0.0339523 0.394004 
vn -0.946303 0.0343838 0.321447 
vn -0.945281 0.0343834 0.324442 
vn -0.965247 0.0346122 0.259039 
vn -0.964871 0.0345987 0.260435 
vn -0.985734 0.034767 0.16468 
vn -0.989964 0.0347752 0.136976 
vn -0.99007 0.034779 0.136203 
vn -0.986302 0.0347738 0.16124 
vn -0.999357 0.0346868 0.00909823 
vn -0.999357 0.0346868 0.00904594 
vn -0.0540848 0.00276174 0.998533 
vn -0.999362 0.034687 -0.00850221 
vn -0.999362 0.0346869 -0.00855136 
vn -0.997386 0.0347361 -0.0633666 
vn -0.977846 0.0347209 -0.206424 
vn -0.988091 0.0347816 -0.149891 
vn -0.978085 0.0347294 -0.205288 
vn -0.976869 0.0347145 -0.211002 
vn -0.946975 0.0344106 -0.319458 
vn -0.940097 0.0343236 -0.339175 
vn -0.935025 0.034231 -0.352926 
vn -0.935693 0.0342554 -0.351148 
vn -0.870217 0.0329356 -0.491567 
vn -0.871424 0.0329813 -0.48942 
vn -0.864435 0.0328011 -0.501674 
vn -0.865965 0.032855 -0.499024 
vn -0.843253 0.0322996 -0.536546 
vn -0.804236 0.0313184 -0.593484 
vn -0.789676 0.0309545 -0.612742 
vn -0.787963 0.0308874 -0.614947 
vn -0.687194 0.0279677 -0.725935 
vn -0.724711 0.0291213 -0.688437 
vn -0.689279 0.0280525 -0.723953 
vn -0.566294 0.0240339 -0.823853 
vn -0.666268 0.0273153 -0.745212 
vn -0.424973 0.0189097 -0.905008 
vn -0.563851 0.0239496 -0.825529 
vn -0.553145 0.0235614 -0.832752 
vn -0.564079 0.0239398 -0.825374 
vn -0.42297 0.0188206 -0.905948 
vn -0.381517 0.0172172 -0.924202 
vn -0.392648 0.0176645 -0.919519 
vn -0.287355 0.0133906 -0.95773 
vn -0.285839 0.0133199 -0.958185 
vn -0.185085 0.00892319 -0.982682 
vn -0.207644 0.00994611 -0.978154 
vn -0.146789 0.00715776 -0.989142 
vn -0.145964 0.0071175 -0.989264 
vn -0.0299573 0.00156143 -0.99955 
vn -0.0301303 0.00157045 -0.999545 
vn -0.997409 0.0347369 -0.0630039 
vn -0.0723862 0.997377 2.00546e-16 
vn -0.0626796 0.998034 2.00546e-16 
vn -0.0627452 0.99803 2.00546e-16 
vn -0.0632255 0.997999 2.00546e-16 
vn -0.0733771 0.997304 2.00546e-16 
vn -0.0730273 0.99733 2.00546e-16 
vn -0.073406 0.997302 2.00546e-16 
vn -0.0708624 0.997486 2.00546e-16 
vn -0.0615661 0.998103 2.00546e-16 
vn -0.0619907 0.998077 2.00546e-16 
vn -0.0722721 0.997385 2.00546e-16 
vn -0.0705602 0.997508 2.00546e-16 
vn -0.060892 0.998144 2.00546e-16 
vn -0.068993 0.997617 2.00546e-16 
vn -0.059938 0.998202 2.00546e-16 
vn -0.0680318 0.997683 2.00546e-16 
vn -0.066785 0.997767 2.00546e-16 
vn -0.0589689 0.99826 2.00546e-16 
vn -0.0596791 0.998218 2.00546e-16 
vn -0.0666587 0.997776 2.00546e-16 
vn -0.0647244 0.997903 2.00546e-16 
vn -0.0582163 0.998304 2.00546e-16 
vn -0.064165 0.997939 2.00546e-16 
vn -0.0613329 0.998117 2.00546e-16 
vn -0.0560564 0.998428 2.00546e-16 
vn -0.0574973 0.998346 2.00546e-16 
vn -0.0559106 0.998436 2.00546e-16 
vn -0.0609346 0.998142 2.00546e-16 
vn -0.0580309 0.998315 2.00546e-16 
vn -0.0539986 0.998541 2.00546e-16 
vn -0.0534121 0.998573 2.00546e-16 
vn -0.0547307 0.998501 2.00546e-16 
vn -0.0519995 0.998647 2.00546e-16 
vn -0.0506287 0.998718 2.00546e-16 
vn -0.0568389 0.998383 2.00546e-16 
vn -0.0519906 0.998648 2.00546e-16 
vn -0.0507081 0.998714 2.00546e-16 
vn -0.049806 0.998759 2.00546e-16 
vn -0.0458721 0.998947 2.00546e-16 
vn -0.04694 0.998898 2.00546e-16 
vn -0.0469267 0.998898 2.00546e-16 
vn -0.0429755 0.999076 2.00546e-16 
vn -0.0427324 0.999087 2.00546e-16 
vn -0.0408186 0.999167 2.00546e-16 
vn -0.042113 0.999113 2.00546e-16 
vn -0.0390161 0.999239 2.00546e-16 
vn -0.0406037 0.999175 2.00546e-16 
vn -0.0359192 0.999355 2.00546e-16 
vn -0.0392673 0.999229 2.00546e-16 
vn -0.0354254 0.999372 2.00546e-16 
vn -0.0321804 0.999482 2.00546e-16 
vn -0.0368323 0.999321 2.00546e-16 
vn -0.038251 0.999268 2.00546e-16 
vn -0.0315332 0.999503 2.00546e-16 
vn -0.0290668 0.999577 2.00546e-16 
vn -0.0349817 0.999388 2.00546e-16 
vn -0.036573 0.999331 2.00546e-16 
vn -0.0278334 0.999613 0 
vn -0.0345511 0.999403 2.00546e-16 
vn -0.0264313 0.999651 0 
vn -0.0333976 0.999442 2.00546e-16 
vn -0.0242109 0.999707 0 
vn -0.0325344 0.999471 2.00546e-16 
vn -0.0239158 0.999714 0 
vn -0.0218692 0.999761 0 
vn -0.0311596 0.999514 2.00546e-16 
vn -0.0319479 0.99949 2.00546e-16 
vn -0.0308472 0.999524 2.00546e-16 
vn -0.0214785 0.999769 0 
vn -0.0203086 0.999794 0 
vn -0.0298117 0.999556 2.00546e-16 
vn -0.019516 0.99981 0 
vn -0.0297866 0.999556 2.00546e-16 
vn -0.0192327 0.999815 0 
vn -0.0289741 0.99958 2.00546e-16 
vn -0.028722 0.999587 2.00546e-16 
vn -0.018367 0.999831 0 
vn -0.0285686 0.999592 0 
vn -0.0184512 0.99983 0 
vn -0.0191995 0.999816 0 
vn -0.0290018 0.999579 2.00546e-16 
vn -0.0183934 0.999831 0 
vn -0.0290739 0.999577 2.00546e-16 
vn -0.0193703 0.999812 0 
vn -0.0205777 0.999788 0 
vn -0.0297399 0.999558 2.00546e-16 
vn -0.0301854 0.999544 2.00546e-16 
vn -0.0223455 0.99975 0 
vn -0.0237866 0.999717 0 
vn -0.0317309 0.999496 2.00546e-16 
vn -0.0211782 0.999776 0 
vn -0.0307761 0.999526 2.00546e-16 
vn -0.0319044 0.999491 2.00546e-16 
vn -0.0245588 0.999698 0 
vn -0.0326681 0.999466 2.00546e-16 
vn -0.0252859 0.99968 0 
vn -0.0332738 0.999446 2.00546e-16 
vn -0.0271865 0.99963 0 
vn -0.0341051 0.999418 2.00546e-16 
vn -0.0278375 0.999612 0 
vn -0.0307127 0.999528 2.00546e-16 
vn -0.0352972 0.999377 2.00546e-16 
vn -0.0309787 0.99952 2.00546e-16 
vn -0.0339106 0.999425 2.00546e-16 
vn -0.0377098 0.999289 2.00546e-16 
vn -0.0358425 0.999357 2.00546e-16 
vn -0.0378109 0.999285 2.00546e-16 
vn -0.035065 0.999385 2.00546e-16 
vn -0.0370943 0.999312 2.00546e-16 
vn -0.0398318 0.999206 2.00546e-16 
vn -0.040649 0.999173 2.00546e-16 
vn -0.0398157 0.999207 2.00546e-16 
vn -0.0420216 0.999117 2.00546e-16 
vn -0.0410823 0.999156 2.00546e-16 
vn -0.0434654 0.999055 2.00546e-16 
vn -0.0458721 0.998947 2.00546e-16 
vn -0.0451798 0.998979 2.00546e-16 
vn -0.0485855 0.998819 2.00546e-16 
vn -0.0492126 0.998788 2.00546e-16 
vn -0.0515518 0.99867 2.00546e-16 
vn -0.0500786 0.998745 2.00546e-16 
vn -0.0525513 0.998618 2.00546e-16 
vn -0.0513525 0.998681 2.00546e-16 
vn -0.0561411 0.998423 2.00546e-16 
vn -0.0529801 0.998596 2.00546e-16 
vn -0.056369 0.99841 2.00546e-16 
vn -0.0593995 0.998234 2.00546e-16 
vn -0.0534501 0.998571 2.00546e-16 
vn -0.0554847 0.99846 2.00546e-16 
vn -0.0607128 0.998155 2.00546e-16 
vn -0.0624714 0.998047 2.00546e-16 
vn -0.0555163 0.998458 2.00546e-16 
vn -0.0572178 0.998362 2.00546e-16 
vn -0.0643588 0.997927 2.00546e-16 
vn -0.0577689 0.99833 2.00546e-16 
vn -0.065083 0.99788 2.00546e-16 
vn -0.0677537 0.997702 2.00546e-16 
vn -0.0596425 0.99822 2.00546e-16 
vn -0.0586909 0.998276 2.00546e-16 
vn -0.0600046 0.998198 2.00546e-16 
vn -0.0678946 0.997692 2.00546e-16 
vn -0.0697707 0.997563 2.00546e-16 
vn -0.0600823 0.998193 2.00546e-16 
vn -0.0613108 0.998119 2.00546e-16 
vn -0.0705714 0.997507 2.00546e-16 
vn -0.0614296 0.998111 2.00546e-16 
vn -0.0724652 0.997371 2.00546e-16 
vn -0.0627353 0.99803 2.00546e-16 
vn -0.0623228 0.998056 2.00546e-16 
vn -0.071403 0.997448 2.00546e-16 
vn -0.0726192 0.99736 2.00546e-16 
vn -0.0629862 0.998014 2.00546e-16 
vn 0.0316495 0.00145336 -0.999498 
vn 0.0314678 0.00144501 -0.999504 
vn 0.0416745 0.00189357 -0.999129 
vn 0.0468451 0.00211857 -0.9989 
vn 0.0465765 0.00210642 -0.998913 
vn 0.186155 0.00782703 -0.982489 
vn 0.100899 0.00438977 -0.994887 
vn 0.187193 0.00787069 -0.982292 
vn 0.246856 0.0101556 -0.968999 
vn 0.329939 0.0131446 -0.943911 
vn 0.331637 0.0132122 -0.943315 
vn 0.276975 0.0112681 -0.960811 
vn 0.467123 0.017675 -0.884016 
vn 0.373078 0.0146209 -0.927685 
vn 0.472326 0.0178209 -0.881244 
vn 0.474442 0.0179007 -0.880105 
vn 0.551208 0.0201469 -0.834124 
vn 0.601329 0.0215495 -0.798711 
vn 0.694206 0.0239276 -0.719379 
vn 0.722824 0.0246313 -0.690593 
vn 0.636676 0.0224869 -0.770804 
vn 0.599117 0.0214702 -0.800373 
vn 0.720834 0.0245635 -0.692672 
vn 0.814396 0.0265821 -0.5797 
vn 0.774738 0.0257928 -0.631756 
vn 0.815969 0.0266335 -0.577482 
vn 0.859545 0.0274211 -0.510324 
vn 0.820298 0.0266963 -0.571313 
vn 0.924578 0.0283957 -0.379933 
vn 0.87015 0.0276245 -0.492012 
vn 0.877775 0.0277219 -0.478271 
vn 0.85825 0.0273798 -0.5125 
vn 0.923805 0.0283719 -0.38181 
vn 0.950589 0.0286286 -0.30913 
vn 0.947674 0.028619 -0.317954 
vn 0.968681 0.02873 -0.246639 
vn 0.96834 0.0287199 -0.247978 
vn 0.985686 0.0287301 -0.166127 
vn 0.991848 0.0287088 -0.124152 
vn 0.991935 0.0287114 -0.123449 
vn 0.987818 0.0287319 -0.152937 
vn 0.999556 0.0285676 -0.00848791 
vn 0.999555 0.0285676 -0.00853697 
vn -0.0420197 0.999117 1.99394e-16 
vn -0.062739 0.99803 1.99394e-16 
vn -0.0626662 0.998035 1.99394e-16 
vn -0.0629067 0.998019 1.99394e-16 
vn -0.0632255 0.997999 1.99394e-16 
vn -0.0616023 0.998101 1.99394e-16 
vn -0.0624007 0.998051 1.99394e-16 
vn -0.0612743 0.998121 1.99394e-16 
vn -0.0624135 0.99805 1.99394e-16 
vn -0.055246 0.998473 1.99394e-16 
vn -0.0590064 0.998258 1.99394e-16 
vn -0.0599999 0.998198 1.99394e-16 
vn -0.0587226 0.998274 1.99394e-16 
vn -0.0600792 0.998194 1.99394e-16 
vn -0.0555117 0.998458 1.99394e-16 
vn -0.0569575 0.998377 1.99394e-16 
vn -0.0572284 0.998361 1.99394e-16 
vn -0.0534467 0.998571 1.99394e-16 
vn -0.055365 0.998466 1.99394e-16 
vn -0.0513513 0.998681 1.99394e-16 
vn -0.0528404 0.998603 1.99394e-16 
vn -0.0492157 0.998788 1.99394e-16 
vn -0.0497682 0.998761 1.99394e-16 
vn -0.0453904 0.998969 1.99394e-16 
vn -0.0458721 0.998947 1.99394e-16 
vn -0.0451809 0.998979 1.99394e-16 
vn -0.0619993 0.998076 1.99394e-16 
vn -0.0398173 0.999207 1.99394e-16 
vn -0.0411051 0.999155 1.99394e-16 
vn -0.0377379 0.999288 1.99394e-16 
vn -0.0391598 0.999233 1.99394e-16 
vn -0.035847 0.999357 1.99394e-16 
vn -0.036526 0.999333 1.99394e-16 
vn -0.0340905 0.999419 1.99394e-16 
vn -0.0344471 0.999407 1.99394e-16 
vn -0.0326344 0.999467 1.99394e-16 
vn -0.0319055 0.999491 1.99394e-16 
vn -0.0325274 0.999471 1.99394e-16 
vn -0.0307761 0.999526 1.99394e-16 
vn -0.0315663 0.999502 1.99394e-16 
vn -0.0297158 0.999558 1.99394e-16 
vn -0.030103 0.999547 1.99394e-16 
vn -0.0290295 0.999579 1.99394e-16 
vn -0.029135 0.999575 1.99394e-16 
vn -0.0288774 0.999583 1.99394e-16 
vn -0.0288563 0.999584 1.99394e-16 
vn -0.0285686 0.999592 1.99394e-16 
vn -0.0298685 0.999554 1.99394e-16 
vn -0.0306441 0.99953 1.99394e-16 
vn -0.0301079 0.999547 1.99394e-16 
vn -0.0308194 0.999525 1.99394e-16 
vn -0.0319702 0.999489 1.99394e-16 
vn -0.0333505 0.999444 1.99394e-16 
vn -0.0324234 0.999474 1.99394e-16 
vn -0.0350043 0.999387 1.99394e-16 
vn -0.0335095 0.999438 1.99394e-16 
vn -0.0365769 0.999331 1.99394e-16 
vn -0.0357843 0.99936 1.99394e-16 
vn -0.038242 0.999269 1.99394e-16 
vn -0.0375368 0.999295 1.99394e-16 
vn -0.0405887 0.999176 1.99394e-16 
vn -0.0401525 0.999194 1.99394e-16 
vn -0.0575081 0.998345 1.99394e-16 
vn -0.0427336 0.999087 1.99394e-16 
vn -0.0419752 0.999119 1.99394e-16 
vn -0.0522141 0.998636 1.99394e-16 
vn -0.0469187 0.998899 1.99394e-16 
vn -0.0458721 0.998947 1.99394e-16 
vn -0.0520094 0.998647 1.99394e-16 
vn -0.0503111 0.998734 1.99394e-16 
vn -0.0498099 0.998759 1.99394e-16 
vn -0.0539978 0.998541 1.99394e-16 
vn -0.0523928 0.998627 1.99394e-16 
vn -0.0558821 0.998437 1.99394e-16 
vn -0.0549965 0.998487 1.99394e-16 
vn -0.0571186 0.998367 1.99394e-16 
vn -0.0596878 0.998217 1.99394e-16 
vn -0.0590897 0.998253 1.99394e-16 
vn -0.0590173 0.998257 1.99394e-16 
vn -0.0608966 0.998144 1.99394e-16 
vn -0.0600664 0.998194 1.99394e-16 
vn -0.0616049 0.998101 1.99394e-16 
vn 0.999408 0.0285634 0.019168 
vn 0.992774 0.0286598 0.116525 
vn 0.996816 0.0286423 0.0744209 
vn 0.99251 0.0286642 0.118752 
vn 0.992429 0.0286618 0.119429 
vn 0.963731 0.0287045 0.265328 
vn 0.96412 0.0287161 0.26391 
vn 0.919258 0.0283168 0.392635 
vn 0.96247 0.0287057 0.269864 
vn 0.949858 0.0286112 0.311369 
vn 0.9255 0.0283744 0.377683 
vn 0.918438 0.0282915 0.394552 
vn 0.858713 0.0274089 0.511723 
vn 0.860005 0.0274502 0.509548 
vn 0.900597 0.0280759 0.433748 
vn 0.827992 0.0268605 0.560096 
vn 0.771609 0.0257401 0.635576 
vn 0.773401 0.0257999 0.633392 
vn 0.823316 0.0268003 0.56695 
vn 0.761079 0.0255177 0.648158 
vn 0.6704 0.0234482 0.741629 
vn 0.697961 0.0241297 0.715729 
vn 0.672524 0.0235224 0.739702 
vn 0.617553 0.0221129 0.786218 
vn 0.56799 0.0207767 0.822773 
vn 0.548117 0.0202021 0.836158 
vn 0.565774 0.0206956 0.8243 
vn 0.491191 0.0184507 0.870856 
vn 0.43816 0.0167591 0.898741 
vn 0.436123 0.0166812 0.899732 
vn 0.314999 0.0126582 0.949008 
vn 0.374618 0.0147216 0.927063 
vn 0.288571 0.0117208 0.957387 
vn 0.28705 0.011659 0.957845 
vn 0.197103 0.00828074 0.980348 
vn 0.1464 0.00626115 0.989206 
vn 0.147228 0.00629655 0.989083 
vn 0.188048 0.0079263 0.982128 
vn 0.0284352 0.00130575 0.999595 
vn 0.0285994 0.0013133 0.99959 
vn 0.99941 0.0285634 0.0190579 
vn -0.027925 -0.00128233 0.999609 
vn -0.0277646 -0.00127496 0.999614 
vn -0.0537856 -0.00252676 0.998549 
vn -0.19781 -0.00986629 0.980191 
vn -0.198909 -0.00992107 0.979968 
vn -0.0544836 -0.00256028 0.998511 
vn -0.224621 -0.0113152 0.974381 
vn -0.334183 -0.0174066 0.942347 
vn -0.335897 -0.0174958 0.941736 
vn -0.244493 -0.0123942 0.969572 
vn -0.360656 -0.0189218 0.932507 
vn -0.474185 -0.0256575 0.880051 
vn -0.434172 -0.0232232 0.900531 
vn -0.476304 -0.0257722 0.878903 
vn -0.607883 -0.0340461 0.793296 
vn -0.541491 -0.0298252 0.840178 
vn -0.617277 -0.0346568 0.785982 
vn -0.605678 -0.0339226 0.794987 
vn -0.687473 -0.0393317 0.725144 
vn -0.717414 -0.04135 0.695418 
vn -0.715412 -0.0412345 0.697485 
vn -0.809007 -0.0478351 0.58585 
vn -0.810603 -0.0479295 0.583632 
vn -0.757581 -0.0441785 0.651244 
vn -0.851643 -0.0509404 0.521641 
vn -0.813048 -0.0481268 0.580204 
vn -0.850303 -0.0508602 0.523831 
vn -0.870664 -0.0523923 0.48908 
vn -0.864742 -0.0519243 0.499525 
vn -0.918216 -0.0560935 0.392088 
vn -0.917399 -0.0560436 0.394004 
vn -0.945129 -0.0583354 0.321447 
vn -0.944111 -0.0582357 0.324442 
vn -0.964004 -0.0599609 0.259039 
vn -0.963629 -0.0599376 0.260435 
vn -0.984408 -0.0618106 0.16468 
vn -0.988619 -0.0622161 0.136976 
vn -0.988725 -0.0622228 0.136203 
vn -0.984975 -0.0618594 0.16124 
vn -0.997958 -0.0632228 0.00909823 
vn -0.997958 -0.0632229 0.00904594 
vn -0.0540956 -0.00254133 0.998533 
vn -0.997963 -0.0632232 -0.00850221 
vn -0.997963 -0.0632231 -0.00855136 
vn -0.996001 -0.0629809 -0.0633666 
vn -0.976554 -0.061085 -0.206424 
vn -0.986755 -0.0620265 -0.149891 
vn -0.976793 -0.0611 -0.205288 
vn -0.975581 -0.0609958 -0.211002 
vn -0.945801 -0.0583744 -0.319458 
vn -0.938947 -0.0577883 -0.339175 
vn -0.93389 -0.0573844 -0.352926 
vn -0.934557 -0.0574254 -0.351148 
vn -0.869266 -0.0523349 -0.491567 
vn -0.870472 -0.0524075 -0.48942 
vn -0.863498 -0.0519033 -0.501674 
vn -0.865027 -0.0519993 -0.499024 
vn -0.842369 -0.0503306 -0.536546 
vn -0.803443 -0.047491 -0.593484 
vn -0.788918 -0.0464291 -0.612742 
vn -0.787206 -0.0463284 -0.614947 
vn -0.686635 -0.0393782 -0.725935 
vn -0.724085 -0.0418995 -0.688437 
vn -0.688718 -0.0394977 -0.723953 
vn -0.56593 -0.0314685 -0.823853 
vn -0.665745 -0.0379808 -0.745212 
vn -0.424785 -0.0227459 -0.905008 
vn -0.56349 -0.0313133 -0.825529 
vn -0.552798 -0.0306526 -0.832752 
vn -0.563716 -0.0313454 -0.825374 
vn -0.422783 -0.0226387 -0.905948 
vn -0.381371 -0.02018 -0.924202 
vn -0.392493 -0.0208236 -0.919519 
vn -0.287287 -0.0147788 -0.95773 
vn -0.285772 -0.0147008 -0.958185 
vn -0.18507 -0.00922204 -0.982682 
vn -0.207621 -0.0104104 -0.978154 
vn -0.146786 -0.00723347 -0.989142 
vn -0.14596 -0.00719279 -0.989264 
vn -0.0299664 -0.00137607 -0.99955 
vn -0.0301395 -0.00138402 -0.999545 
vn -0.996024 -0.0629824 -0.0630039 
vn -0.137325 0.990526 4.01092e-16 
vn -0.12721 0.991876 4.01092e-16 
vn -0.121616 0.992577 4.01092e-16 
vn -0.123966 0.992287 4.01092e-16 
vn -0.120418 0.992723 4.01092e-16 
vn -0.120171 0.992753 4.01092e-16 
vn -0.118054 0.993007 4.01092e-16 
vn -0.11787 0.993029 4.01092e-16 
vn -0.11703 0.993128 4.01092e-16 
vn -0.116282 0.993216 4.01092e-16 
vn -0.111491 0.993765 4.01092e-16 
vn -0.113418 0.993547 4.01092e-16 
vn -0.113202 0.993572 4.01092e-16 
vn -0.114839 0.993384 4.01092e-16 
vn -0.110005 0.993931 4.01092e-16 
vn -0.110183 0.993911 4.01092e-16 
vn -0.107255 0.994232 4.01092e-16 
vn -0.109411 0.993997 4.01092e-16 
vn -0.10342 0.994638 4.01092e-16 
vn -0.10655 0.994307 4.01092e-16 
vn -0.107843 0.994168 4.01092e-16 
vn -0.106779 0.994283 4.01092e-16 
vn -0.105885 0.994378 4.01092e-16 
vn -0.123193 0.992383 4.01092e-16 
vn -0.105841 0.994383 4.01092e-16 
vn -0.101649 0.99482 4.01092e-16 
vn -0.0993243 0.995055 4.01092e-16 
vn -0.102484 0.994735 4.01092e-16 
vn -0.103746 0.994604 4.01092e-16 
vn -0.103828 0.994595 4.01092e-16 
vn -0.0966001 0.995323 4.01092e-16 
vn -0.0934257 0.995626 4.01092e-16 
vn -0.101423 0.994843 4.01092e-16 
vn -0.102063 0.994778 4.01092e-16 
vn -0.097467 0.995239 4.01092e-16 
vn -0.0922211 0.995739 4.01092e-16 
vn -0.0913732 0.995817 4.01092e-16 
vn -0.0994686 0.995041 4.01092e-16 
vn -0.100513 0.994936 4.01092e-16 
vn -0.0893196 0.996003 4.01092e-16 
vn -0.0977814 0.995208 4.01092e-16 
vn -0.0990616 0.995081 4.01092e-16 
vn -0.089266 0.996008 4.01092e-16 
vn -0.0976835 0.995218 4.01092e-16 
vn -0.0991749 0.99507 4.01092e-16 
vn -0.0875026 0.996164 4.01092e-16 
vn -0.0967367 0.99531 4.01092e-16 
vn -0.0867577 0.996229 4.01092e-16 
vn -0.0864282 0.996258 4.01092e-16 
vn -0.0962956 0.995353 4.01092e-16 
vn -0.0856125 0.996329 2.00546e-16 
vn -0.0957749 0.995403 4.01092e-16 
vn -0.0960554 0.995376 4.01092e-16 
vn -0.0858429 0.996309 2.00546e-16 
vn -0.0865717 0.996246 4.01092e-16 
vn -0.0962112 0.995361 4.01092e-16 
vn -0.0856403 0.996326 2.00546e-16 
vn -0.0866408 0.99624 4.01092e-16 
vn -0.0879452 0.996125 4.01092e-16 
vn -0.0971227 0.995272 4.01092e-16 
vn -0.0962853 0.995354 4.01092e-16 
vn -0.0973029 0.995255 4.01092e-16 
vn -0.0887523 0.996054 4.01092e-16 
vn -0.098155 0.995171 4.01092e-16 
vn -0.0894627 0.99599 4.01092e-16 
vn -0.0986844 0.995119 4.01092e-16 
vn -0.100193 0.994968 4.01092e-16 
vn -0.0992508 0.995062 4.01092e-16 
vn -0.0906805 0.99588 4.01092e-16 
vn -0.0913317 0.995821 4.01092e-16 
vn -0.0925935 0.995704 4.01092e-16 
vn -0.0939478 0.995577 4.01092e-16 
vn -0.101583 0.994827 4.01092e-16 
vn -0.100377 0.994949 4.01092e-16 
vn -0.0946193 0.995514 4.01092e-16 
vn -0.101811 0.994804 4.01092e-16 
vn -0.0967377 0.99531 4.01092e-16 
vn -0.102842 0.994698 4.01092e-16 
vn -0.0967828 0.995306 4.01092e-16 
vn -0.099073 0.99508 4.01092e-16 
vn -0.103663 0.994612 4.01092e-16 
vn -0.101883 0.994796 4.01092e-16 
vn -0.103634 0.994615 4.01092e-16 
vn -0.105855 0.994382 4.01092e-16 
vn -0.0999667 0.994991 4.01092e-16 
vn -0.104428 0.994532 4.01092e-16 
vn -0.104688 0.994505 4.01092e-16 
vn -0.107972 0.994154 4.01092e-16 
vn -0.108214 0.994128 4.01092e-16 
vn -0.10793 0.994158 4.01092e-16 
vn -0.106178 0.994347 4.01092e-16 
vn -0.110705 0.993853 4.01092e-16 
vn -0.110492 0.993877 4.01092e-16 
vn -0.113668 0.993519 4.01092e-16 
vn -0.114635 0.993408 4.01092e-16 
vn -0.115099 0.993354 4.01092e-16 
vn -0.111412 0.993774 4.01092e-16 
vn -0.114778 0.993391 4.01092e-16 
vn -0.118383 0.992968 4.01092e-16 
vn -0.116547 0.993185 4.01092e-16 
vn -0.120077 0.992765 4.01092e-16 
vn -0.122117 0.992516 4.01092e-16 
vn -0.11925 0.992864 4.01092e-16 
vn -0.12193 0.992539 4.01092e-16 
vn -0.123526 0.992341 4.01092e-16 
vn -0.119751 0.992804 4.01092e-16 
vn -0.124363 0.992237 4.01092e-16 
vn -0.137325 0.990526 4.01092e-16 
vn -0.12721 0.991876 4.01092e-16 
vn 0.021829 0.0024268 -0.999759 
vn 0.0217036 0.00241286 -0.999762 
vn 0.0780863 0.00855586 -0.99691 
vn 0.113433 0.0123475 -0.993469 
vn 0.129546 0.0140634 -0.991474 
vn 0.130282 0.0141433 -0.991376 
vn 0.264685 0.0282621 -0.963921 
vn 0.266106 0.0284138 -0.963525 
vn 0.279831 0.0298235 -0.959586 
vn 0.403849 0.042397 -0.913843 
vn 0.405795 0.0426013 -0.912971 
vn 0.290781 0.0309546 -0.956289 
vn 0.419687 0.0439752 -0.906603 
vn 0.536889 0.0554916 -0.841826 
vn 0.539083 0.0557183 -0.840408 
vn 0.465465 0.0485131 -0.883736 
vn 0.597447 0.0613762 -0.799556 
vn 0.633203 0.0648037 -0.771268 
vn 0.653471 0.0667132 -0.754006 
vn 0.655611 0.0669317 -0.752127 
vn 0.746518 0.0753913 -0.66108 
vn 0.757892 0.0764491 -0.647885 
vn 0.841677 0.0839091 -0.533422 
vn 0.843053 0.0840463 -0.531223 
vn 0.771177 0.0776575 -0.631867 
vn 0.756055 0.0762638 -0.65005 
vn 0.853746 0.084953 -0.513713 
vn 0.885017 0.0876048 -0.457242 
vn 0.875616 0.0868335 -0.475138 
vn 0.910391 0.089724 -0.403902 
vn 0.909532 0.0896392 -0.405853 
vn 0.954586 0.0931755 -0.282991 
vn 0.948514 0.0927332 -0.302857 
vn 0.958432 0.0934675 -0.269579 
vn 0.958028 0.0934281 -0.271023 
vn 0.979675 0.0949147 -0.176713 
vn 0.98479 0.0952375 -0.14532 
vn 0.995273 0.0957624 -0.0161849 
vn 0.995274 0.0957625 -0.0160919 
vn 0.986536 0.0953582 -0.132868 
vn 0.98467 0.0952259 -0.146142 
vn -0.12721 0.991876 3.98787e-16 
vn -0.121944 0.992537 3.98787e-16 
vn -0.122595 0.992457 3.98787e-16 
vn -0.119718 0.992808 3.98787e-16 
vn -0.116571 0.993182 3.98787e-16 
vn -0.117693 0.99305 3.98787e-16 
vn -0.113668 0.993519 3.98787e-16 
vn -0.114833 0.993385 3.98787e-16 
vn -0.108917 0.994051 3.98787e-16 
vn -0.110492 0.993877 3.98787e-16 
vn -0.107937 0.994158 3.98787e-16 
vn -0.104414 0.994534 3.98787e-16 
vn -0.105977 0.994369 3.98787e-16 
vn -0.106176 0.994347 3.98787e-16 
vn -0.102838 0.994698 3.98787e-16 
vn -0.104211 0.994555 3.98787e-16 
vn -0.1016 0.994825 3.98787e-16 
vn -0.102193 0.994765 3.98787e-16 
vn -0.100374 0.99495 3.98787e-16 
vn -0.100479 0.994939 3.98787e-16 
vn -0.0992227 0.995065 3.98787e-16 
vn -0.0981457 0.995172 3.98787e-16 
vn -0.0985052 0.995137 3.98787e-16 
vn -0.0990172 0.995086 3.98787e-16 
vn -0.0970763 0.995277 3.98787e-16 
vn -0.0971466 0.99527 3.98787e-16 
vn -0.1003 0.994957 3.98787e-16 
vn -0.0963488 0.995348 3.98787e-16 
vn -0.0964323 0.99534 3.98787e-16 
vn -0.0959225 0.995389 3.98787e-16 
vn -0.0957749 0.995403 3.98787e-16 
vn -0.0967565 0.995308 3.98787e-16 
vn -0.0959288 0.995388 3.98787e-16 
vn -0.103842 0.994594 3.98787e-16 
vn -0.097776 0.995208 3.98787e-16 
vn -0.0970496 0.99528 3.98787e-16 
vn -0.0991265 0.995075 3.98787e-16 
vn -0.0978536 0.995201 3.98787e-16 
vn -0.100474 0.99494 3.98787e-16 
vn -0.0997217 0.995015 3.98787e-16 
vn -0.102075 0.994777 3.98787e-16 
vn -0.100907 0.994896 3.98787e-16 
vn -0.103123 0.994669 3.98787e-16 
vn -0.105838 0.994383 3.98787e-16 
vn -0.104837 0.994489 3.98787e-16 
vn -0.107827 0.99417 3.98787e-16 
vn -0.10751 0.994204 3.98787e-16 
vn -0.110007 0.993931 3.98787e-16 
vn -0.109151 0.994025 3.98787e-16 
vn -0.113418 0.993547 3.98787e-16 
vn -0.113202 0.993572 3.98787e-16 
vn -0.118055 0.993007 3.98787e-16 
vn -0.117667 0.993053 3.98787e-16 
vn -0.121651 0.992573 3.98787e-16 
vn -0.121914 0.992541 3.98787e-16 
vn -0.12721 0.991876 3.98787e-16 
vn 0.995225 0.0957577 0.0189279 
vn 0.992964 0.0956834 0.0697664 
vn 0.992992 0.095686 0.0693674 
vn 0.99257 0.0956572 0.0752003 
vn 0.971133 0.0942796 0.219118 
vn 0.981952 0.0949991 0.163542 
vn 0.9714 0.0943055 0.217919 
vn 0.930589 0.09134 0.354487 
vn 0.956187 0.0932377 0.277512 
vn 0.926211 0.090987 0.36586 
vn 0.926923 0.0910568 0.364037 
vn 0.860796 0.0856756 0.501688 
vn 0.922112 0.090667 0.376151 
vn 0.859542 0.0855509 0.503853 
vn 0.819936 0.0821751 0.566526 
vn 0.834836 0.0834538 0.544137 
vn 0.853005 0.0850158 0.514932 
vn 0.776888 0.078437 0.624734 
vn 0.775136 0.0782601 0.626928 
vn 0.746226 0.0756854 0.661376 
vn 0.672282 0.0689477 0.737078 
vn 0.674385 0.0691633 0.735134 
vn 0.714419 0.0728341 0.695918 
vn 0.597293 0.061925 0.799629 
vn 0.557051 0.0581052 0.828443 
vn 0.549559 0.0573672 0.833483 
vn 0.55176 0.057597 0.832012 
vn 0.481587 0.0507676 0.874927 
vn 0.418582 0.0445406 0.907086 
vn 0.30027 0.0324703 0.953301 
vn 0.281377 0.0305169 0.959112 
vn 0.367308 0.0393608 0.929266 
vn 0.4166 0.0443296 0.908009 
vn 0.279888 0.0303555 0.959553 
vn 0.201265 0.0221003 0.979287 
vn 0.143913 0.0159272 0.989462 
vn 0.144727 0.0160173 0.989342 
vn 0.18169 0.019999 0.983152 
vn 0.0276047 0.00314512 0.999614 
vn 0.0277641 0.00316328 0.999609 
vn 0.995227 0.0957579 0.0188191 
vn -0.0165447 -0.00188501 0.999861 
vn -0.0164497 -0.00187418 0.999863 
vn -0.0181149 -0.0020679 0.999834 
vn -0.130138 -0.0154201 0.991376 
vn -0.108153 -0.0127447 0.994053 
vn -0.0362297 -0.00418828 0.999335 
vn -0.145435 -0.0172913 0.989217 
vn -0.144617 -0.0171941 0.989338 
vn -0.294352 -0.0360776 0.955016 
vn -0.240103 -0.0291246 0.97031 
vn -0.295903 -0.0362677 0.954529 
vn -0.420483 -0.0539278 0.905696 
vn -0.303823 -0.0373187 0.951997 
vn -0.418497 -0.0536732 0.906631 
vn -0.0182195 -0.00207985 0.999832 
vn -0.991876 -0.12721 0 
vn -0.171429 -0.0196151 -0.985001 
vn -0.0259418 -0.00288403 -0.999659 
vn -0.0260916 -0.00290069 -0.999655 
vn -0.304253 -0.035715 -0.951922 
vn -0.302667 -0.0355288 -0.952434 
vn -0.221328 -0.0255851 -0.974864 
vn -0.17239 -0.0197251 -0.984831 
vn -0.220812 -0.025513 -0.974983 
vn -0.409078 -0.0491332 -0.911175 
vn -0.424675 -0.0512311 -0.903895 
vn -0.349691 -0.0414444 -0.935948 
vn -0.426677 -0.0514727 -0.902938 
vn -0.489495 -0.060151 -0.869929 
vn -0.604226 -0.0774933 -0.793036 
vn -0.503661 -0.0622155 -0.861658 
vn -0.548189 -0.068708 -0.833527 
vn -0.528773 -0.0658213 -0.846207 
vn -0.487362 -0.0598888 -0.871144 
vn -0.606416 -0.0777741 -0.791335 
vn 0.0136261 0.999907 0 
vn 0.0604819 0.998169 -2.00546e-16 
vn 0.0598652 0.998206 -2.00546e-16 
vn 0.0137604 0.999905 0 
vn 0.0606794 0.998157 -2.00546e-16 
vn 0.0172958 0.99985 0 
vn 0.0203204 0.999794 0 
vn 0.063276 0.997996 -2.00546e-16 
vn 0.0620192 0.998075 -2.00546e-16 
vn 0.0167484 0.99986 0 
vn 0.0275232 0.999621 0 
vn 0.0668722 0.997762 -2.00546e-16 
vn 0.0643353 0.997928 -2.00546e-16 
vn 0.0213075 0.999773 0 
vn 0.0354748 0.999371 -2.00546e-16 
vn 0.0439128 0.999035 -2.00546e-16 
vn 0.071826 0.997417 -2.00546e-16 
vn 0.0711421 0.997466 -2.00546e-16 
vn 0.0351234 0.999383 -2.00546e-16 
vn 0.0674033 0.997726 -2.00546e-16 
vn 0.0281481 0.999604 0 
vn 0.0475548 0.998869 -2.00546e-16 
vn 0.0750047 0.997183 -2.00546e-16 
vn 0.0540712 0.998537 -2.00546e-16 
vn 0.0770821 0.997025 -2.00546e-16 
vn 0.0564129 0.998408 -2.00546e-16 
vn 0.0795074 0.996834 -2.00546e-16 
vn 0.0654397 0.997857 -2.00546e-16 
vn 0.0832996 0.996525 -2.00546e-16 
vn 0.0773985 0.997 -2.00546e-16 
vn 0.08168 0.996659 -2.00546e-16 
vn 0.0900783 0.995935 -4.01092e-16 
vn 0.0893073 0.996004 -4.01092e-16 
vn 0.072041 0.997402 -2.00546e-16 
vn 0.0842117 0.996448 -2.00546e-16 
vn 0.0907061 0.995878 -4.01092e-16 
vn 0.094799 0.995496 -4.01092e-16 
vn 0.0950709 0.995471 -4.01092e-16 
vn 0.0955168 0.995428 -4.01092e-16 
vn 0.106572 0.994305 -4.01092e-16 
vn 0.101436 0.994842 -4.01092e-16 
vn 0.108538 0.994092 -4.01092e-16 
vn 0.103182 0.994662 -4.01092e-16 
vn 0.122155 0.992511 -4.01092e-16 
vn 0.106497 0.994313 -4.01092e-16 
vn 0.10955 0.993981 -4.01092e-16 
vn 0.133976 0.990985 -4.01092e-16 
vn 0.111056 0.993814 -4.01092e-16 
vn 0.134563 0.990905 -4.01092e-16 
vn 0.11514 0.993349 -4.01092e-16 
vn 0.12294 0.992414 -4.01092e-16 
vn 0.145409 0.989372 -6.01638e-16 
vn 0.115205 0.993342 -4.01092e-16 
vn 0.119024 0.992891 -4.01092e-16 
vn 0.147305 0.989091 -6.01638e-16 
vn 0.120274 0.992741 -4.01092e-16 
vn 0.154757 0.987953 -6.01638e-16 
vn 0.122554 0.992462 -4.01092e-16 
vn 0.123092 0.992395 -4.01092e-16 
vn 0.12671 0.99194 -4.01092e-16 
vn 0.162563 0.986698 -6.01638e-16 
vn 0.165899 0.986143 -6.01638e-16 
vn 0.12535 0.992113 -4.01092e-16 
vn 0.156681 0.987649 -6.01638e-16 
vn 0.168829 0.985645 -6.01638e-16 
vn 0.127678 0.991816 -4.01092e-16 
vn 0.171101 0.985254 -6.01638e-16 
vn 0.173139 0.984897 -6.01638e-16 
vn 0.129209 0.991617 -4.01092e-16 
vn 0.17568 0.984447 -6.01638e-16 
vn 0.129382 0.991595 -4.01092e-16 
vn 0.176022 0.984386 -6.01638e-16 
vn 0.130491 0.99145 -4.01092e-16 
vn 0.130381 0.991464 -4.01092e-16 
vn 0.17727 0.984162 -6.01638e-16 
vn 0.130603 0.991435 -4.01092e-16 
vn 0.17647 0.984306 -6.01638e-16 
vn 0.12999 0.991515 -4.01092e-16 
vn 0.176338 0.98433 -6.01638e-16 
vn 0.129794 0.991541 -4.01092e-16 
vn 0.172857 0.984947 -6.01638e-16 
vn 0.169876 0.985465 -6.01638e-16 
vn 0.127214 0.991875 -4.01092e-16 
vn 0.128463 0.991714 -4.01092e-16 
vn 0.173396 0.984852 -6.01638e-16 
vn 0.162772 0.986664 -6.01638e-16 
vn 0.123638 0.992327 -4.01092e-16 
vn 0.126161 0.99201 -4.01092e-16 
vn 0.168903 0.985633 -6.01638e-16 
vn 0.154917 0.987927 -6.01638e-16 
vn 0.14657 0.9892 -6.01638e-16 
vn 0.118709 0.992929 -4.01092e-16 
vn 0.11939 0.992847 -4.01092e-16 
vn 0.155265 0.987873 -6.01638e-16 
vn 0.12311 0.992393 -4.01092e-16 
vn 0.162155 0.986765 -6.01638e-16 
vn 0.142962 0.989728 -4.01092e-16 
vn 0.115544 0.993302 -4.01092e-16 
vn 0.136502 0.99064 -4.01092e-16 
vn 0.113474 0.993541 -4.01092e-16 
vn 0.134177 0.990957 -4.01092e-16 
vn 0.111057 0.993814 -4.01092e-16 
vn 0.125211 0.99213 -4.01092e-16 
vn 0.107275 0.994229 -4.01092e-16 
vn 0.113307 0.99356 -4.01092e-16 
vn 0.109038 0.994038 -4.01092e-16 
vn 0.100507 0.994936 -4.01092e-16 
vn 0.101277 0.994858 -4.01092e-16 
vn 0.118642 0.992937 -4.01092e-16 
vn 0.106365 0.994327 -4.01092e-16 
vn 0.100028 0.994985 -4.01092e-16 
vn 0.0957892 0.995402 -4.01092e-16 
vn 0.0956648 0.995414 -4.01092e-16 
vn 0.0950717 0.99547 -4.01092e-16 
vn 0.0841514 0.996453 -2.00546e-16 
vn 0.089148 0.996018 -4.01092e-16 
vn 0.0821804 0.996617 -2.00546e-16 
vn 0.0873998 0.996173 -4.01092e-16 
vn 0.0685114 0.99765 -2.00546e-16 
vn 0.084079 0.996459 -2.00546e-16 
vn 0.0810179 0.996713 -2.00546e-16 
vn 0.0566159 0.998396 -2.00546e-16 
vn 0.0795077 0.996834 -2.00546e-16 
vn 0.0560242 0.998429 -2.00546e-16 
vn 0.07541 0.997153 -2.00546e-16 
vn 0.0677228 0.997704 -2.00546e-16 
vn 0.0450845 0.998983 -2.00546e-16 
vn 0.0753452 0.997158 -2.00546e-16 
vn 0.0715098 0.99744 -2.00546e-16 
vn 0.0431694 0.999068 -2.00546e-16 
vn 0.0702535 0.997529 -2.00546e-16 
vn 0.0356371 0.999365 -2.00546e-16 
vn 0.0679627 0.997688 -2.00546e-16 
vn 0.0674224 0.997725 -2.00546e-16 
vn 0.0637831 0.997964 -2.00546e-16 
vn 0.0277345 0.999615 0 
vn 0.0243543 0.999703 0 
vn 0.0651512 0.997875 -2.00546e-16 
vn 0.0336902 0.999432 -2.00546e-16 
vn 0.021383 0.999771 0 
vn 0.0628088 0.998026 -2.00546e-16 
vn 0.019078 0.999818 0 
vn 0.0170092 0.999855 0 
vn 0.0612685 0.998121 -2.00546e-16 
vn 0.0144289 0.999896 0 
vn 0.0610937 0.998132 -2.00546e-16 
vn 0.0140816 0.999901 0 
vn 0.0599779 0.9982 -2.00546e-16 
vn 0.0600884 0.998193 -2.00546e-16 
vn 0.0128142 0.999918 0 
vn 0.0598652 0.998206 -2.00546e-16 
vn 0.991435 -0.130603 0 
vn 0.080315 0.99677 -1.99394e-16 
vn 0.0795174 0.996833 -1.99394e-16 
vn 0.0759814 0.997109 -1.99394e-16 
vn 0.0753818 0.997155 -1.99394e-16 
vn 0.0840584 0.996461 -1.99394e-16 
vn 0.0817405 0.996654 -1.99394e-16 
vn 0.0891568 0.996018 -3.98787e-16 
vn 0.0865349 0.996249 -3.98787e-16 
vn 0.0957921 0.995401 -3.98787e-16 
vn 0.0950717 0.99547 -3.98787e-16 
vn 0.0714668 0.997443 -1.99394e-16 
vn 0.101267 0.994859 -3.98787e-16 
vn 0.0972901 0.995256 -3.98787e-16 
vn 0.106353 0.994328 -3.98787e-16 
vn 0.104407 0.994535 -3.98787e-16 
vn 0.111062 0.993813 -3.98787e-16 
vn 0.109311 0.994008 -3.98787e-16 
vn 0.115608 0.993295 -3.98787e-16 
vn 0.115144 0.993349 -3.98787e-16 
vn 0.123073 0.992398 -3.98787e-16 
vn 0.119652 0.992816 -3.98787e-16 
vn 0.119446 0.992841 -3.98787e-16 
vn 0.126156 0.99201 -3.98787e-16 
vn 0.124093 0.992271 -3.98787e-16 
vn 0.126265 0.991997 -3.98787e-16 
vn 0.128607 0.991696 -3.98787e-16 
vn 0.129996 0.991514 -3.98787e-16 
vn 0.12981 0.991539 -3.98787e-16 
vn 0.128969 0.991649 -3.98787e-16 
vn 0.130603 0.991435 -3.98787e-16 
vn 0.130267 0.991479 -3.98787e-16 
vn 0.129431 0.991588 -3.98787e-16 
vn 0.129904 0.991527 -3.98787e-16 
vn 0.127653 0.991819 -3.98787e-16 
vn 0.129087 0.991633 -3.98787e-16 
vn 0.125428 0.992103 -3.98787e-16 
vn 0.126331 0.991988 -3.98787e-16 
vn 0.122469 0.992472 -3.98787e-16 
vn 0.123985 0.992284 -3.98787e-16 
vn 0.119067 0.992886 -3.98787e-16 
vn 0.119619 0.99282 -3.98787e-16 
vn 0.115168 0.993346 -3.98787e-16 
vn 0.0709127 0.997483 -1.99394e-16 
vn 0.111047 0.993815 -3.98787e-16 
vn 0.114571 0.993415 -3.98787e-16 
vn 0.106517 0.994311 -3.98787e-16 
vn 0.10883 0.99406 -3.98787e-16 
vn 0.101428 0.994843 -3.98787e-16 
vn 0.104046 0.994572 -3.98787e-16 
vn 0.0947962 0.995497 -3.98787e-16 
vn 0.0955168 0.995428 -3.98787e-16 
vn 0.089318 0.996003 -3.98787e-16 
vn 0.093298 0.995638 -3.98787e-16 
vn 0.084223 0.996447 -1.99394e-16 
vn 0.0861732 0.99628 -3.98787e-16 
vn 0.0795022 0.996835 -1.99394e-16 
vn 0.0812583 0.996693 -1.99394e-16 
vn 0.0749401 0.997188 -1.99394e-16 
vn 0.0754067 0.997153 -1.99394e-16 
vn 0.0710858 0.99747 -1.99394e-16 
vn 0.0674401 0.997723 -1.99394e-16 
vn 0.0708787 0.997485 -1.99394e-16 
vn 0.0643404 0.997928 -1.99394e-16 
vn 0.066415 0.997792 -1.99394e-16 
vn 0.0642308 0.997935 -1.99394e-16 
vn 0.0604755 0.99817 -1.99394e-16 
vn 0.0606626 0.998158 -1.99394e-16 
vn 0.0615102 0.998106 -1.99394e-16 
vn 0.0618735 0.998084 -1.99394e-16 
vn 0.0641258 0.997942 -1.99394e-16 
vn 0.0598652 0.998206 -1.99394e-16 
vn 0.0602029 0.998186 -1.99394e-16 
vn 0.0680477 0.997682 -1.99394e-16 
vn 0.0610445 0.998135 -1.99394e-16 
vn 0.0605684 0.998164 -1.99394e-16 
vn 0.062834 0.998024 -1.99394e-16 
vn 0.0613909 0.998114 -1.99394e-16 
vn 0.0650721 0.997881 -1.99394e-16 
vn 0.0641642 0.997939 -1.99394e-16 
vn 0.0665237 0.997785 -1.99394e-16 
vn 0.991427 -0.130601 0.003988 
vn 0.987871 -0.129966 0.0849728 
vn 0.989063 -0.130177 0.0693455 
vn 0.987912 -0.129972 0.0844879 
vn 0.975439 -0.127797 0.179405 
vn 0.965148 -0.126019 0.229366 
vn 0.964854 -0.125981 0.230621 
vn 0.955273 -0.124354 0.268309 
vn 0.958693 -0.124919 0.255546 
vn 0.924247 -0.119123 0.362736 
vn 0.923543 -0.119033 0.364555 
vn 0.883325 -0.112493 0.455063 
vn 0.894692 -0.114288 0.431815 
vn 0.860962 -0.108903 0.496874 
vn 0.859733 -0.108747 0.499032 
vn 0.816336 -0.102001 0.5685 
vn 0.791832 -0.0982148 0.60279 
vn 0.775319 -0.0957655 0.624267 
vn 0.777056 -0.0959801 0.62207 
vn 0.687871 -0.0828773 0.721086 
vn 0.709085 -0.0859084 0.69987 
vn 0.674659 -0.0809318 0.733679 
vn 0.672563 -0.0806804 0.735628 
vn 0.550704 -0.063872 0.832253 
vn 0.552903 -0.064127 0.830774 
vn 0.426006 -0.0476299 0.903466 
vn 0.550698 -0.0638319 0.83226 
vn 0.530654 -0.0612007 0.845376 
vn 0.424004 -0.0474061 0.904419 
vn 0.356454 -0.0390248 0.933497 
vn 0.379418 -0.041817 0.92428 
vn 0.290247 -0.031101 0.956446 
vn 0.288719 -0.0309373 0.956914 
vn 0.217528 -0.0227564 0.975789 
vn 0.147125 -0.0150031 0.989004 
vn 0.147956 -0.0150879 0.988879 
vn 0.194734 -0.0202009 0.980648 
vn 0.00303801 -0.000291514 0.999995 
vn 0.00305557 -0.000293199 0.999995 
vn 0.991427 -0.130601 0.00396508 
vn -0.0213189 0.00203008 0.999771 
vn -0.0214421 0.00204181 0.999768 
vn -0.00356565 0.000342144 0.999994 
vn -0.146372 0.0132387 0.989141 
vn -0.0593138 0.00555811 0.998224 
vn -0.167513 0.0150172 0.985756 
vn -0.168454 0.0151015 0.985594 
vn -0.256822 0.0222138 0.966203 
vn -0.316683 0.0267569 0.948154 
vn -0.343139 0.028683 0.938847 
vn -0.315046 0.0266185 0.948703 
vn -0.401814 0.0327591 0.915135 
vn -0.457324 0.0364422 0.888553 
vn -0.455245 0.0362766 0.889627 
vn -0.57407 0.0434123 0.817654 
vn -0.525753 0.0406471 0.849665 
vn -0.591264 0.044416 0.805254 
vn -0.589054 0.04425 0.806881 
vn -0.700569 0.0499167 0.711837 
vn -0.6813 0.0490618 0.730358 
vn -0.702612 0.0500623 0.70981 
vn -0.804473 0.0543014 0.591502 
vn -0.705967 0.0501642 0.706465 
vn -0.889344 0.0572186 0.453645 
vn -0.817746 0.0548071 0.572964 
vn -0.828903 0.0551734 0.556665 
vn -0.802847 0.0541916 0.593718 
vn -0.884691 0.0570395 0.462676 
vn -0.888285 0.0571505 0.455723 
vn -0.949905 0.0588142 0.306956 
vn -0.950418 0.058846 0.305356 
vn -0.913457 0.057916 0.402793 
vn -0.978479 0.0594831 0.197586 
vn -0.957382 0.0590005 0.282733 
vn -0.987032 0.0596595 0.149024 
vn -0.978679 0.0594788 0.196593 
vn -0.986905 0.0596519 0.149866 
vn -0.998201 0.0598649 0.00328457 
vn -0.998201 0.0598649 0.00326569 
vn -0.00354516 0.000340177 0.999994 
vn -0.998206 0.0598652 0 
vn -0.998199 0.0598648 -0.00398791 
vn -0.994586 0.0598137 -0.0849774 
vn -0.995795 0.0598334 -0.0693719 
vn -0.994627 0.0598162 -0.0844925 
vn -0.981966 0.0595854 -0.179425 
vn -0.971527 0.0593782 -0.229369 
vn -0.97123 0.0593601 -0.230625 
vn -0.961512 0.0591397 -0.268322 
vn -0.964975 0.0592338 -0.255569 
vn -0.93006 0.0583888 -0.362738 
vn -0.929352 0.0583443 -0.364556 
vn -0.888618 0.0571352 -0.455076 
vn -0.900116 0.0575293 -0.431835 
vn -0.865986 0.0564173 -0.496875 
vn -0.86475 0.0563368 -0.499033 
vn -0.820853 0.0547274 -0.568511 
vn -0.796071 0.0537954 -0.602808 
vn -0.779406 0.0530678 -0.624268 
vn -0.781152 0.0531867 -0.622071 
vn -0.691092 0.0491309 -0.721095 
vn -0.712505 0.0501799 -0.699871 
vn -0.67776 0.0485348 -0.73368 
vn -0.675655 0.048384 -0.735629 
vn -0.552819 0.0417678 -0.832254 
vn -0.555026 0.0419346 -0.830775 
vn -0.427304 0.0340571 -0.903466 
vn -0.552805 0.0418061 -0.832261 
vn -0.532613 0.040586 -0.845385 
vn -0.425296 0.0338971 -0.904419 
vn -0.357368 0.0293095 -0.933504 
vn -0.380458 0.0309256 -0.924281 
vn -0.290875 0.0245296 -0.956447 
vn -0.289345 0.0244005 -0.956914 
vn -0.217881 0.0189253 -0.975792 
vn -0.147298 0.0131819 -0.989004 
vn -0.148131 0.0132564 -0.988879 
vn -0.195029 0.017111 -0.980648 
vn -0.00303805 0.000290147 -0.999995 
vn -0.00305561 0.000291824 -0.999995 
vn -0.998199 0.0598648 -0.00396499 
vn 0.0213124 -0.002051 -0.999771 
vn 0.0214355 -0.00206285 -0.999768 
vn 0.00356579 -0.000340548 -0.999994 
vn 0.146222 -0.0147711 -0.989142 
vn 0.059293 -0.00579612 -0.998224 
vn 0.167315 -0.0170358 -0.985756 
vn 0.168254 -0.0171315 -0.985595 
vn 0.256374 -0.0269144 -0.966203 
vn 0.316003 -0.03381 -0.948155 
vn 0.342345 -0.0369382 -0.938848 
vn 0.314369 -0.0336351 -0.948705 
vn 0.400733 -0.0440687 -0.915134 
vn 0.455928 -0.050983 -0.888555 
vn 0.453855 -0.0507513 -0.889629 
vn 0.571882 -0.0662894 -0.817653 
vn 0.523913 -0.0598371 -0.849668 
vn 0.588948 -0.0685653 -0.805257 
vn 0.586747 -0.068309 -0.806884 
vn 0.697311 -0.0839018 -0.711841 
vn 0.678232 -0.0810857 -0.730361 
vn 0.699345 -0.0841465 -0.709814 
vn 0.800161 -0.0993096 -0.591506 
vn 0.702667 -0.0846842 -0.706461 
vn 0.884045 -0.112547 -0.453648 
vn 0.81329 -0.101331 -0.572967 
vn 0.824319 -0.103089 -0.55666 
vn 0.798543 -0.0991088 -0.593722 
vn 0.879448 -0.111841 -0.46267 
vn 0.882993 -0.112413 -0.455727 
vn 0.943811 -0.122471 -0.306957 
vn 0.944321 -0.122537 -0.305358 
vn 0.907853 -0.116437 -0.402796 
vn 0.971993 -0.127235 -0.197586 
vn 0.95119 -0.123707 -0.282726 
vn 0.980425 -0.128684 -0.149024 
vn 0.972189 -0.127277 -0.196593 
vn 0.980298 -0.128668 -0.149866 
vn 0.991429 -0.130602 -0.00328451 
vn 0.99143 -0.130602 -0.00326563 
vn 0.0035453 -0.000338591 -0.999994 
vn -0.255735 0.966747 8.02184e-16 
vn -0.209992 0.977703 8.02184e-16 
vn -0.210596 0.977573 8.02184e-16 
vn -0.255606 0.966781 8.02184e-16 
vn -0.209799 0.977745 8.02184e-16 
vn -0.252186 0.967679 8.02184e-16 
vn -0.249257 0.968437 8.02184e-16 
vn -0.207254 0.978287 8.02184e-16 
vn -0.208486 0.978025 8.02184e-16 
vn -0.252715 0.967541 8.02184e-16 
vn -0.242273 0.970208 8.02184e-16 
vn -0.203727 0.979028 8.02184e-16 
vn -0.206216 0.978507 8.02184e-16 
vn -0.248301 0.968683 8.02184e-16 
vn -0.234547 0.972105 8.02184e-16 
vn -0.226329 0.974051 8.02184e-16 
vn -0.198863 0.980027 6.01638e-16 
vn -0.199535 0.979891 6.01638e-16 
vn -0.234889 0.972022 8.02184e-16 
vn -0.203206 0.979136 8.02184e-16 
vn -0.241667 0.970359 8.02184e-16 
vn -0.222777 0.974869 8.02184e-16 
vn -0.195739 0.980656 6.01638e-16 
vn -0.21641 0.976303 8.02184e-16 
vn -0.193695 0.981062 6.01638e-16 
vn -0.214121 0.976807 8.02184e-16 
vn -0.191308 0.98153 6.01638e-16 
vn -0.205277 0.978704 8.02184e-16 
vn -0.198798 0.98004 6.01638e-16 
vn -0.187572 0.982251 6.01638e-16 
vn -0.193528 0.981095 6.01638e-16 
vn -0.189314 0.981917 6.01638e-16 
vn -0.180884 0.983504 6.01638e-16 
vn -0.181646 0.983364 6.01638e-16 
vn -0.186673 0.982422 6.01638e-16 
vn -0.180409 0.983592 6.01638e-16 
vn -0.17622 0.984351 6.01638e-16 
vn -0.176097 0.984373 6.01638e-16 
vn -0.17551 0.984478 6.01638e-16 
vn -0.164706 0.986343 6.01638e-16 
vn -0.169718 0.985493 6.01638e-16 
vn -0.162755 0.986667 6.01638e-16 
vn -0.168003 0.985786 6.01638e-16 
vn -0.149215 0.988805 6.01638e-16 
vn -0.164709 0.986342 6.01638e-16 
vn -0.161731 0.986835 6.01638e-16 
vn -0.137419 0.990513 4.01092e-16 
vn -0.160235 0.987079 6.01638e-16 
vn -0.136832 0.990594 4.01092e-16 
vn -0.156197 0.987726 6.01638e-16 
vn -0.148433 0.988923 6.01638e-16 
vn -0.125973 0.992034 4.01092e-16 
vn -0.155737 0.987799 6.01638e-16 
vn -0.15194 0.98839 6.01638e-16 
vn -0.124071 0.992273 4.01092e-16 
vn -0.151103 0.988518 6.01638e-16 
vn -0.116588 0.99318 4.01092e-16 
vn -0.148883 0.988855 6.01638e-16 
vn -0.14805 0.98898 6.01638e-16 
vn -0.144499 0.989505 6.01638e-16 
vn -0.108731 0.994071 4.01092e-16 
vn -0.105369 0.994433 4.01092e-16 
vn -0.146073 0.989274 6.01638e-16 
vn -0.114653 0.993406 4.01092e-16 
vn -0.102413 0.994742 4.01092e-16 
vn -0.143721 0.989618 6.01638e-16 
vn -0.10012 0.994975 4.01092e-16 
vn -0.0980607 0.99518 4.01092e-16 
vn -0.142073 0.989856 4.01092e-16 
vn -0.0954922 0.99543 4.01092e-16 
vn -0.141984 0.989869 4.01092e-16 
vn -0.0951465 0.995463 4.01092e-16 
vn -0.141055 0.990002 4.01092e-16 
vn -0.140867 0.990028 4.01092e-16 
vn -0.0938846 0.995583 4.01092e-16 
vn -0.140789 0.99004 4.01092e-16 
vn -0.094693 0.995507 4.01092e-16 
vn -0.1414 0.989953 4.01092e-16 
vn -0.0948267 0.995494 4.01092e-16 
vn -0.141596 0.989925 4.01092e-16 
vn -0.098346 0.995152 4.01092e-16 
vn -0.101356 0.99485 4.01092e-16 
vn -0.144171 0.989553 6.01638e-16 
vn -0.142925 0.989734 4.01092e-16 
vn -0.0978011 0.995206 4.01092e-16 
vn -0.108521 0.994094 4.01092e-16 
vn -0.147736 0.989027 6.01638e-16 
vn -0.145221 0.989399 6.01638e-16 
vn -0.102338 0.99475 4.01092e-16 
vn -0.116426 0.993199 4.01092e-16 
vn -0.12481 0.992181 4.01092e-16 
vn -0.152646 0.988281 6.01638e-16 
vn -0.151968 0.988385 6.01638e-16 
vn -0.116077 0.99324 4.01092e-16 
vn -0.148263 0.988948 6.01638e-16 
vn -0.109143 0.994026 4.01092e-16 
vn -0.128426 0.991719 4.01092e-16 
vn -0.155795 0.987789 6.01638e-16 
vn -0.134894 0.99086 4.01092e-16 
vn -0.157852 0.987463 6.01638e-16 
vn -0.137217 0.990541 4.01092e-16 
vn -0.160254 0.987076 6.01638e-16 
vn -0.14617 0.989259 6.01638e-16 
vn -0.164009 0.986459 6.01638e-16 
vn -0.15802 0.987436 6.01638e-16 
vn -0.162259 0.986748 6.01638e-16 
vn -0.170717 0.98532 6.01638e-16 
vn -0.169954 0.985452 6.01638e-16 
vn -0.152712 0.988271 6.01638e-16 
vn -0.164912 0.986308 6.01638e-16 
vn -0.171193 0.985237 6.01638e-16 
vn -0.175387 0.9845 6.01638e-16 
vn -0.17551 0.984478 6.01638e-16 
vn -0.176096 0.984373 6.01638e-16 
vn -0.186879 0.982383 6.01638e-16 
vn -0.181937 0.98331 6.01638e-16 
vn -0.188821 0.982011 6.01638e-16 
vn -0.183655 0.982991 6.01638e-16 
vn -0.202264 0.979331 8.02184e-16 
vn -0.186915 0.982376 6.01638e-16 
vn -0.189908 0.981802 6.01638e-16 
vn -0.213922 0.976851 8.02184e-16 
vn -0.191387 0.981515 6.01638e-16 
vn -0.214501 0.976724 8.02184e-16 
vn -0.195388 0.980726 6.01638e-16 
vn -0.203039 0.979171 8.02184e-16 
vn -0.225187 0.974316 8.02184e-16 
vn -0.195453 0.980713 6.01638e-16 
vn -0.199195 0.97996 6.01638e-16 
vn -0.227054 0.973882 8.02184e-16 
vn -0.20042 0.97971 6.01638e-16 
vn -0.234389 0.972143 8.02184e-16 
vn -0.202636 0.979254 8.02184e-16 
vn -0.203449 0.979085 8.02184e-16 
vn -0.206935 0.978355 8.02184e-16 
vn -0.242068 0.970259 8.02184e-16 
vn -0.245348 0.969435 8.02184e-16 
vn -0.205386 0.978681 8.02184e-16 
vn -0.236282 0.971684 8.02184e-16 
vn -0.248228 0.968702 8.02184e-16 
vn -0.207698 0.978193 8.02184e-16 
vn -0.25046 0.968127 8.02184e-16 
vn -0.252463 0.967607 8.02184e-16 
vn -0.209321 0.977847 8.02184e-16 
vn -0.254959 0.966952 8.02184e-16 
vn -0.209408 0.977828 8.02184e-16 
vn -0.255295 0.966863 8.02184e-16 
vn -0.210329 0.977631 8.02184e-16 
vn -0.210515 0.977591 8.02184e-16 
vn -0.25652 0.966539 8.02184e-16 
vn -0.210596 0.977573 8.02184e-16 
vn 0.99004 0.140789 0 
vn -0.151897 0.988396 5.98181e-16 
vn -0.191377 0.981517 5.98181e-16 
vn -0.194916 0.98082 5.98181e-16 
vn -0.195422 0.980719 5.98181e-16 
vn -0.186929 0.982374 5.98181e-16 
vn -0.189253 0.981928 5.98181e-16 
vn -0.181936 0.98331 5.98181e-16 
vn -0.183837 0.982957 5.98181e-16 
vn -0.175384 0.9845 5.98181e-16 
vn -0.176096 0.984373 5.98181e-16 
vn -0.169965 0.98545 5.98181e-16 
vn -0.173902 0.984763 5.98181e-16 
vn -0.164923 0.986306 5.98181e-16 
vn -0.166853 0.985982 5.98181e-16 
vn -0.160249 0.987077 5.98181e-16 
vn -0.161988 0.986793 5.98181e-16 
vn -0.155731 0.9878 5.98181e-16 
vn -0.156193 0.987727 5.98181e-16 
vn -0.148299 0.988943 5.98181e-16 
vn -0.151707 0.988426 5.98181e-16 
vn -0.151912 0.988394 5.98181e-16 
vn -0.145226 0.989398 5.98181e-16 
vn -0.147283 0.989094 5.98181e-16 
vn -0.145118 0.989414 5.98181e-16 
vn -0.14278 0.989754 5.98181e-16 
vn -0.146935 0.989146 5.98181e-16 
vn -0.141394 0.989953 3.98787e-16 
vn -0.141579 0.989927 3.98787e-16 
vn -0.14242 0.989806 3.98787e-16 
vn -0.140789 0.99004 3.98787e-16 
vn -0.141121 0.989992 3.98787e-16 
vn -0.141969 0.989871 3.98787e-16 
vn -0.141456 0.989944 3.98787e-16 
vn -0.143757 0.989613 5.98181e-16 
vn -0.142254 0.98983 3.98787e-16 
vn -0.145988 0.989286 5.98181e-16 
vn -0.144981 0.989434 5.98181e-16 
vn -0.148955 0.988844 5.98181e-16 
vn -0.147301 0.989092 5.98181e-16 
vn -0.151636 0.988436 5.98181e-16 
vn -0.199883 0.97982 7.97574e-16 
vn -0.202567 0.979268 7.97574e-16 
vn -0.199229 0.979953 5.98181e-16 
vn -0.160211 0.987083 5.98181e-16 
vn -0.156044 0.98775 5.98181e-16 
vn -0.164719 0.986341 5.98181e-16 
vn -0.161014 0.986952 5.98181e-16 
vn -0.16972 0.985492 5.98181e-16 
vn -0.167758 0.985828 5.98181e-16 
vn -0.176222 0.98435 5.98181e-16 
vn -0.17551 0.984478 5.98181e-16 
vn -0.181635 0.983366 5.98181e-16 
vn -0.177704 0.984084 5.98181e-16 
vn -0.186662 0.982424 5.98181e-16 
vn -0.184739 0.982788 5.98181e-16 
vn -0.191313 0.981529 5.98181e-16 
vn -0.189584 0.981865 5.98181e-16 
vn -0.195802 0.980643 5.98181e-16 
vn -0.195344 0.980735 5.98181e-16 
vn -0.199591 0.979879 5.98181e-16 
vn -0.204797 0.978804 7.97574e-16 
vn -0.20317 0.979143 7.97574e-16 
vn -0.199794 0.979838 5.98181e-16 
vn -0.206211 0.978508 7.97574e-16 
vn -0.204176 0.978934 7.97574e-16 
vn -0.206318 0.978485 7.97574e-16 
vn -0.209999 0.977702 7.97574e-16 
vn -0.209815 0.977741 7.97574e-16 
vn -0.208985 0.977919 7.97574e-16 
vn -0.208629 0.977995 7.97574e-16 
vn -0.210596 0.977573 7.97574e-16 
vn -0.210256 0.977646 7.97574e-16 
vn -0.209423 0.977825 7.97574e-16 
vn -0.20991 0.977721 7.97574e-16 
vn -0.20766 0.978201 7.97574e-16 
vn -0.209133 0.977887 7.97574e-16 
vn -0.20547 0.978663 7.97574e-16 
vn -0.206433 0.978461 7.97574e-16 
vn -0.204154 0.978939 7.97574e-16 
vn -0.155722 0.987801 5.98181e-16 
vn 0.990032 0.140787 0.00398289 
vn 0.986326 0.140432 0.0862506 
vn 0.988356 0.14063 0.0580948 
vn 0.986368 0.140438 0.0857586 
vn 0.974605 0.139264 0.175361 
vn 0.963187 0.138105 0.230649 
vn 0.921752 0.133732 0.36399 
vn 0.9597 0.137744 0.244954 
vn 0.954783 0.137217 0.263743 
vn 0.96289 0.138063 0.23191 
vn 0.921045 0.13363 0.365813 
vn 0.883197 0.129414 0.450794 
vn 0.897368 0.131044 0.421376 
vn 0.857813 0.12653 0.498144 
vn 0.856582 0.126349 0.500304 
vn 0.81665 0.12162 0.564173 
vn 0.796263 0.1192 0.59309 
vn 0.771518 0.116121 0.625521 
vn 0.773254 0.116382 0.623325 
vn 0.688463 0.105617 0.71754 
vn 0.706129 0.107938 0.699808 
vn 0.683304 0.104998 0.722545 
vn 0.681245 0.104681 0.724532 
vn 0.561356 0.0884824 0.822831 
vn 0.563546 0.0888277 0.821295 
vn 0.550484 0.0869649 0.830304 
vn 0.4216 0.0684145 0.904198 
vn 0.423589 0.0687373 0.903243 
vn 0.54781 0.0866298 0.832106 
vn 0.396387 0.0646677 0.915803 
vn 0.286789 0.0478772 0.956797 
vn 0.288306 0.0481304 0.956328 
vn 0.37693 0.0617747 0.924179 
vn 0.198842 0.0338368 0.979447 
vn 0.145802 0.0251075 0.988995 
vn 0.146626 0.0252494 0.98887 
vn 0.193089 0.0329074 0.980629 
vn 0.00302503 0.000539294 0.999995 
vn 0.00304252 0.000542412 0.999995 
vn 0.990032 0.140787 0.00396 
vn -0.0210774 -0.00377336 0.999771 
vn -0.0211991 -0.00379516 0.999768 
vn -0.00352642 -0.000628681 0.999994 
vn -0.144544 -0.0265843 0.989141 
vn -0.0586246 -0.0105863 0.998224 
vn -0.165383 -0.0305524 0.985756 
vn -0.166312 -0.030724 0.985594 
vn -0.253343 -0.047622 0.966204 
vn -0.31222 -0.0593326 0.948155 
vn -0.338222 -0.0645874 0.938847 
vn -0.310606 -0.0590258 0.948704 
vn -0.395836 -0.0764301 0.915135 
vn -0.45029 -0.0877995 0.888555 
vn -0.448243 -0.0874004 0.889629 
vn -0.564618 -0.112461 0.817655 
vn -0.517333 -0.102139 0.849667 
vn -0.581446 -0.116114 0.805256 
vn -0.579273 -0.11568 0.806884 
vn -0.688208 -0.140191 0.71184 
vn -0.66942 -0.135836 0.73036 
vn -0.690215 -0.140599 0.709814 
vn -0.789469 -0.163891 0.591505 
vn -0.693483 -0.141405 0.70646 
vn -0.872003 -0.183889 0.453647 
vn -0.802391 -0.166971 0.572966 
vn -0.813241 -0.169618 0.556659 
vn -0.787873 -0.163559 0.593721 
vn -0.867477 -0.182812 0.46267 
vn -0.870964 -0.18367 0.455726 
vn -0.930766 -0.198628 0.306956 
vn -0.931269 -0.198735 0.305357 
vn -0.895417 -0.189698 0.402795 
vn -0.958469 -0.205663 0.197586 
vn -0.93802 -0.200459 0.282727 
vn -0.966755 -0.207791 0.149024 
vn -0.958661 -0.205721 0.196593 
vn -0.96663 -0.207765 0.149866 
vn -0.977568 -0.210595 0.00328449 
vn -0.977568 -0.210595 0.00326561 
vn -0.00350616 -0.000625068 0.999994 
vn -0.977573 -0.210596 0 
vn -0.977566 -0.210595 -0.00393967 
vn -0.973905 -0.209627 -0.0869806 
vn -0.975879 -0.210146 -0.059157 
vn -0.973947 -0.209636 -0.0864845 
vn -0.962052 -0.206546 -0.17831 
vn -0.951416 -0.203803 -0.230808 
vn -0.911271 -0.193622 -0.36345 
vn -0.948062 -0.202945 -0.244932 
vn -0.943066 -0.201686 -0.26448 
vn -0.951122 -0.20374 -0.232071 
vn -0.910574 -0.193474 -0.365272 
vn -0.872994 -0.184182 -0.451619 
vn -0.887591 -0.187737 -0.420638 
vn -0.848971 -0.178297 -0.497452 
vn -0.847756 -0.178042 -0.499611 
vn -0.808022 -0.16851 -0.56454 
vn -0.764933 -0.158327 -0.624347 
vn -0.766648 -0.158682 -0.62215 
vn -0.788999 -0.16395 -0.592115 
vn -0.682041 -0.139136 -0.717956 
vn -0.699775 -0.143153 -0.699873 
vn -0.665863 -0.135406 -0.733683 
vn -0.663795 -0.134985 -0.735632 
vn -0.543625 -0.108346 -0.832306 
vn -0.545796 -0.108779 -0.830827 
vn -0.420649 -0.0820479 -0.903506 
vn -0.543569 -0.108294 -0.832349 
vn -0.526487 -0.104628 -0.84372 
vn -0.418673 -0.0816623 -0.904458 
vn -0.353516 -0.0681353 -0.932944 
vn -0.374627 -0.0724634 -0.92434 
vn -0.286702 -0.0545641 -0.956465 
vn -0.285193 -0.054277 -0.956932 
vn -0.196331 -0.0367189 -0.97985 
vn -0.145384 -0.0269017 -0.989009 
vn -0.146206 -0.0270538 -0.988884 
vn -0.192383 -0.0359436 -0.980661 
vn -0.00300407 -0.000537404 -0.999995 
vn -0.00302144 -0.00054051 -0.999995 
vn -0.977566 -0.210595 -0.00391703 
vn 0.0210812 0.00375551 -0.999771 
vn 0.021203 0.00377721 -0.999768 
vn 0.00352598 0.000630769 -0.999994 
vn 0.144812 0.0250903 -0.989141 
vn 0.0586712 0.0103609 -0.998224 
vn 0.165736 0.0285804 -0.985756 
vn 0.166667 0.0287409 -0.985594 
vn 0.254173 0.0430124 -0.966202 
vn 0.313458 0.0524037 -0.948155 
vn 0.339672 0.0564738 -0.938847 
vn 0.311837 0.0521328 -0.948704 
vn 0.397824 0.0653051 -0.915135 
vn 0.452845 0.0734864 -0.888555 
vn 0.450787 0.0731523 -0.889629 
vn 0.568645 0.0899219 -0.817654 
vn 0.520708 0.0832385 -0.849668 
vn 0.585694 0.0923187 -0.805257 
vn 0.583505 0.0919736 -0.806885 
vn 0.694191 0.106684 -0.711841 
vn 0.675057 0.104266 -0.730361 
vn 0.696215 0.106995 -0.709814 
vn 0.797396 0.119499 -0.591506 
vn 0.699557 0.10737 -0.706464 
vn 0.88175 0.129304 -0.453649 
vn 0.810585 0.121081 -0.572967 
vn 0.821679 0.122354 -0.556663 
vn 0.795784 0.119257 -0.593722 
vn 0.877132 0.128747 -0.46267 
vn 0.8807 0.12915 -0.455728 
vn 0.941983 0.135816 -0.306957 
vn 0.942492 0.135889 -0.305358 
vn 0.905727 0.131958 -0.402796 
vn 0.970409 0.138805 -0.197586 
vn 0.949423 0.136609 -0.282727 
vn 0.978919 0.139675 -0.149024 
vn 0.970609 0.138817 -0.196593 
vn 0.978793 0.139658 -0.149866 
vn 0.990034 0.140788 -0.00328451 
vn 0.990034 0.140788 -0.00326563 
vn 0.00350571 0.000627144 -0.999994 
vn -0.370197 0.928953 1.20328e-15 
vn -0.349762 0.936838 1.20328e-15 
vn -0.34641 0.938083 1.20328e-15 
vn -0.337085 0.941474 1.20328e-15 
vn -0.338402 0.941002 1.20328e-15 
vn -0.329625 0.944112 1.20328e-15 
vn -0.336187 0.941795 1.20328e-15 
vn -0.347947 0.937514 1.20328e-15 
vn -0.316868 0.94847 1.20328e-15 
vn -0.332149 0.943227 1.20328e-15 
vn -0.3145 0.949258 1.00273e-15 
vn -0.328536 0.944491 1.20328e-15 
vn -0.30174 0.95339 1.00273e-15 
vn -0.32681 0.94509 1.20328e-15 
vn -0.322393 0.946606 1.20328e-15 
vn -0.300548 0.953767 1.00273e-15 
vn -0.317195 0.94836 1.20328e-15 
vn -0.291387 0.956605 1.00273e-15 
vn -0.287478 0.957787 1.00273e-15 
vn -0.322298 0.946638 1.20328e-15 
vn -0.318249 0.948007 1.20328e-15 
vn -0.28168 0.959509 1.00273e-15 
vn -0.31522 0.949019 1.00273e-15 
vn -0.274888 0.961476 1.00273e-15 
vn -0.313461 0.949601 1.00273e-15 
vn -0.280207 0.95994 1.00273e-15 
vn -0.271416 0.962462 1.00273e-15 
vn -0.31256 0.949898 1.00273e-15 
vn -0.268795 0.963198 1.00273e-15 
vn -0.310554 0.950556 1.00273e-15 
vn -0.264329 0.964432 1.00273e-15 
vn -0.26085 0.965379 1.00273e-15 
vn -0.309104 0.951028 1.00273e-15 
vn -0.308771 0.951136 1.00273e-15 
vn -0.310461 0.950586 1.00273e-15 
vn -0.265729 0.964048 1.00273e-15 
vn -0.308116 0.951349 1.00273e-15 
vn -0.262175 0.96502 1.00273e-15 
vn -0.262489 0.964935 1.00273e-15 
vn -0.26497 0.964257 1.00273e-15 
vn -0.259684 0.965694 1.00273e-15 
vn -0.258536 0.966002 1.00273e-15 
vn -0.259195 0.965825 1.00273e-15 
vn -0.259104 0.965849 1.00273e-15 
vn -0.258536 0.966002 1.00273e-15 
vn -0.3084 0.951257 1.00273e-15 
vn -0.259366 0.965779 1.00273e-15 
vn -0.260803 0.965392 1.00273e-15 
vn -0.266082 0.96395 1.00273e-15 
vn -0.417171 0.908828 1.40382e-15 
vn -0.370197 0.928953 1.20328e-15 
vn -0.308257 0.951303 1.00273e-15 
vn -0.308952 0.951078 1.00273e-15 
vn -0.308818 0.951121 1.00273e-15 
vn -0.31146 0.950259 1.00273e-15 
vn -0.30981 0.950799 1.00273e-15 
vn -0.311929 0.950105 1.00273e-15 
vn -0.309771 0.950811 1.00273e-15 
vn -0.314983 0.949097 1.00273e-15 
vn -0.271 0.962579 1.00273e-15 
vn -0.271597 0.962411 1.00273e-15 
vn -0.313511 0.949584 1.00273e-15 
vn -0.277652 0.960682 1.00273e-15 
vn -0.279908 0.960027 1.00273e-15 
vn -0.316146 0.948711 1.20328e-15 
vn -0.285508 0.958376 1.00273e-15 
vn -0.319079 0.947728 1.20328e-15 
vn -0.291166 0.956672 1.00273e-15 
vn -0.319201 0.947687 1.20328e-15 
vn -0.294065 0.955785 1.00273e-15 
vn -0.298651 0.954362 1.00273e-15 
vn -0.322308 0.946635 1.20328e-15 
vn -0.321697 0.946843 1.20328e-15 
vn -0.304566 0.952491 1.00273e-15 
vn -0.31571 0.948856 1.00273e-15 
vn -0.329095 0.944297 1.20328e-15 
vn -0.325897 0.945405 1.20328e-15 
vn -0.316063 0.948738 1.20328e-15 
vn -0.327286 0.944925 1.20328e-15 
vn -0.333682 0.942686 1.20328e-15 
vn -0.330918 0.943659 1.20328e-15 
vn -0.329385 0.944196 1.20328e-15 
vn -0.343333 0.939214 1.20328e-15 
vn -0.345381 0.938462 1.20328e-15 
vn -0.337185 0.941438 1.20328e-15 
vn -0.347388 0.937722 1.20328e-15 
vn -0.346873 0.937912 1.20328e-15 
vn -0.417171 0.908828 1.40382e-15 
vn -0.370197 0.928953 1.20328e-15 
vn -3.49148e-15 0 -1 
vn -0.346874 0.937912 1.19636e-15 
vn -0.347388 0.937722 1.19636e-15 
vn -0.337204 0.941432 1.19636e-15 
vn -0.340817 0.940129 1.19636e-15 
vn -0.330915 0.94366 1.19636e-15 
vn -0.325882 0.94541 1.19636e-15 
vn -0.330216 0.943905 1.19636e-15 
vn -0.32175 0.946825 1.19636e-15 
vn -0.323371 0.946272 1.19636e-15 
vn -0.319247 0.947672 1.19636e-15 
vn -0.316155 0.948707 1.19636e-15 
vn -0.31836 0.94797 1.19636e-15 
vn -0.313773 0.949498 9.96968e-16 
vn -0.314583 0.94923 1.19636e-15 
vn -0.313444 0.949607 9.96968e-16 
vn -0.309974 0.950745 9.96968e-16 
vn -0.311101 0.950377 9.96968e-16 
vn -0.308857 0.951108 9.96968e-16 
vn -0.309048 0.951046 9.96968e-16 
vn -0.308257 0.951303 9.96968e-16 
vn -0.34641 0.938083 1.19636e-15 
vn -0.338407 0.941 1.19636e-15 
vn -0.308257 0.951303 9.96968e-16 
vn -0.31142 0.950272 9.96968e-16 
vn -0.309183 0.951003 9.96968e-16 
vn -0.308313 0.951285 9.96968e-16 
vn -0.308432 0.951246 9.96968e-16 
vn -0.310494 0.950575 9.96968e-16 
vn -0.309979 0.950744 9.96968e-16 
vn -0.31253 0.949908 9.96968e-16 
vn -0.31179 0.950151 9.96968e-16 
vn -0.315108 0.949056 1.19636e-15 
vn -0.315107 0.949056 1.19636e-15 
vn -0.31819 0.948027 1.19636e-15 
vn -0.318019 0.948084 1.19636e-15 
vn -0.322332 0.946627 1.19636e-15 
vn -0.32679 0.945097 1.19636e-15 
vn -0.323014 0.946394 1.19636e-15 
vn -0.332147 0.943228 1.19636e-15 
vn -0.328217 0.944602 1.19636e-15 
vn -0.335606 0.942002 1.19636e-15 
vn -0.308116 0.951349 9.96968e-16 
vn -0.370197 0.928953 1.19636e-15 
vn 0.951344 0.308114 0.00322312 
vn 0.948183 0.307228 0.0809915 
vn 0.948219 0.307239 0.0805291 
vn 0.933712 0.303114 0.190535 
vn 0.943041 0.305772 0.131062 
vn 0.926424 0.301011 0.226122 
vn 0.926695 0.301099 0.224888 
vn 0.897371 0.292577 0.33034 
vn 0.884099 0.288716 0.367439 
vn 0.880348 0.287617 0.377179 
vn 0.883408 0.288491 0.369274 
vn 0.841447 0.276119 0.464462 
vn 0.82247 0.270516 0.500365 
vn 0.821278 0.270124 0.502528 
vn 0.734977 0.244028 0.63266 
vn 0.73663 0.244578 0.630522 
vn 0.789563 0.260633 0.555573 
vn 0.734938 0.244016 0.63271 
vn 0.643182 0.215745 0.734691 
vn 0.670573 0.224285 0.707127 
vn 0.640365 0.214919 0.737389 
vn 0.638356 0.214245 0.739325 
vn 0.518017 0.176362 0.836991 
vn 0.520109 0.177075 0.835542 
vn 0.398093 0.13763 0.906962 
vn 0.517161 0.176134 0.837569 
vn 0.497495 0.1698 0.850686 
vn 0.396208 0.136978 0.907886 
vn 0.358809 0.124674 0.925047 
vn 0.267652 0.0942345 0.958896 
vn 0.269074 0.094735 0.958449 
vn 0.352653 0.122668 0.927679 
vn 0.192092 0.0684366 0.978988 
vn 0.137078 0.0492934 0.989333 
vn 0.137854 0.0495722 0.989211 
vn 0.181243 0.0646972 0.981308 
vn 0.00197521 0.000729394 0.999998 
vn 0.00198663 0.00073361 0.999998 
vn 0.951344 0.308114 0.0032046 
vn 3.49148e-15 0 1 
vn -0.928953 -0.370197 2.31057e-15 
vn -3.49148e-15 0 -1 
vn 0.00162669 0.000602624 -0.999998 
vn 0.00161735 0.000599161 -0.999999 
vn 0.00778145 0.00287785 -0.999966 
vn 0.02646 0.00973806 -0.999602 
vn 0.0899126 0.0325953 -0.995416 
vn 0.150554 0.0539166 -0.98713 
vn 0.14971 0.0536146 -0.987275 
vn 0.273735 0.0959862 -0.957004 
vn 0.216019 0.0764643 -0.97339 
vn 0.275183 0.096494 -0.956537 
vn 0.2892 0.101174 -0.951907 
vn 0.398399 0.137295 -0.906878 
vn 0.40029 0.137946 -0.905946 
vn 0.317024 0.110485 -0.94196 
vn 0.465995 0.159245 -0.870339 
vn 0.498985 0.169893 -0.849794 
vn 0.515699 0.175199 -0.838666 
vn 0.51779 0.175909 -0.837227 
vn 0.591663 0.199281 -0.781167 
vn 0.593743 0.199982 -0.779408 
vn 0.699533 0.23304 -0.675534 
vn 0.597929 0.20131 -0.775858 
vn 0.619389 0.208012 -0.757026 
vn 0.69769 0.232426 -0.677648 
vn 0.749491 0.248388 -0.61365 
vn 0.737075 0.244618 -0.629986 
vn 0.778007 0.257101 -0.57324 
vn 0.792682 0.2616 -0.550654 
vn 0.791293 0.261141 -0.552866 
vn 0.860301 0.281886 -0.424762 
vn 0.842779 0.276693 -0.461699 
vn 0.861192 0.282178 -0.422758 
vn 0.910563 0.29669 -0.287837 
vn 0.869138 0.284508 -0.404542 
vn 0.911434 0.296943 -0.284803 
vn 0.910126 0.296547 -0.289362 
vn 0.931759 0.302781 -0.200371 
vn 0.94082 0.305349 -0.147035 
vn 0.940937 0.305387 -0.146208 
vn 0.934547 0.303582 -0.185631 
vn 0.9513 0.308256 -0.00245189 
vn 0.9513 0.308256 -0.00246606 
vn 0.00782642 0.00289449 -0.999965 
vn 0.951303 0.308257 0 
vn -3.49148e-15 0 -1 
vn -0.573576 0.819152 2.00263e-15 
vn -0.561042 0.801252 0.207912 
vn -0.523988 0.748333 0.406737 
vn -0.464033 0.662708 0.587785 
vn -0.383798 0.54812 0.743145 
vn -0.286788 0.409576 0.866025 
vn -0.177245 0.253132 0.951057 
vn -0.0599551 0.0856247 0.994522 
vn 0.0599551 -0.0856247 0.994522 
vn 0.177245 -0.253132 0.951057 
vn 0.286788 -0.409576 0.866025 
vn 0.383798 -0.54812 0.743145 
vn 0.464033 -0.662708 0.587785 
vn 0.523988 -0.748333 0.406737 
vn 0.561042 -0.801252 0.207912 
vn 0.573576 -0.819152 1.24264e-14 
vn 0.40558 -0.579228 -0.707107 
vn 0.819152 0.573576 -2.86005e-15 
vn -0.819152 -0.573576 2.86005e-15 
vn -3.49148e-15 0 -1 
vn -0.40558 0.579228 -0.707107 
vn -0.573576 0.819152 2.00263e-15 
vn 0.573576 -0.819152 1.71429e-15 
vn -0.561042 0.801252 0.207912 
vn -0.573576 0.819152 1.04357e-13 
vn -0.523988 0.748333 0.406737 
vn -0.561042 0.801252 0.207912 
vn -0.464033 0.662708 0.587785 
vn -0.523988 0.748333 0.406737 
vn -0.383798 0.54812 0.743145 
vn -0.464033 0.662708 0.587785 
vn -0.286788 0.409576 0.866025 
vn -0.383798 0.54812 0.743145 
vn -0.177245 0.253132 0.951057 
vn -0.286788 0.409576 0.866025 
vn -0.0599551 0.0856247 0.994522 
vn -0.177245 0.253132 0.951057 
vn 0.0599551 -0.0856247 0.994522 
vn -0.0599551 0.0856247 0.994522 
vn 0.177245 -0.253132 0.951057 
vn 0.0599551 -0.0856247 0.994522 
vn 0.286788 -0.409576 0.866025 
vn 0.177245 -0.253132 0.951057 
vn 0.383798 -0.54812 0.743145 
vn 0.286788 -0.409576 0.866025 
vn 0.464033 -0.662708 0.587785 
vn 0.383798 -0.54812 0.743145 
vn 0.523988 -0.748333 0.406737 
vn 0.464033 -0.662708 0.587785 
vn 0.561042 -0.801252 0.207912 
vn 0.523988 -0.748333 0.406737 
vn 0.573576 -0.819152 1.04357e-13 
vn 0.561042 -0.801252 0.207912 
vn -0.573576 0.819152 2.00263e-15 
vn -0.40558 0.579228 -0.707107 
vn -0.819152 -0.573576 2.86005e-15 
vn 0.819152 0.573576 -2.86005e-15 
vn -3.49148e-15 0 -1 
vn 0.40558 -0.579228 -0.707107 
vn 0.573576 -0.819152 -2.00263e-15 
vn 0.819152 0.573576 -2.86005e-15 
vn -3.49148e-15 0 -1 
vn -0.819152 -0.573576 2.86005e-15 
vn -0.573576 0.819152 2.00263e-15 
vn 0.573576 -0.819152 -2.00263e-15 
vn -3.49148e-15 0 -1 
vn 0.819152 0.573576 -2.86005e-15 
vn -0.819152 -0.573576 2.86005e-15 
vn -0.573576 0.819152 2.00263e-15 
vn -3.49148e-15 0 -1 
vn 1 0 -3.49148e-15 
vn 0.976621 0.21497 -3.40985e-15 
vn 0.907575 0.419889 -3.16878e-15 
vn 0.796093 0.605174 -2.77954e-15 
vn 0.647386 0.762162 -2.26034e-15 
vn 0.468408 0.883512 -1.63544e-15 
vn 0.267528 0.96355 -9.3407e-16 
vn 0.0541389 0.998533 -1.89025e-16 
vn -0.161782 0.986827 5.64859e-16 
vn -0.370138 0.928977 1.29233e-15 
vn -0.561187 0.827689 1.95937e-15 
vn -0.725995 0.687699 2.5348e-15 
vn -0.856857 0.515554 2.9917e-15 
vn -0.947653 0.319302 3.30871e-15 
vn -0.994138 0.108119 3.47101e-15 
vn -0.994138 -0.108119 3.47101e-15 
vn -1 1.22465e-16 3.65205e-15 
vn -0.947653 -0.319302 3.30871e-15 
vn -0.856857 -0.515554 2.9917e-15 
vn -0.725995 -0.687699 2.5348e-15 
vn -0.561187 -0.827689 1.95937e-15 
vn -0.370138 -0.928977 1.29233e-15 
vn -0.161782 -0.986827 5.64859e-16 
vn 0.0541389 -0.998533 -1.89025e-16 
vn 0.267528 -0.96355 -9.3407e-16 
vn 0.468408 -0.883512 -1.63544e-15 
vn 0.647386 -0.762162 -2.26034e-15 
vn 0.796093 -0.605174 -2.77954e-15 
vn 0.907575 -0.419889 -3.16878e-15 
vn 0.976621 -0.21497 -3.40985e-15 
vn -0.994138 0.108119 3.47101e-15 
vn 3.49148e-15 0 1 
vn -1 0 3.49148e-15 
vn -0.976621 0.21497 3.40985e-15 
vn -0.907575 0.419889 3.16878e-15 
vn -0.796093 0.605174 2.77954e-15 
vn -0.647386 0.762162 2.26034e-15 
vn -0.468408 0.883512 1.63544e-15 
vn -0.267528 0.96355 9.3407e-16 
vn -0.0541389 0.998533 1.89025e-16 
vn 0.161782 0.986827 -5.64859e-16 
vn 0.370138 0.928977 -1.29233e-15 
vn 0.561187 0.827689 -1.95937e-15 
vn 0.725995 0.687699 -2.5348e-15 
vn 0.856857 0.515554 -2.9917e-15 
vn 0.947653 0.319302 -3.30871e-15 
vn 0.994138 0.108119 -3.47101e-15 
vn 1 5.66554e-16 -3.49148e-15 
vn 0.994138 -0.108119 -3.47101e-15 
vn 0.947653 -0.319302 -3.30871e-15 
vn 0.856857 -0.515554 -2.9917e-15 
vn 0.725995 -0.687699 -2.5348e-15 
vn 0.561187 -0.827689 -1.95937e-15 
vn 0.370138 -0.928977 -1.29233e-15 
vn 0.161782 -0.986827 -5.64859e-16 
vn -0.0541389 -0.998533 1.89025e-16 
vn -0.267528 -0.96355 9.3407e-16 
vn -0.468408 -0.883512 1.63544e-15 
vn -0.647386 -0.762162 2.26034e-15 
vn -0.796093 -0.605174 2.77954e-15 
vn -0.907575 -0.419889 3.16878e-15 
vn -0.976621 -0.21497 3.40985e-15 
vn 3.49148e-15 0 1 
vn -1 0 3.49148e-15 
vn -0.976621 0.21497 3.40985e-15 
vn -0.907575 0.419889 3.16878e-15 
vn -0.796093 0.605174 2.77954e-15 
vn -0.647386 0.762162 2.26034e-15 
vn -0.468408 0.883512 1.63544e-15 
vn -0.267528 0.96355 9.3407e-16 
vn -0.0541389 0.998533 1.89025e-16 
vn 0.161782 0.986827 -5.64859e-16 
vn 0.370138 0.928977 -1.29233e-15 
vn 0.561187 0.827689 -1.95937e-15 
vn 0.725995 0.687699 -2.5348e-15 
vn 0.856857 0.515554 -2.9917e-15 
vn 0.947653 0.319302 -3.30871e-15 
vn 0.994138 0.108119 -3.47101e-15 
vn 1 5.66554e-16 -3.49148e-15 
vn 0.994138 -0.108119 -3.47101e-15 
vn 0.947653 -0.319302 -3.30871e-15 
vn 0.856857 -0.515554 -2.9917e-15 
vn 0.725995 -0.687699 -2.5348e-15 
vn 0.561187 -0.827689 -1.95937e-15 
vn 0.370138 -0.928977 -1.29233e-15 
vn 0.161782 -0.986827 -5.64859e-16 
vn -0.0541389 -0.998533 1.89025e-16 
vn -0.267528 -0.96355 9.3407e-16 
vn -0.468408 -0.883512 1.63544e-15 
vn -0.647386 -0.762162 2.26034e-15 
vn -0.796093 -0.605174 2.77954e-15 
vn -0.907575 -0.419889 3.16878e-15 
vn -0.976621 -0.21497 3.40985e-15 
vn -3.49148e-15 0 -1 
vn -1 0 3.49113e-15 
vn -0.976621 0.21497 3.40985e-15 
vn -0.907575 0.419889 3.16878e-15 
vn -0.796093 0.605174 2.77954e-15 
vn -0.647386 0.762162 2.26034e-15 
vn -0.468408 0.883512 1.63544e-15 
vn -0.267528 0.96355 9.3407e-16 
vn -0.0541389 0.998533 1.89025e-16 
vn 0.161782 0.986827 -5.64859e-16 
vn 0.370138 0.928977 -1.29233e-15 
vn 0.561187 0.827689 -1.95937e-15 
vn 0.725995 0.687699 -2.5348e-15 
vn 0.856857 0.515554 -2.9917e-15 
vn 0.947653 0.319302 -3.30871e-15 
vn 0.994138 0.108119 -3.47101e-15 
vn 0.994138 -0.108119 -3.47101e-15 
vn 1 5.66554e-16 -3.49148e-15 
vn 0.947653 -0.319302 -3.30871e-15 
vn 0.856857 -0.515554 -2.9917e-15 
vn 0.725995 -0.687699 -2.5348e-15 
vn 0.561187 -0.827689 -1.95937e-15 
vn 0.370138 -0.928977 -1.29233e-15 
vn 0.161782 -0.986827 -5.64859e-16 
vn -0.0541389 -0.998533 1.89025e-16 
vn -0.267528 -0.96355 9.3407e-16 
vn -0.468408 -0.883512 1.63544e-15 
vn -0.647386 -0.762162 2.26034e-15 
vn -0.796093 -0.605174 2.77954e-15 
vn -0.907575 -0.419889 3.16878e-15 
vn -0.976621 -0.21497 3.40985e-15 
vn -3.49148e-15 0 -1 
vn -0.976621 0.21497 3.40985e-15 
vn -1 2.44929e-16 3.49148e-15 
vn -0.907575 0.419889 3.16878e-15 
vn -0.976621 0.21497 3.40985e-15 
vn -0.796093 0.605174 2.77954e-15 
vn -0.907575 0.419889 3.16878e-15 
vn -0.647386 0.762162 2.26034e-15 
vn -0.796093 0.605174 2.77954e-15 
vn -0.468408 0.883512 1.63544e-15 
vn -0.647386 0.762162 2.26034e-15 
vn -0.267528 0.96355 9.3407e-16 
vn -0.468408 0.883512 1.63544e-15 
vn -0.0541389 0.998533 1.89025e-16 
vn -0.267528 0.96355 9.3407e-16 
vn 0.161782 0.986827 -5.64859e-16 
vn -0.0541389 0.998533 1.89025e-16 
vn 0.370138 0.928977 -1.29233e-15 
vn 0.161782 0.986827 -5.64859e-16 
vn 0.561187 0.827689 -1.95937e-15 
vn 0.370138 0.928977 -1.29233e-15 
vn 0.725995 0.687699 -2.5348e-15 
vn 0.561187 0.827689 -1.95937e-15 
vn 0.856857 0.515554 -2.9917e-15 
vn 0.725995 0.687699 -2.5348e-15 
vn 0.947653 0.319302 -3.30871e-15 
vn 0.856857 0.515554 -2.9917e-15 
vn 0.994138 0.108119 -3.47101e-15 
vn 0.947653 0.319302 -3.30871e-15 
vn 1 -1.22465e-16 -3.65205e-15 
vn 0.994138 -0.108119 -3.47101e-15 
vn 0.947653 -0.319302 -3.30871e-15 
vn 0.856857 -0.515554 -2.9917e-15 
vn 0.725995 -0.687699 -2.5348e-15 
vn 0.561187 -0.827689 -1.95937e-15 
vn 0.370138 -0.928977 -1.29233e-15 
vn 0.161782 -0.986827 -5.64859e-16 
vn -0.0541389 -0.998533 1.89025e-16 
vn -0.267528 -0.96355 9.3407e-16 
vn -0.468408 -0.883512 1.63544e-15 
vn -0.647386 -0.762162 2.26034e-15 
vn -0.796093 -0.605174 2.77954e-15 
vn -0.907575 -0.419889 3.16878e-15 
vn -0.976621 -0.21497 3.40985e-15 
vn -3.49148e-15 0 -1 
vn 0.573576 -0.819152 -2.00263e-15 
vn 0.819152 0.573576 -2.86005e-15 
vn 3.49148e-15 0 1 
vn -0.819152 -0.573576 2.86005e-15 
vn 0.573576 -0.819152 -2.00263e-15 
vn -3.49148e-15 0 -1 
vn 0.819152 0.573576 -2.86005e-15 
vn 3.49148e-15 0 1 
vn -0.819152 -0.573576 2.86005e-15 
vn 0.573576 -0.819152 -2.00263e-15 
vn -3.49148e-15 0 -1 
vn 0.819152 0.573576 -2.86005e-15 
vn 3.49148e-15 0 1 
vn -0.819152 -0.573576 2.86005e-15 
vn 0.573576 -0.819152 -2.00263e-15 
vn -3.49148e-15 0 -1 
vn 0.819152 0.573576 -2.86005e-15 
vn 3.49148e-15 0 1 
vn -0.819152 -0.573576 2.86005e-15 
vn 0.573576 -0.819152 -2.00263e-15 
vn -3.49148e-15 0 -1 
vn 0.819152 0.573576 -2.86005e-15 
vn 3.49148e-15 0 1 
vn -0.819152 -0.573576 2.86005e-15 
vn 0.573576 -0.819152 -2.00263e-15 
vn -3.49148e-15 0 -1 
vn 0.819152 0.573576 -2.86005e-15 
vn 3.49148e-15 0 1 
vn -0.819152 -0.573576 2.86005e-15 
vn 0.573576 -0.819152 -2.00263e-15 
vn -0.800001 -0.560167 -0.21497 
vn -0.743442 -0.520564 -0.419889 
vn -0.652121 -0.45662 -0.605174 
vn -0.530308 -0.371326 -0.762162 
vn -0.383698 -0.268668 -0.883512 
vn -0.219146 -0.153448 -0.96355 
vn -0.044348 -0.0310528 -0.998533 
vn 0.132524 0.0927943 -0.986827 
vn 0.303199 0.212303 -0.928977 
vn 0.459698 0.321884 -0.827689 
vn 0.594701 0.416414 -0.687699 
vn 0.701896 0.491473 -0.515554 
vn 0.776272 0.543552 -0.319302 
vn 0.81435 0.570214 -0.108119 
vn 0.81435 0.570214 0.108119 
vn 0.819152 0.573576 1.62374e-14 
vn 0.776272 0.543552 0.319302 
vn 0.701896 0.491473 0.515554 
vn 0.594701 0.416414 0.687699 
vn 0.459698 0.321884 0.827689 
vn 0.303199 0.212303 0.928977 
vn 0.132524 0.0927943 0.986827 
vn -0.044348 -0.0310528 0.998533 
vn -0.219146 -0.153448 0.96355 
vn -0.383698 -0.268668 0.883512 
vn -0.530308 -0.371326 0.762162 
vn -0.652121 -0.45662 0.605174 
vn -0.743442 -0.520564 0.419889 
vn -0.800001 -0.560167 0.21497 
vn 0.81435 0.570214 -0.108119 
vn 0.573576 -0.819152 -2.00263e-15 
vn -0.819152 -0.573576 1.18519e-30 
vn -0.800001 -0.560167 -0.21497 
vn -0.743442 -0.520564 -0.419889 
vn -0.652121 -0.45662 -0.605174 
vn -0.530308 -0.371326 -0.762162 
vn -0.383698 -0.268668 -0.883512 
vn -0.219146 -0.153448 -0.96355 
vn -0.044348 -0.0310528 -0.998533 
vn 0.132524 0.0927943 -0.986827 
vn 0.303199 0.212303 -0.928977 
vn 0.459698 0.321884 -0.827689 
vn 0.594701 0.416414 -0.687699 
vn 0.701896 0.491473 -0.515554 
vn 0.776272 0.543552 -0.319302 
vn 0.81435 0.570214 -0.108119 
vn 0.81435 0.570214 0.108119 
vn 0.819152 0.573576 1.62374e-14 
vn 0.776272 0.543552 0.319302 
vn 0.701896 0.491473 0.515554 
vn 0.594701 0.416414 0.687699 
vn 0.459698 0.321884 0.827689 
vn 0.303199 0.212303 0.928977 
vn 0.132524 0.0927943 0.986827 
vn -0.044348 -0.0310528 0.998533 
vn -0.219146 -0.153448 0.96355 
vn -0.383698 -0.268668 0.883512 
vn -0.530308 -0.371326 0.762162 
vn -0.652121 -0.45662 0.605174 
vn -0.743442 -0.520564 0.419889 
vn -0.800001 -0.560167 0.21497 
vn 0.81435 0.570214 -0.108119 
vn 0.573576 -0.819152 -2.00263e-15 
vn -0.819152 -0.573576 1.18519e-30 
vn -0.800001 -0.560167 -0.21497 
vn -0.743442 -0.520564 -0.419889 
vn -0.652121 -0.45662 -0.605174 
vn -0.530308 -0.371326 -0.762162 
vn -0.383698 -0.268668 -0.883512 
vn -0.219146 -0.153448 -0.96355 
vn -0.044348 -0.0310528 -0.998533 
vn 0.132524 0.0927943 -0.986827 
vn 0.303199 0.212303 -0.928977 
vn 0.459698 0.321884 -0.827689 
vn 0.594701 0.416414 -0.687699 
vn 0.701896 0.491473 -0.515554 
vn 0.776272 0.543552 -0.319302 
vn 0.81435 0.570214 -0.108119 
vn 0.81435 0.570214 0.108119 
vn 0.819152 0.573576 1.62374e-14 
vn 0.776272 0.543552 0.319302 
vn 0.701896 0.491473 0.515554 
vn 0.594701 0.416414 0.687699 
vn 0.459698 0.321884 0.827689 
vn 0.303199 0.212303 0.928977 
vn 0.132524 0.0927943 0.986827 
vn -0.044348 -0.0310528 0.998533 
vn -0.219146 -0.153448 0.96355 
vn -0.383698 -0.268668 0.883512 
vn -0.530308 -0.371326 0.762162 
vn -0.652121 -0.45662 0.605174 
vn -0.743442 -0.520564 0.419889 
vn -0.800001 -0.560167 0.21497 
vn 0.81435 0.570214 -0.108119 
vn 0.573576 -0.819152 -2.00263e-15 
vn -0.819152 -0.573576 1.18519e-30 
vn -0.800001 -0.560167 -0.21497 
vn -0.743442 -0.520564 -0.419889 
vn -0.652121 -0.45662 -0.605174 
vn -0.530308 -0.371326 -0.762162 
vn -0.383698 -0.268668 -0.883512 
vn -0.219146 -0.153448 -0.96355 
vn -0.044348 -0.0310528 -0.998533 
vn 0.132524 0.0927943 -0.986827 
vn 0.303199 0.212303 -0.928977 
vn 0.459698 0.321884 -0.827689 
vn 0.594701 0.416414 -0.687699 
vn 0.701896 0.491473 -0.515554 
vn 0.776272 0.543552 -0.319302 
vn 0.81435 0.570214 -0.108119 
vn 0.81435 0.570214 0.108119 
vn 0.819152 0.573576 1.62374e-14 
vn 0.776272 0.543552 0.319302 
vn 0.701896 0.491473 0.515554 
vn 0.594701 0.416414 0.687699 
vn 0.459698 0.321884 0.827689 
vn 0.303199 0.212303 0.928977 
vn 0.132524 0.0927943 0.986827 
vn -0.044348 -0.0310528 0.998533 
vn -0.219146 -0.153448 0.96355 
vn -0.383698 -0.268668 0.883512 
vn -0.530308 -0.371326 0.762162 
vn -0.652121 -0.45662 0.605174 
vn -0.743442 -0.520564 0.419889 
vn -0.800001 -0.560167 0.21497 
vn 0.81435 0.570214 -0.108119 
vn 0.573576 -0.819152 -2.00263e-15 
vn -0.819152 -0.573576 3.25761e-14 
vn -0.800001 -0.560167 -0.21497 
vn -0.743442 -0.520564 -0.419889 
vn -0.652121 -0.45662 -0.605174 
vn -0.530308 -0.371326 -0.762162 
vn -0.383698 -0.268668 -0.883512 
vn -0.219146 -0.153448 -0.96355 
vn -0.044348 -0.0310528 -0.998533 
vn 0.132524 0.0927943 -0.986827 
vn 0.303199 0.212303 -0.928977 
vn 0.459698 0.321884 -0.827689 
vn 0.594701 0.416414 -0.687699 
vn 0.701896 0.491473 -0.515554 
vn 0.776272 0.543552 -0.319302 
vn 0.81435 0.570214 -0.108119 
vn 0.81435 0.570214 0.108119 
vn 0.776272 0.543552 0.319302 
vn 0.701896 0.491473 0.515554 
vn 0.594701 0.416414 0.687699 
vn 0.459698 0.321884 0.827689 
vn 0.303199 0.212303 0.928977 
vn 0.132524 0.0927943 0.986827 
vn -0.044348 -0.0310528 0.998533 
vn -0.219146 -0.153448 0.96355 
vn -0.383698 -0.268668 0.883512 
vn -0.530308 -0.371326 0.762162 
vn -0.652121 -0.45662 0.605174 
vn -0.743442 -0.520564 0.419889 
vn -0.800001 -0.560167 0.21497 
vn 0.573576 -0.819152 -2.00263e-15 
vn -0.819152 -0.573576 -1.54074e-30 
vn -0.800001 -0.560167 -0.21497 
vn -0.743442 -0.520564 -0.419889 
vn -0.652121 -0.45662 -0.605174 
vn -0.530308 -0.371326 -0.762162 
vn -0.383698 -0.268668 -0.883512 
vn -0.219146 -0.153448 -0.96355 
vn -0.044348 -0.0310528 -0.998533 
vn 0.132524 0.0927943 -0.986827 
vn 0.303199 0.212303 -0.928977 
vn 0.459698 0.321884 -0.827689 
vn 0.594701 0.416414 -0.687699 
vn 0.701896 0.491473 -0.515554 
vn 0.776272 0.543552 -0.319302 
vn 0.81435 0.570214 -0.108119 
vn 0.81435 0.570214 0.108119 
vn 0.819152 0.573576 1.40724e-14 
vn 0.776272 0.543552 0.319302 
vn 0.701896 0.491473 0.515554 
vn 0.594701 0.416414 0.687699 
vn 0.459698 0.321884 0.827689 
vn 0.303199 0.212303 0.928977 
vn 0.132524 0.0927943 0.986827 
vn -0.044348 -0.0310528 0.998533 
vn -0.219146 -0.153448 0.96355 
vn -0.383698 -0.268668 0.883512 
vn -0.530308 -0.371326 0.762162 
vn -0.652121 -0.45662 0.605174 
vn -0.743442 -0.520564 0.419889 
vn -0.800001 -0.560167 0.21497 
vn 0.81435 0.570214 -0.108119 
vn 0.573576 -0.819152 -2.00263e-15 
usemtl 0.149020_0.149020_0.149020_0.000000_0.000000
o mesh0
f 30//1 1//1 2//1 
f 2//1 3//1 30//1 
f 3//1 4//1 30//1 
f 4//1 5//1 30//1 
f 5//1 6//1 30//1 
f 6//1 7//1 30//1 
f 7//1 8//1 30//1 
f 8//1 9//1 30//1 
f 9//1 10//1 30//1 
f 10//1 11//1 30//1 
f 11//1 12//1 30//1 
f 12//1 13//1 30//1 
f 13//1 14//1 30//1 
f 14//1 15//1 30//1 
f 15//1 16//1 30//1 
f 16//1 17//1 30//1 
f 17//1 18//1 30//1 
f 18//1 19//1 30//1 
f 19//1 20//1 30//1 
f 20//1 21//1 30//1 
f 21//1 22//1 30//1 
f 22//1 23//1 30//1 
f 23//1 24//1 30//1 
f 24//1 25//1 30//1 
f 25//1 26//1 30//1 
f 26//1 27//1 30//1 
f 27//1 28//1 30//1 
f 28//1 29//1 30//1 
f 29//1 1//1 30//1 
usemtl 0.898039_0.921569_0.929412_0.000000_0.000000
o mesh1
f 31//2 32//3 29//3 
f 33//4 31//2 28//5 
f 34//6 33//4 27//7 
f 35//8 34//6 26//9 
f 36//10 35//8 25//11 
f 37//12 36//10 24//13 
f 38//14 37//12 23//15 
f 39//16 38//14 22//17 
f 40//18 39//16 21//19 
f 41//20 40//18 20//21 
f 42//22 41//20 19//23 
f 43//24 42//22 18//25 
f 44//26 43//24 17//27 
f 45//28 44//26 16//29 
f 46//30 45//28 15//31 
f 47//32 46//30 14//33 
f 48//34 47//32 13//35 
f 49//36 48//34 12//37 
f 50//38 49//36 11//39 
f 51//40 50//38 10//41 
f 52//42 51//40 9//43 
f 53//44 52//42 8//45 
f 54//46 53//44 7//47 
f 55//48 54//46 6//49 
f 56//50 55//48 5//51 
f 57//52 56//50 4//53 
f 58//54 57//52 3//55 
f 59//56 58//54 2//57 
f 32//3 59//56 1//56 
f 1//56 29//3 32//3 
f 2//57 1//56 59//56 
f 3//55 2//57 58//54 
f 4//53 3//55 57//52 
f 5//51 4//53 56//50 
f 6//49 5//51 55//48 
f 7//47 6//49 54//46 
f 8//45 7//47 53//44 
f 9//43 8//45 52//42 
f 10//41 9//43 51//40 
f 11//39 10//41 50//38 
f 12//37 11//39 49//36 
f 13//35 12//37 48//34 
f 14//33 13//35 47//32 
f 15//31 14//33 46//30 
f 16//29 15//31 45//28 
f 17//27 16//29 44//26 
f 18//25 17//27 43//24 
f 19//23 18//25 42//22 
f 20//21 19//23 41//20 
f 21//19 20//21 40//18 
f 22//17 21//19 39//16 
f 23//15 22//17 38//14 
f 24//13 23//15 37//12 
f 25//11 24//13 36//10 
f 26//9 25//11 35//8 
f 27//7 26//9 34//6 
f 28//5 27//7 33//4 
f 29//3 28//5 31//2 
usemtl 0.792157_0.819608_0.933333_0.000000_0.000000
o mesh2
f 47//58 60//58 61//58 
f 47//58 48//58 62//58 
f 62//58 60//58 47//58 
f 48//58 49//58 63//58 
f 49//58 50//58 64//58 
f 50//58 51//58 65//58 
f 43//58 66//58 67//58 
f 43//58 44//58 68//58 
f 63//58 62//58 48//58 
f 65//58 64//58 50//58 
f 51//58 52//58 69//58 
f 52//58 53//58 70//58 
f 53//58 54//58 71//58 
f 54//58 55//58 72//58 
f 31//58 73//58 74//58 
f 33//58 75//58 73//58 
f 34//58 76//58 75//58 
f 35//58 77//58 76//58 
f 37//58 78//58 79//58 
f 38//58 80//58 78//58 
f 40//58 81//58 82//58 
f 41//58 83//58 81//58 
f 42//58 67//58 83//58 
f 68//58 66//58 43//58 
f 44//58 45//58 84//58 
f 45//58 46//58 61//58 
f 64//58 63//58 49//58 
f 70//58 69//58 52//58 
f 72//58 71//58 54//58 
f 55//58 56//58 85//58 
f 57//58 86//58 85//58 
f 57//58 58//58 87//58 
f 58//58 59//58 88//58 
f 59//58 32//58 74//58 
f 73//58 31//58 33//58 
f 76//58 34//58 35//58 
f 36//58 79//58 77//58 
f 78//58 37//58 38//58 
f 39//58 82//58 80//58 
f 81//58 40//58 41//58 
f 67//58 42//58 43//58 
f 61//58 84//58 45//58 
f 69//58 65//58 51//58 
f 85//58 72//58 55//58 
f 87//58 86//58 57//58 
f 74//58 88//58 59//58 
f 75//58 33//58 34//58 
f 79//58 36//58 37//58 
f 82//58 39//58 40//58 
f 84//58 68//58 44//58 
f 71//58 70//58 53//58 
f 88//58 87//58 58//58 
f 77//58 35//58 36//58 
f 83//58 41//58 42//58 
f 85//58 56//58 57//58 
f 80//58 38//58 39//58 
f 74//58 32//58 31//58 
f 61//58 46//58 47//58 
o mesh3
f 89//59 90//60 74//60 
f 73//59 75//61 91//62 
f 75//61 92//61 91//62 
f 93//63 92//61 75//61 
f 94//64 93//63 76//63 
f 95//65 94//64 77//64 
f 96//66 95//65 79//65 
f 97//67 96//66 78//66 
f 98//68 97//67 80//67 
f 99//69 98//68 82//68 
f 100//70 99//69 81//69 
f 101//71 100//70 83//70 
f 102//72 101//71 67//71 
f 66//72 68//73 103//74 
f 68//73 104//73 103//74 
f 105//75 104//73 68//73 
f 106//76 105//75 84//75 
f 107//77 106//76 61//76 
f 108//78 107//77 60//77 
f 109//79 108//78 62//78 
f 110//80 109//79 63//79 
f 111//81 110//80 64//80 
f 112//82 111//81 65//81 
f 113//83 112//82 69//82 
f 114//84 113//83 70//83 
f 115//85 114//84 71//84 
f 85//86 116//86 117//87 
f 117//87 72//88 85//86 
f 118//89 116//86 85//86 
f 119//90 118//89 86//89 
f 120//91 119//90 87//90 
f 90//60 120//91 88//91 
f 88//91 74//60 90//60 
f 87//90 88//91 120//91 
f 86//89 87//90 119//90 
f 85//86 86//89 118//89 
f 117//87 115//85 72//88 
f 71//84 72//88 115//85 
f 70//83 71//84 114//84 
f 69//82 70//83 113//83 
f 65//81 69//82 112//82 
f 64//80 65//81 111//81 
f 63//79 64//80 110//80 
f 62//78 63//79 109//79 
f 60//77 62//78 108//78 
f 61//76 60//77 107//77 
f 84//75 61//76 106//76 
f 68//73 84//75 105//75 
f 103//74 102//72 66//72 
f 67//71 66//72 102//72 
f 83//70 67//71 101//71 
f 81//69 83//70 100//70 
f 82//68 81//69 99//69 
f 80//67 82//68 98//68 
f 78//66 80//67 97//67 
f 79//65 78//66 96//66 
f 77//64 79//65 95//65 
f 76//63 77//64 94//64 
f 75//61 76//63 93//63 
f 91//62 89//59 73//59 
f 74//60 73//59 89//59 
usemtl 0.898039_0.921569_0.929412_0.000000_0.000000
o mesh4
f 580//92 581//92 121//92 
f 581//92 122//92 121//92 
f 580//92 123//92 124//92 
f 124//92 582//92 580//92 
f 124//92 125//92 582//92 
f 580//92 126//92 123//92 
f 583//92 127//92 128//92 
f 584//92 129//92 127//92 
f 127//92 583//92 584//92 
f 584//92 130//92 131//92 
f 131//92 129//92 584//92 
f 585//92 583//92 132//92 
f 132//92 133//92 585//92 
f 586//92 587//92 134//92 
f 587//92 135//92 134//92 
f 134//92 136//92 586//92 
f 587//92 137//92 135//92 
f 586//92 138//92 139//92 
f 139//92 588//92 586//92 
f 589//92 140//92 141//92 
f 589//92 142//92 140//92 
f 589//92 143//92 142//92 
f 589//92 590//92 144//92 
f 590//92 145//92 146//92 
f 144//92 143//92 589//92 
f 146//92 147//92 590//92 
f 590//92 148//92 149//92 
f 147//92 144//92 590//92 
f 149//92 150//92 590//92 
f 590//92 151//92 152//92 
f 150//92 145//92 590//92 
f 152//92 153//92 590//92 
f 590//92 154//92 155//92 
f 591//92 156//92 157//92 
f 153//92 148//92 590//92 
f 590//92 158//92 154//92 
f 590//92 159//92 160//92 
f 157//92 161//92 591//92 
f 155//92 151//92 590//92 
f 160//92 162//92 590//92 
f 591//92 163//92 159//92 
f 591//92 164//92 156//92 
f 591//92 165//92 166//92 
f 162//92 158//92 590//92 
f 161//92 163//92 591//92 
f 591//92 167//92 168//92 
f 591//92 169//92 165//92 
f 159//92 590//92 591//92 
f 166//92 167//92 591//92 
f 168//92 164//92 591//92 
f 589//92 170//92 171//92 
f 589//92 172//92 170//92 
f 173//92 174//92 175//92 
f 176//92 177//92 178//92 
f 178//92 173//92 176//92 
f 592//92 179//92 177//92 
f 177//92 176//92 592//92 
f 593//92 180//92 181//92 
f 593//92 182//92 180//92 
f 594//92 183//92 184//92 
f 594//92 185//92 186//92 
f 594//92 187//92 188//92 
f 593//92 189//92 190//92 
f 593//92 191//92 192//92 
f 184//92 193//92 594//92 
f 186//92 194//92 594//92 
f 188//92 195//92 594//92 
f 192//92 189//92 593//92 
f 194//92 183//92 594//92 
f 195//92 196//92 594//92 
f 594//92 197//92 198//92 
f 595//92 199//92 200//92 
f 595//92 201//92 202//92 
f 595//92 203//92 204//92 
f 190//92 595//92 593//92 
f 196//92 185//92 594//92 
f 198//92 205//92 594//92 
f 200//92 594//92 595//92 
f 202//92 206//92 595//92 
f 595//92 207//92 208//92 
f 190//92 203//92 595//92 
f 205//92 187//92 594//92 
f 595//92 209//92 199//92 
f 595//92 210//92 211//92 
f 595//92 212//92 201//92 
f 204//92 207//92 595//92 
f 200//92 197//92 594//92 
f 211//92 213//92 595//92 
f 208//92 212//92 595//92 
f 213//92 209//92 595//92 
f 206//92 214//92 595//92 
f 214//92 210//92 595//92 
f 591//92 215//92 216//92 
f 216//92 217//92 591//92 
f 596//92 218//92 215//92 
f 219//92 220//92 221//92 
f 215//92 591//92 596//92 
f 221//92 222//92 219//92 
f 223//92 224//92 219//92 
f 217//92 225//92 591//92 
f 226//92 227//92 228//92 
f 227//92 226//92 222//92 
f 219//92 224//92 220//92 
f 169//92 229//92 223//92 
f 591//92 230//92 229//92 
f 596//92 231//92 218//92 
f 228//92 588//92 226//92 
f 221//92 232//92 222//92 
f 229//92 169//92 591//92 
f 225//92 233//92 591//92 
f 222//92 232//92 227//92 
f 233//92 230//92 591//92 
f 219//92 169//92 223//92 
f 234//92 235//92 236//92 
f 237//92 238//92 239//92 
f 594//92 240//92 241//92 
f 594//92 242//92 243//92 
f 235//92 244//92 242//92 
f 236//92 245//92 234//92 
f 239//92 236//92 237//92 
f 241//92 597//92 594//92 
f 594//92 246//92 247//92 
f 242//92 594//92 235//92 
f 239//92 245//92 236//92 
f 247//92 240//92 594//92 
f 234//92 244//92 235//92 
f 237//92 248//92 249//92 
f 243//92 246//92 594//92 
f 237//92 250//92 248//92 
f 581//92 250//92 237//92 
f 249//92 238//92 237//92 
f 581//92 251//92 250//92 
f 237//92 122//92 581//92 
f 241//92 252//92 597//92 
f 96//92 97//92 253//92 
f 95//92 96//92 254//92 
f 253//92 98//92 99//92 
f 254//92 255//92 95//92 
f 255//92 93//92 94//92 
f 598//92 92//92 93//92 
f 256//92 99//92 100//92 
f 253//92 97//92 98//92 
f 94//92 95//92 255//92 
f 598//92 91//92 92//92 
f 585//92 256//92 102//92 
f 99//92 256//92 253//92 
f 93//92 255//92 598//92 
f 256//92 101//92 102//92 
f 253//92 254//92 96//92 
f 100//92 101//92 256//92 
f 130//92 257//92 258//92 
f 258//92 259//92 130//92 
f 130//92 584//92 260//92 
f 261//92 262//92 263//92 
f 264//92 263//92 259//92 
f 130//92 265//92 257//92 
f 260//92 266//92 130//92 
f 262//92 267//92 268//92 
f 259//92 269//92 264//92 
f 266//92 265//92 130//92 
f 268//92 599//92 262//92 
f 262//92 261//92 270//92 
f 258//92 269//92 259//92 
f 270//92 267//92 262//92 
f 584//92 271//92 260//92 
f 263//92 264//92 261//92 
f 600//92 272//92 273//92 
f 601//92 595//92 274//92 
f 595//92 275//92 276//92 
f 595//92 277//92 278//92 
f 595//92 594//92 279//92 
f 594//92 280//92 281//92 
f 273//92 594//92 600//92 
f 274//92 282//92 601//92 
f 595//92 283//92 284//92 
f 278//92 275//92 595//92 
f 594//92 285//92 279//92 
f 273//92 280//92 594//92 
f 284//92 274//92 595//92 
f 279//92 277//92 595//92 
f 281//92 286//92 594//92 
f 282//92 287//92 601//92 
f 286//92 285//92 594//92 
f 600//92 288//92 289//92 
f 276//92 283//92 595//92 
f 289//92 290//92 600//92 
f 290//92 272//92 600//92 
f 591//92 590//92 291//92 
f 590//92 292//92 293//92 
f 591//92 294//92 295//92 
f 591//92 296//92 297//92 
f 293//92 291//92 590//92 
f 590//92 298//92 299//92 
f 591//92 300//92 301//92 
f 297//92 294//92 591//92 
f 299//92 292//92 590//92 
f 590//92 602//92 302//92 
f 301//92 603//92 591//92 
f 291//92 296//92 591//92 
f 602//92 303//92 302//92 
f 602//92 304//92 305//92 
f 603//92 306//92 307//92 
f 295//92 300//92 591//92 
f 590//92 308//92 309//92 
f 305//92 303//92 602//92 
f 301//92 306//92 603//92 
f 302//92 308//92 590//92 
f 309//92 298//92 590//92 
f 588//92 604//92 310//92 
f 604//92 311//92 312//92 
f 588//92 313//92 314//92 
f 312//92 310//92 604//92 
f 588//92 315//92 316//92 
f 588//92 317//92 313//92 
f 604//92 318//92 311//92 
f 316//92 586//92 588//92 
f 310//92 317//92 588//92 
f 314//92 315//92 588//92 
f 316//92 319//92 586//92 
f 605//92 587//92 320//92 
f 320//92 321//92 605//92 
f 587//92 322//92 320//92 
f 587//92 323//92 324//92 
f 321//92 325//92 605//92 
f 324//92 326//92 587//92 
f 586//92 327//92 323//92 
f 326//92 322//92 587//92 
f 586//92 328//92 327//92 
f 323//92 587//92 586//92 
f 586//92 329//92 328//92 
f 330//92 331//92 332//92 
f 333//92 334//92 335//92 
f 332//92 336//92 330//92 
f 581//92 333//92 337//92 
f 333//92 338//92 334//92 
f 338//92 333//92 339//92 
f 339//92 340//92 341//92 
f 330//92 342//92 340//92 
f 331//92 343//92 332//92 
f 331//92 597//92 344//92 
f 335//92 337//92 333//92 
f 339//92 345//92 346//92 
f 340//92 339//92 330//92 
f 344//92 343//92 331//92 
f 339//92 346//92 338//92 
f 330//92 347//92 342//92 
f 597//92 348//92 344//92 
f 337//92 349//92 581//92 
f 336//92 347//92 330//92 
f 341//92 345//92 339//92 
f 597//92 331//92 350//92 
f 594//92 597//92 351//92 
f 351//92 352//92 594//92 
f 600//92 352//92 353//92 
f 354//92 355//92 356//92 
f 356//92 357//92 354//92 
f 357//92 358//92 354//92 
f 359//92 360//92 355//92 
f 601//92 361//92 362//92 
f 354//92 363//92 288//92 
f 355//92 364//92 356//92 
f 355//92 365//92 359//92 
f 362//92 365//92 601//92 
f 354//92 366//92 363//92 
f 355//92 367//92 364//92 
f 365//92 368//92 359//92 
f 601//92 369//92 361//92 
f 358//92 366//92 354//92 
f 362//92 368//92 365//92 
f 360//92 367//92 355//92 
f 606//92 601//92 370//92 
f 370//92 371//92 606//92 
f 601//92 365//92 370//92 
f 606//92 372//92 373//92 
f 606//92 374//92 372//92 
f 375//92 376//92 377//92 
f 373//92 375//92 378//92 
f 377//92 379//92 375//92 
f 373//92 380//92 381//92 
f 378//92 382//92 373//92 
f 379//92 383//92 375//92 
f 603//92 384//92 385//92 
f 382//92 380//92 373//92 
f 376//92 386//92 377//92 
f 385//92 376//92 603//92 
f 602//92 373//92 387//92 
f 375//92 388//92 378//92 
f 385//92 386//92 376//92 
f 373//92 389//92 387//92 
f 383//92 388//92 375//92 
f 381//92 389//92 373//92 
f 603//92 376//92 390//92 
f 591//92 603//92 391//92 
f 391//92 392//92 591//92 
f 596//92 392//92 393//92 
f 588//92 394//92 395//92 
f 395//92 604//92 588//92 
f 396//92 604//92 397//92 
f 395//92 398//92 604//92 
f 596//92 399//92 400//92 
f 399//92 396//92 401//92 
f 604//92 402//92 397//92 
f 398//92 403//92 604//92 
f 399//92 404//92 400//92 
f 401//92 405//92 399//92 
f 396//92 406//92 407//92 
f 604//92 408//92 402//92 
f 588//92 409//92 394//92 
f 405//92 404//92 399//92 
f 407//92 410//92 396//92 
f 403//92 408//92 604//92 
f 400//92 411//92 596//92 
f 397//92 406//92 396//92 
f 410//92 401//92 396//92 
f 604//92 412//92 413//92 
f 604//92 396//92 412//92 
f 414//92 415//92 416//92 
f 417//92 418//92 419//92 
f 416//92 417//92 414//92 
f 417//92 420//92 318//92 
f 416//92 418//92 417//92 
f 421//92 414//92 422//92 
f 419//92 420//92 417//92 
f 422//92 423//92 421//92 
f 421//92 415//92 414//92 
f 422//92 424//92 425//92 
f 426//92 427//92 424//92 
f 424//92 422//92 426//92 
f 426//92 428//92 429//92 
f 426//92 605//92 430//92 
f 429//92 427//92 426//92 
f 430//92 428//92 426//92 
f 426//92 431//92 605//92 
f 605//92 431//92 432//92 
f 587//92 605//92 433//92 
f 433//92 434//92 587//92 
f 255//92 587//92 435//92 
f 435//92 598//92 255//92 
f 435//92 436//92 598//92 
f 598//92 436//92 437//92 
f 438//92 117//92 116//92 
f 438//92 115//92 117//92 
f 438//92 114//92 115//92 
f 439//92 112//92 113//92 
f 439//92 585//92 106//92 
f 116//92 440//92 438//92 
f 439//92 111//92 112//92 
f 585//92 105//92 106//92 
f 598//92 440//92 120//92 
f 438//92 113//92 114//92 
f 439//92 110//92 111//92 
f 439//92 107//92 108//92 
f 585//92 104//92 105//92 
f 440//92 119//92 120//92 
f 116//92 118//92 440//92 
f 439//92 109//92 110//92 
f 106//92 107//92 439//92 
f 118//92 119//92 440//92 
f 108//92 109//92 439//92 
f 598//92 90//92 89//92 
f 113//92 438//92 439//92 
f 120//92 90//92 598//92 
f 585//92 103//92 104//92 
f 583//92 585//92 439//92 
f 439//92 441//92 583//92 
f 442//92 443//92 444//92 
f 445//92 446//92 447//92 
f 448//92 449//92 446//92 
f 584//92 583//92 450//92 
f 444//92 451//92 442//92 
f 452//92 453//92 443//92 
f 445//92 454//92 455//92 
f 447//92 456//92 445//92 
f 448//92 457//92 449//92 
f 448//92 584//92 458//92 
f 450//92 459//92 584//92 
f 583//92 460//92 461//92 
f 443//92 442//92 452//92 
f 452//92 455//92 462//92 
f 456//92 454//92 445//92 
f 458//92 457//92 448//92 
f 584//92 463//92 464//92 
f 583//92 465//92 450//92 
f 461//92 466//92 583//92 
f 583//92 467//92 468//92 
f 452//92 469//92 453//92 
f 455//92 452//92 445//92 
f 584//92 470//92 458//92 
f 584//92 471//92 472//92 
f 459//92 463//92 584//92 
f 468//92 460//92 583//92 
f 462//92 469//92 452//92 
f 472//92 470//92 584//92 
f 466//92 465//92 583//92 
f 451//92 473//92 442//92 
f 464//92 471//92 584//92 
f 446//92 445//92 448//92 
f 583//92 442//92 474//92 
f 474//92 467//92 583//92 
f 475//92 476//92 477//92 
f 475//92 478//92 476//92 
f 475//92 479//92 478//92 
f 477//92 480//92 475//92 
f 584//92 448//92 481//92 
f 482//92 448//92 480//92 
f 477//92 483//92 480//92 
f 475//92 599//92 484//92 
f 481//92 485//92 584//92 
f 448//92 486//92 487//92 
f 448//92 482//92 488//92 
f 480//92 489//92 490//92 
f 475//92 491//92 479//92 
f 484//92 492//92 475//92 
f 487//92 481//92 448//92 
f 480//92 490//92 482//92 
f 492//92 491//92 475//92 
f 485//92 493//92 584//92 
f 483//92 489//92 480//92 
f 599//92 494//92 495//92 
f 488//92 486//92 448//92 
f 599//92 496//92 494//92 
f 495//92 484//92 599//92 
f 599//92 475//92 497//92 
f 262//92 498//92 499//92 
f 262//92 599//92 498//92 
f 582//92 500//92 262//92 
f 582//92 499//92 501//92 
f 501//92 502//92 582//92 
f 582//92 503//92 504//92 
f 505//92 506//92 507//92 
f 506//92 505//92 508//92 
f 582//92 509//92 503//92 
f 582//92 507//92 510//92 
f 508//92 511//92 506//92 
f 582//92 512//92 509//92 
f 507//92 582//92 505//92 
f 513//92 514//92 515//92 
f 580//92 504//92 516//92 
f 510//92 512//92 582//92 
f 513//92 517//92 514//92 
f 518//92 519//92 520//92 
f 504//92 580//92 582//92 
f 515//92 508//92 513//92 
f 518//92 521//92 519//92 
f 515//92 511//92 508//92 
f 520//92 513//92 518//92 
f 520//92 517//92 513//92 
f 581//92 522//92 523//92 
f 333//92 581//92 524//92 
f 581//92 525//92 522//92 
f 580//92 526//92 527//92 
f 528//92 521//92 518//92 
f 333//92 529//92 530//92 
f 524//92 531//92 333//92 
f 581//92 532//92 525//92 
f 527//92 581//92 580//92 
f 580//92 533//92 534//92 
f 535//92 536//92 528//92 
f 535//92 537//92 538//92 
f 530//92 537//92 333//92 
f 523//92 524//92 581//92 
f 534//92 526//92 580//92 
f 538//92 536//92 535//92 
f 333//92 539//92 529//92 
f 527//92 532//92 581//92 
f 537//92 540//92 538//92 
f 531//92 539//92 333//92 
f 530//92 540//92 537//92 
f 592//92 541//92 542//92 
f 592//92 176//92 543//92 
f 592//92 544//92 541//92 
f 176//92 545//92 543//92 
f 546//92 547//92 176//92 
f 543//92 544//92 592//92 
f 176//92 548//92 546//92 
f 182//92 549//92 546//92 
f 182//92 593//92 550//92 
f 547//92 545//92 176//92 
f 550//92 549//92 182//92 
f 546//92 548//92 182//92 
f 551//92 552//92 553//92 
f 554//92 552//92 551//92 
f 554//92 555//92 556//92 
f 551//92 555//92 554//92 
f 553//92 592//92 551//92 
f 589//92 557//92 558//92 
f 558//92 590//92 589//92 
f 589//92 559//92 557//92 
f 589//92 556//92 560//92 
f 590//92 561//92 562//92 
f 560//92 559//92 589//92 
f 558//92 561//92 590//92 
f 602//92 563//92 564//92 
f 602//92 590//92 565//92 
f 565//92 563//92 602//92 
f 601//92 566//92 567//92 
f 606//92 568//92 566//92 
f 566//92 601//92 606//92 
f 601//92 569//92 570//92 
f 567//92 571//92 601//92 
f 606//92 572//92 573//92 
f 571//92 569//92 601//92 
f 606//92 564//92 572//92 
f 573//92 568//92 606//92 
f 595//92 570//92 574//92 
f 593//92 575//92 576//92 
f 595//92 577//92 575//92 
f 574//92 578//92 595//92 
f 576//92 579//92 593//92 
f 578//92 577//92 595//92 
f 575//92 593//92 595//92 
f 579//92 550//92 593//92 
f 570//92 595//92 601//92 
f 564//92 606//92 602//92 
f 562//92 565//92 590//92 
f 556//92 589//92 554//92 
f 542//92 551//92 592//92 
f 518//92 535//92 528//92 
f 516//92 533//92 580//92 
f 502//92 505//92 582//92 
f 499//92 582//92 262//92 
f 497//92 498//92 599//92 
f 493//92 271//92 584//92 
f 473//92 474//92 442//92 
f 441//92 442//92 583//92 
f 89//92 91//92 598//92 
f 437//92 440//92 598//92 
f 255//92 137//92 587//92 
f 434//92 435//92 587//92 
f 432//92 433//92 605//92 
f 425//92 423//92 422//92 
f 318//92 604//92 417//92 
f 413//92 417//92 604//92 
f 411//92 231//92 596//92 
f 393//92 399//92 596//92 
f 392//92 596//92 591//92 
f 390//92 391//92 603//92 
f 387//92 304//92 602//92 
f 373//92 602//92 606//92 
f 371//92 374//92 606//92 
f 288//92 600//92 354//92 
f 353//92 354//92 600//92 
f 352//92 600//92 594//92 
f 350//92 351//92 597//92 
f 349//92 251//92 581//92 
f 325//92 430//92 605//92 
f 319//92 329//92 586//92 
f 307//92 384//92 603//92 
f 287//92 369//92 601//92 
f 268//92 496//92 599//92 
f 102//92 103//92 585//92 
f 252//92 348//92 597//92 
f 228//92 409//92 588//92 
f 193//92 235//92 594//92 
f 181//92 191//92 593//92 
f 175//92 176//92 173//92 
f 179//92 592//92 553//92 
f 171//92 554//92 589//92 
f 141//92 172//92 589//92 
f 139//92 226//92 588//92 
f 136//92 138//92 586//92 
f 133//92 256//92 585//92 
f 128//92 132//92 583//92 
f 125//92 500//92 582//92 
f 121//92 126//92 580//92 
o mesh5
f 638//93 639//94 184//95 
f 184//95 183//96 638//93 
f 640//97 638//93 194//98 
f 641//99 640//97 186//100 
f 186//100 185//101 641//99 
f 185//101 196//102 641//99 
f 642//103 641//99 195//104 
f 643//105 642//103 188//106 
f 188//106 187//107 643//105 
f 187//107 205//108 643//105 
f 644//109 643//105 198//110 
f 198//110 197//111 644//109 
f 645//112 644//109 200//113 
f 200//113 199//114 645//112 
f 645//112 213//115 211//116 
f 645//112 209//117 213//115 
f 646//118 210//119 214//120 
f 646//118 211//116 210//119 
f 647//121 206//122 202//123 
f 647//121 214//120 206//122 
f 648//124 201//125 212//126 
f 648//124 202//123 201//125 
f 649//127 212//126 208//128 
f 650//129 208//128 207//130 
f 651//131 207//130 204//132 
f 652//133 204//132 607//134 
f 204//132 203//135 607//134 
f 608//136 652//133 609//137 
f 652//133 610//138 609//137 
f 652//133 611//139 612//140 
f 652//133 608//136 611//139 
f 651//131 612//140 613//141 
f 650//129 614//142 615//143 
f 650//129 613//141 614//142 
f 649//127 616//144 617//145 
f 649//127 615//143 616//144 
f 648//124 618//146 619//147 
f 648//124 617//145 618//146 
f 647//121 620//148 621//149 
f 647//121 619//147 620//148 
f 645//112 646//118 622//150 
f 646//118 621//149 622//150 
f 644//109 645//112 623//151 
f 623//151 624//152 644//109 
f 643//105 644//109 625//153 
f 642//103 643//105 626//154 
f 626//154 627//155 642//103 
f 641//99 642//103 628//156 
f 628//156 629//157 641//99 
f 640//97 641//99 630//158 
f 630//158 631//159 640//97 
f 638//93 640//97 632//160 
f 639//94 638//93 633//161 
f 634//162 639//94 635//163 
f 639//94 634//162 193//164 
f 193//164 184//95 639//94 
f 635//163 636//165 634//162 
f 633//161 635//163 639//94 
f 632//160 633//161 638//93 
f 631//159 632//160 640//97 
f 629//157 630//158 641//99 
f 627//155 628//156 642//103 
f 625//153 626//154 643//105 
f 624//152 625//153 644//109 
f 622//150 623//151 645//112 
f 621//149 646//118 647//121 
f 619//147 647//121 648//124 
f 617//145 648//124 649//127 
f 615//143 649//127 650//129 
f 613//141 650//129 651//131 
f 612//140 651//131 652//133 
f 609//137 637//166 608//136 
f 607//134 610//138 652//133 
f 204//132 652//133 651//131 
f 207//130 651//131 650//129 
f 208//128 650//129 649//127 
f 212//126 649//127 648//124 
f 202//123 648//124 647//121 
f 214//120 647//121 646//118 
f 211//116 646//118 645//112 
f 199//114 209//117 645//112 
f 197//111 200//113 644//109 
f 205//108 198//110 643//105 
f 195//104 188//106 642//103 
f 196//102 195//104 641//99 
f 194//98 186//100 640//97 
f 183//96 194//98 638//93 
o mesh6
f 683//167 653//168 654//169 
f 684//170 655//171 656//172 
f 684//170 654//169 655//171 
f 685//173 656//172 657//174 
f 686//175 658//176 659//177 
f 686//175 657//174 658//176 
f 687//178 660//179 661//180 
f 687//178 659//177 660//179 
f 688//181 662//182 663//183 
f 688//181 661//180 662//182 
f 689//184 664//185 665//186 
f 689//184 663//183 664//185 
f 690//187 691//188 665//186 
f 665//186 666//189 690//187 
f 692//190 690//187 667//191 
f 693//192 692//190 668//193 
f 668//193 669//194 693//192 
f 669//194 670//195 693//192 
f 694//196 693//192 671//197 
f 695//198 694//196 672//199 
f 672//199 673//200 695//198 
f 696//201 695//198 674//202 
f 697//203 696//201 675//204 
f 676//205 677//206 678//207 
f 678//207 697//203 676//205 
f 679//208 143//209 144//210 
f 697//203 680//211 679//208 
f 679//208 147//212 697//203 
f 696//201 697//203 147//212 
f 695//198 696//201 146//213 
f 694//196 695//198 145//214 
f 145//214 150//215 694//196 
f 693//192 694//196 149//216 
f 692//190 693//192 148//217 
f 148//217 153//218 692//190 
f 690//187 692//190 152//219 
f 152//219 151//220 690//187 
f 691//188 690//187 155//221 
f 155//221 154//222 691//188 
f 691//188 162//223 160//224 
f 691//188 158//225 162//223 
f 689//184 159//226 163//227 
f 689//184 160//224 159//226 
f 688//181 161//228 157//229 
f 688//181 163//227 161//228 
f 687//178 156//230 164//231 
f 687//178 157//229 156//230 
f 686//175 164//231 168//232 
f 685//173 168//232 167//233 
f 684//170 167//233 166//234 
f 683//167 166//234 165//235 
f 681//236 682//237 653//168 
f 653//168 683//167 681//236 
f 165//235 681//236 683//167 
f 166//234 683//167 684//170 
f 167//233 684//170 685//173 
f 168//232 685//173 686//175 
f 164//231 686//175 687//178 
f 157//229 687//178 688//181 
f 163//227 688//181 689//184 
f 160//224 689//184 691//188 
f 154//222 158//225 691//188 
f 151//220 155//221 690//187 
f 153//218 152//219 692//190 
f 149//216 148//217 693//192 
f 150//215 149//216 694//196 
f 146//213 145//214 695//198 
f 147//212 146//213 696//201 
f 144//210 147//212 679//208 
f 678//207 680//211 697//203 
f 675//204 676//205 697//203 
f 674//202 675//204 696//201 
f 673//200 674//202 695//198 
f 671//197 672//199 694//196 
f 670//195 671//197 693//192 
f 667//191 668//193 692//190 
f 666//189 667//191 690//187 
f 665//186 691//188 689//184 
f 663//183 689//184 688//181 
f 661//180 688//181 687//178 
f 659//177 687//178 686//175 
f 657//174 686//175 685//173 
f 656//172 685//173 684//170 
f 654//169 684//170 683//167 
o mesh7
f 617//238 624//238 623//238 
f 625//238 615//238 614//238 
f 625//238 617//238 616//238 
f 617//238 621//238 620//238 
f 617//238 625//238 624//238 
f 616//238 615//238 625//238 
f 620//238 619//238 617//238 
f 623//238 622//238 617//238 
f 698//238 632//238 631//238 
f 663//238 656//238 655//238 
f 662//238 661//238 660//238 
f 699//238 700//238 701//238 
f 702//238 703//238 704//238 
f 625//238 608//238 637//238 
f 625//238 612//238 611//238 
f 614//238 613//238 625//238 
f 622//238 621//238 617//238 
f 631//238 630//238 698//238 
f 663//238 657//238 656//238 
f 663//238 659//238 658//238 
f 659//238 663//238 662//238 
f 705//238 674//238 673//238 
f 706//238 707//238 708//238 
f 701//238 709//238 710//238 
f 701//238 711//238 699//238 
f 704//238 700//238 712//238 
f 704//238 713//238 702//238 
f 611//238 608//238 625//238 
f 619//238 618//238 617//238 
f 698//238 628//238 627//238 
f 630//238 629//238 698//238 
f 698//238 635//238 633//238 
f 655//238 654//238 663//238 
f 660//238 659//238 662//238 
f 673//238 672//238 705//238 
f 705//238 676//238 675//238 
f 708//238 714//238 706//238 
f 709//238 707//238 715//238 
f 699//238 712//238 700//238 
f 702//238 716//238 703//238 
f 717//238 718//238 719//238 
f 613//238 612//238 625//238 
f 627//238 626//238 698//238 
f 633//238 632//238 698//238 
f 698//238 720//238 636//238 
f 663//238 653//238 682//238 
f 658//238 657//238 663//238 
f 705//238 665//238 664//238 
f 705//238 667//238 666//238 
f 705//238 669//238 668//238 
f 705//238 671//238 670//238 
f 675//238 674//238 705//238 
f 705//238 721//238 677//238 
f 715//238 710//238 709//238 
f 712//238 713//238 704//238 
f 703//238 716//238 717//238 
f 719//238 718//238 722//238 
f 723//238 724//238 725//238 
f 726//238 727//238 728//238 
f 626//238 625//238 698//238 
f 636//238 635//238 698//238 
f 654//238 653//238 663//238 
f 666//238 665//238 705//238 
f 670//238 669//238 705//238 
f 677//238 676//238 705//238 
f 710//238 711//238 701//238 
f 722//238 729//238 719//238 
f 729//238 722//238 723//238 
f 725//238 724//238 730//238 
f 731//238 730//238 732//238 
f 733//238 732//238 726//238 
f 727//238 720//238 698//238 
f 629//238 628//238 698//238 
f 664//238 663//238 705//238 
f 672//238 671//238 705//238 
f 719//238 703//238 717//238 
f 730//238 731//238 725//238 
f 728//238 733//238 726//238 
f 637//238 698//238 625//238 
f 668//238 667//238 705//238 
f 714//238 708//238 721//238 
f 725//238 729//238 723//238 
f 698//238 728//238 727//238 
f 721//238 705//238 714//238 
f 732//238 733//238 731//238 
f 706//238 715//238 707//238 
f 682//238 705//238 663//238 
o mesh8
f 698//239 189//239 192//240 
f 733//241 728//240 191//242 
f 728//240 192//240 191//242 
f 733//241 181//241 180//243 
f 725//244 731//243 182//245 
f 731//243 180//243 182//245 
f 729//246 725//244 176//247 
f 725//244 548//248 176//247 
f 729//246 175//249 174//250 
f 719//250 174//250 173//251 
f 703//251 173//251 178//252 
f 704//252 178//252 177//253 
f 701//254 700//253 179//255 
f 700//253 177//253 179//255 
f 179//255 553//256 701//254 
f 701//254 552//257 554//258 
f 554//258 709//259 701//254 
f 709//259 171//259 170//260 
f 707//260 170//260 172//261 
f 172//261 708//262 707//260 
f 708//262 141//262 140//263 
f 140//263 678//264 677//265 
f 140//263 680//266 678//264 
f 140//263 142//267 679//268 
f 679//268 680//266 140//263 
f 189//239 610//269 607//270 
f 189//239 698//239 637//271 
f 637//271 609//272 189//239 
f 609//272 610//269 189//239 
f 203//273 190//274 607//270 
f 607//270 190//274 189//239 
f 677//265 721//275 140//263 
f 679//268 142//267 143//276 
f 140//263 721//275 708//262 
f 172//261 141//262 708//262 
f 170//260 707//260 709//259 
f 554//258 171//259 709//259 
f 553//256 552//257 701//254 
f 177//253 700//253 704//252 
f 178//252 704//252 703//251 
f 173//251 703//251 719//250 
f 174//250 719//250 729//246 
f 176//247 175//249 729//246 
f 182//245 548//248 725//244 
f 180//243 731//243 733//241 
f 191//242 181//241 733//241 
f 192//240 728//240 698//239 
o mesh9
f 219//277 222//278 714//278 
f 706//279 714//278 226//280 
f 714//278 222//278 226//280 
f 706//279 139//279 138//281 
f 138//281 715//282 706//279 
f 136//282 134//283 710//283 
f 134//283 135//284 711//284 
f 699//285 711//284 255//286 
f 711//284 137//287 255//286 
f 711//284 135//284 137//287 
f 254//288 253//289 712//289 
f 712//289 253//289 256//290 
f 256//290 713//291 712//289 
f 702//292 713//291 132//293 
f 713//291 133//294 132//293 
f 128//295 127//296 716//296 
f 127//296 129//297 717//297 
f 129//297 131//298 718//298 
f 722//299 718//298 130//300 
f 718//298 131//298 130//300 
f 259//299 263//301 723//301 
f 723//301 263//301 262//302 
f 262//302 724//303 723//301 
f 262//302 500//304 724//303 
f 125//303 124//305 730//305 
f 124//305 123//306 732//306 
f 726//307 732//306 126//308 
f 732//306 123//306 126//308 
f 726//307 121//307 122//309 
f 122//309 727//310 726//307 
f 237//310 236//311 720//311 
f 705//312 682//313 169//314 
f 169//314 682//313 681//315 
f 681//315 165//316 169//314 
f 235//317 193//318 634//319 
f 720//311 236//311 235//317 
f 235//317 636//320 720//311 
f 634//319 636//320 235//317 
f 169//314 219//277 705//312 
f 720//311 727//310 237//310 
f 122//309 237//310 727//310 
f 126//308 121//307 726//307 
f 732//306 730//305 124//305 
f 730//305 724//303 125//303 
f 500//304 125//303 724//303 
f 723//301 722//299 259//299 
f 130//300 259//299 722//299 
f 718//298 717//297 129//297 
f 717//297 716//296 127//296 
f 716//296 702//292 128//295 
f 132//293 128//295 702//292 
f 256//290 133//294 713//291 
f 712//289 699//285 254//288 
f 255//286 254//288 699//285 
f 711//284 710//283 134//283 
f 710//283 715//282 136//282 
f 138//281 136//282 715//282 
f 226//280 139//279 706//279 
f 714//278 705//312 219//277 
o mesh10
f 575//321 734//321 735//322 
f 576//322 735//322 736//323 
f 736//323 737//324 550//325 
f 737//324 549//324 550//325 
f 549//324 737//324 738//326 
f 546//326 738//326 739//327 
f 547//327 739//327 740//328 
f 545//328 740//328 741//329 
f 543//329 741//329 742//330 
f 544//330 742//330 743//331 
f 541//331 743//331 744//332 
f 744//332 745//333 551//334 
f 745//333 555//333 551//334 
f 745//333 746//335 556//336 
f 746//335 560//335 556//336 
f 560//335 746//335 747//337 
f 559//337 747//337 748//338 
f 558//339 557//338 749//340 
f 557//338 748//338 749//340 
f 558//339 750//339 751//341 
f 561//341 751//341 752//342 
f 752//342 753//343 565//344 
f 753//343 563//343 565//344 
f 754//345 572//345 564//346 
f 564//346 753//343 754//345 
f 572//345 754//345 755//347 
f 573//347 755//347 756//348 
f 568//348 756//348 757//349 
f 566//349 757//349 758//350 
f 567//350 758//350 759//351 
f 571//351 759//351 760//352 
f 760//352 761//353 570//354 
f 761//353 574//353 570//354 
f 574//353 761//353 762//355 
f 578//355 762//355 763//356 
f 577//356 763//356 734//321 
f 734//321 575//321 577//356 
f 763//356 577//356 578//355 
f 762//355 578//355 574//353 
f 570//354 569//357 760//352 
f 760//352 569//357 571//351 
f 759//351 571//351 567//350 
f 758//350 567//350 566//349 
f 757//349 566//349 568//348 
f 756//348 568//348 573//347 
f 755//347 573//347 572//345 
f 564//346 563//343 753//343 
f 565//344 562//358 752//342 
f 752//342 562//358 561//341 
f 751//341 561//341 558//339 
f 749//340 750//339 558//339 
f 748//338 557//338 559//337 
f 747//337 559//337 560//335 
f 556//336 555//333 745//333 
f 551//334 542//359 744//332 
f 744//332 542//359 541//331 
f 743//331 541//331 544//330 
f 742//330 544//330 543//329 
f 741//329 543//329 545//328 
f 740//328 545//328 547//327 
f 739//327 547//327 546//326 
f 738//326 546//326 549//324 
f 550//325 579//360 736//323 
f 736//323 579//360 576//322 
f 735//322 576//322 575//321 
o mesh11
f 743//361 764//361 765//361 
f 743//361 742//361 766//361 
f 749//361 748//361 767//361 
f 747//361 768//361 767//361 
f 766//361 764//361 743//361 
f 742//361 741//361 769//361 
f 739//361 738//361 770//361 
f 738//361 737//361 771//361 
f 767//361 748//361 747//361 
f 746//361 772//361 768//361 
f 769//361 766//361 742//361 
f 740//361 773//361 769//361 
f 739//361 774//361 773//361 
f 771//361 770//361 738//361 
f 757//361 775//361 776//361 
f 757//361 756//361 777//361 
f 768//361 747//361 746//361 
f 746//361 745//361 778//361 
f 769//361 741//361 740//361 
f 770//361 774//361 739//361 
f 735//361 779//361 780//361 
f 734//361 781//361 779//361 
f 760//361 782//361 783//361 
f 760//361 759//361 784//361 
f 758//361 776//361 784//361 
f 777//361 775//361 757//361 
f 751//361 750//361 785//361 
f 749//361 786//361 785//361 
f 778//361 772//361 746//361 
f 745//361 744//361 765//361 
f 773//361 740//361 739//361 
f 737//361 736//361 780//361 
f 779//361 735//361 734//361 
f 734//361 763//361 787//361 
f 762//361 788//361 787//361 
f 762//361 761//361 783//361 
f 784//361 782//361 760//361 
f 776//361 758//361 757//361 
f 755//361 789//361 777//361 
f 755//361 754//361 790//361 
f 753//361 791//361 790//361 
f 753//361 752//361 792//361 
f 751//361 793//361 792//361 
f 785//361 750//361 749//361 
f 765//361 778//361 745//361 
f 780//361 771//361 737//361 
f 787//361 781//361 734//361 
f 783//361 788//361 762//361 
f 784//361 759//361 758//361 
f 790//361 789//361 755//361 
f 792//361 791//361 753//361 
f 785//361 793//361 751//361 
f 765//361 744//361 743//361 
f 787//361 763//361 762//361 
f 777//361 756//361 755//361 
f 792//361 752//361 751//361 
f 780//361 736//361 735//361 
f 790//361 754//361 753//361 
f 783//361 761//361 760//361 
f 767//361 786//361 749//361 
o mesh12
f 794//362 795//363 781//363 
f 796//364 794//362 787//365 
f 797//366 796//364 788//367 
f 798//368 797//366 783//369 
f 799//370 798//368 782//371 
f 800//372 799//370 784//373 
f 801//374 800//372 776//375 
f 802//376 801//374 775//377 
f 803//378 802//376 777//379 
f 804//380 803//378 789//381 
f 805//382 804//380 790//383 
f 806//384 805//382 791//385 
f 807//386 806//384 792//387 
f 808//388 807//386 793//389 
f 785//388 786//390 809//390 
f 767//391 810//391 809//390 
f 809//390 786//390 767//391 
f 811//392 810//391 767//391 
f 812//393 811//392 768//392 
f 813//394 812//393 772//393 
f 814//395 813//394 778//394 
f 815//396 814//395 765//395 
f 816//397 815//396 764//396 
f 817//398 816//397 766//397 
f 818//399 817//398 769//398 
f 819//400 818//399 773//399 
f 820//401 819//400 774//400 
f 821//402 820//401 770//401 
f 822//403 821//402 771//402 
f 823//404 822//403 780//403 
f 795//363 823//404 779//404 
f 779//404 781//363 795//363 
f 780//403 779//404 823//404 
f 771//402 780//403 822//403 
f 770//401 771//402 821//402 
f 774//400 770//401 820//401 
f 773//399 774//400 819//400 
f 769//398 773//399 818//399 
f 766//397 769//398 817//398 
f 764//396 766//397 816//397 
f 765//395 764//396 815//396 
f 778//394 765//395 814//395 
f 772//393 778//394 813//394 
f 768//392 772//393 812//393 
f 767//391 768//392 811//392 
f 809//390 808//388 785//388 
f 793//389 785//388 808//388 
f 792//387 793//389 807//386 
f 791//385 792//387 806//384 
f 790//383 791//385 805//382 
f 789//381 790//383 804//380 
f 777//379 789//381 803//378 
f 775//377 777//379 802//376 
f 776//375 775//377 801//374 
f 784//373 776//375 800//372 
f 782//371 784//373 799//370 
f 783//369 782//371 798//368 
f 788//367 783//369 797//366 
f 787//365 788//367 796//364 
f 781//363 787//365 794//362 
o mesh13
f 815//405 824//405 825//405 
f 816//405 826//405 824//405 
f 812//405 827//405 828//405 
f 813//405 829//405 827//405 
f 814//405 825//405 829//405 
f 824//405 815//405 816//405 
f 817//405 830//405 826//405 
f 818//405 831//405 830//405 
f 827//405 812//405 813//405 
f 825//405 814//405 815//405 
f 830//405 817//405 818//405 
f 819//405 832//405 831//405 
f 820//405 833//405 832//405 
f 821//405 834//405 833//405 
f 796//405 797//405 835//405 
f 797//405 798//405 836//405 
f 800//405 801//405 837//405 
f 801//405 802//405 838//405 
f 803//405 804//405 839//405 
f 804//405 805//405 840//405 
f 829//405 813//405 814//405 
f 831//405 818//405 819//405 
f 833//405 820//405 821//405 
f 822//405 841//405 834//405 
f 823//405 842//405 841//405 
f 795//405 843//405 842//405 
f 836//405 835//405 797//405 
f 798//405 799//405 844//405 
f 799//405 800//405 845//405 
f 838//405 837//405 801//405 
f 802//405 803//405 846//405 
f 840//405 839//405 804//405 
f 826//405 816//405 817//405 
f 834//405 821//405 822//405 
f 842//405 823//405 795//405 
f 795//405 794//405 847//405 
f 844//405 836//405 798//405 
f 837//405 845//405 800//405 
f 839//405 846//405 803//405 
f 805//405 806//405 848//405 
f 806//405 807//405 849//405 
f 807//405 808//405 850//405 
f 850//405 808//405 809//405 
f 811//405 828//405 851//405 
f 832//405 819//405 820//405 
f 847//405 843//405 795//405 
f 794//405 796//405 852//405 
f 845//405 844//405 799//405 
f 848//405 840//405 805//405 
f 850//405 849//405 807//405 
f 809//405 851//405 850//405 
f 828//405 811//405 812//405 
f 852//405 847//405 794//405 
f 846//405 838//405 802//405 
f 809//405 810//405 851//405 
f 841//405 822//405 823//405 
f 849//405 848//405 806//405 
f 835//405 852//405 796//405 
f 851//405 810//405 811//405 
o mesh14
f 853//406 426//406 422//407 
f 422//407 854//408 853//406 
f 853//406 855//409 431//410 
f 855//409 432//409 431//410 
f 856//411 434//411 433//412 
f 433//412 855//409 856//411 
f 857//413 436//414 435//415 
f 857//413 437//416 436//414 
f 435//415 856//411 857//413 
f 857//413 858//417 440//418 
f 858//417 438//417 440//418 
f 858//417 859//419 439//420 
f 859//419 441//419 439//420 
f 860//421 452//421 442//422 
f 442//422 859//419 860//421 
f 452//421 860//421 861//423 
f 861//423 862//424 448//425 
f 862//424 480//424 448//425 
f 863//426 497//426 475//427 
f 475//427 862//424 863//426 
f 863//426 499//428 498//429 
f 864//430 501//430 499//428 
f 499//428 863//426 864//430 
f 501//430 864//430 865//431 
f 865//431 866//432 505//433 
f 866//432 508//432 505//433 
f 508//432 866//432 867//434 
f 868//435 869//436 537//436 
f 867//434 868//435 518//437 
f 868//435 535//438 518//437 
f 518//437 513//439 867//434 
f 870//440 339//440 333//441 
f 333//441 869//436 870//440 
f 339//440 870//440 871//442 
f 872//443 350//443 331//444 
f 331//444 871//442 872//443 
f 872//443 352//445 351//446 
f 873//447 353//447 352//445 
f 352//445 872//443 873//447 
f 874//448 355//448 354//449 
f 354//449 873//447 874//448 
f 875//450 370//450 365//451 
f 365//451 874//448 875//450 
f 370//450 875//450 876//452 
f 876//452 877//453 374//454 
f 877//453 372//453 374//454 
f 878//455 375//455 373//456 
f 373//456 877//453 878//455 
f 879//457 390//457 376//458 
f 376//458 878//455 879//457 
f 879//457 880//459 392//460 
f 392//460 391//461 879//457 
f 880//459 393//462 392//460 
f 880//459 881//463 396//464 
f 396//464 399//465 880//459 
f 881//463 412//466 396//464 
f 412//466 881//463 882//467 
f 854//408 414//468 417//469 
f 417//469 882//467 854//408 
f 417//469 413//470 882//467 
f 882//467 413//470 412//466 
f 399//465 393//462 880//459 
f 391//461 390//457 879//457 
f 376//458 375//455 878//455 
f 373//456 372//453 877//453 
f 374//454 371//471 876//452 
f 876//452 371//471 370//450 
f 365//451 355//448 874//448 
f 354//449 353//447 873//447 
f 351//446 350//443 872//443 
f 331//444 330//472 871//442 
f 871//442 330//472 339//440 
f 333//441 537//436 869//436 
f 537//436 535//438 868//435 
f 867//434 513//439 508//432 
f 505//433 502//473 865//431 
f 865//431 502//473 501//430 
f 498//429 497//426 863//426 
f 475//427 480//424 862//424 
f 448//425 445//474 861//423 
f 861//423 445//474 452//421 
f 442//422 441//419 859//419 
f 439//420 438//417 858//417 
f 440//418 437//416 857//413 
f 435//415 434//411 856//411 
f 433//412 432//409 855//409 
f 431//410 426//406 853//406 
f 422//407 414//468 854//408 
o mesh15
f 862//475 861//475 883//475 
f 861//475 860//475 884//475 
f 863//475 862//475 885//475 
f 884//475 883//475 861//475 
f 860//475 859//475 886//475 
f 866//475 865//475 887//475 
f 865//475 864//475 888//475 
f 889//475 864//475 863//475 
f 886//475 884//475 860//475 
f 859//475 858//475 890//475 
f 867//475 866//475 891//475 
f 888//475 887//475 865//475 
f 885//475 889//475 863//475 
f 890//475 886//475 859//475 
f 858//475 857//475 892//475 
f 882//475 881//475 893//475 
f 881//475 880//475 894//475 
f 880//475 879//475 895//475 
f 879//475 878//475 896//475 
f 874//475 873//475 897//475 
f 873//475 872//475 898//475 
f 899//475 868//475 867//475 
f 889//475 888//475 864//475 
f 892//475 890//475 858//475 
f 857//475 856//475 900//475 
f 894//475 893//475 881//475 
f 896//475 895//475 879//475 
f 875//475 874//475 901//475 
f 898//475 897//475 873//475 
f 872//475 871//475 902//475 
f 871//475 870//475 903//475 
f 887//475 891//475 866//475 
f 900//475 892//475 857//475 
f 856//475 855//475 904//475 
f 855//475 853//475 905//475 
f 895//475 894//475 880//475 
f 878//475 877//475 906//475 
f 877//475 876//475 907//475 
f 876//475 875//475 908//475 
f 897//475 901//475 874//475 
f 903//475 902//475 871//475 
f 870//475 869//475 909//475 
f 899//475 909//475 869//475 
f 883//475 885//475 862//475 
f 905//475 904//475 855//475 
f 853//475 854//475 910//475 
f 854//475 882//475 911//475 
f 906//475 896//475 878//475 
f 908//475 907//475 876//475 
f 902//475 898//475 872//475 
f 869//475 868//475 899//475 
f 904//475 900//475 856//475 
f 911//475 910//475 854//475 
f 907//475 906//475 877//475 
f 909//475 903//475 870//475 
f 910//475 905//475 853//475 
f 901//475 908//475 875//475 
f 893//475 911//475 882//475 
f 891//475 899//475 867//475 
usemtl 0.792157_0.819608_0.933333_0.000000_0.000000
o mesh16
f 415//476 421//477 912//477 
f 416//478 415//476 913//479 
f 418//480 416//478 914//481 
f 419//482 418//480 915//483 
f 420//484 419//482 916//485 
f 917//486 311//486 318//487 
f 318//487 918//488 917//486 
f 312//489 311//486 917//486 
f 310//490 312//489 919//489 
f 317//491 310//490 920//490 
f 313//492 317//491 921//491 
f 314//493 313//492 922//492 
f 315//494 314//493 923//493 
f 316//495 315//494 924//494 
f 319//496 316//495 925//495 
f 926//497 328//497 329//498 
f 329//498 927//499 926//497 
f 327//500 328//497 926//497 
f 323//501 327//500 928//500 
f 324//502 323//501 929//501 
f 326//503 324//502 930//502 
f 322//504 326//503 931//503 
f 320//505 322//504 932//504 
f 321//506 320//505 933//505 
f 325//507 321//506 934//506 
f 935//507 936//508 430//509 
f 936//508 428//508 430//509 
f 429//510 428//508 936//508 
f 427//511 429//510 937//510 
f 424//512 427//511 938//511 
f 425//513 424//512 939//512 
f 940//513 912//477 423//514 
f 912//477 421//477 423//514 
f 423//514 425//513 940//513 
f 939//512 940//513 425//513 
f 938//511 939//512 424//512 
f 937//510 938//511 427//511 
f 936//508 937//510 429//510 
f 430//509 325//507 935//507 
f 934//506 935//507 325//507 
f 933//505 934//506 321//506 
f 932//504 933//505 320//505 
f 931//503 932//504 322//504 
f 930//502 931//503 326//503 
f 929//501 930//502 324//502 
f 928//500 929//501 323//501 
f 926//497 928//500 327//500 
f 329//498 319//496 927//499 
f 925//495 927//499 319//496 
f 924//494 925//495 316//495 
f 923//493 924//494 315//494 
f 922//492 923//493 314//493 
f 921//491 922//492 313//492 
f 920//490 921//491 317//491 
f 919//489 920//490 310//490 
f 917//486 919//489 312//489 
f 318//487 420//484 918//488 
f 916//485 918//488 420//484 
f 915//483 916//485 419//482 
f 914//481 915//483 418//480 
f 913//479 914//481 416//478 
f 912//477 913//479 415//476 
o mesh17
f 941//515 942//515 934//515 
f 942//515 943//515 935//515 
f 935//515 934//515 942//515 
f 943//515 944//515 936//515 
f 945//515 929//515 928//515 
f 945//515 946//515 930//515 
f 946//515 947//515 931//515 
f 947//515 948//515 932//515 
f 936//515 935//515 943//515 
f 944//515 949//515 937//515 
f 949//515 950//515 938//515 
f 950//515 951//515 939//515 
f 952//515 919//515 917//515 
f 953//515 920//515 919//515 
f 954//515 923//515 922//515 
f 955//515 924//515 923//515 
f 930//515 929//515 945//515 
f 932//515 931//515 947//515 
f 937//515 936//515 944//515 
f 939//515 938//515 950//515 
f 956//515 913//515 912//515 
f 957//515 914//515 913//515 
f 958//515 918//515 916//515 
f 959//515 917//515 918//515 
f 919//515 952//515 953//515 
f 960//515 921//515 920//515 
f 961//515 922//515 921//515 
f 923//515 954//515 955//515 
f 962//515 925//515 924//515 
f 963//515 927//515 925//515 
f 964//515 965//515 928//515 
f 931//515 930//515 946//515 
f 948//515 941//515 933//515 
f 938//515 937//515 949//515 
f 913//515 956//515 957//515 
f 966//515 915//515 914//515 
f 967//515 916//515 915//515 
f 918//515 958//515 959//515 
f 920//515 953//515 960//515 
f 922//515 961//515 954//515 
f 925//515 962//515 963//515 
f 964//515 926//515 927//515 
f 928//515 965//515 945//515 
f 934//515 933//515 941//515 
f 968//515 940//515 939//515 
f 968//515 969//515 912//515 
f 914//515 957//515 966//515 
f 916//515 967//515 958//515 
f 921//515 960//515 961//515 
f 927//515 963//515 964//515 
f 933//515 932//515 948//515 
f 912//515 940//515 968//515 
f 915//515 966//515 967//515 
f 924//515 955//515 962//515 
f 939//515 951//515 968//515 
f 917//515 959//515 952//515 
f 912//515 969//515 956//515 
f 928//515 926//515 964//515 
usemtl 0.898039_0.921569_0.929412_0.000000_0.000000
o mesh18
f 956//516 969//517 970//517 
f 957//518 956//516 971//519 
f 966//520 957//518 972//521 
f 967//522 966//520 973//523 
f 958//524 967//522 974//525 
f 959//526 958//524 975//527 
f 952//528 959//526 976//529 
f 953//530 952//528 977//531 
f 960//532 953//530 978//533 
f 961//534 960//532 979//535 
f 954//536 961//534 980//537 
f 955//538 954//536 981//539 
f 962//540 955//538 982//541 
f 963//542 962//540 983//543 
f 964//544 963//542 984//545 
f 965//546 964//544 985//547 
f 945//548 965//546 986//549 
f 946//550 945//548 987//551 
f 947//552 946//550 988//553 
f 948//554 947//552 989//555 
f 941//556 948//554 990//557 
f 942//558 941//556 991//559 
f 943//560 942//558 992//561 
f 944//562 943//560 993//563 
f 949//564 944//562 994//565 
f 950//566 949//564 995//567 
f 951//568 950//566 996//569 
f 968//570 951//568 997//571 
f 969//517 968//570 998//570 
f 998//570 970//517 969//517 
f 997//571 998//570 968//570 
f 996//569 997//571 951//568 
f 995//567 996//569 950//566 
f 994//565 995//567 949//564 
f 993//563 994//565 944//562 
f 992//561 993//563 943//560 
f 991//559 992//561 942//558 
f 990//557 991//559 941//556 
f 989//555 990//557 948//554 
f 988//553 989//555 947//552 
f 987//551 988//553 946//550 
f 986//549 987//551 945//548 
f 985//547 986//549 965//546 
f 984//545 985//547 964//544 
f 983//543 984//545 963//542 
f 982//541 983//543 962//540 
f 981//539 982//541 955//538 
f 980//537 981//539 954//536 
f 979//535 980//537 961//534 
f 978//533 979//535 960//532 
f 977//531 978//533 953//530 
f 976//529 977//531 952//528 
f 975//527 976//529 959//526 
f 974//525 975//527 958//524 
f 973//523 974//525 967//522 
f 972//521 973//523 966//520 
f 971//519 972//521 957//518 
f 970//517 971//519 956//516 
usemtl 0.149020_0.149020_0.149020_0.000000_0.000000
o mesh19
f 999//572 998//572 997//572 
f 997//572 996//572 999//572 
f 996//572 995//572 999//572 
f 995//572 994//572 999//572 
f 994//572 993//572 999//572 
f 993//572 992//572 999//572 
f 992//572 991//572 999//572 
f 991//572 990//572 999//572 
f 990//572 989//572 999//572 
f 989//572 988//572 999//572 
f 988//572 987//572 999//572 
f 987//572 986//572 999//572 
f 986//572 985//572 999//572 
f 985//572 984//572 999//572 
f 984//572 983//572 999//572 
f 983//572 982//572 999//572 
f 982//572 981//572 999//572 
f 981//572 980//572 999//572 
f 980//572 979//572 999//572 
f 979//572 978//572 999//572 
f 978//572 977//572 999//572 
f 977//572 976//572 999//572 
f 976//572 975//572 999//572 
f 975//572 974//572 999//572 
f 974//572 973//572 999//572 
f 973//572 972//572 999//572 
f 972//572 971//572 999//572 
f 971//572 970//572 999//572 
f 970//572 998//572 999//572 
usemtl 0.792157_0.819608_0.933333_0.000000_0.000000
o mesh20
f 307//573 306//574 1000//574 
f 1001//573 1002//575 384//576 
f 1002//575 385//575 384//576 
f 386//577 385//575 1002//575 
f 377//578 386//577 1003//577 
f 1004//578 1005//579 379//580 
f 1005//579 383//579 379//580 
f 388//581 383//579 1005//579 
f 378//582 388//581 1006//581 
f 382//583 378//582 1007//582 
f 380//584 382//583 1008//583 
f 381//585 380//584 1009//584 
f 389//586 381//585 1010//585 
f 387//587 389//586 1011//586 
f 1012//587 1013//588 304//589 
f 1013//588 305//588 304//589 
f 303//590 305//588 1013//588 
f 302//591 303//590 1014//590 
f 308//592 302//591 1015//591 
f 309//593 308//592 1016//592 
f 298//594 309//593 1017//593 
f 299//595 298//594 1018//594 
f 292//596 299//595 1019//595 
f 293//597 292//596 1020//596 
f 291//598 293//597 1021//597 
f 296//599 291//598 1022//598 
f 297//600 296//599 1023//599 
f 294//601 297//600 1024//600 
f 295//602 294//601 1025//601 
f 300//603 295//602 1026//602 
f 301//604 300//603 1027//603 
f 306//574 301//604 1028//604 
f 1028//604 1000//574 306//574 
f 1027//603 1028//604 301//604 
f 1026//602 1027//603 300//603 
f 1025//601 1026//602 295//602 
f 1024//600 1025//601 294//601 
f 1023//599 1024//600 297//600 
f 1022//598 1023//599 296//599 
f 1021//597 1022//598 291//598 
f 1020//596 1021//597 293//597 
f 1019//595 1020//596 292//596 
f 1018//594 1019//595 299//595 
f 1017//593 1018//594 298//594 
f 1016//592 1017//593 309//593 
f 1015//591 1016//592 308//592 
f 1014//590 1015//591 302//591 
f 1013//588 1014//590 303//590 
f 304//589 387//587 1012//587 
f 1011//586 1012//587 387//587 
f 1010//585 1011//586 389//586 
f 1009//584 1010//585 381//585 
f 1008//583 1009//584 380//584 
f 1007//582 1008//583 382//583 
f 1006//581 1007//582 378//582 
f 1005//579 1006//581 388//581 
f 379//580 377//578 1004//578 
f 1003//577 1004//578 377//578 
f 1002//575 1003//577 386//577 
f 384//576 307//573 1001//573 
f 1000//574 1001//573 307//573 
o mesh21
f 1029//605 1030//605 1022//605 
f 1030//605 1031//605 1023//605 
f 1032//605 1033//605 1019//605 
f 1033//605 1034//605 1020//605 
f 1034//605 1029//605 1021//605 
f 1023//605 1022//605 1030//605 
f 1035//605 1036//605 1017//605 
f 1036//605 1032//605 1018//605 
f 1020//605 1019//605 1033//605 
f 1022//605 1021//605 1029//605 
f 1037//605 1006//605 1005//605 
f 1038//605 1007//605 1006//605 
f 1039//605 1013//605 1012//605 
f 1040//605 1014//605 1013//605 
f 1018//605 1017//605 1036//605 
f 1021//605 1020//605 1034//605 
f 1031//605 1041//605 1024//605 
f 1041//605 1042//605 1025//605 
f 1043//605 1003//605 1002//605 
f 1044//605 1004//605 1003//605 
f 1045//605 1005//605 1004//605 
f 1006//605 1037//605 1038//605 
f 1046//605 1009//605 1008//605 
f 1047//605 1010//605 1009//605 
f 1048//605 1011//605 1010//605 
f 1049//605 1012//605 1011//605 
f 1013//605 1039//605 1040//605 
f 1040//605 1050//605 1015//605 
f 1019//605 1018//605 1032//605 
f 1025//605 1024//605 1041//605 
f 1042//605 1051//605 1026//605 
f 1051//605 1052//605 1027//605 
f 1052//605 1053//605 1028//605 
f 1053//605 1054//605 1000//605 
f 1055//605 1001//605 1000//605 
f 1056//605 1002//605 1001//605 
f 1003//605 1043//605 1044//605 
f 1005//605 1045//605 1037//605 
f 1057//605 1008//605 1007//605 
f 1009//605 1046//605 1047//605 
f 1011//605 1048//605 1049//605 
f 1015//605 1014//605 1040//605 
f 1050//605 1035//605 1016//605 
f 1024//605 1023//605 1031//605 
f 1027//605 1026//605 1051//605 
f 1000//605 1028//605 1053//605 
f 1001//605 1055//605 1056//605 
f 1004//605 1044//605 1045//605 
f 1008//605 1057//605 1046//605 
f 1012//605 1049//605 1039//605 
f 1017//605 1016//605 1035//605 
f 1028//605 1027//605 1052//605 
f 1002//605 1056//605 1043//605 
f 1010//605 1047//605 1048//605 
f 1026//605 1025//605 1042//605 
f 1007//605 1038//605 1057//605 
f 1000//605 1054//605 1055//605 
f 1016//605 1015//605 1050//605 
o mesh22
f 287//606 282//607 1058//607 
f 1059//606 1060//608 369//609 
f 1060//608 361//608 369//609 
f 362//610 361//608 1060//608 
f 368//611 362//610 1061//610 
f 359//612 368//611 1062//611 
f 360//613 359//612 1063//612 
f 367//614 360//613 1064//613 
f 364//615 367//614 1065//614 
f 356//616 364//615 1066//615 
f 1067//616 1068//617 357//618 
f 1068//617 358//617 357//618 
f 366//619 358//617 1068//617 
f 363//620 366//619 1069//619 
f 1070//620 1071//621 288//622 
f 1071//621 289//621 288//622 
f 290//623 289//621 1071//621 
f 272//624 290//623 1072//623 
f 273//625 272//624 1073//624 
f 280//626 273//625 1074//625 
f 281//627 280//626 1075//626 
f 286//628 281//627 1076//627 
f 285//629 286//628 1077//628 
f 279//630 285//629 1078//629 
f 277//631 279//630 1079//630 
f 278//632 277//631 1080//631 
f 275//633 278//632 1081//632 
f 276//634 275//633 1082//633 
f 283//635 276//634 1083//634 
f 284//636 283//635 1084//635 
f 274//637 284//636 1085//636 
f 282//607 274//637 1086//637 
f 1086//637 1058//607 282//607 
f 1085//636 1086//637 274//637 
f 1084//635 1085//636 284//636 
f 1083//634 1084//635 283//635 
f 1082//633 1083//634 276//634 
f 1081//632 1082//633 275//633 
f 1080//631 1081//632 278//632 
f 1079//630 1080//631 277//631 
f 1078//629 1079//630 279//630 
f 1077//628 1078//629 285//629 
f 1076//627 1077//628 286//628 
f 1075//626 1076//627 281//627 
f 1074//625 1075//626 280//626 
f 1073//624 1074//625 273//625 
f 1072//623 1073//624 272//624 
f 1071//621 1072//623 290//623 
f 288//622 363//620 1070//620 
f 1069//619 1070//620 363//620 
f 1068//617 1069//619 366//619 
f 357//618 356//616 1067//616 
f 1066//615 1067//616 356//616 
f 1065//614 1066//615 364//615 
f 1064//613 1065//614 367//614 
f 1063//612 1064//613 360//613 
f 1062//611 1063//612 359//612 
f 1061//610 1062//611 368//611 
f 1060//608 1061//610 362//610 
f 369//609 287//606 1059//606 
f 1058//607 1059//606 287//606 
o mesh23
f 1087//638 1088//638 1077//638 
f 1088//638 1089//638 1078//638 
f 1090//638 1068//638 1067//638 
f 1091//638 1069//638 1068//638 
f 1092//638 1070//638 1069//638 
f 1093//638 1094//638 1075//638 
f 1094//638 1087//638 1076//638 
f 1078//638 1077//638 1088//638 
f 1089//638 1095//638 1079//638 
f 1095//638 1096//638 1080//638 
f 1096//638 1097//638 1081//638 
f 1098//638 1064//638 1063//638 
f 1099//638 1065//638 1064//638 
f 1067//638 1100//638 1090//638 
f 1069//638 1091//638 1092//638 
f 1101//638 1093//638 1074//638 
f 1076//638 1075//638 1094//638 
f 1079//638 1078//638 1089//638 
f 1081//638 1080//638 1096//638 
f 1102//638 1103//638 1083//638 
f 1103//638 1104//638 1084//638 
f 1105//638 1061//638 1060//638 
f 1106//638 1062//638 1061//638 
f 1107//638 1063//638 1062//638 
f 1064//638 1098//638 1099//638 
f 1068//638 1108//638 1091//638 
f 1109//638 1071//638 1070//638 
f 1110//638 1072//638 1071//638 
f 1110//638 1101//638 1073//638 
f 1075//638 1074//638 1093//638 
f 1080//638 1079//638 1095//638 
f 1097//638 1102//638 1082//638 
f 1084//638 1083//638 1103//638 
f 1111//638 1112//638 1086//638 
f 1112//638 1113//638 1058//638 
f 1114//638 1059//638 1058//638 
f 1115//638 1060//638 1059//638 
f 1061//638 1105//638 1106//638 
f 1063//638 1107//638 1098//638 
f 1116//638 1066//638 1065//638 
f 1100//638 1067//638 1066//638 
f 1070//638 1092//638 1109//638 
f 1073//638 1072//638 1110//638 
f 1077//638 1076//638 1087//638 
f 1083//638 1082//638 1102//638 
f 1104//638 1111//638 1085//638 
f 1058//638 1086//638 1112//638 
f 1059//638 1114//638 1115//638 
f 1062//638 1106//638 1107//638 
f 1066//638 1116//638 1100//638 
f 1071//638 1109//638 1110//638 
f 1082//638 1081//638 1097//638 
f 1086//638 1085//638 1111//638 
f 1060//638 1115//638 1105//638 
f 1090//638 1108//638 1068//638 
f 1085//638 1084//638 1104//638 
f 1065//638 1099//638 1116//638 
f 1058//638 1113//638 1114//638 
f 1074//638 1073//638 1101//638 
o mesh24
f 526//639 534//640 1117//640 
f 527//641 526//639 1118//642 
f 532//643 527//641 1119//644 
f 525//645 532//643 1120//646 
f 522//647 525//645 1121//648 
f 523//649 522//647 1122//650 
f 524//651 523//649 1123//652 
f 531//653 524//651 1124//654 
f 539//655 531//653 1125//656 
f 529//657 539//655 1126//658 
f 530//659 529//657 1127//660 
f 540//661 530//659 1128//662 
f 538//663 540//661 1129//664 
f 536//665 538//663 1130//666 
f 1131//667 519//667 521//668 
f 521//668 1132//669 1131//667 
f 521//668 528//670 1132//669 
f 520//671 519//667 1131//667 
f 517//672 520//671 1133//671 
f 514//673 517//672 1134//672 
f 515//674 514//673 1135//673 
f 511//675 515//674 1136//674 
f 506//676 511//675 1137//675 
f 507//677 506//676 1138//676 
f 510//678 507//677 1139//677 
f 512//679 510//678 1140//678 
f 509//680 512//679 1141//679 
f 503//681 509//680 1142//680 
f 504//682 503//681 1143//681 
f 516//683 504//682 1144//682 
f 1145//683 1117//640 533//684 
f 1117//640 534//640 533//684 
f 533//684 516//683 1145//683 
f 1144//682 1145//683 516//683 
f 1143//681 1144//682 504//682 
f 1142//680 1143//681 503//681 
f 1141//679 1142//680 509//680 
f 1140//678 1141//679 512//679 
f 1139//677 1140//678 510//678 
f 1138//676 1139//677 507//677 
f 1137//675 1138//676 506//676 
f 1136//674 1137//675 511//675 
f 1135//673 1136//674 515//674 
f 1134//672 1135//673 514//673 
f 1133//671 1134//672 517//672 
f 1131//667 1133//671 520//671 
f 528//670 536//665 1132//669 
f 1130//666 1132//669 536//665 
f 1129//664 1130//666 538//663 
f 1128//662 1129//664 540//661 
f 1127//660 1128//662 530//659 
f 1126//658 1127//660 529//657 
f 1125//656 1126//658 539//655 
f 1124//654 1125//656 531//653 
f 1123//652 1124//654 524//651 
f 1122//650 1123//652 523//649 
f 1121//648 1122//650 522//647 
f 1120//646 1121//648 525//645 
f 1119//644 1120//646 532//643 
f 1118//642 1119//644 527//641 
f 1117//640 1118//642 526//639 
o mesh25
f 1146//685 1136//685 1135//685 
f 1146//685 1147//685 1137//685 
f 1148//685 1149//685 1129//685 
f 1149//685 1150//685 1130//685 
f 1137//685 1136//685 1146//685 
f 1147//685 1151//685 1138//685 
f 1152//685 1143//685 1142//685 
f 1153//685 1144//685 1143//685 
f 1154//685 1127//685 1126//685 
f 1154//685 1148//685 1128//685 
f 1130//685 1129//685 1149//685 
f 1155//685 1132//685 1130//685 
f 1138//685 1137//685 1147//685 
f 1151//685 1156//685 1139//685 
f 1157//685 1140//685 1139//685 
f 1157//685 1158//685 1141//685 
f 1143//685 1152//685 1153//685 
f 1159//685 1145//685 1144//685 
f 1160//685 1122//685 1121//685 
f 1160//685 1161//685 1123//685 
f 1128//685 1127//685 1154//685 
f 1130//685 1150//685 1155//685 
f 1162//685 1133//685 1131//685 
f 1162//685 1163//685 1134//685 
f 1139//685 1138//685 1151//685 
f 1141//685 1140//685 1157//685 
f 1164//685 1142//685 1141//685 
f 1144//685 1153//685 1159//685 
f 1165//685 1166//685 1121//685 
f 1123//685 1122//685 1160//685 
f 1167//685 1124//685 1123//685 
f 1167//685 1168//685 1125//685 
f 1169//685 1126//685 1125//685 
f 1129//685 1128//685 1148//685 
f 1134//685 1133//685 1162//685 
f 1163//685 1170//685 1135//685 
f 1139//685 1156//685 1157//685 
f 1142//685 1164//685 1152//685 
f 1171//685 1165//685 1120//685 
f 1121//685 1166//685 1160//685 
f 1125//685 1124//685 1167//685 
f 1126//685 1169//685 1154//685 
f 1135//685 1134//685 1163//685 
f 1141//685 1158//685 1164//685 
f 1172//685 1117//685 1145//685 
f 1172//685 1173//685 1118//685 
f 1173//685 1171//685 1119//685 
f 1121//685 1120//685 1165//685 
f 1125//685 1168//685 1169//685 
f 1174//685 1131//685 1132//685 
f 1135//685 1170//685 1146//685 
f 1118//685 1117//685 1172//685 
f 1120//685 1119//685 1171//685 
f 1132//685 1155//685 1174//685 
f 1145//685 1159//685 1172//685 
f 1123//685 1161//685 1167//685 
f 1119//685 1118//685 1173//685 
f 1131//685 1174//685 1162//685 
o mesh26
f 493//686 485//687 1175//687 
f 1176//686 1177//688 271//689 
f 1177//688 260//688 271//689 
f 266//690 260//688 1177//688 
f 265//691 266//690 1178//690 
f 257//692 265//691 1179//691 
f 258//693 257//692 1180//692 
f 269//694 258//693 1181//693 
f 264//695 269//694 1182//694 
f 261//696 264//695 1183//695 
f 270//697 261//696 1184//696 
f 267//698 270//697 1185//697 
f 268//699 267//698 1186//698 
f 1187//699 1188//700 496//701 
f 1188//700 494//700 496//701 
f 495//702 494//700 1188//700 
f 484//703 495//702 1189//702 
f 492//704 484//703 1190//703 
f 491//705 492//704 1191//704 
f 479//706 491//705 1192//705 
f 478//707 479//706 1193//706 
f 1194//708 477//708 476//709 
f 476//709 1195//710 1194//708 
f 483//711 477//708 1194//708 
f 489//712 483//711 1196//711 
f 490//713 489//712 1197//712 
f 482//714 490//713 1198//713 
f 488//715 482//714 1199//714 
f 486//716 488//715 1200//715 
f 487//717 486//716 1201//716 
f 481//718 487//717 1202//717 
f 485//687 481//718 1203//718 
f 1203//718 1175//687 485//687 
f 1202//717 1203//718 481//718 
f 1201//716 1202//717 487//717 
f 1200//715 1201//716 486//716 
f 1199//714 1200//715 488//715 
f 1198//713 1199//714 482//714 
f 1197//712 1198//713 490//713 
f 1196//711 1197//712 489//712 
f 1194//708 1196//711 483//711 
f 476//709 478//707 1195//710 
f 1193//706 1195//710 478//707 
f 1192//705 1193//706 479//706 
f 1191//704 1192//705 491//705 
f 1190//703 1191//704 492//704 
f 1189//702 1190//703 484//703 
f 1188//700 1189//702 495//702 
f 496//701 268//699 1187//699 
f 1186//698 1187//699 268//699 
f 1185//697 1186//698 267//698 
f 1184//696 1185//697 270//697 
f 1183//695 1184//696 261//696 
f 1182//694 1183//695 264//695 
f 1181//693 1182//694 269//694 
f 1180//692 1181//693 258//693 
f 1179//691 1180//692 257//692 
f 1178//690 1179//691 265//691 
f 1177//688 1178//690 266//690 
f 271//689 493//686 1176//686 
f 1175//687 1176//686 493//686 
o mesh27
f 1204//719 1193//719 1192//719 
f 1204//719 1205//719 1195//719 
f 1206//719 1192//719 1191//719 
f 1195//719 1193//719 1204//719 
f 1207//719 1208//719 1191//719 
f 1192//719 1206//719 1204//719 
f 1209//719 1194//719 1195//719 
f 1210//719 1196//719 1194//719 
f 1211//719 1197//719 1196//719 
f 1212//719 1198//719 1197//719 
f 1213//719 1203//719 1202//719 
f 1213//719 1214//719 1175//719 
f 1215//719 1216//719 1177//719 
f 1216//719 1217//719 1178//719 
f 1217//719 1218//719 1179//719 
f 1218//719 1219//719 1180//719 
f 1191//719 1208//719 1206//719 
f 1194//719 1209//719 1210//719 
f 1197//719 1211//719 1212//719 
f 1220//719 1199//719 1198//719 
f 1221//719 1200//719 1199//719 
f 1222//719 1201//719 1200//719 
f 1223//719 1202//719 1201//719 
f 1175//719 1203//719 1213//719 
f 1178//719 1177//719 1216//719 
f 1180//719 1179//719 1218//719 
f 1219//719 1224//719 1181//719 
f 1224//719 1225//719 1182//719 
f 1195//719 1205//719 1209//719 
f 1198//719 1212//719 1220//719 
f 1200//719 1221//719 1222//719 
f 1202//719 1223//719 1213//719 
f 1179//719 1178//719 1217//719 
f 1182//719 1181//719 1224//719 
f 1226//719 1184//719 1183//719 
f 1226//719 1227//719 1185//719 
f 1227//719 1228//719 1186//719 
f 1228//719 1229//719 1187//719 
f 1196//719 1210//719 1211//719 
f 1201//719 1222//719 1223//719 
f 1214//719 1215//719 1176//719 
f 1181//719 1180//719 1219//719 
f 1230//719 1183//719 1182//719 
f 1185//719 1184//719 1226//719 
f 1187//719 1186//719 1228//719 
f 1229//719 1231//719 1188//719 
f 1199//719 1220//719 1221//719 
f 1177//719 1176//719 1215//719 
f 1183//719 1230//719 1226//719 
f 1188//719 1187//719 1229//719 
f 1176//719 1175//719 1214//719 
f 1186//719 1185//719 1227//719 
f 1232//719 1189//719 1188//719 
f 1232//719 1207//719 1190//719 
f 1182//719 1225//719 1230//719 
f 1190//719 1189//719 1232//719 
f 1188//719 1231//719 1232//719 
f 1191//719 1190//719 1207//719 
usemtl 0.898039_0.921569_0.929412_0.000000_0.000000
o mesh28
f 1055//720 1054//721 1233//721 
f 1056//722 1055//720 1234//723 
f 1043//724 1056//722 1235//725 
f 1044//726 1043//724 1236//727 
f 1045//728 1044//726 1237//729 
f 1037//730 1045//728 1238//731 
f 1038//732 1037//730 1239//733 
f 1057//734 1038//732 1240//735 
f 1046//736 1057//734 1241//737 
f 1047//738 1046//736 1242//739 
f 1048//740 1047//738 1243//741 
f 1049//742 1048//740 1244//743 
f 1039//744 1049//742 1245//745 
f 1040//746 1039//744 1246//747 
f 1050//748 1040//746 1247//749 
f 1035//750 1050//748 1248//751 
f 1036//752 1035//750 1249//753 
f 1032//754 1036//752 1250//755 
f 1033//756 1032//754 1251//757 
f 1034//758 1033//756 1252//759 
f 1029//760 1034//758 1253//761 
f 1030//762 1029//760 1254//763 
f 1031//764 1030//762 1255//765 
f 1041//766 1031//764 1256//767 
f 1042//768 1041//766 1257//769 
f 1051//770 1042//768 1258//771 
f 1052//772 1051//770 1259//773 
f 1053//774 1052//772 1260//775 
f 1054//721 1053//774 1261//774 
f 1261//774 1233//721 1054//721 
f 1260//775 1261//774 1053//774 
f 1259//773 1260//775 1052//772 
f 1258//771 1259//773 1051//770 
f 1257//769 1258//771 1042//768 
f 1256//767 1257//769 1041//766 
f 1255//765 1256//767 1031//764 
f 1254//763 1255//765 1030//762 
f 1253//761 1254//763 1029//760 
f 1252//759 1253//761 1034//758 
f 1251//757 1252//759 1033//756 
f 1250//755 1251//757 1032//754 
f 1249//753 1250//755 1036//752 
f 1248//751 1249//753 1035//750 
f 1247//749 1248//751 1050//748 
f 1246//747 1247//749 1040//746 
f 1245//745 1246//747 1039//744 
f 1244//743 1245//745 1049//742 
f 1243//741 1244//743 1048//740 
f 1242//739 1243//741 1047//738 
f 1241//737 1242//739 1046//736 
f 1240//735 1241//737 1057//734 
f 1239//733 1240//735 1038//732 
f 1238//731 1239//733 1037//730 
f 1237//729 1238//731 1045//728 
f 1236//727 1237//729 1044//726 
f 1235//725 1236//727 1043//724 
f 1234//723 1235//725 1056//722 
f 1233//721 1234//723 1055//720 
usemtl 0.149020_0.149020_0.149020_0.000000_0.000000
o mesh29
f 1262//776 1261//776 1260//776 
f 1260//776 1259//776 1262//776 
f 1259//776 1258//776 1262//776 
f 1258//776 1257//776 1262//776 
f 1257//776 1256//776 1262//776 
f 1256//776 1255//776 1262//776 
f 1255//776 1254//776 1262//776 
f 1254//776 1253//776 1262//776 
f 1253//776 1252//776 1262//776 
f 1252//776 1251//776 1262//776 
f 1251//776 1250//776 1262//776 
f 1250//776 1249//776 1262//776 
f 1249//776 1248//776 1262//776 
f 1248//776 1247//776 1262//776 
f 1247//776 1246//776 1262//776 
f 1246//776 1245//776 1262//776 
f 1245//776 1244//776 1262//776 
f 1244//776 1243//776 1262//776 
f 1243//776 1242//776 1262//776 
f 1242//776 1241//776 1262//776 
f 1241//776 1240//776 1262//776 
f 1240//776 1239//776 1262//776 
f 1239//776 1238//776 1262//776 
f 1238//776 1237//776 1262//776 
f 1237//776 1236//776 1262//776 
f 1236//776 1235//776 1262//776 
f 1235//776 1234//776 1262//776 
f 1234//776 1233//776 1262//776 
f 1233//776 1261//776 1262//776 
usemtl 0.898039_0.921569_0.929412_0.000000_0.000000
o mesh30
f 1114//777 1113//778 1263//778 
f 1115//779 1114//777 1264//780 
f 1105//781 1115//779 1265//782 
f 1106//783 1105//781 1266//784 
f 1107//785 1106//783 1267//786 
f 1098//787 1107//785 1268//788 
f 1099//789 1098//787 1269//790 
f 1116//791 1099//789 1270//792 
f 1100//793 1116//791 1271//794 
f 1272//795 1273//796 1108//796 
f 1272//795 1090//795 1100//793 
f 1100//793 1274//797 1272//795 
f 1091//798 1108//796 1273//796 
f 1092//799 1091//798 1275//798 
f 1109//800 1092//799 1276//799 
f 1110//801 1109//800 1277//800 
f 1101//802 1110//801 1278//801 
f 1093//803 1101//802 1279//802 
f 1094//804 1093//803 1280//803 
f 1087//805 1094//804 1281//804 
f 1088//806 1087//805 1282//805 
f 1089//807 1088//806 1283//806 
f 1095//808 1089//807 1284//807 
f 1096//809 1095//808 1285//808 
f 1097//810 1096//809 1286//809 
f 1102//811 1097//810 1287//810 
f 1103//812 1102//811 1288//811 
f 1104//813 1103//812 1289//812 
f 1111//814 1104//813 1290//813 
f 1112//815 1111//814 1291//814 
f 1113//778 1112//815 1292//815 
f 1292//815 1263//778 1113//778 
f 1291//814 1292//815 1112//815 
f 1290//813 1291//814 1111//814 
f 1289//812 1290//813 1104//813 
f 1288//811 1289//812 1103//812 
f 1287//810 1288//811 1102//811 
f 1286//809 1287//810 1097//810 
f 1285//808 1286//809 1096//809 
f 1284//807 1285//808 1095//808 
f 1283//806 1284//807 1089//807 
f 1282//805 1283//806 1088//806 
f 1281//804 1282//805 1087//805 
f 1280//803 1281//804 1094//804 
f 1279//802 1280//803 1093//803 
f 1278//801 1279//802 1101//802 
f 1277//800 1278//801 1110//801 
f 1276//799 1277//800 1109//800 
f 1275//798 1276//799 1092//799 
f 1273//796 1275//798 1091//798 
f 1108//796 1090//795 1272//795 
f 1271//794 1274//797 1100//793 
f 1270//792 1271//794 1116//791 
f 1269//790 1270//792 1099//789 
f 1268//788 1269//790 1098//787 
f 1267//786 1268//788 1107//785 
f 1266//784 1267//786 1106//783 
f 1265//782 1266//784 1105//781 
f 1264//780 1265//782 1115//779 
f 1263//778 1264//780 1114//777 
usemtl 0.149020_0.149020_0.149020_0.000000_0.000000
o mesh31
f 1293//816 1274//816 1271//816 
f 1271//816 1270//816 1293//816 
f 1270//816 1269//816 1293//816 
f 1269//816 1268//816 1293//816 
f 1268//816 1267//816 1293//816 
f 1267//816 1266//816 1293//816 
f 1266//816 1265//816 1293//816 
f 1265//816 1264//816 1293//816 
f 1264//816 1263//816 1293//816 
f 1263//816 1292//816 1293//816 
f 1292//816 1291//816 1293//816 
f 1291//816 1290//816 1293//816 
f 1290//816 1289//816 1293//816 
f 1289//816 1288//816 1293//816 
f 1288//816 1287//816 1293//816 
f 1287//816 1286//816 1293//816 
f 1286//816 1285//816 1293//816 
f 1285//816 1284//816 1293//816 
f 1284//816 1283//816 1293//816 
f 1283//816 1282//816 1293//816 
f 1282//816 1281//816 1293//816 
f 1281//816 1280//816 1293//816 
f 1280//816 1279//816 1293//816 
f 1279//816 1278//816 1293//816 
f 1278//816 1277//816 1293//816 
f 1277//816 1276//816 1293//816 
f 1276//816 1275//816 1293//816 
f 1275//816 1273//816 1293//816 
f 1273//816 1272//816 1293//816 
f 1272//816 1274//816 1293//816 
usemtl 0.898039_0.921569_0.929412_0.000000_0.000000
o mesh32
f 1173//817 1172//818 1294//818 
f 1171//819 1173//817 1295//820 
f 1165//821 1171//819 1296//822 
f 1166//823 1165//821 1297//824 
f 1160//825 1166//823 1298//826 
f 1161//827 1160//825 1299//828 
f 1167//829 1161//827 1300//830 
f 1168//831 1167//829 1301//832 
f 1169//833 1168//831 1302//834 
f 1154//835 1169//833 1303//836 
f 1148//837 1154//835 1304//838 
f 1149//839 1148//837 1305//840 
f 1150//841 1149//839 1306//842 
f 1155//843 1150//841 1307//844 
f 1174//845 1155//843 1308//846 
f 1162//847 1174//845 1309//848 
f 1163//849 1162//847 1310//850 
f 1170//851 1163//849 1311//852 
f 1146//853 1170//851 1312//854 
f 1147//855 1146//853 1313//856 
f 1151//857 1147//855 1314//858 
f 1156//859 1151//857 1315//860 
f 1157//861 1156//859 1316//862 
f 1158//863 1157//861 1317//864 
f 1164//865 1158//863 1318//866 
f 1152//867 1164//865 1319//868 
f 1153//869 1152//867 1320//870 
f 1159//871 1153//869 1321//872 
f 1172//818 1159//871 1322//871 
f 1322//871 1294//818 1172//818 
f 1321//872 1322//871 1159//871 
f 1320//870 1321//872 1153//869 
f 1319//868 1320//870 1152//867 
f 1318//866 1319//868 1164//865 
f 1317//864 1318//866 1158//863 
f 1316//862 1317//864 1157//861 
f 1315//860 1316//862 1156//859 
f 1314//858 1315//860 1151//857 
f 1313//856 1314//858 1147//855 
f 1312//854 1313//856 1146//853 
f 1311//852 1312//854 1170//851 
f 1310//850 1311//852 1163//849 
f 1309//848 1310//850 1162//847 
f 1308//846 1309//848 1174//845 
f 1307//844 1308//846 1155//843 
f 1306//842 1307//844 1150//841 
f 1305//840 1306//842 1149//839 
f 1304//838 1305//840 1148//837 
f 1303//836 1304//838 1154//835 
f 1302//834 1303//836 1169//833 
f 1301//832 1302//834 1168//831 
f 1300//830 1301//832 1167//829 
f 1299//828 1300//830 1161//827 
f 1298//826 1299//828 1160//825 
f 1297//824 1298//826 1166//823 
f 1296//822 1297//824 1165//821 
f 1295//820 1296//822 1171//819 
f 1294//818 1295//820 1173//817 
usemtl 0.149020_0.149020_0.149020_0.000000_0.000000
o mesh33
f 1323//873 1322//873 1321//873 
f 1321//873 1320//873 1323//873 
f 1320//873 1319//873 1323//873 
f 1319//873 1318//873 1323//873 
f 1318//873 1317//873 1323//873 
f 1317//873 1316//873 1323//873 
f 1316//873 1315//873 1323//873 
f 1315//873 1314//873 1323//873 
f 1314//873 1313//873 1323//873 
f 1313//873 1312//873 1323//873 
f 1312//873 1311//873 1323//873 
f 1311//873 1310//873 1323//873 
f 1310//873 1309//873 1323//873 
f 1309//873 1308//873 1323//873 
f 1308//873 1307//873 1323//873 
f 1307//873 1306//873 1323//873 
f 1306//873 1305//873 1323//873 
f 1305//873 1304//873 1323//873 
f 1304//873 1303//873 1323//873 
f 1303//873 1302//873 1323//873 
f 1302//873 1301//873 1323//873 
f 1301//873 1300//873 1323//873 
f 1300//873 1299//873 1323//873 
f 1299//873 1298//873 1323//873 
f 1298//873 1297//873 1323//873 
f 1297//873 1296//873 1323//873 
f 1296//873 1295//873 1323//873 
f 1295//873 1294//873 1323//873 
f 1294//873 1322//873 1323//873 
usemtl 0.898039_0.921569_0.929412_0.000000_0.000000
o mesh34
f 1215//874 1214//875 1324//875 
f 1216//876 1215//874 1325//877 
f 1217//878 1216//876 1326//879 
f 1218//880 1217//878 1327//881 
f 1219//882 1218//880 1328//883 
f 1224//884 1219//882 1329//885 
f 1225//886 1224//884 1330//887 
f 1230//888 1225//886 1331//889 
f 1226//890 1230//888 1332//891 
f 1227//892 1226//890 1333//893 
f 1228//894 1227//892 1334//895 
f 1229//896 1228//894 1335//897 
f 1231//898 1229//896 1336//899 
f 1232//900 1231//898 1337//901 
f 1207//902 1232//900 1338//903 
f 1208//904 1207//902 1339//905 
f 1206//906 1208//904 1340//907 
f 1204//908 1206//906 1341//909 
f 1205//910 1204//908 1342//911 
f 1209//912 1205//910 1343//913 
f 1210//914 1209//912 1344//915 
f 1211//916 1210//914 1345//917 
f 1212//918 1211//916 1346//919 
f 1220//920 1212//918 1347//921 
f 1221//922 1220//920 1348//923 
f 1222//924 1221//922 1349//925 
f 1223//926 1222//924 1350//927 
f 1213//928 1223//926 1351//929 
f 1214//875 1213//928 1352//928 
f 1352//928 1324//875 1214//875 
f 1351//929 1352//928 1213//928 
f 1350//927 1351//929 1223//926 
f 1349//925 1350//927 1222//924 
f 1348//923 1349//925 1221//922 
f 1347//921 1348//923 1220//920 
f 1346//919 1347//921 1212//918 
f 1345//917 1346//919 1211//916 
f 1344//915 1345//917 1210//914 
f 1343//913 1344//915 1209//912 
f 1342//911 1343//913 1205//910 
f 1341//909 1342//911 1204//908 
f 1340//907 1341//909 1206//906 
f 1339//905 1340//907 1208//904 
f 1338//903 1339//905 1207//902 
f 1337//901 1338//903 1232//900 
f 1336//899 1337//901 1231//898 
f 1335//897 1336//899 1229//896 
f 1334//895 1335//897 1228//894 
f 1333//893 1334//895 1227//892 
f 1332//891 1333//893 1226//890 
f 1331//889 1332//891 1230//888 
f 1330//887 1331//889 1225//886 
f 1329//885 1330//887 1224//884 
f 1328//883 1329//885 1219//882 
f 1327//881 1328//883 1218//880 
f 1326//879 1327//881 1217//878 
f 1325//877 1326//879 1216//876 
f 1324//875 1325//877 1215//874 
usemtl 0.149020_0.149020_0.149020_0.000000_0.000000
o mesh35
f 1353//930 1352//930 1351//930 
f 1351//930 1350//930 1353//930 
f 1350//930 1349//930 1353//930 
f 1349//930 1348//930 1353//930 
f 1348//930 1347//930 1353//930 
f 1347//930 1346//930 1353//930 
f 1346//930 1345//930 1353//930 
f 1345//930 1344//930 1353//930 
f 1344//930 1343//930 1353//930 
f 1343//930 1342//930 1353//930 
f 1342//930 1341//930 1353//930 
f 1341//930 1340//930 1353//930 
f 1340//930 1339//930 1353//930 
f 1339//930 1338//930 1353//930 
f 1338//930 1337//930 1353//930 
f 1337//930 1336//930 1353//930 
f 1336//930 1335//930 1353//930 
f 1335//930 1334//930 1353//930 
f 1334//930 1333//930 1353//930 
f 1333//930 1332//930 1353//930 
f 1332//930 1331//930 1353//930 
f 1331//930 1330//930 1353//930 
f 1330//930 1329//930 1353//930 
f 1329//930 1328//930 1353//930 
f 1328//930 1327//930 1353//930 
f 1327//930 1326//930 1353//930 
f 1326//930 1325//930 1353//930 
f 1325//930 1324//930 1353//930 
f 1324//930 1352//930 1353//930 
usemtl 0.898039_0.921569_0.929412_0.000000_0.000000
o mesh36
f 467//931 474//932 1354//932 
f 468//933 467//931 1355//934 
f 460//935 468//933 1356//936 
f 461//937 460//935 1357//938 
f 466//939 461//937 1358//940 
f 465//941 466//939 1359//942 
f 450//943 465//941 1360//944 
f 459//945 450//943 1361//946 
f 463//947 459//945 1362//948 
f 464//949 463//947 1363//950 
f 471//951 464//949 1364//952 
f 472//953 471//951 1365//954 
f 470//955 472//953 1366//956 
f 458//957 470//955 1367//958 
f 457//959 458//957 1368//960 
f 449//961 457//959 1369//962 
f 446//963 449//961 1370//964 
f 447//965 446//963 1371//966 
f 456//967 447//965 1372//968 
f 454//969 456//967 1373//970 
f 455//971 454//969 1374//972 
f 462//973 455//971 1375//974 
f 469//975 462//973 1376//976 
f 453//977 469//975 1377//978 
f 443//979 453//977 1378//980 
f 444//981 443//979 1379//982 
f 451//983 444//981 1380//984 
f 473//985 451//983 1381//986 
f 474//932 473//985 1382//985 
f 1382//985 1354//932 474//932 
f 1381//986 1382//985 473//985 
f 1380//984 1381//986 451//983 
f 1379//982 1380//984 444//981 
f 1378//980 1379//982 443//979 
f 1377//978 1378//980 453//977 
f 1376//976 1377//978 469//975 
f 1375//974 1376//976 462//973 
f 1374//972 1375//974 455//971 
f 1373//970 1374//972 454//969 
f 1372//968 1373//970 456//967 
f 1371//966 1372//968 447//965 
f 1370//964 1371//966 446//963 
f 1369//962 1370//964 449//961 
f 1368//960 1369//962 457//959 
f 1367//958 1368//960 458//957 
f 1366//956 1367//958 470//955 
f 1365//954 1366//956 472//953 
f 1364//952 1365//954 471//951 
f 1363//950 1364//952 464//949 
f 1362//948 1363//950 463//947 
f 1361//946 1362//948 459//945 
f 1360//944 1361//946 450//943 
f 1359//942 1360//944 465//941 
f 1358//940 1359//942 466//939 
f 1357//938 1358//940 461//937 
f 1356//936 1357//938 460//935 
f 1355//934 1356//936 468//933 
f 1354//932 1355//934 467//931 
o mesh37
f 242//987 244//988 1383//988 
f 243//989 242//987 1384//990 
f 246//991 243//989 1385//992 
f 247//993 246//991 1386//994 
f 240//995 247//993 1387//996 
f 241//997 240//995 1388//998 
f 252//999 241//997 1389//1000 
f 1390//1001 344//1001 348//1002 
f 348//1002 1391//1003 1390//1001 
f 343//1004 344//1001 1390//1001 
f 332//1005 343//1004 1392//1004 
f 336//1006 332//1005 1393//1005 
f 347//1007 336//1006 1394//1006 
f 342//1008 347//1007 1395//1007 
f 340//1009 342//1008 1396//1008 
f 341//1010 340//1009 1397//1009 
f 345//1011 341//1010 1398//1010 
f 346//1012 345//1011 1399//1011 
f 338//1013 346//1012 1400//1012 
f 334//1014 338//1013 1401//1013 
f 335//1015 1402//1015 1403//1016 
f 1402//1015 335//1015 334//1014 
f 334//1014 1404//1017 1402//1015 
f 349//1018 337//1019 1403//1016 
f 1405//1018 1406//1020 251//1021 
f 1406//1020 250//1020 251//1021 
f 248//1022 250//1020 1406//1020 
f 249//1023 248//1022 1407//1022 
f 238//1024 249//1023 1408//1023 
f 239//1025 238//1024 1409//1024 
f 245//1026 239//1025 1410//1025 
f 234//1027 245//1026 1411//1026 
f 244//988 234//1027 1412//1027 
f 1412//1027 1383//988 244//988 
f 1411//1026 1412//1027 234//1027 
f 1410//1025 1411//1026 245//1026 
f 1409//1024 1410//1025 239//1025 
f 1408//1023 1409//1024 238//1024 
f 1407//1022 1408//1023 249//1023 
f 1406//1020 1407//1022 248//1022 
f 251//1021 349//1018 1405//1018 
f 1403//1016 1405//1018 349//1018 
f 1403//1016 337//1019 335//1015 
f 1401//1013 1404//1017 334//1014 
f 1400//1012 1401//1013 338//1013 
f 1399//1011 1400//1012 346//1012 
f 1398//1010 1399//1011 345//1011 
f 1397//1009 1398//1010 341//1010 
f 1396//1008 1397//1009 340//1009 
f 1395//1007 1396//1008 342//1008 
f 1394//1006 1395//1007 347//1007 
f 1393//1005 1394//1006 336//1006 
f 1392//1004 1393//1005 332//1005 
f 1390//1001 1392//1004 343//1004 
f 348//1002 252//999 1391//1003 
f 1389//1000 1391//1003 252//999 
f 1388//998 1389//1000 241//997 
f 1387//996 1388//998 240//995 
f 1386//994 1387//996 247//993 
f 1385//992 1386//994 246//991 
f 1384//990 1385//992 243//989 
f 1383//988 1384//990 242//987 
o mesh38
f 407//1028 406//1029 1413//1029 
f 410//1030 407//1028 1414//1031 
f 401//1032 410//1030 1415//1033 
f 405//1034 401//1032 1416//1035 
f 404//1036 405//1034 1417//1037 
f 400//1038 404//1036 1418//1039 
f 411//1040 400//1038 1419//1041 
f 1420//1042 218//1042 231//1043 
f 231//1043 1421//1044 1420//1042 
f 215//1045 218//1042 1420//1042 
f 1422//1045 1423//1046 216//1047 
f 1423//1046 217//1046 216//1047 
f 225//1048 217//1046 1423//1046 
f 233//1049 225//1048 1424//1048 
f 230//1050 233//1049 1425//1049 
f 229//1051 230//1050 1426//1050 
f 223//1052 229//1051 1427//1051 
f 224//1053 223//1052 1428//1052 
f 220//1054 224//1053 1429//1053 
f 221//1055 220//1054 1430//1054 
f 232//1056 221//1055 1431//1055 
f 227//1057 232//1056 1432//1056 
f 228//1058 227//1057 1433//1057 
f 1434//1058 1435//1059 409//1060 
f 1435//1059 394//1059 409//1060 
f 395//1061 394//1059 1435//1059 
f 398//1062 395//1061 1436//1061 
f 403//1063 398//1062 1437//1062 
f 408//1064 403//1063 1438//1063 
f 402//1065 408//1064 1439//1064 
f 397//1066 402//1065 1440//1065 
f 406//1029 397//1066 1441//1066 
f 1441//1066 1413//1029 406//1029 
f 1440//1065 1441//1066 397//1066 
f 1439//1064 1440//1065 402//1065 
f 1438//1063 1439//1064 408//1064 
f 1437//1062 1438//1063 403//1063 
f 1436//1061 1437//1062 398//1062 
f 1435//1059 1436//1061 395//1061 
f 409//1060 228//1058 1434//1058 
f 1433//1057 1434//1058 228//1058 
f 1432//1056 1433//1057 227//1057 
f 1431//1055 1432//1056 232//1056 
f 1430//1054 1431//1055 221//1055 
f 1429//1053 1430//1054 220//1054 
f 1428//1052 1429//1053 224//1053 
f 1427//1051 1428//1052 223//1052 
f 1426//1050 1427//1051 229//1051 
f 1425//1049 1426//1050 230//1050 
f 1424//1048 1425//1049 233//1049 
f 1423//1046 1424//1048 225//1048 
f 216//1047 215//1045 1422//1045 
f 1420//1042 1422//1045 215//1045 
f 231//1043 411//1040 1421//1044 
f 1419//1041 1421//1044 411//1040 
f 1418//1039 1419//1041 400//1038 
f 1417//1037 1418//1039 404//1036 
f 1416//1035 1417//1037 405//1034 
f 1415//1033 1416//1035 401//1032 
f 1414//1031 1415//1033 410//1030 
f 1413//1029 1414//1031 407//1028 
usemtl 0.650980_0.619608_0.588235_0.000000_0.000000
o mesh39
f 1500//1067 899//1068 891//1068 
f 1501//1069 891//1068 887//1068 
f 1502//1070 887//1068 888//1071 
f 1503//1072 888//1071 889//1071 
f 1504//1073 889//1071 885//1074 
f 1505//1075 885//1074 883//1074 
f 1506//1076 883//1074 884//1077 
f 1507//1078 884//1077 886//1077 
f 1508//1079 886//1077 890//1080 
f 1509//1081 890//1080 892//1080 
f 1510//1082 892//1080 900//1083 
f 1511//1084 900//1083 904//1083 
f 1512//1085 904//1083 905//1086 
f 1513//1087 905//1086 910//1086 
f 1514//1088 910//1086 911//1089 
f 1515//1090 911//1089 893//1089 
f 1516//1091 893//1089 894//1092 
f 1517//1093 894//1092 895//1092 
f 1518//1094 895//1092 896//1095 
f 1519//1096 896//1095 906//1095 
f 1520//1097 906//1095 907//1098 
f 1521//1099 907//1098 908//1098 
f 1522//1100 908//1098 901//1101 
f 1523//1102 901//1101 897//1101 
f 1524//1103 897//1101 898//1104 
f 1525//1105 898//1104 902//1104 
f 1526//1106 902//1104 903//1107 
f 1527//1108 903//1107 909//1107 
f 1528//1109 909//1107 899//1068 
f 1529//1110 1500//1067 1501//1069 
f 1530//1111 1501//1069 1502//1070 
f 1531//1112 1502//1070 1503//1072 
f 1532//1113 1503//1072 1504//1073 
f 1533//1114 1504//1073 1505//1075 
f 1534//1115 1505//1075 1506//1076 
f 1535//1116 1506//1076 1507//1078 
f 1536//1117 1507//1078 1508//1079 
f 1537//1118 1508//1079 1509//1081 
f 1538//1119 1509//1081 1510//1082 
f 1539//1120 1510//1082 1511//1084 
f 1540//1121 1511//1084 1512//1085 
f 1541//1122 1512//1085 1513//1087 
f 1542//1123 1513//1087 1514//1088 
f 1543//1124 1514//1088 1515//1090 
f 1544//1125 1515//1090 1516//1091 
f 1545//1126 1516//1091 1517//1093 
f 1546//1127 1517//1093 1518//1094 
f 1547//1128 1518//1094 1519//1096 
f 1548//1129 1519//1096 1520//1097 
f 1549//1130 1520//1097 1521//1099 
f 1550//1131 1521//1099 1522//1100 
f 1551//1132 1522//1100 1523//1102 
f 1552//1133 1523//1102 1524//1103 
f 1553//1134 1524//1103 1525//1105 
f 1554//1135 1525//1105 1526//1106 
f 1555//1136 1526//1106 1527//1108 
f 1556//1137 1527//1108 1528//1109 
f 1557//1138 1528//1109 1500//1067 
f 1558//1139 1529//1110 1530//1111 
f 1559//1140 1530//1111 1531//1112 
f 1560//1141 1531//1112 1532//1113 
f 1561//1142 1532//1113 1533//1114 
f 1562//1143 1533//1114 1534//1115 
f 1563//1144 1534//1115 1535//1116 
f 1564//1145 1535//1116 1536//1117 
f 1565//1146 1536//1117 1537//1118 
f 1566//1147 1537//1118 1538//1119 
f 1567//1148 1538//1119 1539//1120 
f 1568//1149 1539//1120 1540//1121 
f 1569//1150 1540//1121 1541//1122 
f 1570//1151 1541//1122 1542//1123 
f 1571//1152 1542//1123 1543//1124 
f 1572//1153 1543//1124 1544//1125 
f 1573//1154 1544//1125 1545//1126 
f 1574//1155 1545//1126 1546//1127 
f 1575//1156 1546//1127 1547//1128 
f 1576//1157 1547//1128 1548//1129 
f 1577//1158 1548//1129 1549//1130 
f 1578//1159 1549//1130 1550//1131 
f 1579//1160 1550//1131 1551//1132 
f 1580//1161 1551//1132 1552//1133 
f 1581//1162 1552//1133 1553//1134 
f 1582//1163 1553//1134 1554//1135 
f 1583//1164 1554//1135 1555//1136 
f 1584//1165 1555//1136 1556//1137 
f 1585//1166 1556//1137 1557//1138 
f 1586//1167 1557//1138 1529//1110 
f 1587//1168 1558//1139 1559//1140 
f 1588//1169 1559//1140 1560//1141 
f 1589//1170 1560//1141 1561//1142 
f 1590//1171 1561//1142 1562//1143 
f 1591//1172 1562//1143 1563//1144 
f 1592//1173 1563//1144 1564//1145 
f 1593//1174 1564//1145 1565//1146 
f 1594//1175 1565//1146 1566//1147 
f 1595//1176 1566//1147 1567//1148 
f 1596//1177 1567//1148 1568//1149 
f 1597//1178 1568//1149 1569//1150 
f 1598//1179 1569//1150 1570//1151 
f 1599//1180 1570//1151 1571//1152 
f 1600//1181 1571//1152 1572//1153 
f 1601//1182 1572//1153 1573//1154 
f 1602//1183 1573//1154 1574//1155 
f 1603//1184 1574//1155 1575//1156 
f 1604//1185 1575//1156 1576//1157 
f 1605//1186 1576//1157 1577//1158 
f 1606//1187 1577//1158 1578//1159 
f 1607//1188 1578//1159 1579//1160 
f 1608//1189 1579//1160 1580//1161 
f 1609//1190 1580//1161 1581//1162 
f 1610//1191 1581//1162 1582//1163 
f 1611//1192 1582//1163 1583//1164 
f 1612//1193 1583//1164 1584//1165 
f 1613//1194 1584//1165 1585//1166 
f 1614//1195 1585//1166 1586//1167 
f 1615//1196 1586//1167 1558//1139 
f 1616//1197 1587//1168 1588//1169 
f 1617//1198 1588//1169 1589//1170 
f 1618//1199 1589//1170 1590//1171 
f 1619//1200 1590//1171 1591//1172 
f 1620//1201 1591//1172 1592//1173 
f 1621//1202 1592//1173 1593//1174 
f 1622//1203 1593//1174 1594//1175 
f 1623//1204 1594//1175 1595//1176 
f 1624//1205 1595//1176 1596//1177 
f 1625//1206 1596//1177 1597//1178 
f 1626//1207 1597//1178 1598//1179 
f 1627//1208 1598//1179 1599//1180 
f 1628//1209 1599//1180 1600//1181 
f 1629//1210 1600//1181 1601//1182 
f 1630//1211 1601//1182 1602//1183 
f 1631//1212 1602//1183 1603//1184 
f 1632//1213 1603//1184 1604//1185 
f 1633//1214 1604//1185 1605//1186 
f 1634//1215 1605//1186 1606//1187 
f 1635//1216 1606//1187 1607//1188 
f 1636//1217 1607//1188 1608//1189 
f 1637//1218 1608//1189 1609//1190 
f 1638//1219 1609//1190 1610//1191 
f 1639//1220 1610//1191 1611//1192 
f 1640//1221 1611//1192 1612//1193 
f 1641//1222 1612//1193 1613//1194 
f 1642//1223 1613//1194 1614//1195 
f 1643//1224 1614//1195 1615//1196 
f 1644//1225 1615//1196 1587//1168 
f 1645//1226 1616//1197 1617//1198 
f 1646//1227 1617//1198 1618//1199 
f 1647//1228 1618//1199 1619//1200 
f 1648//1229 1619//1200 1620//1201 
f 1649//1230 1620//1201 1621//1202 
f 1650//1231 1621//1202 1622//1203 
f 1651//1232 1622//1203 1623//1204 
f 1652//1233 1623//1204 1624//1205 
f 1653//1234 1624//1205 1625//1206 
f 1654//1235 1625//1206 1626//1207 
f 1655//1236 1626//1207 1627//1208 
f 1656//1237 1627//1208 1628//1209 
f 1657//1238 1628//1209 1629//1210 
f 1658//1239 1629//1210 1630//1211 
f 1659//1240 1630//1211 1631//1212 
f 1660//1241 1631//1212 1632//1213 
f 1661//1242 1632//1213 1633//1214 
f 1662//1243 1633//1214 1634//1215 
f 1663//1244 1634//1215 1635//1216 
f 1664//1245 1635//1216 1636//1217 
f 1665//1246 1636//1217 1637//1218 
f 1666//1247 1637//1218 1638//1219 
f 1667//1248 1638//1219 1639//1220 
f 1668//1249 1639//1220 1640//1221 
f 1669//1250 1640//1221 1641//1222 
f 1670//1251 1641//1222 1642//1223 
f 1671//1252 1642//1223 1643//1224 
f 1672//1253 1643//1224 1644//1225 
f 1673//1254 1644//1225 1616//1197 
f 1674//1255 1645//1226 1646//1227 
f 1675//1256 1646//1227 1647//1228 
f 1676//1257 1647//1228 1648//1229 
f 1677//1258 1648//1229 1649//1230 
f 1678//1259 1649//1230 1650//1231 
f 1679//1260 1650//1231 1651//1232 
f 1680//1261 1651//1232 1652//1233 
f 1681//1262 1652//1233 1653//1234 
f 1682//1263 1653//1234 1654//1235 
f 1683//1264 1654//1235 1655//1236 
f 1684//1265 1655//1236 1656//1237 
f 1685//1266 1656//1237 1657//1238 
f 1686//1267 1657//1238 1658//1239 
f 1687//1268 1658//1239 1659//1240 
f 1688//1269 1659//1240 1660//1241 
f 1689//1270 1660//1241 1661//1242 
f 1690//1271 1661//1242 1662//1243 
f 1691//1272 1662//1243 1663//1244 
f 1692//1273 1663//1244 1664//1245 
f 1693//1274 1664//1245 1665//1246 
f 1694//1275 1665//1246 1666//1247 
f 1695//1276 1666//1247 1667//1248 
f 1696//1277 1667//1248 1668//1249 
f 1697//1278 1668//1249 1669//1250 
f 1698//1279 1669//1250 1670//1251 
f 1699//1280 1670//1251 1671//1252 
f 1700//1281 1671//1252 1672//1253 
f 1701//1282 1672//1253 1673//1254 
f 1702//1283 1673//1254 1645//1226 
f 1674//1255 1675//1256 1442//1284 
f 1675//1256 1443//1285 1442//1284 
f 1675//1256 1676//1257 1444//1286 
f 1676//1257 1445//1287 1444//1286 
f 1676//1257 1677//1258 1446//1288 
f 1677//1258 1447//1289 1446//1288 
f 1677//1258 1678//1259 1448//1290 
f 1678//1259 1449//1291 1448//1290 
f 1678//1259 1679//1260 1450//1292 
f 1679//1260 1451//1293 1450//1292 
f 1679//1260 1680//1261 1452//1294 
f 1680//1261 1453//1295 1452//1294 
f 1680//1261 1681//1262 1454//1296 
f 1681//1262 1455//1297 1454//1296 
f 1681//1262 1682//1263 1456//1298 
f 1682//1263 1457//1299 1456//1298 
f 1682//1263 1683//1264 1458//1300 
f 1683//1264 1459//1301 1458//1300 
f 1683//1264 1684//1265 1460//1302 
f 1684//1265 1461//1303 1460//1302 
f 1684//1265 1685//1266 1462//1304 
f 1685//1266 1463//1305 1462//1304 
f 1685//1266 1686//1267 1464//1306 
f 1686//1267 1465//1307 1464//1306 
f 1686//1267 1687//1268 1466//1308 
f 1687//1268 1467//1309 1466//1308 
f 1687//1268 1688//1269 1468//1310 
f 1688//1269 1469//1311 1468//1310 
f 1689//1270 1470//1312 1471//1313 
f 1471//1313 1688//1269 1689//1270 
f 1690//1271 1472//1314 1473//1315 
f 1473//1315 1689//1270 1690//1271 
f 1691//1272 1474//1316 1475//1317 
f 1475//1317 1690//1271 1691//1272 
f 1692//1273 1476//1318 1477//1319 
f 1477//1319 1691//1272 1692//1273 
f 1693//1274 1478//1320 1479//1321 
f 1479//1321 1692//1273 1693//1274 
f 1694//1275 1480//1322 1481//1323 
f 1481//1323 1693//1274 1694//1275 
f 1695//1276 1482//1324 1483//1325 
f 1483//1325 1694//1275 1695//1276 
f 1696//1277 1484//1326 1485//1327 
f 1485//1327 1695//1276 1696//1277 
f 1697//1278 1486//1328 1487//1329 
f 1487//1329 1696//1277 1697//1278 
f 1698//1279 1488//1330 1489//1331 
f 1489//1331 1697//1278 1698//1279 
f 1699//1280 1490//1332 1491//1333 
f 1491//1333 1698//1279 1699//1280 
f 1700//1281 1492//1334 1493//1335 
f 1493//1335 1699//1280 1700//1281 
f 1701//1282 1494//1336 1495//1337 
f 1495//1337 1700//1281 1701//1282 
f 1702//1283 1496//1338 1497//1339 
f 1497//1339 1701//1282 1702//1283 
f 1674//1255 1498//1340 1499//1341 
f 1499//1341 1702//1283 1674//1255 
f 1499//1341 1496//1338 1702//1283 
f 1497//1339 1494//1336 1701//1282 
f 1495//1337 1492//1334 1700//1281 
f 1493//1335 1490//1332 1699//1280 
f 1491//1333 1488//1330 1698//1279 
f 1489//1331 1486//1328 1697//1278 
f 1487//1329 1484//1326 1696//1277 
f 1485//1327 1482//1324 1695//1276 
f 1483//1325 1480//1322 1694//1275 
f 1481//1323 1478//1320 1693//1274 
f 1479//1321 1476//1318 1692//1273 
f 1477//1319 1474//1316 1691//1272 
f 1475//1317 1472//1314 1690//1271 
f 1473//1315 1470//1312 1689//1270 
f 1471//1313 1469//1311 1688//1269 
f 1468//1310 1467//1309 1687//1268 
f 1466//1308 1465//1307 1686//1267 
f 1464//1306 1463//1305 1685//1266 
f 1462//1304 1461//1303 1684//1265 
f 1460//1302 1459//1301 1683//1264 
f 1458//1300 1457//1299 1682//1263 
f 1456//1298 1455//1297 1681//1262 
f 1454//1296 1453//1295 1680//1261 
f 1452//1294 1451//1293 1679//1260 
f 1450//1292 1449//1291 1678//1259 
f 1448//1290 1447//1289 1677//1258 
f 1446//1288 1445//1287 1676//1257 
f 1444//1286 1443//1285 1675//1256 
f 1442//1284 1498//1340 1674//1255 
f 1645//1226 1674//1255 1702//1283 
f 1673//1254 1702//1283 1701//1282 
f 1672//1253 1701//1282 1700//1281 
f 1671//1252 1700//1281 1699//1280 
f 1670//1251 1699//1280 1698//1279 
f 1669//1250 1698//1279 1697//1278 
f 1668//1249 1697//1278 1696//1277 
f 1667//1248 1696//1277 1695//1276 
f 1666//1247 1695//1276 1694//1275 
f 1665//1246 1694//1275 1693//1274 
f 1664//1245 1693//1274 1692//1273 
f 1663//1244 1692//1273 1691//1272 
f 1662//1243 1691//1272 1690//1271 
f 1661//1242 1690//1271 1689//1270 
f 1660//1241 1689//1270 1688//1269 
f 1659//1240 1688//1269 1687//1268 
f 1658//1239 1687//1268 1686//1267 
f 1657//1238 1686//1267 1685//1266 
f 1656//1237 1685//1266 1684//1265 
f 1655//1236 1684//1265 1683//1264 
f 1654//1235 1683//1264 1682//1263 
f 1653//1234 1682//1263 1681//1262 
f 1652//1233 1681//1262 1680//1261 
f 1651//1232 1680//1261 1679//1260 
f 1650//1231 1679//1260 1678//1259 
f 1649//1230 1678//1259 1677//1258 
f 1648//1229 1677//1258 1676//1257 
f 1647//1228 1676//1257 1675//1256 
f 1646//1227 1675//1256 1674//1255 
f 1616//1197 1645//1226 1673//1254 
f 1644//1225 1673//1254 1672//1253 
f 1643//1224 1672//1253 1671//1252 
f 1642//1223 1671//1252 1670//1251 
f 1641//1222 1670//1251 1669//1250 
f 1640//1221 1669//1250 1668//1249 
f 1639//1220 1668//1249 1667//1248 
f 1638//1219 1667//1248 1666//1247 
f 1637//1218 1666//1247 1665//1246 
f 1636//1217 1665//1246 1664//1245 
f 1635//1216 1664//1245 1663//1244 
f 1634//1215 1663//1244 1662//1243 
f 1633//1214 1662//1243 1661//1242 
f 1632//1213 1661//1242 1660//1241 
f 1631//1212 1660//1241 1659//1240 
f 1630//1211 1659//1240 1658//1239 
f 1629//1210 1658//1239 1657//1238 
f 1628//1209 1657//1238 1656//1237 
f 1627//1208 1656//1237 1655//1236 
f 1626//1207 1655//1236 1654//1235 
f 1625//1206 1654//1235 1653//1234 
f 1624//1205 1653//1234 1652//1233 
f 1623//1204 1652//1233 1651//1232 
f 1622//1203 1651//1232 1650//1231 
f 1621//1202 1650//1231 1649//1230 
f 1620//1201 1649//1230 1648//1229 
f 1619//1200 1648//1229 1647//1228 
f 1618//1199 1647//1228 1646//1227 
f 1617//1198 1646//1227 1645//1226 
f 1587//1168 1616//1197 1644//1225 
f 1615//1196 1644//1225 1643//1224 
f 1614//1195 1643//1224 1642//1223 
f 1613//1194 1642//1223 1641//1222 
f 1612//1193 1641//1222 1640//1221 
f 1611//1192 1640//1221 1639//1220 
f 1610//1191 1639//1220 1638//1219 
f 1609//1190 1638//1219 1637//1218 
f 1608//1189 1637//1218 1636//1217 
f 1607//1188 1636//1217 1635//1216 
f 1606//1187 1635//1216 1634//1215 
f 1605//1186 1634//1215 1633//1214 
f 1604//1185 1633//1214 1632//1213 
f 1603//1184 1632//1213 1631//1212 
f 1602//1183 1631//1212 1630//1211 
f 1601//1182 1630//1211 1629//1210 
f 1600//1181 1629//1210 1628//1209 
f 1599//1180 1628//1209 1627//1208 
f 1598//1179 1627//1208 1626//1207 
f 1597//1178 1626//1207 1625//1206 
f 1596//1177 1625//1206 1624//1205 
f 1595//1176 1624//1205 1623//1204 
f 1594//1175 1623//1204 1622//1203 
f 1593//1174 1622//1203 1621//1202 
f 1592//1173 1621//1202 1620//1201 
f 1591//1172 1620//1201 1619//1200 
f 1590//1171 1619//1200 1618//1199 
f 1589//1170 1618//1199 1617//1198 
f 1588//1169 1617//1198 1616//1197 
f 1558//1139 1587//1168 1615//1196 
f 1586//1167 1615//1196 1614//1195 
f 1585//1166 1614//1195 1613//1194 
f 1584//1165 1613//1194 1612//1193 
f 1583//1164 1612//1193 1611//1192 
f 1582//1163 1611//1192 1610//1191 
f 1581//1162 1610//1191 1609//1190 
f 1580//1161 1609//1190 1608//1189 
f 1579//1160 1608//1189 1607//1188 
f 1578//1159 1607//1188 1606//1187 
f 1577//1158 1606//1187 1605//1186 
f 1576//1157 1605//1186 1604//1185 
f 1575//1156 1604//1185 1603//1184 
f 1574//1155 1603//1184 1602//1183 
f 1573//1154 1602//1183 1601//1182 
f 1572//1153 1601//1182 1600//1181 
f 1571//1152 1600//1181 1599//1180 
f 1570//1151 1599//1180 1598//1179 
f 1569//1150 1598//1179 1597//1178 
f 1568//1149 1597//1178 1596//1177 
f 1567//1148 1596//1177 1595//1176 
f 1566//1147 1595//1176 1594//1175 
f 1565//1146 1594//1175 1593//1174 
f 1564//1145 1593//1174 1592//1173 
f 1563//1144 1592//1173 1591//1172 
f 1562//1143 1591//1172 1590//1171 
f 1561//1142 1590//1171 1589//1170 
f 1560//1141 1589//1170 1588//1169 
f 1559//1140 1588//1169 1587//1168 
f 1529//1110 1558//1139 1586//1167 
f 1557//1138 1586//1167 1585//1166 
f 1556//1137 1585//1166 1584//1165 
f 1555//1136 1584//1165 1583//1164 
f 1554//1135 1583//1164 1582//1163 
f 1553//1134 1582//1163 1581//1162 
f 1552//1133 1581//1162 1580//1161 
f 1551//1132 1580//1161 1579//1160 
f 1550//1131 1579//1160 1578//1159 
f 1549//1130 1578//1159 1577//1158 
f 1548//1129 1577//1158 1576//1157 
f 1547//1128 1576//1157 1575//1156 
f 1546//1127 1575//1156 1574//1155 
f 1545//1126 1574//1155 1573//1154 
f 1544//1125 1573//1154 1572//1153 
f 1543//1124 1572//1153 1571//1152 
f 1542//1123 1571//1152 1570//1151 
f 1541//1122 1570//1151 1569//1150 
f 1540//1121 1569//1150 1568//1149 
f 1539//1120 1568//1149 1567//1148 
f 1538//1119 1567//1148 1566//1147 
f 1537//1118 1566//1147 1565//1146 
f 1536//1117 1565//1146 1564//1145 
f 1535//1116 1564//1145 1563//1144 
f 1534//1115 1563//1144 1562//1143 
f 1533//1114 1562//1143 1561//1142 
f 1532//1113 1561//1142 1560//1141 
f 1531//1112 1560//1141 1559//1140 
f 1530//1111 1559//1140 1558//1139 
f 1500//1067 1529//1110 1557//1138 
f 1528//1109 1557//1138 1556//1137 
f 1527//1108 1556//1137 1555//1136 
f 1526//1106 1555//1136 1554//1135 
f 1525//1105 1554//1135 1553//1134 
f 1524//1103 1553//1134 1552//1133 
f 1523//1102 1552//1133 1551//1132 
f 1522//1100 1551//1132 1550//1131 
f 1521//1099 1550//1131 1549//1130 
f 1520//1097 1549//1130 1548//1129 
f 1519//1096 1548//1129 1547//1128 
f 1518//1094 1547//1128 1546//1127 
f 1517//1093 1546//1127 1545//1126 
f 1516//1091 1545//1126 1544//1125 
f 1515//1090 1544//1125 1543//1124 
f 1514//1088 1543//1124 1542//1123 
f 1513//1087 1542//1123 1541//1122 
f 1512//1085 1541//1122 1540//1121 
f 1511//1084 1540//1121 1539//1120 
f 1510//1082 1539//1120 1538//1119 
f 1509//1081 1538//1119 1537//1118 
f 1508//1079 1537//1118 1536//1117 
f 1507//1078 1536//1117 1535//1116 
f 1506//1076 1535//1116 1534//1115 
f 1505//1075 1534//1115 1533//1114 
f 1504//1073 1533//1114 1532//1113 
f 1503//1072 1532//1113 1531//1112 
f 1502//1070 1531//1112 1530//1111 
f 1501//1069 1530//1111 1529//1110 
f 899//1068 1500//1067 1528//1109 
f 909//1107 1528//1109 1527//1108 
f 903//1107 1527//1108 1526//1106 
f 902//1104 1526//1106 1525//1105 
f 898//1104 1525//1105 1524//1103 
f 897//1101 1524//1103 1523//1102 
f 901//1101 1523//1102 1522//1100 
f 908//1098 1522//1100 1521//1099 
f 907//1098 1521//1099 1520//1097 
f 906//1095 1520//1097 1519//1096 
f 896//1095 1519//1096 1518//1094 
f 895//1092 1518//1094 1517//1093 
f 894//1092 1517//1093 1516//1091 
f 893//1089 1516//1091 1515//1090 
f 911//1089 1515//1090 1514//1088 
f 910//1086 1514//1088 1513//1087 
f 905//1086 1513//1087 1512//1085 
f 904//1083 1512//1085 1511//1084 
f 900//1083 1511//1084 1510//1082 
f 892//1080 1510//1082 1509//1081 
f 890//1080 1509//1081 1508//1079 
f 886//1077 1508//1079 1507//1078 
f 884//1077 1507//1078 1506//1076 
f 883//1074 1506//1076 1505//1075 
f 885//1074 1505//1075 1504//1073 
f 889//1071 1504//1073 1503//1072 
f 888//1071 1503//1072 1502//1070 
f 887//1068 1502//1070 1501//1069 
f 891//1068 1501//1069 1500//1067 
usemtl 0.776471_0.756863_0.737255_0.000000_0.000000
o mesh40
f 843//1340 1703//1340 1704//1342 
f 842//1342 1704//1342 1705//1343 
f 841//1343 1705//1343 1706//1344 
f 834//1344 1706//1344 1707//1345 
f 829//1346 1708//1346 1709//1347 
f 827//1347 1709//1347 1710//1348 
f 828//1348 1710//1348 1711//1349 
f 851//1349 1711//1349 1712//1350 
f 850//1350 1712//1350 1713//1351 
f 849//1351 1713//1351 1714//1352 
f 848//1352 1714//1352 1715//1353 
f 840//1353 1715//1353 1716//1354 
f 839//1354 1716//1354 1717//1355 
f 846//1355 1717//1355 1718//1356 
f 838//1356 1718//1356 1719//1357 
f 837//1357 1719//1357 1720//1358 
f 845//1358 1720//1358 1721//1359 
f 844//1359 1721//1359 1722//1360 
f 836//1360 1722//1360 1723//1361 
f 835//1361 1723//1361 1724//1362 
f 852//1362 1724//1362 1725//1363 
f 847//1363 1725//1363 1703//1340 
f 832//1364 833//1365 1726//1366 
f 1707//1345 1727//1366 1726//1366 
f 1726//1366 833//1365 1707//1345 
f 832//1364 1728//1367 1729//1368 
f 831//1368 1729//1368 1730//1369 
f 830//1369 1730//1369 1731//1370 
f 826//1370 1731//1370 1732//1371 
f 824//1371 1732//1371 1733//1372 
f 1708//1346 829//1346 1734//1373 
f 825//1372 1733//1372 1734//1373 
f 1734//1373 829//1346 825//1372 
f 1734//1373 1735//1373 1708//1346 
f 1733//1372 825//1372 824//1371 
f 1732//1371 824//1371 826//1370 
f 1731//1370 826//1370 830//1369 
f 1730//1369 830//1369 831//1368 
f 1729//1368 831//1368 832//1364 
f 1726//1366 1728//1367 832//1364 
f 1703//1340 843//1340 847//1363 
f 1725//1363 847//1363 852//1362 
f 1724//1362 852//1362 835//1361 
f 1723//1361 835//1361 836//1360 
f 1722//1360 836//1360 844//1359 
f 1721//1359 844//1359 845//1358 
f 1720//1358 845//1358 837//1357 
f 1719//1357 837//1357 838//1356 
f 1718//1356 838//1356 846//1355 
f 1717//1355 846//1355 839//1354 
f 1716//1354 839//1354 840//1353 
f 1715//1353 840//1353 848//1352 
f 1714//1352 848//1352 849//1351 
f 1713//1351 849//1351 850//1350 
f 1712//1350 850//1350 851//1349 
f 1711//1349 851//1349 828//1348 
f 1710//1348 828//1348 827//1347 
f 1709//1347 827//1347 829//1346 
f 1707//1345 833//1365 834//1344 
f 1706//1344 834//1344 841//1343 
f 1705//1343 841//1343 842//1342 
f 1704//1342 842//1342 843//1340 
o mesh41
f 1726//1374 1727//1374 1735//1374 
f 1735//1374 1734//1374 1726//1374 
o mesh42
f 1733//1375 1730//1375 1729//1375 
f 1730//1375 1733//1375 1732//1375 
f 1732//1375 1731//1375 1730//1375 
f 1729//1375 1728//1375 1733//1375 
f 1726//1375 1734//1375 1733//1375 
f 1728//1375 1726//1375 1733//1375 
o mesh43
f 1707//1375 1711//1375 1710//1375 
f 1723//1375 1719//1375 1718//1375 
f 1722//1375 1721//1375 1720//1375 
f 1715//1375 1725//1375 1724//1375 
f 1707//1375 1712//1375 1711//1375 
f 1718//1375 1717//1375 1723//1375 
f 1719//1375 1723//1375 1722//1375 
f 1715//1375 1703//1375 1725//1375 
f 1715//1375 1706//1375 1705//1375 
f 1707//1375 1713//1375 1712//1375 
f 1707//1375 1715//1375 1714//1375 
f 1720//1375 1719//1375 1722//1375 
f 1715//1375 1704//1375 1703//1375 
f 1715//1375 1707//1375 1706//1375 
f 1714//1375 1713//1375 1707//1375 
f 1717//1375 1716//1375 1723//1375 
f 1705//1375 1704//1375 1715//1375 
f 1708//1375 1735//1375 1727//1375 
f 1710//1375 1709//1375 1707//1375 
f 1724//1375 1723//1375 1715//1375 
f 1709//1375 1708//1375 1707//1375 
f 1727//1375 1707//1375 1708//1375 
f 1716//1375 1715//1375 1723//1375 
o mesh44
f 1437//1375 1736//1375 1737//1375 
f 1435//1375 1738//1375 1736//1375 
f 1737//1375 1438//1375 1437//1375 
f 1736//1375 1436//1375 1435//1375 
f 1432//1375 1431//1375 1739//1375 
f 1740//1375 1428//1375 1427//1375 
f 1428//1375 1740//1375 1741//1375 
f 1435//1375 1434//1375 1738//1375 
f 1742//1375 1743//1375 1738//1375 
f 1742//1375 1433//1375 1432//1375 
f 1430//1375 1429//1375 1741//1375 
f 1741//1375 1429//1375 1428//1375 
f 1740//1375 1426//1375 1744//1375 
f 1417//1375 1416//1375 1745//1375 
f 1746//1375 1419//1375 1418//1375 
f 1738//1375 1434//1375 1742//1375 
f 1742//1375 1434//1375 1433//1375 
f 1739//1375 1431//1375 1430//1375 
f 1744//1375 1747//1375 1740//1375 
f 1744//1375 1425//1375 1424//1375 
f 1423//1375 1422//1375 1748//1375 
f 1418//1375 1417//1375 1746//1375 
f 1415//1375 1749//1375 1745//1375 
f 1439//1375 1438//1375 1737//1375 
f 1750//1375 1441//1375 1440//1375 
f 1739//1375 1742//1375 1432//1375 
f 1427//1375 1426//1375 1740//1375 
f 1744//1375 1426//1375 1425//1375 
f 1751//1375 1424//1375 1423//1375 
f 1752//1375 1420//1375 1421//1375 
f 1420//1375 1752//1375 1748//1375 
f 1752//1375 1419//1375 1746//1375 
f 1745//1375 1416//1375 1415//1375 
f 1753//1375 1414//1375 1413//1375 
f 1414//1375 1753//1375 1749//1375 
f 1750//1375 1754//1375 1753//1375 
f 1440//1375 1439//1375 1750//1375 
f 1741//1375 1739//1375 1430//1375 
f 1748//1375 1751//1375 1423//1375 
f 1748//1375 1422//1375 1420//1375 
f 1745//1375 1746//1375 1417//1375 
f 1749//1375 1415//1375 1414//1375 
f 1737//1375 1750//1375 1439//1375 
f 1424//1375 1751//1375 1744//1375 
f 1746//1375 1755//1375 1752//1375 
f 1753//1375 1441//1375 1750//1375 
f 1421//1375 1419//1375 1752//1375 
f 1437//1375 1436//1375 1736//1375 
f 1413//1375 1441//1375 1753//1375 
o mesh45
f 1756//1376 1757//1376 1749//1376 
f 1749//1376 1753//1376 1756//1376 
o mesh46
f 1745//1377 1758//1377 1759//1377 
f 1759//1377 1746//1377 1745//1377 
o mesh47
f 1760//1376 1761//1376 1750//1376 
f 1750//1376 1737//1376 1760//1376 
o mesh48
f 1748//1377 1752//1377 1762//1377 
f 1762//1377 1763//1377 1748//1377 
o mesh49
f 1764//1378 1736//1378 1738//1378 
f 1738//1378 1765//1378 1764//1378 
o mesh50
f 1744//1379 1751//1379 1766//1379 
f 1766//1379 1767//1379 1744//1379 
o mesh51
f 1768//1378 1742//1378 1739//1378 
f 1739//1378 1769//1378 1768//1378 
o mesh52
f 1770//1379 1771//1379 1741//1379 
f 1741//1379 1740//1379 1770//1379 
o mesh53
f 1754//1380 1750//1380 1761//1380 
f 1761//1380 1772//1380 1754//1380 
o mesh54
f 1760//1381 1737//1381 1736//1381 
f 1736//1381 1764//1381 1760//1381 
o mesh55
f 1760//1382 1773//1382 1761//1382 
o mesh56
f 1773//1383 1760//1383 1764//1383 
f 1764//1383 1774//1383 1773//1383 
o mesh57
f 1773//1384 1775//1384 1772//1384 
f 1772//1384 1761//1384 1773//1384 
o mesh58
f 1776//1383 1756//1383 1772//1383 
f 1772//1383 1775//1383 1776//1383 
o mesh59
f 1754//1385 1772//1385 1756//1385 
f 1756//1385 1753//1385 1754//1385 
o mesh60
f 1738//1386 1743//1386 1777//1386 
f 1777//1386 1765//1386 1738//1386 
o mesh61
f 1765//1387 1774//1387 1764//1387 
o mesh62
f 1774//1388 1765//1388 1777//1388 
f 1777//1388 1778//1388 1774//1388 
o mesh63
f 1779//1389 1778//1389 1777//1389 
f 1777//1389 1768//1389 1779//1389 
o mesh64
f 1777//1390 1743//1390 1742//1390 
f 1742//1390 1768//1390 1777//1390 
o mesh65
f 1739//1391 1741//1391 1771//1391 
f 1771//1391 1769//1391 1739//1391 
o mesh66
f 1771//1392 1780//1392 1779//1392 
f 1779//1392 1769//1392 1771//1392 
o mesh67
f 1769//1393 1779//1393 1768//1393 
o mesh68
f 1740//1394 1747//1394 1781//1394 
f 1781//1394 1770//1394 1740//1394 
o mesh69
f 1771//1395 1770//1395 1780//1395 
o mesh70
f 1780//1396 1770//1396 1781//1396 
f 1781//1396 1782//1396 1780//1396 
o mesh71
f 1783//1397 1782//1397 1781//1397 
f 1781//1397 1767//1397 1783//1397 
o mesh72
f 1781//1398 1747//1398 1744//1398 
f 1744//1398 1767//1398 1781//1398 
o mesh73
f 1763//1399 1766//1399 1751//1399 
f 1751//1399 1748//1399 1763//1399 
o mesh74
f 1763//1400 1784//1400 1783//1400 
f 1783//1400 1766//1400 1763//1400 
o mesh75
f 1767//1401 1766//1401 1783//1401 
o mesh76
f 1785//1402 1762//1402 1752//1402 
f 1752//1402 1755//1402 1785//1402 
o mesh77
f 1763//1403 1762//1403 1784//1403 
o mesh78
f 1784//1404 1762//1404 1785//1404 
f 1785//1404 1786//1404 1784//1404 
o mesh79
f 1787//1405 1786//1405 1785//1405 
f 1785//1405 1759//1405 1787//1405 
o mesh80
f 1755//1406 1746//1406 1759//1406 
f 1759//1406 1785//1406 1755//1406 
o mesh81
f 1787//1407 1776//1407 1775//1407 
f 1778//1407 1779//1407 1780//1407 
f 1774//1407 1778//1407 1775//1407 
f 1775//1407 1786//1407 1787//1407 
f 1784//1407 1786//1407 1782//1407 
f 1780//1407 1782//1407 1778//1407 
f 1775//1407 1778//1407 1786//1407 
f 1782//1407 1786//1407 1778//1407 
f 1782//1407 1783//1407 1784//1407 
f 1775//1407 1773//1407 1774//1407 
o mesh82
f 1758//1408 1757//1408 1776//1408 
f 1776//1408 1787//1408 1758//1408 
o mesh83
f 1745//1409 1749//1409 1757//1409 
f 1757//1409 1758//1409 1745//1409 
o mesh84
f 1756//1410 1776//1410 1757//1410 
o mesh85
f 1759//1411 1758//1411 1787//1411 
o mesh86
f 1405//1412 1403//1412 1788//1412 
f 1386//1412 1789//1412 1790//1412 
f 1409//1412 1791//1412 1792//1412 
f 1793//1412 1406//1412 1405//1412 
f 1794//1412 1402//1412 1404//1412 
f 1402//1412 1794//1412 1788//1412 
f 1795//1412 1794//1412 1401//1412 
f 1397//1412 1396//1412 1796//1412 
f 1391//1412 1389//1412 1797//1412 
f 1388//1412 1387//1412 1790//1412 
f 1790//1412 1387//1412 1386//1412 
f 1412//1412 1411//1412 1798//1412 
f 1792//1412 1410//1412 1409//1412 
f 1793//1412 1407//1412 1406//1412 
f 1788//1412 1403//1412 1402//1412 
f 1401//1412 1400//1412 1795//1412 
f 1799//1412 1800//1412 1795//1412 
f 1799//1412 1398//1412 1397//1412 
f 1395//1412 1801//1412 1796//1412 
f 1393//1412 1802//1412 1801//1412 
f 1803//1412 1390//1412 1391//1412 
f 1797//1412 1389//1412 1388//1412 
f 1386//1412 1385//1412 1789//1412 
f 1804//1412 1383//1412 1412//1412 
f 1409//1412 1408//1412 1791//1412 
f 1793//1412 1805//1412 1791//1412 
f 1404//1412 1401//1412 1794//1412 
f 1795//1412 1399//1412 1799//1412 
f 1799//1412 1399//1412 1398//1412 
f 1796//1412 1396//1412 1395//1412 
f 1801//1412 1394//1412 1393//1412 
f 1803//1412 1806//1412 1802//1412 
f 1803//1412 1392//1412 1390//1412 
f 1385//1412 1384//1412 1789//1412 
f 1789//1412 1384//1412 1804//1412 
f 1804//1412 1384//1412 1383//1412 
f 1791//1412 1407//1412 1793//1412 
f 1400//1412 1399//1412 1795//1412 
f 1395//1412 1394//1412 1801//1412 
f 1802//1412 1392//1412 1803//1412 
f 1790//1412 1797//1412 1388//1412 
f 1798//1412 1804//1412 1412//1412 
f 1411//1412 1410//1412 1792//1412 
f 1788//1412 1793//1412 1405//1412 
f 1393//1412 1392//1412 1802//1412 
f 1804//1412 1807//1412 1789//1412 
f 1408//1412 1407//1412 1791//1412 
f 1797//1412 1803//1412 1391//1412 
f 1796//1412 1799//1412 1397//1412 
f 1792//1412 1798//1412 1411//1412 
o mesh87
f 1808//1413 1809//1413 1801//1413 
f 1801//1413 1802//1413 1808//1413 
o mesh88
f 1810//1414 1799//1414 1796//1414 
f 1796//1414 1811//1414 1810//1414 
o mesh89
f 1812//1413 1803//1413 1797//1413 
f 1797//1413 1813//1413 1812//1413 
o mesh90
f 1794//1414 1795//1414 1814//1414 
f 1814//1414 1815//1414 1794//1414 
o mesh91
f 1790//1415 1789//1415 1816//1415 
f 1816//1415 1817//1415 1790//1415 
o mesh92
f 1788//1416 1818//1416 1819//1416 
f 1819//1416 1793//1416 1788//1416 
o mesh93
f 1804//1415 1798//1415 1820//1415 
f 1820//1415 1821//1415 1804//1415 
o mesh94
f 1791//1416 1822//1416 1823//1416 
f 1823//1416 1792//1416 1791//1416 
o mesh95
f 1812//1417 1824//1417 1806//1417 
f 1806//1417 1803//1417 1812//1417 
o mesh96
f 1813//1418 1797//1418 1790//1418 
f 1790//1418 1817//1418 1813//1418 
o mesh97
f 1813//1419 1825//1419 1812//1419 
o mesh98
f 1813//1420 1817//1420 1826//1420 
f 1826//1420 1825//1420 1813//1420 
o mesh99
f 1825//1421 1827//1421 1824//1421 
f 1824//1421 1812//1421 1825//1421 
o mesh100
f 1828//1420 1808//1420 1824//1420 
f 1824//1420 1827//1420 1828//1420 
o mesh101
f 1802//1422 1806//1422 1824//1422 
f 1824//1422 1808//1422 1802//1422 
o mesh102
f 1807//1423 1829//1423 1816//1423 
f 1816//1423 1789//1423 1807//1423 
o mesh103
f 1816//1424 1826//1424 1817//1424 
o mesh104
f 1826//1425 1816//1425 1829//1425 
f 1829//1425 1830//1425 1826//1425 
o mesh105
f 1831//1426 1830//1426 1829//1426 
f 1829//1426 1821//1426 1831//1426 
o mesh106
f 1807//1427 1804//1427 1821//1427 
f 1821//1427 1829//1427 1807//1427 
o mesh107
f 1820//1428 1798//1428 1792//1428 
f 1792//1428 1823//1428 1820//1428 
o mesh108
f 1823//1429 1832//1429 1831//1429 
f 1831//1429 1820//1429 1823//1429 
o mesh109
f 1820//1430 1831//1430 1821//1430 
o mesh110
f 1822//1431 1791//1431 1805//1431 
f 1805//1431 1833//1431 1822//1431 
o mesh111
f 1823//1432 1822//1432 1832//1432 
o mesh112
f 1832//1433 1822//1433 1833//1433 
f 1833//1433 1834//1433 1832//1433 
o mesh113
f 1835//1434 1834//1434 1833//1434 
f 1833//1434 1819//1434 1835//1434 
o mesh114
f 1793//1435 1819//1435 1833//1435 
f 1833//1435 1805//1435 1793//1435 
o mesh115
f 1818//1436 1788//1436 1794//1436 
f 1794//1436 1815//1436 1818//1436 
o mesh116
f 1835//1437 1818//1437 1815//1437 
f 1815//1437 1836//1437 1835//1437 
o mesh117
f 1819//1438 1818//1438 1835//1438 
o mesh118
f 1837//1439 1814//1439 1795//1439 
f 1795//1439 1800//1439 1837//1439 
o mesh119
f 1815//1440 1814//1440 1836//1440 
o mesh120
f 1836//1441 1814//1441 1837//1441 
f 1837//1441 1838//1441 1836//1441 
o mesh121
f 1839//1442 1838//1442 1837//1442 
f 1837//1442 1810//1442 1839//1442 
o mesh122
f 1837//1443 1800//1443 1799//1443 
f 1799//1443 1810//1443 1837//1443 
o mesh123
f 1830//1444 1827//1444 1825//1444 
f 1836//1444 1838//1444 1834//1444 
f 1830//1444 1831//1444 1832//1444 
f 1825//1444 1826//1444 1830//1444 
f 1828//1444 1827//1444 1838//1444 
f 1834//1444 1835//1444 1836//1444 
f 1830//1444 1834//1444 1827//1444 
f 1838//1444 1827//1444 1834//1444 
f 1838//1444 1839//1444 1828//1444 
f 1832//1444 1834//1444 1830//1444 
o mesh124
f 1811//1445 1809//1445 1828//1445 
f 1828//1445 1839//1445 1811//1445 
o mesh125
f 1809//1446 1811//1446 1796//1446 
f 1796//1446 1801//1446 1809//1446 
o mesh126
f 1808//1447 1828//1447 1809//1447 
o mesh127
f 1810//1448 1811//1448 1839//1448 
o mesh128
f 1370//1449 1369//1449 1840//1449 
f 1841//1449 1372//1449 1371//1449 
f 1371//1449 1370//1449 1841//1449 
f 1369//1449 1368//1449 1842//1449 
f 1843//1449 1367//1449 1366//1449 
f 1367//1449 1843//1449 1842//1449 
f 1842//1449 1840//1449 1369//1449 
f 1842//1449 1368//1449 1367//1449 
f 1363//1449 1362//1449 1844//1449 
f 1366//1449 1365//1449 1843//1449 
f 1845//1449 1846//1449 1843//1449 
f 1845//1449 1364//1449 1363//1449 
f 1843//1449 1365//1449 1845//1449 
f 1845//1449 1365//1449 1364//1449 
f 1361//1449 1847//1449 1844//1449 
f 1378//1449 1377//1449 1848//1449 
f 1844//1449 1845//1449 1363//1449 
f 1844//1449 1362//1449 1361//1449 
f 1359//1449 1849//1449 1847//1449 
f 1850//1449 1379//1449 1851//1449 
f 1851//1449 1379//1449 1378//1449 
f 1376//1449 1375//1449 1852//1449 
f 1374//1449 1853//1449 1852//1449 
f 1361//1449 1360//1449 1847//1449 
f 1847//1449 1360//1449 1359//1449 
f 1356//1449 1355//1449 1854//1449 
f 1848//1449 1851//1449 1378//1449 
f 1848//1449 1377//1449 1376//1449 
f 1852//1449 1375//1449 1374//1449 
f 1359//1449 1358//1449 1849//1449 
f 1855//1449 1856//1449 1849//1449 
f 1855//1449 1357//1449 1356//1449 
f 1852//1449 1848//1449 1376//1449 
f 1374//1449 1373//1449 1853//1449 
f 1849//1449 1358//1449 1855//1449 
f 1855//1449 1358//1449 1357//1449 
f 1354//1449 1382//1449 1857//1449 
f 1381//1449 1850//1449 1857//1449 
f 1373//1449 1372//1449 1853//1449 
f 1853//1449 1372//1449 1841//1449 
f 1854//1449 1855//1449 1356//1449 
f 1854//1449 1355//1449 1354//1449 
f 1857//1449 1382//1449 1381//1449 
f 1841//1449 1858//1449 1853//1449 
f 1857//1449 1854//1449 1354//1449 
f 1381//1449 1380//1449 1850//1449 
f 1840//1449 1841//1449 1370//1449 
f 1851//1449 1859//1449 1850//1449 
f 1380//1449 1379//1449 1850//1449 
o mesh129
f 1860//1450 1852//1450 1853//1450 
f 1853//1450 1861//1450 1860//1450 
o mesh130
f 1862//1451 1851//1451 1848//1451 
f 1848//1451 1863//1451 1862//1451 
o mesh131
f 1864//1450 1841//1450 1840//1450 
f 1840//1450 1865//1450 1864//1450 
o mesh132
f 1866//1451 1857//1451 1850//1451 
f 1850//1451 1867//1451 1866//1451 
o mesh133
f 1868//1452 1842//1452 1843//1452 
f 1843//1452 1869//1452 1868//1452 
o mesh134
f 1870//1453 1855//1453 1854//1453 
f 1854//1453 1871//1453 1870//1453 
o mesh135
f 1872//1452 1845//1452 1844//1452 
f 1844//1452 1873//1452 1872//1452 
o mesh136
f 1874//1453 1847//1453 1849//1453 
f 1849//1453 1875//1453 1874//1453 
o mesh137
f 1858//1454 1841//1454 1864//1454 
f 1864//1454 1876//1454 1858//1454 
o mesh138
f 1865//1455 1840//1455 1842//1455 
f 1842//1455 1868//1455 1865//1455 
o mesh139
f 1865//1456 1877//1456 1864//1456 
o mesh140
f 1865//1457 1868//1457 1878//1457 
f 1878//1457 1877//1457 1865//1457 
o mesh141
f 1877//1458 1879//1458 1876//1458 
f 1876//1458 1864//1458 1877//1458 
o mesh142
f 1880//1457 1861//1457 1876//1457 
f 1876//1457 1879//1457 1880//1457 
o mesh143
f 1858//1459 1876//1459 1861//1459 
f 1861//1459 1853//1459 1858//1459 
o mesh144
f 1843//1460 1846//1460 1881//1460 
f 1881//1460 1869//1460 1843//1460 
o mesh145
f 1869//1461 1878//1461 1868//1461 
o mesh146
f 1878//1462 1869//1462 1881//1462 
f 1881//1462 1882//1462 1878//1462 
o mesh147
f 1883//1463 1882//1463 1881//1463 
f 1881//1463 1872//1463 1883//1463 
o mesh148
f 1881//1464 1846//1464 1845//1464 
f 1845//1464 1872//1464 1881//1464 
o mesh149
f 1873//1465 1844//1465 1847//1465 
f 1847//1465 1874//1465 1873//1465 
o mesh150
f 1884//1466 1883//1466 1873//1466 
f 1873//1466 1874//1466 1884//1466 
o mesh151
f 1873//1467 1883//1467 1872//1467 
o mesh152
f 1849//1468 1856//1468 1885//1468 
f 1885//1468 1875//1468 1849//1468 
o mesh153
f 1874//1469 1875//1469 1884//1469 
o mesh154
f 1884//1470 1875//1470 1885//1470 
f 1885//1470 1886//1470 1884//1470 
o mesh155
f 1887//1471 1886//1471 1885//1471 
f 1885//1471 1870//1471 1887//1471 
o mesh156
f 1885//1472 1856//1472 1855//1472 
f 1855//1472 1870//1472 1885//1472 
o mesh157
f 1871//1473 1854//1473 1857//1473 
f 1857//1473 1866//1473 1871//1473 
o mesh158
f 1888//1474 1887//1474 1871//1474 
f 1871//1474 1866//1474 1888//1474 
o mesh159
f 1870//1475 1871//1475 1887//1475 
o mesh160
f 1850//1476 1859//1476 1889//1476 
f 1889//1476 1867//1476 1850//1476 
o mesh161
f 1866//1477 1867//1477 1888//1477 
o mesh162
f 1888//1478 1867//1478 1889//1478 
f 1889//1478 1890//1478 1888//1478 
o mesh163
f 1891//1479 1890//1479 1889//1479 
f 1889//1479 1862//1479 1891//1479 
o mesh164
f 1889//1480 1859//1480 1851//1480 
f 1851//1480 1862//1480 1889//1480 
o mesh165
f 1884//1481 1886//1481 1882//1481 
f 1880//1481 1879//1481 1890//1481 
f 1886//1481 1879//1481 1882//1481 
f 1878//1481 1882//1481 1879//1481 
f 1879//1481 1886//1481 1890//1481 
f 1888//1481 1890//1481 1886//1481 
f 1879//1481 1877//1481 1878//1481 
f 1886//1481 1887//1481 1888//1481 
f 1890//1481 1891//1481 1880//1481 
f 1882//1481 1883//1481 1884//1481 
o mesh166
f 1880//1482 1891//1482 1863//1482 
f 1863//1482 1860//1482 1880//1482 
o mesh167
f 1852//1483 1860//1483 1863//1483 
f 1863//1483 1848//1483 1852//1483 
o mesh168
f 1861//1484 1880//1484 1860//1484 
o mesh169
f 1862//1485 1863//1485 1891//1485 
usemtl 0.650980_0.619608_0.588235_0.000000_0.000000
o mesh170
f 3000//1486 1892//1486 1893//1487 
f 3000//1486 3001//1487 1469//1488 
f 3001//1487 1468//1487 1469//1488 
f 3001//1487 1893//1487 1894//1489 
f 3001//1487 3002//1489 1467//1490 
f 3002//1489 1466//1489 1467//1490 
f 3002//1489 1894//1489 1895//1491 
f 3002//1489 3003//1491 1465//1492 
f 3003//1491 1464//1491 1465//1492 
f 3003//1491 1895//1491 1896//1493 
f 3003//1491 3004//1493 1463//1494 
f 3004//1493 1462//1493 1463//1494 
f 3004//1493 1896//1493 1897//1495 
f 3004//1493 3005//1495 1461//1496 
f 3005//1495 1460//1495 1461//1496 
f 3006//1497 1898//1497 1899//1498 
f 3006//1497 3007//1498 1449//1499 
f 3007//1498 1448//1498 1449//1499 
f 3007//1498 1899//1498 1900//1500 
f 3007//1498 3008//1500 1447//1501 
f 3008//1500 1446//1500 1447//1501 
f 3008//1500 1900//1500 1901//1502 
f 3008//1500 3009//1502 1445//1503 
f 3009//1502 1444//1502 1445//1503 
f 3009//1502 1901//1502 1902//1504 
f 3009//1502 3010//1504 1443//1505 
f 3010//1504 1442//1504 1443//1505 
f 3011//1506 3010//1504 1903//1507 
f 3010//1504 1902//1504 1903//1507 
f 3010//1504 3011//1506 1498//1507 
f 3011//1506 1499//1506 1498//1507 
f 3011//1506 1904//1506 1905//1508 
f 3012//1508 1497//1508 1496//1509 
f 1496//1509 3011//1506 3012//1508 
f 3012//1508 1905//1508 1906//1510 
f 3013//1510 1495//1510 1494//1511 
f 1494//1511 3012//1508 3013//1510 
f 3013//1510 1906//1510 1907//1512 
f 3014//1512 1493//1512 1492//1513 
f 1492//1513 3013//1510 3014//1512 
f 3014//1512 1907//1512 1908//1514 
f 3015//1514 1491//1514 1490//1515 
f 1490//1515 3014//1512 3015//1514 
f 3015//1514 1908//1514 1909//1516 
f 3016//1516 1489//1516 1488//1517 
f 1488//1517 3015//1514 3016//1516 
f 3016//1516 1909//1516 1910//1518 
f 3017//1518 1487//1518 1486//1519 
f 1486//1519 3016//1516 3017//1518 
f 3017//1518 1910//1518 1911//1520 
f 3018//1520 1485//1520 1484//1521 
f 1484//1521 3017//1518 3018//1520 
f 3018//1520 1911//1520 1912//1522 
f 3019//1522 1483//1522 1482//1523 
f 1482//1523 3018//1520 3019//1522 
f 3019//1522 1912//1522 1913//1524 
f 3020//1524 1481//1524 1480//1525 
f 1480//1525 3019//1522 3020//1524 
f 3020//1524 1913//1524 1914//1526 
f 3021//1526 1479//1526 1478//1527 
f 1478//1527 3020//1524 3021//1526 
f 3021//1526 1914//1526 1915//1528 
f 3022//1528 1477//1528 1476//1529 
f 1476//1529 3021//1526 3022//1528 
f 3022//1528 1915//1528 1916//1530 
f 3023//1530 1475//1530 1474//1531 
f 1474//1531 3022//1528 3023//1530 
f 3023//1530 1916//1530 1917//1532 
f 3024//1532 1473//1532 1472//1533 
f 1472//1533 3023//1530 3024//1532 
f 3024//1532 1917//1532 1892//1486 
f 3000//1486 1471//1534 1470//1535 
f 1470//1535 3024//1532 3000//1486 
f 1918//1536 1919//1537 1920//1538 
f 1918//1536 1921//1539 1919//1537 
f 1918//1536 1922//1540 1923//1541 
f 1923//1541 1924//1542 1918//1536 
f 1924//1542 1921//1539 1918//1536 
f 1925//1543 1926//1544 1918//1536 
f 1925//1543 1927//1545 1928//1546 
f 1928//1546 1929//1547 1925//1543 
f 1929//1547 1926//1544 1925//1543 
f 1930//1548 1931//1549 1932//1550 
f 1933//1551 1934//1552 1935//1553 
f 1933//1551 1936//1554 1937//1555 
f 1937//1555 1934//1552 1933//1551 
f 1933//1551 1938//1556 1939//1557 
f 1933//1551 1940//1558 1941//1559 
f 1941//1559 1938//1556 1933//1551 
f 1933//1551 1942//1560 1943//1561 
f 1943//1561 1944//1562 1933//1551 
f 1944//1562 1940//1558 1933//1551 
f 1939//1557 1936//1554 1933//1551 
f 1933//1551 1945//1563 1946//1564 
f 1933//1551 1947//1565 1948//1566 
f 1948//1566 1945//1563 1933//1551 
f 1933//1551 1949//1567 1950//1568 
f 1950//1568 1947//1565 1933//1551 
f 1949//1567 3025//1569 1951//1570 
f 1949//1567 1952//1571 3025//1569 
f 3025//1569 1953//1572 1954//1573 
f 3025//1569 1952//1571 1955//1574 
f 1955//1574 1953//1572 3025//1569 
f 1954//1573 1951//1570 3025//1569 
f 1949//1567 1956//1575 1957//1576 
f 1949//1567 1933//1551 1956//1575 
f 1957//1576 1958//1577 1949//1567 
f 1958//1577 1952//1571 1949//1567 
f 1951//1570 1959//1578 1949//1567 
f 1946//1564 1942//1560 1933//1551 
f 1931//1549 1930//1548 1960//1579 
f 1960//1579 1961//1580 1931//1549 
f 1961//1580 1933//1551 1931//1549 
f 1935//1553 1931//1549 1933//1551 
f 1927//1545 1962//1581 1963//1582 
f 1927//1545 1964//1583 1965//1584 
f 1965//1584 1962//1581 1927//1545 
f 1927//1545 1966//1585 1967//1586 
f 1967//1586 1964//1583 1927//1545 
f 1927//1545 1925//1543 1966//1585 
f 1963//1582 1930//1548 1927//1545 
f 1932//1550 1927//1545 1930//1548 
f 1968//1587 1969//1587 1970//1588 
f 1971//1589 1972//1589 1969//1587 
f 1973//1590 1974//1590 1972//1589 
f 3005//1495 1897//1495 1975//1591 
f 1974//1590 1973//1590 1975//1591 
f 1975//1591 1897//1495 1974//1590 
f 1459//1592 1976//1593 1977//1594 
f 1977//1594 1458//1595 1459//1592 
f 1976//1593 1978//1596 1979//1597 
f 1976//1593 1980//1598 1981//1599 
f 1976//1593 1982//1600 1983//1601 
f 1983//1601 1980//1598 1976//1593 
f 1981//1599 1978//1596 1976//1593 
f 1979//1597 1984//1602 1976//1593 
f 1976//1593 1985//1603 1986//1604 
f 1986//1604 1982//1600 1976//1593 
f 1976//1593 1987//1605 1988//1606 
f 1976//1593 1989//1607 1987//1605 
f 1988//1606 1985//1603 1976//1593 
f 1984//1602 1990//1608 1976//1593 
f 1976//1593 1991//1609 1992//1610 
f 1992//1610 1989//1607 1976//1593 
f 1976//1593 1993//1611 1994//1612 
f 1994//1612 1991//1609 1976//1593 
f 1976//1593 1995//1613 1996//1614 
f 1996//1614 1993//1611 1976//1593 
f 1976//1593 1997//1615 1998//1616 
f 1976//1593 1999//1617 2000//1618 
f 1976//1593 2001//1619 1999//1617 
f 2000//1618 1997//1615 1976//1593 
f 1976//1593 2002//1620 2001//1619 
f 1976//1593 2003//1621 2004//1622 
f 1976//1593 2005//1623 2006//1623 
f 2006//1623 2003//1621 1976//1593 
f 2004//1622 2002//1620 1976//1593 
f 1998//1616 1995//1613 1976//1593 
f 1460//1495 2007//1624 2005//1623 
f 2005//1623 1976//1593 1460//1495 
f 1990//1608 2008//1625 1976//1593 
f 2007//1624 2009//1626 2010//1626 
f 2010//1626 2011//1627 2007//1624 
f 2011//1627 2012//1628 2013//1629 
f 2011//1627 2014//1630 2015//1631 
f 2011//1627 2016//1632 2017//1633 
f 2017//1633 2014//1630 2011//1627 
f 2015//1631 2012//1628 2011//1627 
f 2013//1629 2018//1634 2011//1627 
f 2011//1627 2019//1635 2020//1636 
f 2011//1627 2021//1637 2019//1635 
f 2020//1636 2016//1632 2011//1627 
f 2011//1627 2022//1638 2023//1639 
f 2023//1639 2021//1637 2011//1627 
f 2011//1627 2024//1640 2025//1641 
f 2025//1641 2026//1642 2011//1627 
f 2011//1627 2027//1643 2028//1644 
f 2028//1644 2024//1640 2011//1627 
f 2011//1627 2029//1645 2030//1646 
f 2011//1627 2031//1647 2032//1648 
f 2011//1627 2033//1649 2031//1647 
f 2032//1648 2029//1645 2011//1627 
f 2011//1627 2034//1650 2033//1649 
f 2030//1646 2027//1643 2011//1627 
f 2011//1627 2035//1651 2036//1652 
f 2036//1652 2034//1650 2011//1627 
f 2026//1642 2022//1638 2011//1627 
f 2018//1634 2037//1653 2011//1627 
f 1460//1495 2038//1654 2009//1626 
f 2009//1626 2007//1624 1460//1495 
f 1460//1495 2039//1655 2040//1656 
f 2040//1656 2041//1657 1460//1495 
f 2041//1657 2042//1658 1460//1495 
f 2042//1658 2043//1659 1460//1495 
f 3005//1495 2044//1660 2039//1655 
f 3005//1495 2045//1661 2046//1662 
f 2046//1662 2047//1663 3005//1495 
f 2047//1663 2044//1660 3005//1495 
f 2039//1655 1460//1495 3005//1495 
f 3005//1495 2048//1664 2049//1665 
f 3005//1495 2050//1666 2051//1667 
f 2051//1667 2048//1664 3005//1495 
f 3005//1495 2052//1668 2053//1669 
f 3005//1495 2054//1670 2055//1671 
f 3005//1495 2056//1672 2057//1673 
f 2058//1674 2059//1675 2060//1676 
f 2059//1675 2061//1677 2062//1678 
f 2059//1675 2058//1674 2061//1677 
f 2062//1678 2063//1679 2064//1680 
f 2062//1678 2065//1681 2066//1682 
f 2062//1678 2067//1683 2068//1684 
f 2068//1684 2065//1681 2062//1678 
f 2066//1682 2063//1679 2062//1678 
f 2064//1680 2069//1685 2062//1678 
f 2062//1678 2069//1685 2059//1675 
f 2056//1672 2070//1686 2071//1687 
f 2056//1672 2072//1688 2073//1689 
f 3005//1495 2074//1688 2072//1688 
f 2072//1688 2056//1672 3005//1495 
f 2073//1689 2070//1686 2056//1672 
f 2071//1687 2058//1674 2056//1672 
f 2060//1676 2056//1672 2058//1674 
f 2057//1673 2054//1670 3005//1495 
f 2055//1671 2052//1668 3005//1495 
f 2053//1669 2050//1666 3005//1495 
f 2049//1665 2045//1661 3005//1495 
f 2075//1690 2076//1691 2077//1692 
f 2077//1692 2078//1693 2075//1690 
f 2067//1683 2079//1694 2080//1695 
f 2080//1695 2076//1691 2067//1683 
f 2067//1683 2062//1678 2081//1696 
f 2062//1678 2082//1697 2081//1696 
f 2062//1678 2083//1698 2084//1699 
f 2084//1699 2082//1697 2062//1678 
f 2062//1678 2085//1700 2086//1701 
f 2086//1701 2083//1698 2062//1678 
f 2081//1696 2079//1694 2067//1683 
f 2062//1678 2087//1702 2088//1703 
f 2062//1678 2089//1704 2090//1705 
f 2062//1678 2091//1706 2092//1707 
f 2092//1707 2093//1708 2062//1678 
f 2093//1708 2089//1704 2062//1678 
f 2090//1705 2087//1702 2062//1678 
f 2062//1678 2094//1709 2095//1710 
f 2062//1678 2096//1711 2094//1709 
f 2097//1712 2098//1713 2096//1711 
f 2097//1712 2099//1714 2098//1713 
f 2097//1712 2100//1715 2099//1714 
f 2096//1711 2062//1678 2097//1712 
f 2095//1710 2091//1706 2062//1678 
f 2088//1703 2085//1700 2062//1678 
f 2075//1690 2067//1683 2076//1691 
f 2043//1659 2038//1654 1460//1495 
f 2101//1716 2102//1717 2103//1718 
f 2103//1718 2104//1719 2101//1716 
f 2104//1719 2105//1720 2101//1716 
f 2101//1716 2106//1721 2107//1722 
f 2107//1722 2102//1717 2101//1716 
f 2101//1716 2108//1723 2109//1724 
f 2101//1716 2110//1725 2111//1726 
f 2101//1716 2112//1727 2113//1728 
f 2114//1729 2112//1727 2101//1716 
f 2101//1716 2097//1712 2114//1729 
f 2097//1712 2115//1730 2116//1731 
f 2116//1731 2117//1732 2097//1712 
f 2117//1732 2114//1729 2097//1712 
f 2097//1712 2118//1733 2119//1734 
f 2119//1734 2120//1735 2097//1712 
f 2120//1735 2115//1730 2097//1712 
f 2113//1728 2110//1725 2101//1716 
f 2111//1726 2108//1723 2101//1716 
f 2097//1712 2121//1736 2122//1737 
f 2122//1737 2118//1733 2097//1712 
f 2097//1712 2123//1738 2124//1739 
f 2097//1712 2125//1740 2123//1738 
f 2124//1739 2121//1736 2097//1712 
f 2097//1712 2062//1678 2126//1741 
f 2126//1741 2125//1740 2097//1712 
f 2109//1724 2106//1721 2101//1716 
f 2105//1720 2127//1742 2101//1716 
f 1922//1540 2128//1743 2129//1744 
f 2129//1744 2130//1745 1922//1540 
f 1922//1540 2131//1746 2132//1747 
f 2132//1747 2128//1743 1922//1540 
f 2133//1747 2134//1748 2135//1749 
f 2133//1747 2136//1750 2134//1748 
f 2133//1747 2137//1751 2138//1752 
f 2138//1752 2136//1750 2133//1747 
f 2133//1747 2139//1753 2140//1754 
f 2133//1747 2141//1755 2142//1756 
f 2133//1747 2143//1757 2144//1758 
f 2144//1758 2141//1755 2133//1747 
f 2142//1756 2139//1753 2133//1747 
f 2140//1754 2137//1751 2133//1747 
f 2133//1747 2145//1759 2146//1760 
f 2146//1760 2147//1761 2133//1747 
f 2147//1761 2143//1757 2133//1747 
f 2132//1747 2148//1762 2145//1759 
f 2132//1747 2149//1763 2148//1762 
f 2132//1747 2150//1764 2149//1763 
f 2132//1747 2131//1746 2151//1765 
f 2151//1765 2150//1764 2132//1747 
f 2145//1759 2133//1747 2132//1747 
f 1458//1595 2152//1766 2153//1767 
f 1458//1595 2154//1768 2155//1769 
f 2155//1769 2152//1766 1458//1595 
f 1458//1595 2156//1770 2157//1771 
f 2157//1771 2158//1772 1458//1595 
f 2158//1772 2159//1773 1458//1595 
f 2159//1773 2154//1768 1458//1595 
f 1458//1595 2160//1774 2161//1775 
f 1458//1595 1977//1594 2162//1776 
f 2162//1776 2163//1777 1458//1595 
f 1977//1594 2164//1778 2165//1779 
f 1977//1594 2166//1780 2167//1781 
f 2167//1781 2164//1778 1977//1594 
f 2165//1779 2162//1776 1977//1594 
f 2163//1777 2160//1774 1458//1595 
f 2161//1775 2156//1770 1458//1595 
f 1977//1594 2168//1782 2169//1783 
f 1977//1594 2170//1784 2168//1782 
f 2169//1783 2166//1780 1977//1594 
f 1977//1594 2171//1785 2172//1786 
f 1977//1594 2173//1787 2171//1785 
f 1977//1594 2101//1716 2174//1788 
f 2174//1788 2175//1789 1977//1594 
f 2175//1789 2173//1787 1977//1594 
f 2101//1716 2176//1790 2177//1791 
f 2177//1791 2178//1792 2101//1716 
f 2101//1716 2179//1793 2180//1794 
f 2180//1794 2181//1795 2101//1716 
f 2181//1795 2182//1796 2101//1716 
f 2182//1796 2176//1790 2101//1716 
f 2101//1716 2183//1797 2184//1798 
f 2184//1798 2185//1799 2101//1716 
f 2185//1799 2186//1800 2101//1716 
f 2186//1800 2179//1793 2101//1716 
f 2101//1716 2187//1801 2188//1802 
f 2101//1716 2189//1803 2190//1804 
f 2190//1804 2191//1805 2101//1716 
f 2101//1716 2192//1806 2189//1803 
f 2101//1716 2193//1807 2194//1808 
f 2194//1808 2192//1806 2101//1716 
f 2191//1805 2187//1801 2101//1716 
f 2188//1802 2183//1797 2101//1716 
f 2195//1809 2196//1810 2197//1811 
f 2197//1811 2198//1812 2195//1809 
f 2195//1809 2199//1813 2200//1814 
f 2200//1814 2196//1810 2195//1809 
f 2127//1742 2201//1815 2193//1807 
f 2127//1742 2202//1816 2201//1815 
f 2127//1742 2203//1817 2133//1747 
f 2127//1742 2204//1818 2205//1819 
f 2205//1819 2203//1817 2127//1742 
f 2133//1747 2206//1820 2127//1742 
f 2206//1820 2202//1816 2127//1742 
f 2195//1809 2204//1818 2127//1742 
f 2127//1742 2207//1821 2195//1809 
f 2207//1821 2208//1822 2195//1809 
f 2208//1822 2199//1813 2195//1809 
f 2193//1807 2101//1716 2127//1742 
f 2198//1812 2209//1823 2195//1809 
f 2178//1792 2174//1788 2101//1716 
f 2172//1786 2170//1784 1977//1594 
f 2153//1767 2210//1824 1458//1595 
f 2153//1767 2211//1825 2212//1826 
f 2153//1767 2213//1827 2211//1825 
f 2212//1826 2214//1828 2153//1767 
f 2153//1767 2152//1766 2215//1829 
f 2215//1829 2213//1827 2153//1767 
f 2214//1828 2216//1830 2153//1767 
f 2135//1749 2206//1820 2133//1747 
f 2130//1745 1923//1541 1922//1540 
f 2010//1626 2035//1651 2011//1627 
f 2217//1831 2218//1832 2219//1833 
f 2219//1833 2218//1832 2220//1832 
f 2220//1832 2221//1834 2222//1833 
f 2220//1832 2223//1835 2224//1836 
f 2224//1836 2221//1834 2220//1832 
f 2220//1832 2225//1837 2226//1838 
f 2220//1832 2227//1839 2228//1840 
f 2228//1840 2225//1837 2220//1832 
f 2220//1832 2229//1841 2230//1842 
f 2220//1832 2231//1843 2232//1844 
f 2220//1832 2233//1845 2234//1846 
f 2234//1846 2231//1843 2220//1832 
f 2232//1844 2229//1841 2220//1832 
f 2230//1842 2227//1839 2220//1832 
f 2220//1832 2235//1847 2236//1848 
f 2236//1848 2237//1849 2220//1832 
f 2237//1849 2238//1850 2220//1832 
f 2220//1832 2239//1851 2240//1852 
f 2220//1832 2241//1853 2239//1851 
f 2240//1852 2242//1854 2220//1832 
f 2220//1832 2243//1855 2244//1856 
f 2244//1856 2241//1853 2220//1832 
f 2220//1832 2245//1857 2246//1858 
f 2220//1832 2247//1859 2245//1857 
f 2247//1859 2220//1832 3026//1860 
f 3026//1860 2248//1861 2247//1859 
f 2246//1858 2243//1855 2220//1832 
f 2242//1854 2235//1847 2220//1832 
f 3026//1860 2249//1862 2250//1863 
f 2250//1863 2251//1864 3026//1860 
f 3026//1860 2252//1865 2249//1862 
f 3026//1860 2253//1866 2252//1865 
f 3026//1860 2254//1867 2255//1868 
f 2255//1868 2256//1869 3026//1860 
f 3026//1860 2257//1870 2254//1867 
f 3026//1860 2258//1871 2259//1872 
f 3026//1860 2260//1873 2261//1874 
f 2261//1874 2258//1871 3026//1860 
f 3026//1860 2220//1832 2260//1873 
f 2259//1872 2257//1870 3026//1860 
f 2256//1869 2253//1866 3026//1860 
f 2251//1864 2248//1861 3026//1860 
f 2238//1850 2233//1845 2220//1832 
f 2226//1838 2223//1835 2220//1832 
f 2220//1832 2222//1833 2219//1833 
f 2262//1875 2263//1876 2218//1832 
f 2218//1832 2217//1831 2262//1875 
f 3005//1495 2264//1877 2217//1831 
f 2217//1831 2074//1688 3005//1495 
f 2195//1809 2209//1823 2263//1876 
f 2263//1876 2262//1875 2195//1809 
f 2219//1833 2074//1688 2217//1831 
f 2216//1830 2265//1878 2266//1879 
f 2216//1830 2267//1880 2265//1878 
f 2216//1830 2268//1881 2269//1882 
f 2269//1882 2270//1883 2216//1830 
f 2216//1830 2271//1884 2272//1885 
f 2216//1830 2273//1886 2274//1887 
f 2216//1830 2275//1888 2276//1889 
f 2276//1889 2273//1886 2216//1830 
f 2274//1887 2271//1884 2216//1830 
f 2272//1885 2268//1881 2216//1830 
f 2270//1883 2267//1880 2216//1830 
f 2216//1830 2214//1828 2275//1888 
f 2131//1746 1922//1540 2277//1890 
f 2277//1890 2278//1891 2131//1746 
f 2278//1891 2216//1830 2131//1746 
f 2266//1879 2131//1746 2216//1830 
f 1457//1892 1458//1595 2279//1893 
f 2280//1894 1456//1895 1457//1892 
f 2281//1896 2282//1897 2283//1898 
f 2281//1896 2284//1899 2285//1900 
f 2281//1896 2286//1901 2287//1902 
f 2281//1896 2288//1903 2286//1901 
f 2287//1902 2289//1904 2281//1896 
f 2289//1904 2284//1899 2281//1896 
f 2285//1900 2282//1897 2281//1896 
f 2281//1896 2290//1905 2291//1906 
f 2281//1896 2292//1907 2293//1908 
f 2293//1908 2290//1905 2281//1896 
f 2291//1906 2288//1903 2281//1896 
f 2281//1896 2294//1909 2295//1910 
f 2281//1896 2296//1911 2297//1912 
f 2297//1912 2298//1913 2281//1896 
f 2299//1914 2300//1915 2301//1916 
f 2299//1914 2302//1917 2300//1915 
f 2299//1914 2303//1918 2302//1917 
f 2299//1914 2304//1919 2303//1918 
f 2299//1914 2305//1920 2306//1921 
f 2306//1921 2304//1919 2299//1914 
f 2301//1916 2281//1896 2299//1914 
f 2301//1916 2296//1911 2281//1896 
f 2298//1913 2294//1909 2281//1896 
f 2299//1914 2307//1922 2308//1923 
f 2308//1923 2305//1920 2299//1914 
f 2295//1910 2292//1907 2281//1896 
f 2299//1914 2309//1924 2310//1925 
f 2279//1893 2311//1926 2309//1924 
f 2309//1924 2299//1914 2279//1893 
f 2279//1893 2312//1927 2313//1928 
f 2313//1928 2311//1926 2279//1893 
f 2279//1893 2314//1929 2315//1930 
f 2279//1893 1458//1595 2316//1931 
f 2316//1931 2317//1932 2279//1893 
f 2317//1932 2318//1933 2279//1893 
f 2318//1933 2314//1929 2279//1893 
f 2315//1930 2312//1927 2279//1893 
f 2310//1925 2307//1922 2299//1914 
f 1458//1595 2319//1934 2320//1935 
f 1458//1595 2321//1936 2322//1937 
f 2322//1937 2323//1938 1458//1595 
f 1458//1595 2324//1939 2325//1940 
f 1458//1595 2326//1941 2327//1942 
f 2327//1942 2328//1943 1458//1595 
f 2328//1943 2324//1939 1458//1595 
f 2325//1940 2321//1936 1458//1595 
f 2323//1938 2319//1934 1458//1595 
f 2320//1935 2316//1931 1458//1595 
f 1458//1595 2210//1824 2329//1944 
f 2329//1944 2326//1941 1458//1595 
f 2195//1809 2262//1875 2330//1945 
f 2330//1945 2281//1896 2195//1809 
f 2331//1946 2332//1947 2333//1948 
f 2331//1946 2334//1949 2335//1950 
f 2331//1946 2336//1951 2334//1949 
f 2335//1950 2332//1947 2331//1946 
f 2333//1948 2337//1952 2331//1946 
f 2331//1946 2338//1953 2339//1954 
f 2331//1946 2340//1955 2338//1953 
f 2331//1946 2341//1956 2342//1957 
f 2342//1957 2340//1955 2331//1946 
f 2339//1954 2336//1951 2331//1946 
f 2331//1946 2343//1958 2344//1959 
f 2344//1959 2341//1956 2331//1946 
f 2331//1946 2345//1960 2346//1961 
f 2331//1946 2347//1962 2345//1960 
f 2346//1961 2343//1958 2331//1946 
f 2331//1946 2330//1945 2348//1963 
f 2348//1963 2349//1964 2331//1946 
f 2349//1964 2347//1962 2331//1946 
f 2330//1945 2350//1965 2351//1966 
f 2351//1966 2352//1967 2330//1945 
f 2330//1945 2262//1875 2350//1965 
f 2352//1967 2348//1963 2330//1945 
f 2337//1952 2353//1968 2331//1946 
f 2283//1898 2195//1809 2281//1896 
f 3027//1969 2354//1970 2355//1971 
f 3027//1969 2356//1972 2354//1970 
f 3027//1969 2357//1973 2353//1968 
f 2353//1968 2356//1972 3027//1969 
f 2358//1974 2359//1975 2360//1976 
f 2359//1975 2361//1977 2360//1976 
f 2362//1978 2363//1979 2364//1980 
f 2364//1980 2358//1974 2362//1978 
f 2362//1978 2365//1981 2366//1982 
f 2366//1982 2363//1979 2362//1978 
f 2362//1978 2367//1983 2368//1983 
f 2368//1983 2369//1984 2362//1978 
f 2331//1946 2370//1985 2367//1983 
f 2331//1946 2371//1986 2370//1985 
f 2367//1983 2362//1978 2331//1946 
f 2369//1984 2365//1981 2362//1978 
f 2331//1946 2372//1987 2373//1988 
f 2373//1988 2371//1986 2331//1946 
f 2331//1946 2374//1989 2375//1990 
f 2331//1946 2376//1991 2377//1992 
f 2331//1946 2378//1993 2376//1991 
f 2331//1946 2379//1994 2380//1995 
f 2380//1995 2378//1993 2331//1946 
f 2331//1946 2381//1996 2382//1997 
f 2353//1968 2383//1998 2381//1996 
f 2353//1968 2384//1999 2385//2000 
f 2385//2000 2383//1998 2353//1968 
f 2353//1968 2386//2001 2387//2002 
f 2353//1968 2388//2003 2386//2001 
f 2353//1968 2389//2004 2390//2005 
f 2390//2005 2391//2006 2353//1968 
f 2391//2006 2388//2003 2353//1968 
f 2353//1968 2392//2007 2389//2004 
f 2353//1968 2357//1973 2393//2008 
f 2393//2008 2392//2007 2353//1968 
f 2387//2002 2384//1999 2353//1968 
f 2381//1996 2331//1946 2353//1968 
f 2382//1997 2379//1994 2331//1946 
f 2377//1992 2374//1989 2331//1946 
f 2375//1990 2372//1987 2331//1946 
f 2360//1976 2362//1978 2358//1974 
f 2394//2009 2395//2010 2396//2011 
f 2394//2009 2397//2012 2398//2013 
f 2398//2013 2399//2014 2394//2009 
f 2394//2009 2400//2015 2401//2016 
f 2359//1975 2402//2017 2400//2015 
f 2400//2015 2394//2009 2359//1975 
f 2359//1975 2403//2018 2404//2019 
f 2359//1975 2405//2020 2403//2018 
f 2404//2019 2402//2017 2359//1975 
f 2359//1975 2406//2021 2405//2020 
f 2359//1975 2407//2022 2408//2023 
f 2359//1975 2409//2024 2407//2022 
f 2408//2023 2406//2021 2359//1975 
f 2401//2016 2397//2012 2394//2009 
f 2359//1975 2410//2025 2411//2026 
f 2359//1975 2358//1974 2412//2027 
f 2412//2027 2410//2025 2359//1975 
f 2411//2026 2409//2024 2359//1975 
f 2399//2014 2395//2010 2394//2009 
f 2396//2011 2413//2028 2394//2009 
f 2414//2029 2415//2030 2361//1977 
f 2361//1977 2359//1975 2414//2029 
f 1456//1895 2416//2031 2417//2032 
f 2417//2032 2418//2033 1456//1895 
f 1456//1895 2419//2034 2420//2035 
f 1456//1895 2421//2036 2422//2037 
f 2423//2038 2424//2039 2425//2040 
f 2425//2040 1456//1895 2423//2038 
f 2423//2038 2426//2041 2427//2042 
f 2427//2042 2424//2039 2423//2038 
f 2425//2040 2421//2036 1456//1895 
f 2422//2037 2419//2034 1456//1895 
f 2420//2035 2416//2031 1456//1895 
f 2423//2038 2428//2043 2429//2044 
f 2423//2038 2430//2045 2428//2043 
f 2429//2044 2426//2041 2423//2038 
f 2423//2038 2431//2046 2432//2047 
f 2423//2038 2433//2048 2431//2046 
f 2423//2038 2434//2049 2435//2050 
f 2435//2050 2433//2048 2423//2038 
f 2394//2009 2436//2051 2434//2049 
f 2394//2009 2437//2052 2438//2053 
f 2438//2053 2436//2051 2394//2009 
f 2394//2009 2439//2054 2440//2055 
f 2440//2055 2441//2056 2394//2009 
f 2441//2056 2442//2057 2394//2009 
f 2442//2057 2437//2052 2394//2009 
f 2394//2009 2443//2058 2444//2059 
f 2444//2059 2445//2060 2394//2009 
f 2445//2060 2446//2061 2394//2009 
f 2446//2061 2439//2054 2394//2009 
f 2394//2009 2447//2062 2448//2063 
f 2394//2009 2449//2064 2450//2065 
f 2450//2065 2451//2066 2394//2009 
f 2413//2028 2452//2067 2449//2064 
f 2449//2064 2394//2009 2413//2028 
f 2413//2028 2453//2068 2454//2069 
f 2454//2069 2452//2067 2413//2028 
f 2451//2066 2447//2062 2394//2009 
f 2448//2063 2443//2058 2394//2009 
f 2413//2028 2455//2070 2456//2071 
f 2456//2071 2453//2068 2413//2028 
f 2434//2049 2423//2038 2394//2009 
f 2432//2047 2430//2045 2423//2038 
f 2418//2033 2457//2072 1456//1895 
f 2281//1896 2458//2073 2459//2074 
f 2281//1896 2362//1978 2458//2073 
f 2362//1978 2360//1976 2460//2075 
f 2460//2075 2458//2073 2362//1978 
f 2460//2075 2461//2076 2462//2077 
f 2462//2077 2463//2078 2460//2075 
f 2460//2075 2464//2079 2465//2080 
f 2460//2075 2466//2081 2467//2082 
f 2460//2075 2468//2083 2469//2084 
f 2460//2075 2470//2085 2468//2083 
f 2460//2075 2471//2086 2472//2087 
f 2460//2075 2473//2088 2474//2089 
f 2474//2089 2471//2086 2460//2075 
f 2472//2087 2470//2085 2460//2075 
f 2469//2084 2466//2081 2460//2075 
f 2467//2082 2464//2079 2460//2075 
f 2465//2080 2461//2076 2460//2075 
f 2460//2075 2475//2090 2476//2091 
f 2476//2091 2477//2092 2460//2075 
f 2460//2075 2478//2093 2479//2094 
f 2479//2094 2475//2090 2460//2075 
f 2460//2075 2480//2095 2481//2096 
f 2460//2075 2482//2097 2483//2098 
f 2483//2098 2480//2095 2460//2075 
f 2460//2075 2484//2099 2485//2100 
f 2460//2075 2486//2101 2487//2102 
f 2460//2075 2360//1976 2486//2101 
f 2487//2102 2484//2099 2460//2075 
f 2485//2100 2482//2097 2460//2075 
f 2481//2096 2478//2093 2460//2075 
f 2477//2092 2473//2088 2460//2075 
f 2463//2078 2488//2103 2460//2075 
f 2459//2074 2299//1914 2281//1896 
f 2355//1971 2489//2104 3027//1969 
f 2414//2029 2490//2105 2491//2106 
f 2414//2029 2492//2107 2493//2108 
f 2414//2029 2494//2109 2495//2110 
f 2414//2029 2496//2111 2494//2109 
f 2495//2110 2492//2107 2414//2029 
f 2497//2112 2498//2113 2414//2029 
f 2414//2029 1456//1895 2497//2112 
f 2498//2113 2499//2114 2414//2029 
f 1456//1895 2500//2115 2501//2116 
f 1456//1895 2502//2117 2503//2118 
f 1456//1895 2504//2119 2505//2120 
f 2505//2120 2502//2117 1456//1895 
f 2503//2118 2500//2115 1456//1895 
f 2501//2116 2497//2112 1456//1895 
f 1456//1895 2506//2121 2507//2122 
f 1456//1895 2508//2123 2509//2124 
f 2509//2124 2506//2121 1456//1895 
f 2507//2122 2504//2119 1456//1895 
f 2499//2114 2496//2111 2414//2029 
f 2493//2108 2490//2105 2414//2029 
f 1456//1895 2510//2125 2511//2126 
f 2511//2126 2508//2123 1456//1895 
f 1456//1895 2512//2127 2513//2128 
f 2513//2128 2514//2129 1456//1895 
f 2515//2130 2516//2131 2512//2127 
f 2515//2130 2517//2132 2516//2131 
f 2515//2130 2518//2133 2517//2132 
f 2512//2127 1456//1895 2515//2130 
f 2514//2129 2510//2125 1456//1895 
f 2491//2106 2415//2030 2414//2029 
f 1456//1895 2280//1894 2519//2134 
f 2519//2134 2515//2130 1456//1895 
f 2519//2134 2280//1894 2459//2074 
f 2459//2074 2458//2073 2519//2134 
f 2414//2029 2423//2038 1456//1895 
f 2520//2135 2521//2136 2522//2137 
f 2523//2138 2524//2139 2525//2140 
f 2525//2140 2526//2141 2523//2138 
f 2523//2138 2527//2142 2528//2143 
f 2528//2143 2524//2139 2523//2138 
f 2527//2142 2523//2138 2529//2144 
f 2529//2144 2530//2145 2527//2142 
f 2531//2146 2523//2138 2532//2147 
f 2532//2147 2533//2148 2531//2146 
f 2533//2148 2521//2136 2531//2146 
f 2521//2136 2520//2135 2534//2149 
f 2534//2149 2531//2146 2521//2136 
f 2526//2141 2532//2147 2523//2138 
f 2535//2150 2536//2151 2537//2152 
f 2537//2152 2538//2153 2535//2150 
f 2539//2154 2540//2155 2541//2156 
f 2542//2157 2535//2150 2543//2158 
f 2540//2155 2539//2154 2542//2157 
f 2543//2158 2540//2155 2542//2157 
f 2541//2156 2520//2135 2539//2154 
f 2544//2159 2545//2160 2520//2135 
f 2520//2135 2546//2161 2544//2159 
f 2545//2160 2539//2154 2520//2135 
f 2538//2153 2543//2158 2535//2150 
f 3027//1969 2489//2104 2544//2159 
f 2544//2159 2546//2161 3027//1969 
f 2547//2162 2548//2163 2549//2164 
f 2550//2165 2551//2166 2552//2167 
f 2550//2165 2549//2164 2553//2168 
f 2553//2168 2551//2166 2550//2165 
f 2554//2169 2552//2167 2555//2170 
f 2555//2170 2556//2171 2554//2169 
f 2552//2167 2554//2169 2550//2165 
f 3027//1969 2557//2172 2558//2173 
f 3027//1969 2546//2161 2559//2174 
f 2559//2174 2560//2175 3027//1969 
f 2546//2161 2561//2176 2559//2174 
f 2560//2175 2557//2172 3027//1969 
f 2562//2177 2563//2178 2561//2176 
f 2562//2177 2564//2179 2563//2178 
f 2565//2180 2566//2181 2567//2182 
f 2567//2182 2568//2183 2569//2184 
f 2567//2182 2569//2184 2565//2180 
f 2564//2179 2570//2185 2571//2186 
f 2571//2186 2566//2181 2564//2179 
f 2564//2179 2562//2177 2570//2185 
f 2567//2182 2572//2187 2568//2183 
f 2565//2180 2564//2179 2566//2181 
f 2573//2188 2548//2163 2547//2162 
f 2562//2177 2574//2189 2575//2190 
f 2575//2190 2576//2191 2562//2177 
f 2576//2191 2573//2188 2562//2177 
f 2546//2161 2577//2192 2578//2193 
f 2578//2193 2574//2189 2546//2161 
f 2577//2192 2579//2194 2580//2195 
f 2577//2192 2546//2161 2579//2194 
f 2581//2196 2580//2195 2582//2197 
f 2583//2198 2582//2197 2584//2199 
f 2584//2199 2585//2200 2583//2198 
f 2584//2199 2586//2201 2585//2200 
f 2582//2197 2583//2198 2581//2196 
f 2580//2195 2581//2196 2577//2192 
f 2574//2189 2562//2177 2546//2161 
f 2547//2162 2562//2177 2573//2188 
f 2561//2176 2546//2161 2562//2177 
f 1454//2202 2587//2203 2588//2204 
f 2587//2203 2589//2203 2588//2204 
f 1454//2202 1455//2205 2590//2206 
f 2590//2206 2591//2207 2592//2208 
f 2590//2206 2593//2209 2594//2210 
f 2595//2211 2596//2212 2590//2206 
f 2590//2206 1455//2205 2595//2211 
f 2596//2212 2593//2209 2590//2206 
f 2594//2210 2591//2207 2590//2206 
f 1455//2205 2597//2213 2598//2214 
f 2598//2214 2599//2215 1455//2205 
f 1455//2205 2600//2216 2601//2217 
f 2601//2217 2602//2218 1455//2205 
f 2602//2218 2603//2219 1455//2205 
f 2603//2219 2597//2213 1455//2205 
f 2599//2215 2595//2211 1455//2205 
f 1455//2205 2604//2220 2605//2221 
f 2605//2221 2600//2216 1455//2205 
f 1455//2205 2606//2222 2607//2223 
f 2608//2224 2609//2225 2606//2222 
f 2606//2222 1455//2205 2608//2224 
f 2608//2224 2610//2226 2611//2227 
f 2608//2224 2612//2228 2610//2226 
f 2611//2227 2609//2225 2608//2224 
f 2613//2229 2614//2230 2615//2231 
f 2614//2230 2613//2229 2616//2232 
f 2616//2232 2617//2233 2614//2230 
f 2618//2234 2619//2235 2620//2236 
f 2618//2234 2616//2232 2619//2235 
f 2620//2236 2621//2237 2618//2234 
f 2618//2234 2617//2233 2616//2232 
f 2612//2228 2622//2238 2623//2239 
f 2623//2239 2624//2240 2612//2228 
f 2612//2228 2625//2241 2626//2242 
f 2612//2228 2627//2243 2628//2244 
f 2612//2228 2629//2245 2630//2246 
f 2630//2246 2627//2243 2612//2228 
f 2628//2244 2625//2241 2612//2228 
f 2626//2242 2622//2238 2612//2228 
f 2624//2240 2613//2229 2612//2228 
f 2612//2228 2608//2224 2631//2247 
f 2631//2247 2632//2248 2612//2228 
f 2632//2248 2633//2249 2612//2228 
f 2633//2249 2629//2245 2612//2228 
f 2615//2231 2612//2228 2613//2229 
f 2607//2223 2604//2220 1455//2205 
f 1455//2205 2634//2250 2635//2251 
f 1455//2205 2636//2252 2637//2253 
f 1455//2205 2638//2254 2639//2255 
f 2639//2255 2640//2256 1455//2205 
f 2640//2256 2641//2257 1455//2205 
f 2641//2257 2636//2252 1455//2205 
f 1455//2205 2642//2258 2643//2259 
f 1455//2205 2644//2260 2645//2261 
f 2646//2262 2647//2263 2644//2260 
f 2646//2262 2648//2264 2647//2263 
f 2646//2262 2649//2265 2650//2266 
f 2650//2266 2648//2264 2646//2262 
f 2644//2260 1455//2205 2646//2262 
f 2645//2261 2642//2258 1455//2205 
f 2643//2259 2638//2254 1455//2205 
f 2646//2262 2651//2267 2652//2268 
f 2646//2262 2653//2269 2651//2267 
f 2652//2268 2649//2265 2646//2262 
f 2646//2262 2654//2270 2655//2271 
f 2646//2262 2656//2272 2654//2270 
f 2646//2262 2657//2273 2658//2274 
f 2658//2274 2656//2272 2646//2262 
f 2646//2262 2659//2275 2660//2276 
f 2660//2276 2661//2277 2646//2262 
f 2646//2262 2662//2278 2659//2275 
f 2661//2277 2657//2273 2646//2262 
f 2655//2271 2653//2269 2646//2262 
f 2637//2253 2634//2250 1455//2205 
f 2635//2251 2608//2224 1455//2205 
f 1456//1895 2663//2279 2646//2262 
f 2646//2262 1455//2205 1456//1895 
f 2592//2208 2664//2280 2590//2206 
f 2413//2028 2665//2281 2666//2282 
f 2413//2028 2667//2283 2668//2284 
f 2413//2028 2669//2285 2667//2283 
f 2668//2284 2665//2281 2413//2028 
f 2413//2028 2670//2286 2671//2287 
f 2671//2287 2672//2288 2413//2028 
f 2672//2288 2669//2285 2413//2028 
f 2670//2286 2673//2289 2674//2290 
f 2670//2286 2675//2291 2676//2292 
f 2670//2286 2677//2293 2678//2294 
f 2678//2294 2675//2291 2670//2286 
f 2676//2292 2673//2289 2670//2286 
f 2674//2290 2671//2287 2670//2286 
f 2670//2286 2679//2295 2680//2296 
f 2680//2296 2681//2297 2670//2286 
f 2681//2297 2677//2293 2670//2286 
f 2670//2286 2682//2298 2683//2299 
f 2670//2286 2684//2300 2682//2298 
f 2670//2286 2663//2279 2685//2301 
f 2685//2301 2686//2302 2670//2286 
f 2686//2302 2684//2300 2670//2286 
f 2683//2299 2679//2295 2670//2286 
f 2663//2279 2687//2303 2688//2304 
f 2688//2304 2689//2305 2663//2279 
f 2663//2279 2690//2306 2691//2307 
f 2691//2307 2692//2308 2663//2279 
f 2663//2279 2693//2309 2694//2310 
f 2663//2279 2695//2311 2696//2312 
f 2663//2279 2697//2313 2698//2314 
f 2698//2314 2695//2311 2663//2279 
f 2696//2312 2693//2309 2663//2279 
f 2694//2310 2690//2306 2663//2279 
f 2692//2308 2687//2303 2663//2279 
f 2663//2279 1456//1895 2699//2315 
f 1456//1895 2700//2316 2701//2317 
f 1456//1895 2702//2318 2700//2316 
f 2701//2317 2699//2315 1456//1895 
f 2699//2315 2697//2313 2663//2279 
f 2689//2305 2685//2301 2663//2279 
f 1456//1895 2703//2319 2704//2320 
f 1456//1895 2705//2321 2706//2322 
f 1456//1895 2457//2072 2707//2323 
f 2707//2323 2705//2321 1456//1895 
f 2706//2322 2703//2319 1456//1895 
f 2704//2320 2702//2318 1456//1895 
f 2666//2282 2455//2070 2413//2028 
f 2357//1973 3027//1969 2708//2324 
f 2708//2324 2709//2325 2710//2326 
f 2708//2324 2711//2327 2712//2328 
f 2708//2324 2713//2329 2714//2330 
f 2708//2324 2715//2331 2716//2332 
f 2708//2324 2717//2333 2718//2334 
f 2718//2334 2715//2331 2708//2324 
f 2716//2332 2713//2329 2708//2324 
f 2714//2330 2711//2327 2708//2324 
f 2712//2328 2709//2325 2708//2324 
f 2708//2324 2719//2335 2720//2336 
f 2708//2324 2721//2337 2722//2338 
f 2722//2338 2719//2335 2708//2324 
f 2721//2337 2723//2339 2724//2340 
f 2724//2340 2722//2338 2721//2337 
f 2720//2336 2717//2333 2708//2324 
f 2721//2337 2725//2341 2726//2342 
f 2726//2342 2723//2339 2721//2337 
f 2721//2337 2727//2343 2728//2344 
f 2721//2337 2729//2345 2730//2346 
f 2721//2337 2731//2347 2729//2345 
f 2732//2348 2721//2337 2670//2286 
f 2670//2286 2733//2349 2732//2348 
f 2732//2348 2731//2347 2721//2337 
f 2670//2286 2413//2028 2733//2349 
f 2730//2346 2727//2343 2721//2337 
f 2728//2344 2725//2341 2721//2337 
f 2734//2350 2735//2351 2736//2352 
f 2734//2350 2737//2353 2738//2354 
f 2734//2350 2739//2355 2737//2353 
f 2738//2354 2735//2351 2734//2350 
f 2740//2356 2741//2357 2734//2350 
f 2734//2350 2708//2324 2740//2356 
f 2741//2357 2742//2358 2734//2350 
f 2708//2324 2743//2359 2740//2356 
f 2742//2358 2739//2355 2734//2350 
f 3027//1969 2744//2360 2743//2359 
f 3027//1969 2745//2361 2744//2360 
f 3027//1969 2746//2362 2745//2361 
f 2743//2359 2708//2324 3027//1969 
f 2736//2352 2747//2363 2734//2350 
f 2708//2324 2710//2326 2357//1973 
f 2748//2364 2749//2365 2750//2366 
f 2750//2366 2751//2367 2748//2364 
f 2748//2364 2752//2368 2753//2369 
f 2748//2364 2754//2370 2752//2368 
f 2755//2371 2756//2372 2757//2373 
f 2755//2371 2758//2374 2756//2372 
f 2757//2373 2620//2236 2755//2371 
f 2754//2370 2748//2364 2758//2374 
f 2755//2371 2754//2370 2758//2374 
f 2757//2373 2621//2237 2620//2236 
f 2753//2369 2749//2365 2748//2364 
f 2721//2337 2759//2375 2662//2278 
f 2721//2337 2760//2376 2761//2377 
f 2761//2377 2759//2375 2721//2337 
f 2721//2337 2762//2378 2763//2379 
f 2763//2379 2764//2380 2721//2337 
f 2764//2380 2765//2381 2721//2337 
f 2765//2381 2760//2376 2721//2337 
f 2721//2337 2766//2382 2767//2383 
f 2721//2337 2768//2384 2769//2385 
f 2769//2385 2770//2386 2721//2337 
f 2721//2337 2771//2387 2768//2384 
f 2721//2337 2772//2388 2773//2389 
f 2773//2389 2771//2387 2721//2337 
f 2770//2386 2766//2382 2721//2337 
f 2767//2383 2762//2378 2721//2337 
f 2721//2337 2774//2390 2775//2391 
f 2721//2337 2776//2392 2774//2390 
f 2721//2337 2777//2393 2778//2394 
f 2721//2337 2779//2395 2777//2393 
f 2778//2394 2776//2392 2721//2337 
f 2721//2337 2780//2396 2781//2397 
f 2721//2337 2782//2398 2780//2396 
f 2781//2397 2779//2395 2721//2337 
f 2782//2398 2783//2399 2784//2400 
f 2782//2398 2785//2401 2786//2402 
f 2782//2398 2787//2403 2788//2404 
f 2788//2404 2789//2405 2782//2398 
f 2789//2405 2785//2401 2782//2398 
f 2787//2403 2748//2364 2788//2404 
f 2786//2402 2783//2399 2782//2398 
f 2784//2400 2780//2396 2782//2398 
f 2775//2391 2772//2388 2721//2337 
f 2662//2278 2646//2262 2721//2337 
f 2721//2337 2790//2406 2791//2407 
f 2721//2337 2792//2408 2793//2409 
f 2793//2409 2790//2406 2721//2337 
f 2792//2408 2794//2410 2795//2411 
f 2795//2411 2793//2409 2792//2408 
f 2792//2408 2796//2412 2797//2413 
f 2797//2413 2798//2414 2792//2408 
f 2798//2414 2794//2410 2792//2408 
f 2791//2407 2782//2398 2721//2337 
f 2792//2408 2799//2415 2800//2416 
f 2792//2408 2801//2417 2802//2418 
f 2792//2408 2803//2419 2804//2420 
f 2792//2408 2805//2421 2806//2422 
f 2806//2422 2803//2419 2792//2408 
f 2804//2420 2801//2417 2792//2408 
f 2802//2418 2799//2415 2792//2408 
f 2792//2408 2807//2423 2808//2424 
f 2808//2424 2809//2425 2792//2408 
f 2807//2423 2810//2426 2811//2427 
f 2807//2423 2812//2428 2810//2426 
f 2807//2423 2813//2429 2812//2428 
f 2811//2427 2808//2424 2807//2423 
f 2809//2425 2805//2421 2792//2408 
f 2800//2416 2796//2412 2792//2408 
f 2721//2337 2708//2324 2792//2408 
f 2751//2367 2788//2404 2748//2364 
f 2814//2430 2815//2431 2816//2432 
f 2816//2432 2817//2433 2814//2430 
f 2814//2430 2818//2434 2819//2434 
f 2819//2434 2820//2435 2814//2430 
f 2734//2350 2821//2436 2818//2434 
f 2734//2350 2822//2437 2821//2436 
f 2818//2434 2814//2430 2734//2350 
f 2820//2435 2815//2431 2814//2430 
f 2734//2350 2823//2438 2824//2439 
f 2824//2439 2822//2437 2734//2350 
f 2734//2350 2825//2440 2826//2441 
f 2734//2350 2827//2442 2828//2443 
f 2734//2350 2829//2444 2827//2442 
f 2734//2350 2830//2445 2831//2446 
f 2831//2446 2829//2444 2734//2350 
f 2734//2350 2832//2447 2833//2448 
f 2734//2350 2834//2449 2835//2450 
f 2835//2450 2836//2451 2734//2350 
f 2747//2363 2837//2452 2834//2449 
f 2834//2449 2734//2350 2747//2363 
f 2836//2451 2832//2447 2734//2350 
f 2833//2448 2830//2445 2734//2350 
f 2828//2443 2825//2440 2734//2350 
f 2826//2441 2823//2438 2734//2350 
f 2838//2453 2588//2204 2589//2203 
f 2589//2203 2817//2433 2838//2453 
f 2838//2453 2839//2454 2840//2455 
f 2838//2453 2841//2456 2839//2454 
f 2838//2453 2842//2457 2841//2456 
f 2838//2453 2843//2458 2844//2459 
f 2838//2453 2845//2460 2843//2458 
f 2844//2459 2842//2457 2838//2453 
f 2838//2453 2846//2461 2847//2462 
f 2838//2453 2848//2463 2849//2464 
f 2838//2453 2817//2433 2850//2465 
f 2850//2465 2848//2463 2838//2453 
f 2849//2464 2846//2461 2838//2453 
f 2847//2462 2845//2460 2838//2453 
f 2840//2455 2851//2466 2838//2453 
f 2814//2430 2589//2203 2807//2423 
f 2807//2423 2792//2408 2814//2430 
f 2817//2433 2589//2203 2814//2430 
f 2590//2206 2587//2203 1454//2202 
f 2851//2466 2840//2455 2852//2467 
f 2852//2467 2853//2468 2854//2469 
f 2855//2470 2856//2471 2857//2472 
f 2857//2472 2858//2473 2855//2470 
f 1452//2474 1453//2475 2859//2476 
f 2859//2476 1453//2475 2860//2477 
f 1453//2475 2861//2478 2860//2477 
f 2860//2477 2862//2479 2859//2476 
f 2859//2476 2858//2473 1452//2474 
f 2863//2480 2864//2481 2861//2478 
f 1453//2475 2865//2482 2863//2480 
f 2866//2483 2867//2484 2865//2482 
f 2853//2468 1453//2475 2868//2485 
f 2868//2485 2854//2469 2853//2468 
f 2853//2468 2866//2483 1453//2475 
f 2865//2482 1453//2475 2866//2483 
f 2861//2478 1453//2475 2863//2480 
f 2857//2472 1452//2474 2858//2473 
f 1454//2202 2869//2486 2868//2485 
f 2868//2485 1453//2475 1454//2202 
f 2870//2487 2871//2488 2872//2489 
f 2873//2490 2870//2487 2874//2491 
f 2874//2491 2875//2492 2873//2490 
f 2873//2490 2871//2488 2870//2487 
f 2876//2493 2877//2494 2878//2495 
f 2878//2495 2879//2496 2876//2493 
f 2875//2492 2874//2491 2877//2494 
f 2876//2493 2875//2492 2877//2494 
f 2880//2497 2881//2498 2882//2499 
f 2880//2497 2883//2500 2881//2498 
f 2880//2497 2884//2501 2885//2502 
f 2885//2502 2886//2503 2880//2497 
f 2886//2503 2883//2500 2880//2497 
f 2880//2497 2887//2504 2884//2501 
f 2880//2497 2888//2505 2889//2506 
f 2889//2506 2890//2507 2880//2497 
f 2890//2507 2887//2504 2880//2497 
f 2891//2508 2892//2509 2893//2510 
f 2893//2510 2894//2511 2891//2508 
f 2888//2505 2895//2512 2892//2509 
f 2888//2505 2880//2497 2896//2513 
f 2896//2513 2895//2512 2888//2505 
f 2894//2511 2897//2514 2898//2515 
f 2898//2515 2899//2516 2900//2517 
f 2900//2517 2901//2518 2898//2515 
f 2894//2511 2893//2510 2902//2519 
f 2902//2519 2897//2514 2894//2511 
f 2900//2517 2899//2516 2879//2496 
f 2879//2496 2878//2495 2900//2517 
f 2898//2515 2901//2518 2894//2511 
f 2891//2508 2888//2505 2892//2509 
f 2882//2499 2837//2452 2880//2497 
f 2837//2452 2747//2363 2903//2520 
f 2903//2520 2904//2521 2837//2452 
f 2747//2363 2905//2522 2906//2523 
f 2906//2523 2903//2520 2747//2363 
f 2904//2521 2880//2497 2837//2452 
f 2907//2524 2908//2525 2909//2526 
f 2909//2526 2910//2527 2907//2524 
f 2911//2528 2870//2487 2912//2529 
f 2913//2530 2911//2528 2914//2531 
f 2914//2531 2908//2525 2913//2530 
f 2908//2525 2915//2530 2913//2530 
f 2908//2525 2907//2524 2916//2532 
f 2916//2532 2915//2530 2908//2525 
f 2912//2529 2914//2531 2911//2528 
f 2910//2527 2917//2533 2907//2524 
f 2747//2363 2918//2534 2919//2535 
f 2747//2363 2920//2536 2918//2534 
f 2919//2535 2905//2522 2747//2363 
f 2917//2533 2921//2537 2922//2538 
f 2922//2538 2907//2524 2917//2533 
f 2923//2539 2924//2540 2925//2541 
f 2925//2541 2926//2542 2923//2539 
f 2920//2536 2927//2543 2924//2540 
f 2925//2541 2928//2544 2929//2545 
f 2925//2541 2930//2546 2928//2544 
f 2925//2541 2931//2547 2932//2548 
f 2933//2549 2934//2550 2931//2547 
f 2933//2549 2935//2551 2934//2550 
f 2933//2549 2936//2552 2935//2551 
f 2931//2547 2925//2541 2933//2549 
f 2932//2548 2930//2546 2925//2541 
f 2929//2545 2926//2542 2925//2541 
f 2920//2536 2937//2553 2938//2554 
f 2920//2536 2939//2555 2940//2556 
f 2940//2556 2941//2557 2920//2536 
f 2920//2536 2747//2363 2942//2558 
f 2942//2558 2939//2555 2920//2536 
f 2941//2557 2937//2553 2920//2536 
f 2938//2554 2927//2543 2920//2536 
f 2923//2539 2920//2536 2924//2540 
f 2917//2533 2943//2559 2944//2560 
f 2945//2561 2946//2562 2943//2559 
f 2945//2561 2947//2563 2946//2562 
f 2945//2561 2948//2564 2947//2563 
f 2945//2561 2949//2565 2950//2566 
f 2950//2566 2948//2564 2945//2561 
f 2945//2561 2951//2567 2952//2568 
f 2945//2561 2953//2569 2954//2570 
f 2954//2570 2955//2571 2945//2561 
f 2953//2569 2945//2561 2852//2467 
f 2852//2467 2956//2572 2957//2573 
f 2852//2467 2958//2574 2956//2572 
f 2852//2467 2840//2455 2959//2575 
f 2959//2575 2958//2574 2852//2467 
f 2852//2467 2957//2573 2953//2569 
f 2955//2571 2951//2567 2945//2561 
f 2952//2568 2949//2565 2945//2561 
f 2943//2559 2917//2533 2945//2561 
f 2944//2560 2921//2537 2917//2533 
f 2960//2576 2961//2577 2962//2578 
f 2960//2576 2963//2579 2961//2577 
f 2917//2533 2964//2580 2965//2581 
f 2917//2533 2966//2582 2964//2580 
f 2917//2533 2967//2583 2960//2576 
f 2960//2576 2966//2582 2917//2533 
f 2967//2583 2963//2579 2960//2576 
f 2965//2581 2945//2561 2917//2533 
f 2962//2578 2968//2584 2960//2576 
f 2965//2581 2969//2585 2945//2561 
f 2966//2582 2970//2586 2964//2580 
f 2872//2489 2912//2529 2870//2487 
f 2968//2584 2971//2587 2864//2481 
f 2864//2481 2960//2576 2968//2584 
f 2968//2584 2972//2588 2973//2589 
f 2973//2589 2971//2587 2968//2584 
f 2972//2588 2968//2584 2974//2590 
f 2974//2590 2975//2591 2972//2588 
f 2968//2584 2856//2471 2855//2470 
f 2968//2584 2976//2592 2856//2471 
f 2855//2470 2974//2590 2968//2584 
f 2973//2589 2977//2593 2971//2587 
f 2864//2481 2863//2480 2960//2576 
f 3006//1497 2978//2594 2979//2594 
f 2933//2549 2979//2594 2978//2594 
f 2978//2594 2936//2552 2933//2549 
f 3006//1497 2980//2595 2981//2594 
f 2976//2592 2968//2584 2982//2596 
f 2983//2597 2984//2598 2985//2599 
f 2982//2596 2986//2600 2987//2601 
f 2987//2601 2983//2597 2982//2596 
f 2986//2600 2988//2602 2987//2601 
f 2982//2596 2980//2595 2986//2600 
f 2985//2599 2982//2596 2983//2597 
f 2982//2596 2985//2599 2976//2592 
f 2982//2596 2981//2594 2980//2595 
f 2968//2584 2989//2603 2982//2596 
f 2981//2594 2978//2594 3006//1497 
f 1450//2604 2990//2605 2980//2595 
f 1452//2474 2991//2606 2990//2605 
f 2990//2605 1450//2604 1451//2607 
f 2991//2606 1452//2474 2992//2608 
f 1452//2474 2993//2609 2992//2608 
f 2992//2608 2994//2610 2991//2606 
f 2990//2605 1451//2607 1452//2474 
f 1452//2474 2857//2472 2993//2609 
f 2980//2595 3006//1497 1450//2604 
f 1970//1588 1898//1497 2995//2611 
f 3006//1497 2996//2611 2995//2611 
f 2995//2611 1898//1497 3006//1497 
f 2995//2611 2997//2612 1970//1588 
f 2979//2594 2996//2611 3006//1497 
f 2852//2467 2854//2469 2851//2466 
f 2588//2204 2869//2486 1454//2202 
f 2558//2173 2746//2362 3027//1969 
f 2572//2187 2567//2182 2998//2613 
f 2549//2164 2550//2165 2547//2162 
f 2522//2137 2546//2161 2520//2135 
f 2530//2145 2529//2144 2999//2614 
f 2279//1893 2280//1894 1457//1892 
f 1459//1592 1460//1495 1976//1593 
f 1975//1591 2264//1877 3005//1495 
f 1972//1589 1971//1589 1973//1590 
f 1969//1587 1968//1587 1971//1589 
f 1970//1588 2997//2612 1968//1587 
f 1920//1538 1925//1543 1918//1536 
f 1470//1535 1473//1532 3024//1532 
f 1892//1486 3000//1486 3024//1532 
f 1472//1533 1475//1530 3023//1530 
f 1917//1532 3024//1532 3023//1530 
f 1474//1531 1477//1528 3022//1528 
f 1916//1530 3023//1530 3022//1528 
f 1476//1529 1479//1526 3021//1526 
f 1915//1528 3022//1528 3021//1526 
f 1478//1527 1481//1524 3020//1524 
f 1914//1526 3021//1526 3020//1524 
f 1480//1525 1483//1522 3019//1522 
f 1913//1524 3020//1524 3019//1522 
f 1482//1523 1485//1520 3018//1520 
f 1912//1522 3019//1522 3018//1520 
f 1484//1521 1487//1518 3017//1518 
f 1911//1520 3018//1520 3017//1518 
f 1486//1519 1489//1516 3016//1516 
f 1910//1518 3017//1518 3016//1516 
f 1488//1517 1491//1514 3015//1514 
f 1909//1516 3016//1516 3015//1514 
f 1490//1515 1493//1512 3014//1512 
f 1908//1514 3015//1514 3014//1512 
f 1492//1513 1495//1510 3013//1510 
f 1907//1512 3014//1512 3013//1510 
f 1494//1511 1497//1508 3012//1508 
f 1906//1510 3013//1510 3012//1508 
f 1496//1509 1499//1506 3011//1506 
f 1905//1508 3012//1508 3011//1506 
f 1498//1507 1442//1504 3010//1504 
f 1903//1507 1904//1506 3011//1506 
f 1443//1505 1444//1502 3009//1502 
f 1902//1504 3010//1504 3009//1502 
f 1445//1503 1446//1500 3008//1500 
f 1901//1502 3009//1502 3008//1500 
f 1447//1501 1448//1498 3007//1498 
f 1900//1500 3008//1500 3007//1498 
f 1449//1499 1450//2604 3006//1497 
f 1899//1498 3007//1498 3006//1497 
f 1461//1496 1462//1493 3004//1493 
f 1897//1495 3005//1495 3004//1493 
f 1463//1494 1464//1491 3003//1491 
f 1896//1493 3004//1493 3003//1491 
f 1465//1492 1466//1489 3002//1489 
f 1895//1491 3003//1491 3002//1489 
f 1467//1490 1468//1487 3001//1487 
f 1894//1489 3002//1489 3001//1487 
f 1469//1488 1471//1534 3000//1486 
f 1893//1487 3001//1487 3000//1486 
o mesh171
f 3028//2615 3029//2615 2262//2615 
f 3029//2615 2350//2615 2262//2615 
f 2262//2615 2217//2615 3028//2615 
o mesh172
f 3030//2616 3031//2617 3032//2618 
f 3032//2618 3033//2619 3030//2616 
f 3034//2620 3035//2621 3036//2622 
f 3034//2620 3037//2623 3038//2624 
f 3034//2620 3039//2625 3037//2623 
f 3038//2624 3035//2621 3034//2620 
f 3040//2626 3041//2627 3031//2617 
f 3040//2626 3042//2628 3041//2627 
f 3043//2629 3044//2630 3042//2628 
f 3040//2626 3045//2631 3043//2629 
f 3042//2628 3040//2626 3043//2629 
f 3031//2617 3046//2632 3047//2633 
f 3046//2632 3031//2617 3048//2634 
f 3048//2634 3049//2635 3046//2632 
f 3047//2633 3050//2636 3031//2617 
f 3045//2631 3051//2637 3037//2623 
f 3045//2631 3040//2626 3051//2637 
f 3037//2623 3052//2638 3053//2639 
f 3037//2623 3054//2640 3052//2638 
f 3037//2623 3055//2641 3054//2640 
f 3037//2623 3056//2642 3057//2643 
f 3057//2643 3055//2641 3037//2623 
f 3037//2623 3053//2639 3045//2631 
f 3037//2623 3058//2644 3059//2645 
f 3059//2645 3060//2646 3037//2623 
f 3037//2623 3039//2625 3061//2647 
f 3061//2647 3062//2648 3037//2623 
f 3062//2648 3058//2644 3037//2623 
f 3060//2646 3056//2642 3037//2623 
f 3031//2617 3050//2636 3040//2626 
f 3063//2649 3064//2650 3065//2651 
f 3063//2649 3066//2652 3064//2650 
f 3063//2649 3067//2653 3068//2654 
f 3068//2654 3066//2652 3063//2649 
f 3063//2649 3069//2655 3067//2653 
f 3070//2656 3039//2625 3034//2620 
f 3034//2620 3071//2657 3070//2656 
f 3071//2657 3072//2658 3070//2656 
f 3067//2653 3073//2659 3074//2660 
f 3067//2653 3069//2655 3075//2661 
f 3075//2661 3073//2659 3067//2653 
f 3074//2660 3070//2656 3067//2653 
f 3072//2658 3067//2653 3070//2656 
f 3076//2662 3077//2663 3078//2664 
f 3078//2664 3079//2665 3076//2662 
f 3079//2665 3080//2666 3076//2662 
f 3077//2663 3081//2667 3082//2668 
f 3082//2668 3083//2669 3077//2663 
f 3084//2670 3085//2671 3081//2667 
f 3081//2667 3077//2663 3084//2670 
f 3083//2669 3086//2672 3077//2663 
f 3077//2663 3087//2673 3088//2674 
f 3077//2663 3089//2675 3087//2673 
f 3077//2663 3065//2651 3090//2676 
f 3090//2676 3089//2675 3077//2663 
f 3088//2674 3084//2670 3077//2663 
f 3086//2672 3078//2664 3077//2663 
f 3091//2677 3092//2678 3093//2679 
f 3091//2677 3094//2680 3095//2681 
f 3091//2677 3096//2682 3097//2683 
f 3091//2677 3098//2684 3099//2685 
f 3091//2677 3100//2686 3101//2687 
f 3101//2687 3098//2684 3091//2677 
f 3099//2685 3096//2682 3091//2677 
f 3097//2683 3094//2680 3091//2677 
f 3091//2677 3076//2662 3102//2688 
f 3102//2688 3100//2686 3091//2677 
f 3095//2681 3092//2678 3091//2677 
f 3103//2689 3104//2690 3105//2691 
f 3104//2690 3106//2692 3107//2693 
f 3104//2690 3103//2689 3108//2694 
f 3108//2694 3106//2692 3104//2690 
f 3107//2693 3109//2695 3104//2690 
f 3110//2696 3111//2697 3029//2698 
f 3110//2696 3112//2699 3113//2700 
f 3110//2696 3114//2701 3112//2699 
f 3110//2696 3115//2702 3116//2703 
f 3110//2696 3117//2704 3118//2705 
f 3110//2696 3119//2706 3117//2704 
f 3118//2705 3115//2702 3110//2696 
f 3116//2703 3114//2701 3110//2696 
f 3110//2696 3120//2707 3121//2708 
f 3121//2708 3122//2709 3110//2696 
f 3122//2709 3119//2706 3110//2696 
f 3113//2700 3111//2697 3110//2696 
f 3123//2710 3124//2711 3110//2696 
f 3123//2710 3125//2712 3126//2713 
f 3126//2713 3124//2711 3123//2710 
f 3127//2714 3103//2689 3128//2715 
f 3125//2712 3123//2710 3127//2714 
f 3128//2715 3125//2712 3127//2714 
f 3028//2716 3129//2716 3123//2710 
f 3129//2716 3091//2677 3130//2717 
f 3130//2717 3131//2718 3129//2716 
f 3131//2718 3132//2719 3129//2716 
f 3132//2719 3123//2710 3129//2716 
f 3110//2696 3028//2716 3123//2710 
f 3120//2707 3133//2720 3134//2721 
f 3120//2707 3135//2722 3133//2720 
f 3134//2721 3136//2723 3120//2707 
f 3120//2707 3137//2724 3138//2725 
f 3120//2707 3139//2726 3140//2727 
f 3120//2707 3141//2728 3142//2729 
f 3141//2728 3120//2707 3143//2730 
f 3120//2707 3144//2731 3143//2730 
f 3120//2707 3145//2732 3144//2731 
f 3143//2730 3146//2733 3141//2728 
f 3145//2732 3147//2734 3148//2735 
f 3148//2735 3149//2736 3145//2732 
f 3145//2732 3120//2707 3150//2737 
f 3150//2737 3147//2734 3145//2732 
f 3149//2736 3151//2738 3145//2732 
f 3142//2729 3139//2726 3120//2707 
f 3140//2727 3137//2724 3120//2707 
f 3138//2725 3135//2722 3120//2707 
f 3136//2723 3121//2708 3120//2707 
f 3029//2698 3028//2716 3110//2696 
f 3105//2691 3128//2715 3103//2689 
f 3093//2679 3130//2717 3091//2677 
f 3080//2666 3102//2688 3076//2662 
f 3065//2651 3077//2663 3063//2649 
f 3036//2622 3152//2739 3034//2620 
f 3030//2616 3048//2634 3031//2617 
o mesh173
f 3029//2740 3111//2741 2351//2742 
f 2351//2742 3111//2741 3113//2743 
f 3113//2743 2352//2744 2351//2742 
f 3114//2745 2349//2746 2348//2747 
f 2348//2747 3112//2748 3114//2745 
f 3116//2749 3115//2750 2347//2751 
f 3115//2750 2345//2752 2347//2751 
f 2349//2746 3114//2745 3116//2749 
f 2346//2753 2345//2752 3118//2754 
f 2345//2752 3115//2750 3118//2754 
f 3119//2755 2344//2756 2343//2757 
f 2343//2757 3117//2758 3119//2755 
f 3136//2759 2340//2760 2342//2761 
f 2342//2761 3121//2762 3136//2759 
f 2344//2756 3122//2763 3121//2762 
f 3121//2762 2341//2764 2344//2756 
f 2342//2761 2341//2764 3121//2762 
f 2344//2756 3119//2755 3122//2763 
f 3134//2765 3133//2766 2338//2767 
f 3133//2766 2336//2768 2339//2769 
f 2339//2769 2338//2767 3133//2766 
f 2334//2770 2336//2768 3135//2771 
f 2336//2768 3133//2766 3135//2771 
f 2332//2772 2335//2773 3137//2774 
f 3138//2775 3137//2774 2335//2773 
f 2335//2773 2334//2770 3138//2775 
f 3142//2776 2337//2777 2333//2778 
f 2332//2772 3140//2779 3139//2780 
f 3139//2780 2333//2778 2332//2772 
f 2337//2777 3142//2776 3141//2781 
f 3141//2781 2353//2782 2337//2777 
f 3141//2781 3146//2783 2353//2782 
f 2333//2778 3139//2780 3142//2776 
f 3137//2774 3140//2779 2332//2772 
f 3135//2771 3138//2775 2334//2770 
f 2338//2767 2340//2760 3134//2765 
f 3136//2759 3134//2765 2340//2760 
f 2343//2757 2346//2753 3117//2758 
f 3118//2754 3117//2758 2346//2753 
f 2347//2751 2349//2746 3116//2749 
f 2348//2747 2352//2744 3112//2748 
f 3113//2743 3112//2748 2352//2744 
f 2351//2742 2350//2784 3029//2740 
o mesh174
f 2353//2785 3146//2786 3143//2787 
f 2354//2788 2356//2789 3143//2787 
f 2354//2788 3144//2790 3145//2791 
f 3151//2792 2544//2793 2489//2794 
f 2489//2794 3145//2791 3151//2792 
f 2489//2794 2355//2795 3145//2791 
f 3145//2791 2355//2795 2354//2788 
f 3143//2787 3144//2790 2354//2788 
f 3143//2787 2356//2789 2353//2785 
o mesh175
f 2545//2796 2544//2797 3151//2798 
f 2542//2799 2539//2800 3148//2801 
f 3149//2802 3148//2801 2539//2800 
f 2539//2800 2545//2796 3149//2802 
f 2535//2803 3150//2804 3120//2805 
f 3120//2805 2536//2806 2535//2803 
f 3147//2807 3150//2804 2535//2803 
f 2535//2803 2542//2799 3147//2807 
f 3120//2805 3110//2808 2536//2806 
f 3148//2801 3147//2807 2542//2799 
f 3151//2798 3149//2802 2545//2796 
o mesh176
f 3126//2809 2538//2810 2537//2811 
f 2537//2811 3124//2812 3126//2809 
f 2536//2813 3110//2814 3124//2812 
f 3105//2815 2540//2816 2543//2817 
f 2543//2817 3125//2818 3128//2819 
f 2538//2810 3126//2809 3125//2818 
f 3125//2818 2543//2817 2538//2810 
f 2520//2820 2541//2821 3104//2822 
f 3105//2815 3104//2822 2541//2821 
f 2541//2821 2540//2816 3105//2815 
f 3104//2822 3109//2823 2520//2820 
f 2543//2817 3128//2819 3105//2815 
f 2537//2811 2536//2813 3124//2812 
o mesh177
f 2534//2824 2520//2825 3109//2826 
f 2534//2824 3107//2827 3106//2828 
f 2523//2829 3108//2830 3103//2831 
f 2531//2832 3106//2828 3108//2830 
f 3108//2830 2523//2829 2531//2832 
f 3127//2833 3123//2834 2529//2835 
f 3123//2834 2999//2836 2529//2835 
f 2529//2835 2523//2829 3127//2833 
f 3103//2831 3127//2833 2523//2829 
f 3106//2828 2531//2832 2534//2824 
f 3109//2826 3107//2827 2534//2824 
o mesh178
f 2527//2837 2530//2838 3132//2839 
f 3123//2840 3132//2839 2530//2838 
f 2530//2838 2999//2841 3123//2840 
f 3130//2842 2524//2843 2528//2844 
f 2528//2844 3131//2845 3130//2842 
f 2528//2844 2527//2837 3131//2845 
f 2526//2846 2525//2847 3092//2848 
f 3093//2849 3092//2848 2525//2847 
f 2525//2847 2524//2843 3093//2849 
f 2533//2850 2532//2851 3094//2852 
f 2532//2851 2526//2846 3095//2853 
f 3095//2853 3094//2852 2532//2851 
f 2533//2850 3097//2854 3096//2855 
f 3096//2855 2521//2856 2533//2850 
f 3096//2855 3099//2857 2521//2856 
f 3094//2852 3097//2854 2533//2850 
f 3092//2848 3095//2853 2526//2846 
f 3130//2842 3093//2849 2524//2843 
f 3132//2839 3131//2845 2527//2837 
o mesh179
f 2522//2858 2521//2859 3099//2860 
f 3101//2861 2579//2862 2546//2863 
f 3101//2861 2580//2864 2579//2862 
f 2546//2863 3098//2865 3101//2861 
f 2584//2866 2582//2867 3080//2868 
f 2582//2867 2580//2864 3102//2869 
f 2580//2864 3100//2870 3102//2869 
f 2580//2864 3101//2861 3100//2870 
f 3102//2869 3080//2868 2582//2867 
f 2584//2866 3079//2871 3078//2872 
f 3078//2872 2586//2873 2584//2866 
f 3080//2868 3079//2871 2584//2866 
f 2546//2863 2522//2858 3098//2865 
f 3099//2860 3098//2865 2522//2858 
o mesh180
f 2578//2874 3081//2875 3085//2876 
f 2578//2874 2577//2877 3082//2878 
f 2581//2879 3083//2880 3082//2878 
f 2581//2879 2583//2881 3086//2882 
f 3086//2882 3083//2880 2581//2879 
f 3082//2878 2577//2877 2581//2879 
f 3078//2883 3086//2882 2585//2884 
f 3086//2882 2583//2881 2585//2884 
f 2585//2884 2586//2885 3078//2883 
f 3082//2878 3081//2875 2578//2874 
f 3085//2876 2574//2886 2578//2874 
o mesh181
f 2576//2887 2575//2888 3084//2889 
f 3085//2890 3084//2889 2575//2888 
f 2575//2888 2574//2891 3085//2890 
f 2573//2892 2576//2887 3088//2893 
f 2553//2894 3090//2895 3065//2896 
f 3065//2896 2551//2897 2553//2894 
f 2553//2894 2549//2898 3089//2899 
f 3089//2899 3090//2895 2553//2894 
f 3089//2899 2549//2898 2548//2900 
f 2548//2900 3087//2901 3089//2899 
f 2548//2900 2573//2892 3087//2901 
f 2555//2902 2552//2903 3066//2904 
f 2551//2897 3064//2905 3066//2904 
f 3066//2904 2552//2903 2551//2897 
f 2555//2902 3068//2906 3067//2907 
f 3067//2907 2556//2908 2555//2902 
f 3066//2904 3068//2906 2555//2902 
f 3065//2896 3064//2905 2551//2897 
f 3088//2893 3087//2901 2573//2892 
f 3084//2889 3088//2893 2576//2887 
o mesh182
f 3034//2909 3152//2910 2547//2911 
f 2550//2912 3071//2913 3034//2909 
f 3152//2910 2562//2914 2547//2911 
f 2554//2915 3072//2916 3071//2913 
f 2554//2915 2556//2917 3067//2918 
f 3067//2918 3072//2916 2554//2915 
f 3071//2913 2550//2912 2554//2915 
f 2547//2911 2550//2912 3034//2909 
o mesh183
f 3152//2919 3036//2920 2570//2921 
f 3038//2922 2566//2923 2571//2924 
f 2570//2921 3036//2920 3035//2925 
f 3035//2925 2571//2924 2570//2921 
f 3037//2926 2998//2927 2567//2928 
f 2567//2928 3038//2922 3037//2926 
f 2567//2928 2566//2923 3038//2922 
f 2571//2924 3035//2925 3038//2922 
f 2570//2921 2562//2929 3152//2919 
o mesh184
f 2569//2930 2568//2931 3051//2932 
f 3037//2933 3051//2932 2572//2934 
f 3051//2932 2568//2931 2572//2934 
f 2572//2934 2998//2935 3037//2933 
f 2569//2930 3040//2936 3050//2937 
f 2563//2938 2564//2939 3047//2940 
f 3047//2940 2564//2939 2565//2941 
f 2565//2941 3050//2937 3047//2940 
f 2563//2938 3046//2942 3049//2943 
f 3049//2943 2561//2944 2563//2938 
f 3047//2940 3046//2942 2563//2938 
f 3050//2937 2565//2941 2569//2930 
f 3051//2932 3040//2936 2569//2930 
o mesh185
f 3048//2945 2560//2946 2559//2947 
f 2559//2947 3049//2948 3048//2945 
f 2559//2947 2561//2949 3049//2948 
f 2558//2950 2557//2951 3033//2952 
f 3030//2953 3033//2952 2557//2951 
f 2557//2951 2560//2946 3030//2953 
f 3042//2954 2744//2955 2745//2956 
f 2746//2957 3032//2958 3031//2959 
f 3031//2959 2745//2956 2746//2957 
f 3031//2959 3041//2960 2745//2956 
f 2746//2957 2558//2950 3032//2958 
f 2743//2961 2744//2955 3042//2954 
f 3042//2954 3044//2962 2743//2961 
f 2745//2956 3041//2960 3042//2954 
f 3033//2952 3032//2958 2558//2950 
f 3048//2945 3030//2953 2560//2946 
o mesh186
f 2740//2963 2743//2964 3044//2965 
f 2742//2966 2741//2967 3045//2968 
f 3043//2969 3045//2968 2741//2967 
f 2741//2967 2740//2963 3043//2969 
f 2739//2970 2742//2966 3053//2971 
f 2738//2972 2737//2973 3054//2974 
f 2739//2970 3052//2975 3054//2974 
f 3054//2974 2737//2973 2739//2970 
f 3054//2974 3055//2976 2738//2972 
f 3053//2971 3052//2975 2739//2970 
f 3045//2968 3053//2971 2742//2966 
f 3044//2965 3043//2969 2740//2963 
o mesh187
f 2735//2977 2738//2978 3055//2979 
f 3056//2980 3060//2981 2747//2982 
f 3060//2981 2942//2983 2747//2982 
f 3057//2984 3056//2980 2736//2985 
f 2736//2985 2735//2977 3057//2984 
f 3060//2981 3059//2986 2939//2987 
f 3059//2986 2940//2988 2939//2987 
f 2939//2987 2942//2983 3060//2981 
f 2941//2989 2940//2988 3058//2990 
f 2938//2991 2937//2992 3039//2993 
f 2937//2992 3061//2994 3039//2993 
f 3062//2995 3061//2994 2937//2992 
f 2937//2992 2941//2989 3062//2995 
f 2924//2996 2927//2997 3074//2998 
f 3070//2999 3074//2998 2927//2997 
f 2927//2997 2938//2991 3070//2999 
f 2924//2996 3073//3000 3075//3001 
f 3075//3001 2925//3002 2924//2996 
f 3074//2998 3073//3000 2924//2996 
f 3039//2993 3070//2999 2938//2991 
f 3058//2990 3062//2995 2941//2989 
f 3059//2986 3058//2990 2940//2988 
f 2747//2982 2736//2985 3056//2980 
f 3055//2979 3057//2984 2735//2977 
o mesh188
f 3075//3003 3069//3003 2933//3003 
f 3069//3003 2979//3003 2933//3003 
f 2933//3003 2925//3003 3075//3003 
o mesh189
f 3063//3004 2995//3004 2996//3004 
f 2996//3004 3069//3004 3063//3004 
f 2996//3004 2979//3004 3069//3004 
o mesh190
f 3063//3005 3077//3005 2997//3005 
f 1968//3005 3077//3005 3076//3005 
f 2997//3005 2995//3005 3063//3005 
f 1971//3005 3076//3005 3091//3005 
f 3077//3005 1968//3005 2997//3005 
f 3129//3005 1975//3005 1973//3005 
f 3076//3005 1971//3005 1968//3005 
f 3091//3005 1973//3005 1971//3005 
f 1973//3005 3091//3005 3129//3005 
o mesh191
f 3129//3006 3028//3006 2264//3006 
f 3028//3006 2217//3006 2264//3006 
f 2264//3006 1975//3006 3129//3006 
o mesh192
f 2934//3007 2935//3008 3153//3009 
f 3154//3010 2932//3011 2931//3012 
f 2931//3012 3155//3013 3154//3010 
f 2934//3007 3156//3014 3155//3013 
f 2930//3015 2932//3011 3157//3016 
f 3158//3017 2928//3018 2930//3015 
f 2932//3011 3154//3010 3157//3016 
f 2928//3018 3158//3017 3159//3019 
f 3159//3019 2929//3020 2928//3018 
f 2923//3021 2926//3022 3160//3023 
f 3161//3024 3160//3023 2926//3022 
f 2926//3022 2929//3020 3161//3024 
f 3162//3025 3163//3026 2918//3027 
f 2923//3021 3164//3028 3162//3025 
f 3162//3025 2920//3029 2923//3021 
f 2918//3027 3163//3026 3165//3030 
f 3165//3030 2919//3031 2918//3027 
f 3166//3032 2906//3033 2905//3034 
f 2905//3034 3167//3035 3166//3032 
f 3168//3036 2904//3037 2903//3038 
f 2903//3038 3169//3039 3168//3036 
f 2906//3033 3166//3032 3169//3039 
f 3169//3039 2903//3038 2906//3033 
f 3170//3040 3171//3041 2880//3042 
f 3171//3041 2896//3043 2880//3042 
f 2895//3044 2896//3043 3172//3045 
f 2896//3043 3171//3041 3172//3045 
f 3172//3045 3173//3046 2895//3044 
f 2880//3042 2904//3037 3170//3040 
f 3168//3036 3170//3040 2904//3037 
f 2905//3034 2919//3031 3167//3035 
f 3165//3030 3167//3035 2919//3031 
f 2918//3027 2920//3029 3162//3025 
f 3160//3023 3164//3028 2923//3021 
f 3159//3019 3161//3024 2929//3020 
f 3157//3016 3158//3017 2930//3015 
f 2931//3012 2934//3007 3155//3013 
f 3153//3009 3156//3014 2934//3007 
o mesh193
f 3173//3047 3174//3047 2892//3047 
f 2892//3047 2895//3047 3173//3047 
o mesh194
f 2892//3048 3174//3049 3175//3050 
f 2897//3051 2902//3052 3176//3053 
f 3177//3054 2898//3055 2897//3051 
f 3175//3050 3176//3053 2902//3052 
f 2902//3052 2893//3056 3175//3050 
f 3176//3053 3177//3054 2897//3051 
f 2899//3057 2898//3055 3178//3058 
f 2876//3059 2879//3060 3179//3061 
f 3180//3062 3179//3061 2879//3060 
f 2879//3060 2899//3057 3180//3062 
f 2873//3063 2875//3064 3181//3065 
f 3182//3066 3181//3065 2875//3064 
f 2875//3064 2876//3059 3182//3066 
f 2872//3067 2871//3068 3183//3069 
f 3184//3070 3183//3069 2871//3068 
f 2871//3068 2873//3063 3184//3070 
f 2914//3071 2912//3072 3185//3073 
f 3186//3074 3185//3073 2912//3072 
f 2912//3072 2872//3067 3186//3074 
f 2909//3075 2908//3076 3187//3077 
f 3188//3078 3187//3077 2908//3076 
f 2908//3076 2914//3071 3188//3078 
f 2910//3079 2909//3075 3189//3080 
f 2967//3081 2917//3082 3190//3083 
f 3191//3084 3190//3083 2917//3082 
f 2917//3082 2910//3079 3191//3084 
f 2961//3085 2963//3086 3192//3087 
f 3192//3087 2963//3086 2967//3081 
f 2967//3081 3193//3088 3192//3087 
f 3192//3087 3194//3089 2961//3085 
f 3190//3083 3193//3088 2967//3081 
f 3189//3080 3191//3084 2910//3079 
f 3187//3077 3189//3080 2909//3075 
f 3185//3073 3188//3078 2914//3071 
f 3183//3069 3186//3074 2872//3067 
f 3181//3065 3184//3070 2873//3063 
f 3179//3061 3182//3066 2876//3059 
f 3178//3058 3180//3062 2899//3057 
f 3177//3054 3178//3058 2898//3055 
f 3175//3050 2893//3056 2892//3048 
o mesh195
f 2961//3090 3194//3090 3195//3090 
f 3195//3090 2962//3090 2961//3090 
o mesh196
f 2968//3091 2962//3091 3195//3091 
f 3196//3091 2989//3091 2968//3091 
f 3195//3091 3196//3091 2968//3091 
o mesh197
f 2982//3092 2989//3092 3196//3092 
f 3196//3092 3197//3092 2982//3092 
o mesh198
f 2982//3093 3197//3093 3198//3093 
f 3198//3093 2981//3093 2982//3093 
o mesh199
f 2981//3094 3198//3094 3199//3094 
f 3199//3094 2978//3094 2981//3094 
o mesh200
f 3199//3095 3153//3095 2936//3095 
f 3153//3095 2935//3095 2936//3095 
f 2936//3095 2978//3095 3199//3095 
o mesh201
f 2281//3096 3200//3096 3201//3096 
f 3201//3096 2362//3096 2281//3096 
o mesh202
f 3200//3097 3202//3097 3203//3098 
f 3203//3098 3201//3098 3200//3097 
o mesh203
f 2331//3099 2362//3099 3201//3099 
f 3201//3099 3203//3099 2331//3099 
o mesh204
f 2331//3100 3203//3100 3202//3100 
f 3202//3100 2330//3100 2331//3100 
o mesh205
f 3202//3101 3200//3101 2281//3101 
f 2281//3101 2330//3101 3202//3101 
o mesh206
f 2400//3102 2402//3103 3204//3104 
f 3204//3104 2402//3103 2404//3105 
f 2404//3105 3205//3106 3204//3104 
f 2404//3105 2403//3107 3206//3108 
f 2403//3107 2405//3109 3207//3110 
f 2405//3109 2406//3111 3208//3112 
f 3209//3113 3208//3112 2406//3111 
f 2406//3111 2408//3114 3209//3113 
f 3208//3112 3207//3110 2405//3109 
f 2407//3115 3210//3116 3209//3113 
f 2407//3115 2409//3117 3211//3118 
f 3212//3119 3211//3118 2409//3117 
f 2409//3117 2411//3120 3212//3119 
f 2411//3120 2410//3121 3213//3122 
f 3214//3123 3213//3122 2410//3121 
f 2410//3121 2412//3124 3214//3123 
f 2412//3124 2358//3125 3215//3126 
f 3216//3127 3215//3126 2358//3125 
f 2358//3125 2364//3128 3216//3127 
f 2364//3128 2363//3129 3217//3130 
f 3218//3131 3217//3130 2363//3129 
f 2363//3129 2366//3132 3218//3131 
f 2366//3132 2365//3133 3219//3134 
f 3220//3135 3219//3134 2365//3133 
f 2365//3133 2369//3136 3220//3135 
f 2368//3137 3221//3138 3220//3135 
f 3220//3135 2369//3136 2368//3137 
f 3219//3134 3218//3131 2366//3132 
f 3217//3130 3216//3127 2364//3128 
f 3215//3126 3214//3123 2412//3124 
f 3213//3122 3212//3119 2411//3120 
f 3211//3118 3210//3116 2407//3115 
f 3209//3113 2408//3114 2407//3115 
f 3207//3110 3206//3108 2403//3107 
f 3206//3108 3205//3106 2404//3105 
f 3204//3104 3222//3139 2400//3102 
o mesh207
f 2401//3140 2400//3141 3222//3142 
f 3223//3143 2398//3144 2397//3145 
f 2401//3140 3224//3146 3225//3147 
f 3225//3147 2397//3145 2401//3140 
f 2399//3148 2398//3144 3226//3149 
f 2398//3144 3223//3143 3226//3149 
f 2395//3150 3227//3151 3228//3152 
f 3228//3152 2396//3153 2395//3150 
f 2395//3150 2399//3148 3227//3151 
f 2732//3154 2733//3155 3229//3156 
f 3230//3157 3229//3156 2733//3155 
f 2733//3155 2413//3158 3230//3157 
f 2413//3158 2396//3153 3230//3157 
f 3231//3159 3232//3160 2731//3161 
f 3232//3160 2729//3162 2731//3161 
f 2731//3161 2732//3154 3231//3159 
f 2729//3162 3233//3163 3234//3164 
f 3234//3164 2730//3165 2729//3162 
f 3235//3166 2728//3167 2727//3168 
f 2727//3168 3236//3169 3235//3166 
f 3237//3170 2726//3171 2725//3172 
f 2725//3172 3238//3173 3237//3170 
f 2725//3172 2728//3167 3238//3173 
f 2728//3167 3235//3166 3238//3173 
f 3239//3174 3240//3175 2723//3176 
f 3240//3175 2724//3177 2723//3176 
f 2722//3178 2724//3177 3241//3179 
f 2724//3177 3240//3175 3241//3179 
f 3241//3179 3242//3180 2722//3178 
f 2723//3176 2726//3171 3239//3174 
f 3237//3170 3239//3174 2726//3171 
f 2727//3168 2730//3165 3236//3169 
f 3234//3164 3236//3169 2730//3165 
f 3232//3160 3233//3163 2729//3162 
f 3229//3156 3231//3159 2732//3154 
f 3228//3152 3230//3157 2396//3153 
f 3226//3149 3227//3151 2399//3148 
f 2397//3145 3225//3147 3223//3143 
f 3222//3142 3224//3146 2401//3140 
o mesh208
f 3242//3181 3243//3181 2719//3181 
f 2719//3181 2722//3181 3242//3181 
o mesh209
f 2719//3182 3243//3183 3244//3184 
f 2718//3185 2717//3186 3245//3187 
f 3244//3184 3245//3187 2717//3186 
f 2717//3186 2720//3188 3244//3184 
f 2716//3189 2715//3190 3246//3191 
f 3247//3192 3246//3191 2715//3190 
f 2715//3190 2718//3185 3247//3192 
f 2714//3193 2713//3194 3248//3195 
f 3249//3196 3248//3195 2713//3194 
f 2713//3194 2716//3189 3249//3196 
f 2712//3197 2711//3198 3250//3199 
f 3251//3200 3250//3199 2711//3198 
f 2711//3198 2714//3193 3251//3200 
f 2710//3201 2709//3202 3252//3203 
f 3253//3204 3252//3203 2709//3202 
f 2709//3202 2712//3197 3253//3204 
f 3254//3205 3255//3206 2357//3207 
f 3255//3206 2393//3208 2357//3207 
f 2390//3209 2389//3210 3256//3211 
f 2389//3210 2392//3212 3257//3213 
f 3255//3206 3257//3213 2392//3212 
f 2392//3212 2393//3208 3255//3206 
f 3257//3213 3256//3211 2389//3210 
f 2391//3214 2390//3209 3258//3215 
f 2386//3216 2388//3217 3259//3218 
f 3259//3218 2388//3217 2391//3214 
f 2391//3214 3260//3219 3259//3218 
f 3259//3218 3261//3220 2386//3216 
f 3258//3215 3260//3219 2391//3214 
f 3256//3211 3258//3215 2390//3209 
f 2357//3207 2710//3201 3254//3205 
f 3252//3203 3254//3205 2710//3201 
f 3250//3199 3253//3204 2712//3197 
f 3248//3195 3251//3200 2714//3193 
f 3246//3191 3249//3196 2716//3189 
f 3245//3187 3247//3192 2718//3185 
f 3244//3184 2720//3188 2719//3182 
o mesh210
f 2387//3221 2386//3222 3261//3223 
f 3262//3224 2385//3225 2384//3226 
f 2387//3221 3263//3227 3264//3228 
f 3264//3228 2384//3226 2387//3221 
f 2383//3229 2385//3225 3265//3230 
f 2385//3225 3262//3224 3265//3230 
f 2381//3231 3266//3232 3267//3233 
f 3267//3233 2382//3234 2381//3231 
f 2381//3231 2383//3229 3266//3232 
f 2380//3235 2379//3236 3268//3237 
f 3269//3238 3268//3237 2379//3236 
f 2379//3236 2382//3234 3269//3238 
f 3270//3239 3271//3240 2378//3241 
f 3271//3240 2376//3242 2378//3241 
f 2378//3241 2380//3235 3270//3239 
f 2376//3242 3272//3243 3273//3244 
f 3273//3244 2377//3245 2376//3242 
f 3274//3246 2375//3247 2374//3248 
f 2374//3248 3275//3249 3274//3246 
f 3276//3250 2373//3251 2372//3252 
f 2372//3252 3277//3253 3276//3250 
f 2372//3252 2375//3247 3277//3253 
f 2375//3247 3274//3246 3277//3253 
f 3278//3254 3279//3255 2371//3256 
f 3279//3255 2370//3257 2371//3256 
f 2367//3258 2370//3257 3280//3259 
f 2370//3257 3279//3255 3280//3259 
f 3280//3259 3281//3260 2367//3258 
f 2371//3256 2373//3251 3278//3254 
f 3276//3250 3278//3254 2373//3251 
f 2374//3248 2377//3245 3275//3249 
f 3273//3244 3275//3249 2377//3245 
f 3271//3240 3272//3243 2376//3242 
f 3268//3237 3270//3239 2380//3235 
f 3267//3233 3269//3238 2382//3234 
f 3265//3230 3266//3232 2383//3229 
f 2384//3226 3264//3228 3262//3224 
f 3261//3223 3263//3227 2387//3221 
o mesh211
f 3281//3261 3221//3261 2368//3261 
f 2368//3261 2367//3261 3281//3261 
o mesh212
f 2792//3262 3282//3262 3283//3262 
f 3283//3262 2814//3262 2792//3262 
o mesh213
f 3282//3263 3284//3263 3285//3264 
f 3285//3264 3283//3264 3282//3263 
o mesh214
f 2814//3265 3283//3265 3285//3265 
f 3285//3265 2734//3265 2814//3265 
o mesh215
f 2734//3266 3285//3266 3284//3266 
f 3284//3266 2708//3266 2734//3266 
o mesh216
f 3284//3267 3282//3267 2792//3267 
f 2792//3267 2708//3267 3284//3267 
o mesh217
f 2956//3268 2958//3269 3286//3270 
f 3286//3270 2958//3269 2959//3271 
f 2959//3271 3287//3272 3286//3270 
f 3288//3273 3287//3272 2840//3274 
f 3287//3272 2959//3271 2840//3274 
f 2839//3275 2841//3276 3289//3277 
f 2841//3276 2842//3278 3290//3279 
f 3291//3280 3290//3279 2842//3278 
f 2842//3278 2844//3281 3291//3280 
f 3290//3279 3289//3277 2841//3276 
f 2843//3282 3292//3283 3291//3280 
f 2843//3282 2845//3284 3293//3285 
f 3294//3286 3293//3285 2845//3284 
f 2845//3284 2847//3287 3294//3286 
f 2847//3287 2846//3288 3295//3289 
f 3296//3290 3295//3289 2846//3288 
f 2846//3288 2849//3291 3296//3290 
f 2849//3291 2848//3292 3297//3293 
f 3298//3294 3297//3293 2848//3292 
f 2848//3292 2850//3295 3298//3294 
f 2850//3295 2817//3296 3299//3297 
f 3300//3298 3299//3297 2817//3296 
f 2817//3296 2816//3299 3300//3298 
f 2816//3299 2815//3300 3301//3301 
f 3302//3302 3301//3301 2815//3300 
f 2815//3300 2820//3303 3302//3302 
f 2819//3304 3303//3305 3302//3302 
f 3302//3302 2820//3303 2819//3304 
f 3301//3301 3300//3298 2816//3299 
f 3299//3297 3298//3294 2850//3295 
f 3297//3293 3296//3290 2849//3291 
f 3295//3289 3294//3286 2847//3287 
f 3293//3285 3292//3283 2843//3282 
f 3291//3280 2844//3281 2843//3282 
f 3289//3277 3288//3273 2839//3275 
f 2840//3274 2839//3275 3288//3273 
f 3286//3270 3304//3306 2956//3268 
o mesh218
f 2957//3307 2956//3308 3304//3309 
f 3305//3310 2954//3311 2953//3312 
f 2957//3307 3306//3313 3307//3314 
f 3307//3314 2953//3312 2957//3307 
f 2955//3315 2954//3311 3308//3316 
f 2954//3311 3305//3310 3308//3316 
f 2951//3317 3309//3318 3310//3319 
f 3310//3319 2952//3320 2951//3317 
f 2951//3317 2955//3315 3309//3318 
f 2950//3321 2949//3322 3311//3323 
f 3312//3324 3311//3323 2949//3322 
f 2949//3322 2952//3320 3312//3324 
f 3313//3325 3314//3326 2948//3327 
f 3314//3326 2947//3328 2948//3327 
f 2948//3327 2950//3321 3313//3325 
f 2947//3328 3315//3329 3316//3330 
f 3316//3330 2946//3331 2947//3328 
f 3317//3332 2944//3333 2943//3334 
f 2943//3334 3318//3335 3317//3332 
f 3319//3336 2922//3337 2921//3338 
f 2921//3338 3320//3339 3319//3336 
f 2921//3338 2944//3333 3320//3339 
f 2944//3333 3317//3332 3320//3339 
f 3321//3340 3322//3341 2907//3342 
f 3322//3341 2916//3343 2907//3342 
f 2915//3344 2916//3343 3323//3345 
f 2916//3343 3322//3341 3323//3345 
f 3323//3345 3324//3346 2915//3344 
f 2907//3342 2922//3337 3321//3340 
f 3319//3336 3321//3340 2922//3337 
f 2943//3334 2946//3331 3318//3335 
f 3316//3330 3318//3335 2946//3331 
f 3314//3326 3315//3329 2947//3328 
f 3311//3323 3313//3325 2950//3321 
f 3310//3319 3312//3324 2952//3320 
f 3308//3316 3309//3318 2955//3315 
f 2953//3312 3307//3314 3305//3310 
f 3304//3309 3306//3313 2957//3307 
o mesh219
f 3324//3347 3325//3347 2913//3347 
f 2913//3347 2915//3347 3324//3347 
o mesh220
f 2913//3348 3325//3349 3326//3350 
f 2874//3351 2870//3352 3327//3353 
f 3326//3350 3327//3353 2870//3352 
f 2870//3352 2911//3354 3326//3350 
f 2878//3355 2877//3356 3328//3357 
f 3329//3358 3328//3357 2877//3356 
f 2877//3356 2874//3351 3329//3358 
f 2901//3359 2900//3360 3330//3361 
f 3331//3362 3330//3361 2900//3360 
f 2900//3360 2878//3355 3331//3362 
f 2891//3363 2894//3364 3332//3365 
f 3333//3366 3332//3365 2894//3364 
f 2894//3364 2901//3359 3333//3366 
f 2889//3367 2888//3368 3334//3369 
f 3335//3370 3334//3369 2888//3368 
f 2888//3368 2891//3363 3335//3370 
f 2889//3367 3336//3371 3337//3372 
f 2885//3373 2884//3374 3338//3375 
f 2884//3374 2887//3376 3339//3377 
f 3337//3372 3339//3377 2887//3376 
f 2887//3376 2890//3378 3337//3372 
f 3339//3377 3338//3375 2884//3374 
f 2886//3379 2885//3373 3340//3380 
f 2881//3381 2883//3382 3341//3383 
f 3341//3383 2883//3382 2886//3379 
f 2886//3379 3342//3384 3341//3383 
f 3341//3383 3343//3385 2881//3381 
f 3340//3380 3342//3384 2886//3379 
f 3338//3375 3340//3380 2885//3373 
f 3337//3372 2890//3378 2889//3367 
f 3334//3369 3336//3371 2889//3367 
f 3332//3365 3335//3370 2891//3363 
f 3330//3361 3333//3366 2901//3359 
f 3328//3357 3331//3362 2878//3355 
f 3327//3353 3329//3358 2874//3351 
f 3326//3350 2911//3354 2913//3348 
o mesh221
f 2882//3386 2881//3387 3343//3388 
f 3344//3389 2835//3390 2834//3391 
f 2834//3391 3345//3392 3344//3389 
f 2882//3386 3346//3393 3345//3392 
f 3345//3392 2837//3394 2882//3386 
f 2836//3395 2835//3390 3347//3396 
f 2835//3390 3344//3389 3347//3396 
f 2832//3397 3348//3398 3349//3399 
f 3349//3399 2833//3400 2832//3397 
f 2832//3397 2836//3395 3348//3398 
f 2831//3401 2830//3402 3350//3403 
f 3351//3404 3350//3403 2830//3402 
f 2830//3402 2833//3400 3351//3404 
f 3352//3405 3353//3406 2829//3407 
f 3353//3406 2827//3408 2829//3407 
f 2829//3407 2831//3401 3352//3405 
f 2827//3408 3354//3409 3355//3410 
f 3355//3410 2828//3411 2827//3408 
f 3356//3412 2826//3413 2825//3414 
f 2825//3414 3357//3415 3356//3412 
f 3358//3416 2824//3417 2823//3418 
f 2823//3418 3359//3419 3358//3416 
f 2823//3418 2826//3413 3359//3419 
f 2826//3413 3356//3412 3359//3419 
f 3360//3420 3361//3421 2822//3422 
f 3361//3421 2821//3423 2822//3422 
f 2818//3424 2821//3423 3362//3425 
f 2821//3423 3361//3421 3362//3425 
f 3362//3425 3363//3426 2818//3424 
f 2822//3422 2824//3417 3360//3420 
f 3358//3416 3360//3420 2824//3417 
f 2825//3414 2828//3411 3357//3415 
f 3355//3410 3357//3415 2828//3411 
f 3353//3406 3354//3409 2827//3408 
f 3350//3403 3352//3405 2831//3401 
f 3349//3399 3351//3404 2833//3400 
f 3347//3396 3348//3398 2836//3395 
f 2834//3391 2837//3394 3345//3392 
f 3343//3388 3346//3393 2882//3386 
o mesh222
f 3363//3427 3303//3427 2819//3427 
f 2819//3427 2818//3427 3363//3427 
o mesh223
f 2112//3428 2114//3429 3364//3430 
f 3364//3430 2114//3429 2117//3431 
f 2117//3431 3365//3432 3364//3430 
f 2117//3431 2116//3433 3366//3434 
f 2116//3433 3367//3435 3366//3434 
f 2115//3436 2120//3437 3368//3438 
f 3367//3435 2116//3433 2115//3436 
f 3369//3439 3368//3438 2120//3437 
f 2120//3437 2119//3440 3369//3439 
f 2119//3440 2118//3441 3370//3442 
f 3371//3443 3370//3442 2118//3441 
f 2118//3441 2122//3444 3371//3443 
f 2122//3444 2121//3445 3372//3446 
f 3373//3447 3372//3446 2121//3445 
f 2121//3445 2124//3448 3373//3447 
f 2123//3449 3374//3450 3373//3447 
f 2123//3449 2125//3451 3375//3452 
f 3376//3453 3375//3452 2125//3451 
f 2125//3451 2126//3454 3376//3453 
f 2126//3454 2062//3455 3377//3456 
f 3378//3457 3377//3456 2062//3455 
f 2062//3455 2061//3458 3378//3457 
f 2061//3458 2058//3459 3379//3460 
f 3380//3461 3379//3460 2058//3459 
f 2058//3459 2071//3462 3380//3461 
f 2071//3462 2070//3463 3381//3464 
f 3382//3465 3381//3464 2070//3463 
f 2070//3463 2073//3466 3382//3465 
f 2073//3466 2072//3467 3383//3468 
f 3383//3468 3382//3465 2073//3466 
f 3381//3464 3380//3461 2071//3462 
f 3379//3460 3378//3457 2061//3458 
f 3377//3456 3376//3453 2126//3454 
f 3375//3452 3374//3450 2123//3449 
f 3373//3447 2124//3448 2123//3449 
f 3372//3446 3371//3443 2122//3444 
f 3370//3442 3369//3439 2119//3440 
f 3368//3438 3367//3435 2115//3436 
f 3366//3434 3365//3432 2117//3431 
f 3364//3430 3384//3469 2112//3428 
o mesh224
f 3385//3470 3386//3471 3387//3471 
f 3388//3472 3389//3473 3390//3474 
f 3389//3473 3388//3472 3391//3475 
f 3391//3475 3392//3476 3389//3473 
f 3390//3474 3387//3471 3388//3472 
f 3393//3477 3394//3478 3392//3476 
f 3394//3478 3393//3477 3395//3479 
f 3395//3479 3396//3480 3394//3478 
f 3392//3476 3391//3475 3393//3477 
f 3397//3481 3398//3482 3396//3480 
f 3398//3482 3397//3481 3399//3483 
f 3399//3483 3400//3484 3398//3482 
f 3399//3483 3401//3485 3402//3486 
f 3402//3486 3400//3484 3399//3483 
f 3396//3480 3395//3479 3397//3481 
f 3403//3487 3402//3486 3401//3485 
f 3404//3488 3405//3489 3406//3490 
f 3406//3490 3403//3487 3404//3488 
f 3406//3490 3405//3489 3407//3491 
f 3408//3492 3409//3493 3410//3494 
f 3410//3494 3407//3491 3408//3492 
f 3408//3492 3411//3495 3412//3496 
f 3412//3496 3409//3493 3408//3492 
f 3407//3491 3410//3494 3406//3490 
f 3401//3485 3404//3488 3403//3487 
f 3413//3497 3414//3498 3415//3499 
f 3415//3499 3416//3500 3413//3497 
f 3412//3496 3411//3495 3414//3498 
f 3417//3501 3418//3502 3416//3500 
f 3417//3501 3419//3503 3420//3504 
f 3420//3504 3418//3502 3417//3501 
f 3416//3500 3415//3499 3417//3501 
f 3413//3497 3412//3496 3414//3498 
f 3420//3504 3421//3505 3422//3506 
f 3420//3504 3419//3503 3421//3505 
f 3422//3506 3423//3507 3424//3508 
f 3424//3508 3425//3509 3422//3506 
f 3423//3507 3384//3510 3426//3511 
f 3426//3511 3427//3512 3423//3507 
f 3384//3510 3364//3513 3428//3514 
f 3428//3514 3426//3511 3384//3510 
f 3364//3513 3365//3515 3429//3516 
f 3365//3515 3430//3517 3429//3516 
f 3429//3516 3431//3518 3364//3513 
f 3431//3518 3428//3514 3364//3513 
f 3366//3519 3432//3520 3430//3517 
f 3433//3521 3432//3520 3366//3519 
f 3434//3522 3433//3521 3367//3523 
f 3368//3524 3369//3525 3435//3526 
f 3435//3526 3434//3522 3368//3524 
f 3367//3523 3368//3524 3434//3522 
f 3366//3519 3367//3523 3433//3521 
f 3430//3517 3365//3515 3366//3519 
f 3370//3527 3436//3528 3435//3526 
f 3437//3529 3436//3528 3370//3527 
f 3370//3527 3371//3530 3437//3529 
f 3435//3526 3369//3525 3370//3527 
f 3373//3531 3374//3532 3438//3533 
f 3373//3531 3439//3534 3437//3529 
f 3437//3529 3372//3535 3373//3531 
f 3440//3536 3438//3533 3374//3532 
f 3375//3537 3376//3538 3441//3539 
f 3441//3539 3440//3536 3375//3537 
f 3374//3532 3375//3537 3440//3536 
f 3378//3540 3442//3541 3441//3539 
f 3378//3540 3443//3542 3442//3541 
f 3441//3539 3377//3543 3378//3540 
f 3378//3540 3379//3544 3443//3542 
f 3376//3538 3377//3543 3441//3539 
f 3380//3545 3381//3546 3444//3547 
f 3380//3545 3445//3548 3443//3542 
f 3443//3542 3379//3544 3380//3545 
f 3382//3549 3383//3550 3446//3551 
f 3382//3549 3447//3552 3444//3547 
f 3444//3547 3381//3546 3382//3549 
f 3448//3551 3446//3551 3383//3550 
f 3383//3550 3449//3553 3448//3551 
f 3446//3551 3447//3552 3382//3549 
f 3444//3547 3445//3548 3380//3545 
f 3438//3533 3439//3534 3373//3531 
f 3371//3530 3372//3535 3437//3529 
f 3427//3512 3424//3508 3423//3507 
f 3422//3506 3425//3509 3420//3504 
f 3387//3471 3390//3474 3385//3470 
o mesh225
f 2113//3554 2112//3555 3384//3556 
f 2111//3557 2110//3558 3422//3559 
f 3423//3560 3422//3559 2110//3558 
f 2110//3558 2113//3554 3423//3560 
f 2109//3561 2108//3562 3419//3563 
f 3421//3564 3419//3563 2108//3562 
f 2108//3562 2111//3557 3421//3564 
f 2107//3565 2106//3566 3415//3567 
f 3417//3568 3415//3567 2106//3566 
f 2106//3566 2109//3561 3417//3568 
f 2103//3569 2102//3570 3411//3571 
f 3414//3572 3411//3571 2102//3570 
f 2102//3570 2107//3565 3414//3572 
f 2103//3569 3408//3573 3407//3574 
f 2127//3575 2105//3576 3405//3577 
f 3404//3578 2207//3579 2127//3575 
f 3405//3577 3404//3578 2127//3575 
f 3407//3574 3405//3577 2105//3576 
f 2105//3576 2104//3580 3407//3574 
f 2208//3581 2207//3579 3401//3582 
f 2200//3583 2199//3584 3397//3585 
f 3399//3586 3397//3585 2199//3584 
f 2199//3584 2208//3581 3399//3586 
f 3391//3587 2197//3588 2196//3589 
f 2200//3583 3395//3590 3393//3591 
f 3393//3591 2196//3589 2200//3583 
f 2209//3592 2198//3593 3388//3594 
f 3391//3587 3388//3594 2198//3593 
f 2198//3593 2197//3588 3391//3587 
f 3388//3594 3387//3595 2209//3592 
f 2196//3589 3393//3591 3391//3587 
f 3397//3585 3395//3590 2200//3583 
f 3401//3582 3399//3586 2208//3581 
f 3404//3578 3401//3582 2207//3579 
f 3407//3574 2104//3580 2103//3569 
f 3411//3571 3408//3573 2103//3569 
f 3415//3567 3414//3572 2107//3565 
f 3419//3563 3417//3568 2109//3561 
f 3422//3559 3421//3564 2111//3557 
f 3384//3556 3423//3560 2113//3554 
o mesh226
f 3387//3596 3386//3596 2263//3596 
f 2263//3596 2209//3596 3387//3596 
o mesh227
f 2218//3597 2263//3597 3386//3597 
f 3386//3597 3385//3597 2218//3597 
o mesh228
f 3390//3598 2220//3598 2218//3598 
f 2218//3598 3385//3598 3390//3598 
o mesh229
f 2260//3599 2220//3600 3390//3601 
f 2258//3602 2261//3603 3392//3604 
f 3389//3605 3392//3604 2261//3603 
f 2261//3603 2260//3599 3389//3605 
f 2257//3606 2259//3607 3396//3608 
f 3394//3609 3396//3608 2259//3607 
f 2259//3607 2258//3602 3394//3609 
f 2257//3606 3398//3610 3400//3611 
f 2256//3612 2255//3613 3402//3614 
f 3403//3615 2253//3616 2256//3612 
f 3400//3611 3402//3614 2255//3613 
f 2255//3613 2254//3617 3400//3611 
f 2252//3618 2253//3616 3406//3619 
f 2253//3616 3403//3615 3406//3619 
f 2252//3618 3410//3620 3409//3621 
f 2251//3622 2250//3623 3412//3624 
f 3413//3625 2248//3626 2251//3622 
f 3409//3621 3412//3624 2250//3623 
f 2250//3623 2249//3627 3409//3621 
f 2248//3626 3413//3625 3416//3628 
f 3416//3628 2247//3629 2248//3626 
f 3425//3630 2243//3631 2246//3632 
f 2246//3632 3420//3633 3425//3630 
f 3418//3634 3420//3633 2245//3635 
f 2245//3635 2247//3629 3418//3634 
f 2241//3636 2244//3637 3424//3638 
f 3425//3630 3424//3638 2244//3637 
f 2244//3637 2243//3631 3425//3630 
f 2241//3636 3427//3639 3426//3640 
f 3426//3640 2239//3641 2241//3636 
f 3424//3638 3427//3639 2241//3636 
f 2246//3632 2245//3635 3420//3633 
f 3416//3628 3418//3634 2247//3629 
f 3412//3624 3413//3625 2251//3622 
f 3409//3621 2249//3627 2252//3618 
f 3406//3619 3410//3620 2252//3618 
f 3402//3614 3403//3615 2256//3612 
f 3400//3611 2254//3617 2257//3606 
f 3396//3608 3398//3610 2257//3606 
f 3392//3604 3394//3609 2258//3602 
f 3390//3601 3389//3605 2260//3599 
o mesh230
f 2242//3642 2240//3643 3428//3644 
f 3426//3645 3428//3644 2240//3643 
f 2240//3643 2239//3646 3426//3645 
f 2242//3642 3431//3647 3429//3648 
f 2238//3649 2237//3650 3432//3651 
f 3430//3652 3432//3651 2237//3650 
f 2237//3650 2236//3653 3430//3652 
f 3429//3648 3430//3652 2236//3653 
f 2236//3653 2235//3654 3429//3648 
f 2238//3649 3433//3655 3434//3656 
f 2231//3657 2234//3658 3435//3659 
f 3434//3656 3435//3659 2234//3658 
f 2234//3658 2233//3660 3434//3656 
f 2229//3661 2232//3662 3437//3663 
f 3436//3664 3437//3663 2232//3662 
f 2232//3662 2231//3657 3436//3664 
f 2227//3665 2230//3666 3438//3667 
f 3439//3668 3438//3667 2230//3666 
f 2230//3666 2229//3661 3439//3668 
f 2225//3669 2228//3670 3441//3671 
f 3440//3672 3441//3671 2228//3670 
f 2228//3670 2227//3665 3440//3672 
f 2223//3673 2226//3674 3443//3675 
f 3442//3676 3443//3675 2226//3674 
f 2226//3674 2225//3669 3442//3676 
f 3447//3677 2221//3678 2224//3679 
f 2223//3673 3445//3680 3444//3681 
f 3444//3681 2224//3679 2223//3673 
f 2221//3678 3447//3677 3446//3682 
f 3446//3682 2222//3683 2221//3678 
f 2224//3679 3444//3681 3447//3677 
f 3443//3675 3445//3680 2223//3673 
f 3441//3671 3442//3676 2225//3669 
f 3438//3667 3440//3672 2227//3665 
f 3437//3663 3439//3668 2229//3661 
f 3435//3659 3436//3664 2231//3657 
f 3434//3656 2233//3660 2238//3649 
f 3432//3651 3433//3655 2238//3649 
f 3429//3648 2235//3654 2242//3642 
f 3428//3644 3431//3647 2242//3642 
o mesh231
f 3446//3684 3448//3684 2219//3684 
f 2219//3684 2222//3684 3446//3684 
o mesh232
f 2219//3685 3448//3685 3449//3685 
f 3449//3685 2074//3685 2219//3685 
o mesh233
f 3449//3686 3383//3686 2072//3686 
f 2072//3686 2074//3686 3449//3686 
o mesh234
f 2038//3687 3450//3687 3451//3687 
f 3451//3687 2009//3687 2038//3687 
o mesh235
f 3452//3688 3453//3688 3454//3689 
f 3455//3690 3456//3691 3457//3692 
f 3455//3690 3458//3693 3456//3691 
f 3455//3690 3459//3694 3460//3695 
f 3460//3695 3461//3696 3455//3690 
f 3461//3696 3458//3693 3455//3690 
f 3462//3697 3463//3698 3464//3699 
f 3460//3695 3459//3694 3462//3697 
f 3463//3698 3465//3700 3466//3701 
f 3466//3701 3464//3699 3463//3698 
f 3464//3699 3460//3695 3462//3697 
f 3466//3701 3465//3700 3467//3702 
f 3467//3702 3468//3703 3469//3704 
f 3469//3704 3470//3705 3467//3702 
f 3469//3704 3468//3703 3471//3706 
f 3472//3707 3473//3708 3474//3709 
f 3474//3709 3471//3706 3472//3707 
f 3472//3707 3475//3710 3473//3708 
f 3471//3706 3474//3709 3469//3704 
f 3476//3711 3477//3712 3473//3708 
f 3478//3713 3479//3714 3480//3715 
f 3481//3716 3476//3711 3478//3713 
f 3480//3715 3481//3716 3478//3713 
f 3481//3716 3477//3712 3476//3711 
f 3482//3717 3483//3718 3484//3719 
f 3484//3719 3479//3714 3482//3717 
f 3483//3718 3482//3717 3485//3720 
f 3486//3721 3485//3720 3487//3722 
f 3487//3722 3488//3723 3486//3721 
f 3485//3720 3486//3721 3483//3718 
f 3489//3724 3488//3723 3490//3725 
f 3488//3723 3487//3722 3490//3725 
f 3491//3726 3492//3727 3493//3728 
f 3493//3728 3489//3724 3491//3726 
f 3490//3725 3491//3726 3489//3724 
f 3484//3719 3480//3715 3479//3714 
f 3473//3708 3475//3710 3476//3711 
f 3492//3727 3494//3729 3495//3730 
f 3495//3730 3494//3729 3496//3731 
f 3496//3731 3497//3732 3495//3730 
f 3454//3689 3498//3733 3499//3734 
f 3454//3689 3500//3735 3498//3733 
f 3499//3734 3496//3731 3454//3689 
f 3454//3689 3501//3736 3502//3737 
f 3502//3737 3500//3735 3454//3689 
f 3499//3734 3497//3732 3496//3731 
f 3495//3730 3493//3728 3492//3727 
f 3467//3702 3470//3705 3466//3701 
f 3453//3688 3503//3736 3501//3736 
f 3501//3736 3454//3689 3453//3688 
f 3450//3738 3504//3738 3505//3739 
f 3506//3740 3505//3739 3504//3738 
f 3504//3738 3507//3741 3506//3740 
f 3508//3742 3506//3740 3507//3741 
f 3507//3741 3509//3743 3508//3742 
f 3510//3744 3511//3745 3512//3746 
f 3508//3742 3509//3743 3510//3744 
f 3513//3747 3514//3748 3515//3749 
f 3512//3746 3511//3745 3513//3747 
f 3515//3749 3512//3746 3513//3747 
f 3512//3746 3508//3742 3510//3744 
f 3516//3750 3515//3749 3514//3748 
f 3517//3751 3518//3752 3519//3753 
f 3519//3753 3516//3750 3517//3751 
f 3519//3753 3520//3754 3521//3755 
f 3519//3753 3518//3752 3520//3754 
f 3521//3755 3522//3756 3523//3757 
f 3523//3757 3524//3758 3521//3755 
f 3521//3755 3524//3758 3519//3753 
f 3523//3757 3522//3756 3525//3759 
f 3526//3760 3527//3761 3528//3762 
f 3529//3763 3525//3759 3526//3760 
f 3528//3762 3529//3763 3526//3760 
f 3530//3764 3531//3765 3528//3762 
f 3530//3764 3532//3766 3533//3767 
f 3533//3767 3534//3768 3530//3764 
f 3534//3768 3531//3765 3530//3764 
f 3535//3769 3536//3770 3537//3771 
f 3537//3771 3538//3772 3535//3769 
f 3533//3767 3532//3766 3535//3769 
f 3536//3770 3539//3773 3540//3774 
f 3540//3774 3537//3771 3536//3770 
f 3540//3774 3541//3775 3542//3776 
f 3540//3774 3539//3773 3541//3775 
f 3542//3776 3543//3777 3544//3778 
f 3544//3778 3545//3779 3542//3776 
f 3542//3776 3545//3779 3540//3774 
f 3538//3772 3533//3767 3535//3769 
f 3528//3762 3527//3761 3530//3764 
f 3525//3759 3529//3763 3523//3757 
f 3514//3748 3517//3751 3516//3750 
f 3544//3778 3543//3777 3546//3780 
f 3547//3781 3548//3782 3549//3783 
f 3549//3783 3546//3780 3547//3781 
f 3550//3784 3455//3690 3551//3785 
f 3551//3785 3552//3786 3550//3784 
f 3548//3782 3547//3781 3550//3784 
f 3455//3690 3553//3787 3551//3785 
f 3455//3690 3554//3788 3553//3787 
f 3552//3786 3548//3782 3550//3784 
f 3546//3780 3549//3783 3544//3778 
f 3555//3789 3556//3790 3554//3788 
f 3555//3789 3557//3790 3556//3790 
f 3554//3788 3455//3690 3555//3789 
f 3505//3739 3451//3791 3450//3738 
f 3457//3692 3555//3789 3455//3690 
f 3454//3689 3558//3792 3452//3688 
o mesh236
f 2043//3793 3504//3793 3450//3793 
f 3450//3793 2038//3793 2043//3793 
o mesh237
f 3504//3794 2043//3795 2042//3796 
f 2042//3796 3507//3797 3504//3794 
f 2041//3798 2040//3799 3509//3800 
f 2040//3799 3510//3801 3509//3800 
f 3511//3802 3510//3801 2039//3803 
f 2039//3803 2044//3804 3511//3802 
f 3510//3801 2040//3799 2039//3803 
f 2047//3805 3513//3806 3511//3802 
f 2046//3807 3514//3808 3513//3806 
f 3514//3808 2046//3807 2045//3809 
f 2049//3810 3518//3811 3517//3812 
f 3517//3812 2045//3809 2049//3810 
f 2048//3813 2051//3814 3520//3815 
f 3518//3811 2049//3810 2048//3813 
f 2051//3814 3521//3816 3520//3815 
f 3522//3817 3521//3816 2050//3818 
f 3521//3816 2051//3814 2050//3818 
f 2053//3819 3525//3820 3522//3817 
f 3526//3821 3525//3820 2052//3822 
f 3525//3820 2053//3819 2052//3822 
f 3527//3823 2055//3824 2054//3825 
f 2054//3825 3530//3826 3527//3823 
f 2054//3825 2057//3827 3530//3826 
f 2057//3827 2056//3828 3532//3829 
f 3535//3830 3532//3829 2056//3828 
f 2056//3828 2060//3831 3535//3830 
f 2060//3831 2059//3832 3536//3833 
f 3536//3833 3535//3830 2060//3831 
f 3532//3829 3530//3826 2057//3827 
f 3527//3823 3526//3821 2055//3824 
f 2052//3822 2055//3824 3526//3821 
f 2050//3818 2053//3819 3522//3817 
f 3520//3815 3518//3811 2048//3813 
f 2045//3809 3517//3812 3514//3808 
f 3513//3806 2047//3805 2046//3807 
f 2044//3804 2047//3805 3511//3802 
f 3509//3800 3507//3797 2041//3798 
f 2042//3796 2041//3798 3507//3797 
o mesh238
f 3536//3834 2059//3835 2069//3836 
f 2069//3836 3539//3837 3536//3834 
f 2064//3838 3541//3839 3539//3837 
f 3541//3839 2064//3838 2063//3840 
f 2063//3840 3542//3841 3541//3839 
f 3542//3841 2066//3842 2065//3843 
f 2068//3844 3546//3845 3543//3846 
f 3543//3846 2065//3843 2068//3844 
f 3546//3845 2068//3844 2067//3847 
f 2075//3848 3550//3849 3547//3850 
f 3547//3850 2067//3847 2075//3848 
f 2075//3848 2078//3851 3455//3852 
f 3455//3852 3550//3849 2075//3848 
f 2067//3847 3547//3850 3546//3845 
f 2065//3843 3543//3846 3542//3841 
f 2063//3840 2066//3842 3542//3841 
f 2069//3836 2064//3838 3539//3837 
o mesh239
f 2077//3853 3459//3854 3455//3855 
f 3459//3854 2077//3853 2076//3856 
f 2080//3857 3463//3858 3462//3859 
f 3462//3859 2076//3856 2080//3857 
f 3463//3858 2080//3857 2079//3860 
f 2081//3861 3467//3862 3465//3863 
f 3465//3863 2079//3860 2081//3861 
f 3468//3864 3467//3862 2082//3865 
f 3467//3862 2081//3861 2082//3865 
f 2084//3866 3471//3867 3468//3864 
f 3472//3868 3471//3867 2083//3869 
f 3471//3867 2084//3866 2083//3869 
f 3476//3870 3475//3871 2085//3872 
f 3475//3871 2086//3873 2085//3872 
f 2085//3872 2088//3874 3476//3870 
f 2088//3874 2087//3875 3478//3876 
f 3479//3877 3478//3876 2087//3875 
f 2087//3875 2090//3878 3479//3877 
f 2090//3878 2089//3879 3482//3880 
f 3482//3880 3479//3877 2090//3878 
f 3478//3876 3476//3870 2088//3874 
f 3475//3871 3472//3868 2086//3873 
f 2083//3869 2086//3873 3472//3868 
f 2082//3865 2084//3866 3468//3864 
f 2079//3860 3465//3863 3463//3858 
f 2076//3856 3462//3859 3459//3854 
f 3455//3855 2078//3881 2077//3853 
o mesh240
f 3482//3882 2089//3883 2093//3884 
f 2093//3884 3485//3885 3482//3882 
f 2092//3886 3487//3887 3485//3885 
f 3487//3887 2092//3886 2091//3888 
f 2091//3888 3490//3889 3487//3887 
f 2094//3890 3492//3891 3491//3892 
f 3491//3892 2095//3893 2094//3890 
f 2096//3894 2098//3895 3494//3896 
f 3492//3891 2094//3890 2096//3894 
f 2098//3895 3496//3897 3494//3896 
f 3454//3898 3496//3897 2099//3899 
f 3496//3897 2098//3895 2099//3899 
f 2099//3899 2100//3900 3454//3898 
f 3494//3896 3492//3891 2096//3894 
f 3491//3892 3490//3889 2095//3893 
f 2091//3888 2095//3893 3490//3889 
f 2093//3884 2092//3886 3485//3885 
o mesh241
f 2100//3901 2097//3901 3558//3901 
f 3558//3901 3454//3901 2100//3901 
o mesh242
f 2101//3902 3452//3902 3558//3902 
f 3558//3902 2097//3902 2101//3902 
o mesh243
f 2101//3903 1977//3903 3453//3903 
f 3453//3903 3452//3903 2101//3903 
o mesh244
f 1977//3904 1976//3904 3503//3904 
f 3503//3904 3453//3904 1977//3904 
o mesh245
f 1976//3905 2008//3905 3501//3905 
f 3501//3905 3503//3905 1976//3905 
o mesh246
f 3501//3906 2008//3907 1990//3908 
f 1984//3909 3498//3910 3500//3911 
f 3500//3911 1990//3908 1984//3909 
f 3499//3912 3498//3910 1979//3913 
f 3498//3910 1984//3909 1979//3913 
f 3497//3914 1978//3915 1981//3916 
f 1981//3916 3495//3917 3497//3914 
f 1981//3916 1980//3918 3495//3917 
f 1980//3918 1983//3919 3493//3920 
f 1982//3921 3489//3922 3493//3920 
f 3493//3920 1983//3919 1982//3921 
f 1982//3921 1986//3923 3488//3924 
f 3488//3924 3489//3922 1982//3921 
f 3493//3920 3495//3917 1980//3918 
f 3497//3914 3499//3912 1978//3915 
f 1979//3913 1978//3915 3499//3912 
f 3500//3911 3502//3925 1990//3908 
f 1990//3908 3502//3925 3501//3906 
o mesh247
f 3488//3926 1986//3927 1985//3928 
f 1985//3928 1988//3929 3483//3930 
f 3484//3931 3483//3930 1988//3929 
f 1988//3929 1987//3932 3484//3931 
f 1987//3932 1989//3933 3480//3934 
f 1989//3933 3481//3935 3480//3934 
f 3477//3936 3481//3935 1992//3937 
f 3481//3935 1989//3933 1992//3937 
f 3473//3938 1991//3939 1994//3940 
f 1994//3940 3474//3941 3473//3938 
f 1994//3940 1993//3942 3474//3941 
f 1996//3943 3470//3944 3469//3945 
f 3469//3945 1993//3942 1996//3943 
f 1996//3943 1995//3946 3470//3944 
f 1995//3946 1998//3947 3466//3948 
f 3464//3949 3466//3948 1998//3947 
f 1998//3947 1997//3950 3464//3949 
f 1997//3950 2000//3951 3460//3952 
f 3460//3952 3464//3949 1997//3950 
f 3466//3948 3470//3944 1995//3946 
f 3469//3945 3474//3941 1993//3942 
f 3473//3938 3477//3936 1991//3939 
f 1992//3937 1991//3939 3477//3936 
f 3480//3934 3484//3931 1987//3932 
f 3483//3930 3486//3953 1985//3928 
f 1985//3928 3486//3953 3488//3926 
o mesh248
f 3460//3954 2000//3955 1999//3956 
f 1999//3956 3461//3957 3460//3954 
f 2002//3958 3458//3959 3461//3957 
f 3456//3960 3458//3959 2004//3961 
f 3458//3959 2002//3958 2004//3961 
f 3457//3962 3456//3960 2003//3963 
f 2003//3963 2006//3964 3457//3962 
f 2004//3961 2003//3963 3456//3960 
f 3461//3957 2001//3965 2002//3958 
f 1999//3956 2001//3965 3461//3957 
o mesh249
f 2006//3966 2005//3966 3555//3966 
f 3555//3966 3457//3966 2006//3966 
o mesh250
f 2007//3967 3557//3967 3555//3967 
f 3555//3967 2005//3967 2007//3967 
o mesh251
f 2011//3968 3556//3968 3557//3968 
f 3557//3968 2007//3968 2011//3968 
o mesh252
f 2011//3969 2037//3970 3554//3971 
f 3554//3971 3556//3972 2011//3969 
o mesh253
f 2037//3973 2018//3974 3553//3975 
f 2018//3974 3551//3976 3553//3975 
f 3551//3976 2018//3974 2013//3977 
f 2013//3977 3552//3978 3551//3976 
f 2015//3979 3549//3980 3548//3981 
f 3548//3981 2012//3982 2015//3979 
f 2015//3979 2014//3983 3549//3980 
f 2014//3983 2017//3984 3544//3985 
f 3545//3986 3544//3985 2017//3984 
f 2017//3984 2016//3987 3545//3986 
f 2016//3987 2020//3988 3540//3989 
f 3540//3989 3545//3986 2016//3987 
f 3544//3985 3549//3980 2014//3983 
f 3548//3981 3552//3978 2012//3982 
f 2013//3977 2012//3982 3552//3978 
f 3553//3975 3554//3990 2037//3973 
o mesh254
f 3540//3991 2020//3992 2019//3993 
f 2021//3994 3538//3995 3537//3996 
f 3537//3996 2019//3993 2021//3994 
f 2021//3994 2023//3997 3533//3998 
f 3534//3999 3533//3998 2023//3997 
f 2023//3997 2022//4000 3534//3999 
f 2026//4001 3531//4002 3534//3999 
f 3531//4002 2026//4001 2025//4003 
f 2024//4004 3529//4005 3528//4006 
f 3528//4006 2025//4003 2024//4004 
f 2024//4004 2028//4007 3523//4008 
f 3524//4009 3523//4008 2028//4007 
f 2028//4007 2027//4010 3524//4009 
f 2027//4010 2030//4011 3519//4012 
f 3516//4013 3519//4012 2030//4011 
f 2030//4011 2029//4014 3516//4013 
f 2029//4014 2032//4015 3515//4016 
f 3515//4016 3516//4013 2029//4014 
f 3519//4012 3524//4009 2027//4010 
f 3523//4008 3529//4005 2024//4004 
f 2025//4003 3528//4006 3531//4002 
f 3534//3999 2022//4000 2026//4001 
f 3533//3998 3538//3995 2021//3994 
f 2019//3993 3537//3996 3540//3991 
o mesh255
f 3515//4017 2032//4018 2031//4019 
f 2031//4019 3512//4020 3515//4017 
f 2034//4021 3508//4022 3512//4020 
f 3506//4023 3508//4022 2036//4024 
f 3508//4022 2034//4021 2036//4024 
f 3505//4025 3506//4023 2035//4026 
f 2035//4026 2010//4027 3505//4025 
f 2036//4024 2035//4026 3506//4023 
f 3512//4020 2033//4028 2034//4021 
f 2031//4019 2033//4028 3512//4020 
o mesh256
f 2010//4029 2009//4029 3451//4029 
f 3451//4029 3505//4029 2010//4029 
o mesh257
f 3559//4030 3560//4031 2159//4032 
f 3560//4031 2154//4033 2159//4032 
f 2158//4034 2157//4035 3561//4036 
f 2157//4035 3562//4037 3561//4036 
f 2156//4038 2161//4039 3563//4040 
f 3562//4037 2157//4035 2156//4038 
f 2161//4039 3564//4041 3563//4040 
f 3565//4042 3564//4041 2160//4043 
f 3564//4041 2161//4039 2160//4043 
f 3566//4044 3567//4045 2162//4046 
f 3567//4045 2163//4047 2162//4046 
f 2162//4046 2165//4048 3566//4044 
f 3566//4044 2165//4048 2164//4049 
f 2167//4050 3568//4051 3569//4052 
f 3569//4052 2164//4049 2167//4050 
f 3568//4051 2167//4050 2166//4053 
f 2166//4053 3570//4054 3568//4051 
f 2169//4055 3571//4056 3570//4054 
f 2169//4055 2168//4057 3572//4058 
f 3572//4058 2168//4057 2170//4059 
f 2172//4060 3573//4061 3574//4062 
f 3574//4062 2170//4059 2172//4060 
f 3573//4061 2172//4060 2171//4063 
f 3575//4064 3576//4065 2173//4066 
f 3576//4065 2171//4063 2173//4066 
f 2173//4066 2175//4067 3575//4064 
f 2174//4068 3577//4069 3575//4064 
f 3575//4064 2175//4067 2174//4068 
f 2171//4063 3576//4065 3573//4061 
f 2170//4059 3574//4062 3572//4058 
f 3572//4058 3571//4056 2169//4055 
f 2166//4053 2169//4055 3570//4054 
f 2164//4049 3569//4052 3566//4044 
f 3567//4045 3565//4042 2163//4047 
f 2160//4043 2163//4047 3565//4042 
f 3563//4040 3562//4037 2156//4038 
f 3561//4036 3559//4030 2158//4034 
f 2159//4032 2158//4034 3559//4030 
o mesh258
f 2174//4070 2178//4071 3578//4072 
f 2178//4071 3579//4073 3578//4072 
f 2178//4071 2177//4074 3580//4075 
f 2177//4074 2176//4076 3581//4077 
f 3581//4077 2176//4076 2182//4078 
f 2182//4078 3582//4079 3581//4077 
f 2182//4078 2181//4080 3582//4079 
f 2180//4081 3583//4082 3584//4083 
f 3584//4083 2181//4080 2180//4081 
f 3585//4084 3583//4082 2179//4085 
f 3583//4082 2180//4081 2179//4085 
f 3586//4086 3585//4084 2186//4087 
f 2186//4087 2185//4088 3586//4086 
f 3586//4086 2185//4088 2184//4089 
f 2184//4089 2183//4090 3587//4091 
f 3588//4092 3587//4091 2183//4090 
f 2183//4090 2188//4093 3588//4092 
f 3588//4092 2188//4093 2187//4094 
f 2187//4094 3589//4095 3588//4092 
f 2190//4096 3590//4097 3591//4098 
f 3591//4098 2191//4099 2190//4096 
f 3592//4100 3590//4097 2189//4101 
f 3590//4097 2190//4096 2189//4101 
f 3593//4102 3592//4100 2192//4103 
f 2192//4103 2194//4104 3593//4102 
f 2194//4104 2193//4105 3594//4106 
f 3595//4107 3594//4106 2193//4105 
f 2193//4105 2201//4108 3595//4107 
f 2201//4108 2202//4109 3596//4110 
f 3596//4110 3595//4107 2201//4108 
f 3594//4106 3593//4102 2194//4104 
f 2189//4101 2192//4103 3592//4100 
f 3591//4098 3589//4095 2191//4099 
f 2187//4094 2191//4099 3589//4095 
f 3587//4091 3597//4111 2184//4089 
f 2184//4089 3597//4111 3586//4086 
f 2179//4085 2186//4087 3585//4084 
f 3584//4083 3582//4079 2181//4080 
f 3581//4077 3580//4075 2177//4074 
f 3580//4075 3579//4073 2178//4071 
f 3578//4072 3577//4112 2174//4070 
o mesh259
f 3596//4113 2202//4114 2206//4115 
f 2206//4115 3598//4116 3596//4113 
f 2135//4117 2134//4118 3599//4119 
f 2134//4118 3600//4120 3599//4119 
f 3601//4121 3600//4120 2136//4122 
f 3600//4120 2134//4118 2136//4122 
f 3602//4123 3603//4124 2137//4125 
f 3603//4124 2138//4126 2137//4125 
f 2137//4125 2140//4127 3602//4123 
f 2140//4127 2139//4128 3604//4129 
f 3605//4130 3604//4129 2139//4128 
f 2139//4128 2142//4131 3605//4130 
f 3605//4130 2142//4131 2141//4132 
f 2144//4133 3606//4134 3607//4135 
f 3607//4135 2141//4132 2144//4133 
f 3606//4134 2144//4133 2143//4136 
f 2143//4136 3608//4137 3606//4134 
f 2146//4138 3609//4139 3610//4140 
f 3610//4140 2147//4141 2146//4138 
f 3609//4139 2146//4138 2145//4142 
f 2148//4143 3611//4144 3612//4145 
f 3612//4145 2145//4142 2148//4143 
f 3611//4144 2148//4143 2149//4146 
f 2149//4146 3613//4147 3611//4144 
f 3614//4148 3613//4147 2150//4149 
f 2150//4149 2151//4150 3614//4148 
f 2131//4151 3615//4152 3614//4148 
f 3614//4148 2151//4150 2131//4151 
f 2149//4146 2150//4149 3613//4147 
f 2145//4142 3612//4145 3609//4139 
f 3610//4140 3608//4137 2147//4141 
f 2143//4136 2147//4141 3608//4137 
f 2141//4132 3607//4135 3605//4130 
f 3604//4129 3602//4123 2140//4127 
f 3603//4124 3601//4121 2138//4126 
f 2136//4122 2138//4126 3601//4121 
f 3599//4119 3598//4116 2135//4117 
f 2206//4115 2135//4117 3598//4116 
o mesh260
f 2266//4153 3616//4154 3617//4155 
f 3617//4155 2131//4156 2266//4153 
f 2266//4153 2265//4157 3618//4158 
f 2265//4157 3619//4159 3618//4158 
f 3619//4159 2267//4160 2270//4161 
f 2270//4161 3620//4162 3619//4159 
f 3619//4159 2265//4157 2267//4160 
f 2268//4163 3621//4164 3622//4165 
f 3622//4165 2269//4166 2268//4163 
f 2268//4163 2272//4167 3621//4164 
f 2272//4167 2271//4168 3623//4169 
f 3624//4170 3623//4169 2271//4168 
f 2271//4168 2274//4171 3624//4170 
f 3624//4170 2274//4171 2273//4172 
f 2273//4172 2276//4173 3625//4174 
f 2276//4173 3626//4175 3625//4174 
f 3627//4176 3626//4175 2275//4177 
f 2275//4177 2214//4178 3627//4176 
f 3626//4175 2276//4173 2275//4177 
f 2211//4179 3628//4180 3629//4181 
f 3629//4181 2212//4182 2211//4179 
f 3628//4180 2211//4179 2213//4183 
f 2215//4184 3630//4185 3631//4186 
f 3631//4186 2213//4183 2215//4184 
f 2215//4184 2152//4187 3632//4188 
f 3633//4189 3632//4188 2152//4187 
f 2152//4187 2155//4190 3633//4189 
f 2155//4190 2154//4191 3560//4192 
f 3560//4192 3633//4189 2155//4190 
f 3632//4188 3630//4185 2215//4184 
f 2213//4183 3631//4186 3628//4180 
f 3629//4181 3627//4176 2212//4182 
f 2214//4178 2212//4182 3627//4176 
f 3625//4174 3634//4193 2273//4172 
f 2273//4172 3634//4193 3624//4170 
f 3623//4169 3621//4164 2272//4167 
f 3622//4165 3620//4162 2269//4166 
f 2270//4161 2269//4166 3620//4162 
f 3618//4158 3616//4154 2266//4153 
f 3617//4155 3615//4194 2131//4156 
o mesh261
f 3635//4195 2325//4196 2324//4197 
f 2324//4197 3636//4198 3635//4195 
f 2327//4199 3637//4200 3636//4198 
f 3637//4200 2327//4199 2326//4201 
f 2326//4201 3638//4202 3637//4200 
f 3639//4203 3638//4202 2210//4204 
f 3638//4202 2329//4205 2210//4204 
f 2210//4204 2153//4206 3639//4203 
f 2326//4201 2329//4205 3638//4202 
f 3636//4198 2328//4207 2327//4199 
f 2324//4197 2328//4207 3636//4198 
o mesh262
f 3640//4208 3641//4209 3642//4210 
f 3642//4210 3643//4211 3640//4208 
f 3643//4211 3644//4212 3645//4213 
f 3645//4213 3640//4208 3643//4211 
f 3646//4214 3647//4215 3648//4216 
f 3649//4217 3648//4216 3647//4215 
f 3645//4213 3644//4212 3649//4217 
f 3647//4215 3645//4213 3649//4217 
f 3648//4216 3650//4218 3646//4214 
f 3651//4219 3652//4220 3653//4221 
f 3653//4221 3654//4222 3651//4219 
f 3646//4214 3650//4218 3651//4219 
f 3652//4220 3655//4223 3653//4221 
f 3656//4224 3655//4223 3657//4225 
f 3658//4226 3659//4227 3660//4228 
f 3660//4228 3656//4224 3658//4226 
f 3655//4223 3652//4220 3657//4225 
f 3657//4225 3658//4226 3656//4224 
f 3659//4227 3661//4229 3662//4230 
f 3663//4231 3662//4230 3661//4229 
f 3661//4229 3664//4232 3663//4231 
f 3665//4233 3666//4234 3663//4231 
f 3667//4235 3666//4234 3665//4233 
f 3665//4233 3668//4236 3667//4235 
f 3663//4231 3664//4232 3665//4233 
f 3669//4237 3670//4238 3671//4239 
f 3668//4236 3669//4237 3672//4240 
f 3669//4237 3673//4241 3672//4240 
f 3672//4240 3667//4235 3668//4236 
f 3671//4239 3673//4241 3669//4237 
f 3674//4242 3675//4243 3676//4244 
f 3676//4244 3677//4245 3674//4242 
f 3671//4239 3670//4238 3677//4245 
f 3678//4246 3675//4243 3674//4242 
f 3679//4247 3680//4248 3678//4246 
f 3678//4246 3681//4249 3679//4247 
f 3679//4247 3682//4250 3680//4248 
f 3674//4242 3681//4249 3678//4246 
f 3683//4251 3682//4250 3684//4252 
f 3684//4252 3685//4253 3683//4251 
f 3686//4254 3687//4255 3685//4253 
f 3685//4253 3684//4252 3686//4254 
f 3688//4256 3689//4257 3690//4258 
f 3690//4258 3691//4259 3688//4256 
f 3687//4255 3686//4254 3691//4259 
f 3689//4257 3692//4260 3693//4261 
f 3689//4257 3688//4256 3692//4260 
f 3693//4261 3694//4262 3689//4257 
f 3695//4263 3696//4264 3697//4265 
f 3697//4265 3694//4262 3695//4263 
f 3693//4261 3695//4263 3694//4262 
f 3690//4258 3687//4255 3691//4259 
f 3683//4251 3680//4248 3682//4250 
f 3676//4244 3671//4239 3677//4245 
f 3696//4264 3698//4266 3699//4267 
f 3699//4267 3698//4266 3700//4268 
f 3700//4268 3701//4269 3699//4267 
f 3702//4270 3703//4271 3704//4272 
f 3705//4273 3706//4274 3707//4275 
f 3707//4275 3702//4270 3705//4273 
f 3704//4272 3703//4271 3701//4269 
f 3701//4269 3700//4268 3704//4272 
f 3708//4276 3709//4277 3707//4275 
f 3708//4276 3710//4278 3709//4277 
f 3711//4279 3712//4280 3710//4278 
f 3712//4280 3711//4279 3713//4281 
f 3713//4281 3714//4282 3712//4280 
f 3710//4278 3708//4276 3711//4279 
f 3707//4275 3706//4274 3708//4276 
f 3704//4272 3705//4273 3702//4270 
f 3699//4267 3697//4265 3696//4264 
f 3715//4283 3716//4284 3717//4285 
f 3718//4286 3719//4287 3715//4283 
f 3719//4287 3718//4286 3714//4282 
f 3714//4282 3713//4281 3719//4287 
f 3716//4284 3720//4288 3721//4289 
f 3720//4288 3722//4290 3721//4289 
f 3721//4289 3723//4291 3716//4284 
f 3723//4291 3717//4285 3716//4284 
f 3722//4290 3720//4288 3724//4292 
f 3635//4293 3725//4294 3726//4295 
f 3726//4295 3724//4292 3635//4293 
f 3635//4293 3727//4296 3725//4294 
f 3728//4297 3727//4296 3636//4298 
f 3727//4296 3635//4293 3636//4298 
f 3637//4299 3729//4300 3728//4297 
f 3636//4298 3637//4299 3728//4297 
f 3638//4301 3730//4302 3729//4300 
f 3638//4301 3731//4303 3732//4304 
f 3638//4301 3733//4305 3731//4303 
f 3639//4306 3734//4307 3733//4305 
f 3733//4305 3638//4301 3639//4306 
f 3732//4304 3730//4302 3638//4301 
f 3639//4306 3735//4306 3736//4308 
f 3736//4308 3734//4307 3639//4306 
f 3729//4300 3637//4299 3638//4301 
f 3724//4292 3726//4295 3722//4290 
f 3717//4285 3718//4286 3715//4283 
f 3662//4230 3660//4228 3659//4227 
f 3654//4222 3646//4214 3651//4219 
f 3641//4209 3737//4309 3642//4210 
o mesh263
f 2153//4310 2216//4310 3735//4310 
f 3735//4310 3639//4310 2153//4310 
o mesh264
f 2216//4311 2278//4311 3736//4311 
f 3736//4311 3735//4311 2216//4311 
o mesh265
f 2278//4312 2277//4313 3734//4314 
f 3734//4314 3736//4315 2278//4312 
o mesh266
f 3734//4316 2277//4317 1922//4318 
f 1918//4319 3731//4320 3733//4321 
f 3733//4321 1922//4318 1918//4319 
f 3732//4322 3731//4320 1918//4319 
f 1929//4323 1928//4324 3729//4325 
f 3730//4326 1926//4327 1929//4323 
f 3729//4325 3730//4326 1929//4323 
f 3728//4328 3729//4325 1928//4324 
f 1928//4324 1927//4329 3728//4328 
f 1927//4329 1932//4330 3727//4331 
f 3727//4331 3728//4328 1927//4329 
f 3730//4326 3732//4322 1926//4327 
f 1918//4319 1926//4327 3732//4322 
f 1922//4318 3733//4321 3734//4316 
o mesh267
f 1931//4332 3726//4333 3725//4334 
f 3725//4334 1932//4335 1931//4332 
f 3726//4333 1931//4332 1935//4336 
f 1934//4337 3721//4338 3722//4339 
f 3722//4339 1935//4336 1934//4337 
f 3721//4338 1934//4337 1937//4340 
f 1937//4340 3723//4341 3721//4338 
f 1939//4342 3718//4343 3717//4344 
f 3717//4344 1936//4345 1939//4342 
f 1939//4342 1938//4346 3718//4343 
f 1941//4347 3712//4348 3714//4349 
f 3714//4349 1938//4346 1941//4347 
f 1941//4347 1940//4350 3712//4348 
f 1940//4350 1944//4351 3710//4352 
f 1944//4351 3709//4353 3710//4352 
f 3707//4354 3709//4353 1943//4355 
f 3709//4353 1944//4351 1943//4355 
f 1942//4356 3702//4357 3707//4354 
f 3703//4358 3702//4357 1946//4359 
f 3702//4357 1942//4356 1946//4359 
f 1945//4360 1948//4361 3701//4362 
f 3699//4363 3701//4362 1948//4361 
f 1948//4361 1947//4364 3699//4363 
f 1947//4364 1950//4365 3697//4366 
f 3694//4367 3697//4366 1950//4365 
f 1950//4365 1949//4368 3694//4367 
f 1959//4369 3689//4370 3694//4367 
f 3694//4367 1949//4368 1959//4369 
f 3697//4366 3699//4363 1947//4364 
f 3701//4362 3703//4358 1945//4360 
f 1946//4359 1945//4360 3703//4358 
f 1943//4355 1942//4356 3707//4354 
f 3710//4352 3712//4348 1940//4350 
f 3714//4349 3718//4343 1938//4346 
f 3717//4344 3723//4341 1936//4345 
f 1937//4340 1936//4345 3723//4341 
f 1935//4336 3722//4339 3726//4333 
f 3725//4334 3727//4371 1932//4335 
o mesh268
f 3689//4372 1959//4373 1951//4374 
f 1951//4374 1954//4375 3687//4376 
f 3685//4377 3687//4376 1954//4375 
f 1954//4375 1953//4378 3685//4377 
f 3685//4377 1953//4378 1955//4379 
f 1955//4379 3683//4380 3685//4377 
f 1958//4381 3678//4382 3680//4383 
f 3680//4383 1952//4384 1958//4381 
f 3678//4382 1958//4381 1957//4385 
f 1956//4386 3676//4387 3675//4388 
f 3675//4388 1957//4385 1956//4386 
f 1956//4386 1933//4389 3676//4387 
f 1933//4389 1961//4390 3671//4391 
f 1961//4390 3673//4392 3671//4391 
f 3672//4393 3673//4392 1960//4394 
f 3673//4392 1961//4390 1960//4394 
f 1930//4395 1963//4396 3667//4397 
f 1962//4398 3666//4399 3667//4397 
f 3667//4397 1963//4396 1962//4398 
f 1962//4398 1965//4400 3663//4401 
f 3662//4402 3663//4401 1965//4400 
f 1965//4400 1964//4403 3662//4402 
f 1964//4403 1967//4404 3660//4405 
f 3656//4406 3660//4405 1967//4404 
f 1967//4404 1966//4407 3656//4406 
f 1966//4407 1925//4408 3655//4409 
f 3655//4409 3656//4406 1966//4407 
f 3660//4405 3662//4402 1964//4403 
f 3663//4401 3666//4399 1962//4398 
f 3667//4397 3672//4393 1930//4395 
f 1960//4394 1930//4395 3672//4393 
f 3671//4391 3676//4387 1933//4389 
f 1957//4385 3675//4388 3678//4382 
f 3680//4383 3683//4380 1952//4384 
f 1955//4379 1952//4384 3683//4380 
f 3687//4376 3690//4410 1951//4374 
f 1951//4374 3690//4410 3689//4372 
o mesh269
f 3641//4411 3640//4412 2129//4413 
f 3640//4412 2130//4414 2129//4413 
f 3647//4415 1924//4416 1923//4417 
f 3647//4415 1921//4418 1924//4416 
f 2130//4414 3640//4412 3645//4419 
f 3645//4419 1923//4417 2130//4414 
f 1921//4418 3647//4415 3646//4420 
f 3646//4420 1919//4421 1921//4418 
f 1920//4422 3654//4423 3653//4424 
f 3653//4424 1925//4425 1920//4422 
f 1920//4422 1919//4421 3654//4423 
f 3653//4424 3655//4426 1925//4425 
f 3646//4420 3654//4423 1919//4421 
f 1923//4417 3645//4419 3647//4415 
f 2129//4413 2128//4427 3641//4411 
o mesh270
f 2128//4428 2132//4428 3737//4428 
f 3737//4428 3641//4428 2128//4428 
o mesh271
f 3737//4429 2132//4429 2133//4429 
f 2133//4429 3642//4429 3737//4429 
o mesh272
f 2133//4430 2203//4431 3643//4432 
f 2203//4431 3644//4433 3643//4432 
f 3649//4434 3644//4433 2203//4431 
f 3649//4434 2205//4435 2204//4436 
f 2204//4436 3648//4437 3649//4434 
f 2204//4436 2195//4438 3648//4437 
f 2282//4439 3651//4440 3650//4441 
f 3650//4441 2283//4442 2282//4439 
f 2282//4439 2285//4443 3651//4440 
f 2285//4443 2284//4444 3652//4445 
f 3652//4445 3651//4440 2285//4443 
f 3650//4441 3648//4437 2283//4442 
f 2195//4438 2283//4442 3648//4437 
f 2203//4431 2205//4435 3649//4434 
f 3643//4432 3642//4446 2133//4430 
o mesh273
f 3652//4447 2284//4448 2289//4449 
f 2289//4449 3657//4450 3652//4447 
f 2287//4451 2286//4452 3658//4453 
f 2286//4452 3659//4454 3658//4453 
f 3661//4455 3659//4454 2288//4456 
f 3659//4454 2286//4452 2288//4456 
f 3665//4457 3664//4458 2290//4459 
f 3664//4458 2291//4460 2290//4459 
f 2290//4459 2293//4461 3665//4457 
f 2293//4461 2292//4462 3668//4463 
f 3669//4464 3668//4463 2292//4462 
f 2292//4462 2295//4465 3669//4464 
f 2295//4465 2294//4466 3670//4467 
f 3677//4468 3670//4467 2294//4466 
f 2294//4466 2298//4469 3677//4468 
f 2298//4469 2297//4470 3674//4471 
f 3674//4471 2297//4470 2296//4472 
f 2301//4473 3679//4474 3681//4475 
f 3681//4475 2296//4472 2301//4473 
f 2301//4473 2300//4476 3679//4474 
f 2302//4477 3684//4478 3682//4479 
f 3682//4479 2300//4476 2302//4477 
f 3686//4480 3684//4478 2303//4481 
f 3684//4478 2302//4477 2303//4481 
f 3691//4482 3686//4480 2304//4483 
f 2304//4483 2306//4484 3691//4482 
f 2305//4485 3688//4486 3691//4482 
f 3691//4482 2306//4484 2305//4485 
f 2303//4481 2304//4483 3686//4480 
f 3682//4479 3679//4474 2300//4476 
f 2296//4472 3681//4475 3674//4471 
f 3674//4471 3677//4468 2298//4469 
f 3670//4467 3669//4464 2295//4465 
f 3668//4463 3665//4457 2293//4461 
f 3664//4458 3661//4455 2291//4460 
f 2288//4456 2291//4460 3661//4455 
f 3658//4453 3657//4450 2287//4451 
f 2289//4449 2287//4451 3657//4450 
o mesh274
f 2305//4487 2308//4488 3692//4489 
f 2308//4488 3693//4490 3692//4489 
f 2307//4491 3696//4492 3695//4493 
f 3695//4493 2308//4488 2307//4491 
f 2307//4491 2310//4494 3696//4492 
f 2310//4494 2309//4495 3698//4496 
f 2309//4495 3700//4497 3698//4496 
f 3704//4498 3700//4497 2311//4499 
f 3700//4497 2309//4495 2311//4499 
f 2312//4500 3705//4501 3704//4498 
f 2315//4502 3706//4503 3705//4501 
f 3705//4501 2312//4500 2315//4502 
f 2315//4502 2314//4504 3708//4505 
f 3708//4505 3706//4503 2315//4502 
f 3704//4498 2313//4506 2312//4500 
f 2311//4499 2313//4506 3704//4498 
f 3698//4496 3696//4492 2310//4494 
f 3695//4493 3693//4490 2308//4488 
f 3692//4489 3688//4507 2305//4487 
o mesh275
f 3711//4508 3708//4509 2318//4510 
f 3708//4509 2314//4511 2318//4510 
f 2317//4512 3713//4513 3711//4508 
f 3713//4513 2317//4512 2316//4514 
f 2316//4514 3719//4515 3713//4513 
f 2319//4516 3716//4517 3715//4518 
f 3715//4518 2320//4519 2319//4516 
f 2319//4516 2323//4520 3716//4517 
f 2323//4520 2322//4521 3720//4522 
f 2322//4521 3724//4523 3720//4522 
f 3635//4524 3724//4523 2321//4525 
f 3724//4523 2322//4521 2321//4525 
f 2321//4525 2325//4526 3635//4524 
f 3720//4522 3716//4517 2323//4520 
f 3715//4518 3719//4515 2320//4519 
f 2316//4514 2320//4519 3719//4515 
f 2318//4510 2317//4512 3711//4508 
o mesh276
f 2279//4527 3738//4527 3739//4527 
f 3739//4527 2280//4527 2279//4527 
o mesh277
f 3738//4528 3740//4528 3741//4529 
f 3741//4529 3739//4529 3738//4528 
o mesh278
f 2299//4530 3740//4530 3738//4530 
f 3738//4530 2279//4530 2299//4530 
o mesh279
f 2459//4531 3741//4531 3740//4531 
f 3740//4531 2299//4531 2459//4531 
o mesh280
f 3739//4532 3741//4532 2459//4532 
f 2459//4532 2280//4532 3739//4532 
o mesh281
f 2519//4533 3742//4533 3743//4533 
f 3743//4533 2515//4533 2519//4533 
o mesh282
f 3742//4534 3744//4534 3745//4535 
f 3746//4536 3747//4536 3748//4537 
f 3749//4538 3748//4537 3747//4536 
f 3747//4536 3750//4539 3749//4538 
f 3750//4539 3751//4540 3749//4538 
f 3751//4540 3752//4541 3753//4542 
f 3752//4541 3754//4543 3753//4542 
f 3753//4542 3749//4538 3751//4540 
f 3755//4544 3756//4545 3757//4546 
f 3756//4545 3758//4547 3757//4546 
f 3754//4543 3752//4541 3755//4544 
f 3759//4548 3760//4549 3761//4550 
f 3758//4547 3756//4545 3759//4548 
f 3761//4550 3758//4547 3759//4548 
f 3760//4549 3762//4551 3761//4550 
f 3757//4546 3754//4543 3755//4544 
f 3761//4550 3763//4552 3764//4553 
f 3764//4553 3765//4554 3766//4555 
f 3766//4555 3767//4556 3764//4553 
f 3761//4550 3762//4551 3763//4552 
f 3764//4553 3767//4556 3761//4550 
f 3768//4557 3769//4558 3770//4559 
f 3766//4555 3765//4554 3768//4557 
f 3769//4558 3771//4560 3770//4559 
f 3770//4559 3766//4555 3768//4557 
f 3772//4561 3773//4562 3774//4563 
f 3772//4561 3775//4564 3771//4560 
f 3771//4560 3776//4565 3772//4561 
f 3774//4563 3775//4564 3772//4561 
f 3769//4558 3776//4565 3771//4560 
f 3777//4566 3778//4567 3774//4563 
f 3779//4568 3780//4569 3781//4570 
f 3782//4571 3777//4566 3779//4568 
f 3781//4570 3782//4571 3779//4568 
f 3782//4571 3778//4567 3777//4566 
f 3783//4572 3784//4573 3785//4574 
f 3785//4574 3780//4569 3783//4572 
f 3784//4573 3786//4575 3787//4576 
f 3784//4573 3783//4572 3786//4575 
f 3787//4576 3788//4577 3784//4573 
f 3789//4578 3790//4579 3791//4580 
f 3792//4581 3793//4582 3789//4578 
f 3788//4577 3787//4576 3793//4582 
f 3793//4582 3792//4581 3788//4577 
f 3791//4580 3792//4581 3789//4578 
f 3785//4574 3781//4570 3780//4569 
f 3774//4563 3773//4562 3777//4566 
f 3791//4580 3790//4579 3794//4583 
f 3795//4584 3794//4583 3796//4585 
f 3796//4585 3797//4586 3795//4584 
f 3796//4585 3745//4535 3798//4587 
f 3745//4535 3799//4588 3798//4587 
f 3745//4535 3800//4589 3801//4590 
f 3745//4535 3802//4591 3800//4589 
f 3801//4590 3799//4588 3745//4535 
f 3798//4587 3797//4586 3796//4585 
f 3794//4583 3795//4584 3791//4580 
f 3744//4534 3803//4591 3802//4591 
f 3802//4591 3745//4535 3744//4534 
f 3748//4537 3804//4592 3746//4536 
f 3745//4535 3743//4591 3742//4534 
o mesh283
f 2519//4593 2458//4593 3744//4593 
f 3744//4593 3742//4593 2519//4593 
o mesh284
f 2460//4594 3803//4594 3744//4594 
f 3744//4594 2458//4594 2460//4594 
o mesh285
f 2460//4595 2488//4595 3802//4595 
f 3802//4595 3803//4595 2460//4595 
o mesh286
f 2463//4596 3801//4597 3800//4598 
f 3800//4598 2488//4599 2463//4596 
f 2463//4596 2462//4600 3799//4601 
f 3798//4602 3799//4601 2462//4600 
f 2462//4600 2461//4603 3798//4602 
f 2465//4604 3795//4605 3797//4606 
f 3797//4606 2461//4603 2465//4604 
f 2465//4604 2464//4607 3795//4605 
f 3795//4605 2464//4607 2467//4608 
f 2466//4609 3792//4610 3791//4611 
f 3791//4611 2467//4608 2466//4609 
f 2466//4609 2469//4612 3788//4613 
f 3788//4613 3792//4610 2466//4609 
f 2467//4608 3791//4611 3795//4605 
f 3797//4606 3798//4602 2461//4603 
f 3799//4601 3801//4597 2463//4596 
f 3800//4598 3802//4614 2488//4599 
o mesh287
f 2469//4615 2468//4616 3784//4617 
f 3785//4618 3784//4617 2468//4616 
f 2468//4616 2470//4619 3785//4618 
f 2470//4619 2472//4620 3781//4621 
f 3782//4622 3781//4621 2472//4620 
f 2472//4620 2471//4623 3782//4622 
f 3782//4622 2471//4623 2474//4624 
f 2474//4624 3778//4625 3782//4622 
f 2477//4626 3775//4627 3774//4628 
f 3774//4628 2473//4629 2477//4626 
f 2477//4626 2476//4630 3771//4631 
f 3770//4632 3771//4631 2476//4630 
f 2476//4630 2475//4633 3770//4632 
f 2475//4633 2479//4634 3766//4635 
f 3767//4636 3766//4635 2479//4634 
f 2479//4634 2478//4637 3767//4636 
f 2478//4637 2481//4638 3761//4639 
f 3761//4639 3767//4636 2478//4637 
f 3766//4635 3770//4632 2475//4633 
f 3771//4631 3775//4627 2477//4626 
f 3774//4628 3778//4625 2473//4629 
f 2474//4624 2473//4629 3778//4625 
f 3781//4621 3785//4618 2470//4619 
f 3784//4617 3788//4640 2469//4615 
o mesh288
f 3748//4641 3749//4642 2487//4643 
f 3749//4642 2484//4644 2487//4643 
f 3749//4642 3753//4645 2485//4646 
f 3753//4645 2482//4647 2485//4646 
f 2483//4648 2482//4647 3754//4649 
f 3757//4650 2480//4651 2483//4648 
f 2482//4647 3753//4645 3754//4649 
f 2481//4652 2480//4651 3758//4653 
f 2480//4651 3757//4650 3758//4653 
f 3758//4653 3761//4654 2481//4652 
f 3754//4649 3757//4650 2483//4648 
f 2485//4646 2484//4644 3749//4642 
f 2487//4643 2486//4655 3748//4641 
o mesh289
f 2486//4656 2360//4656 3804//4656 
f 3804//4656 3748//4656 2486//4656 
o mesh290
f 2361//4657 3746//4657 3804//4657 
f 3804//4657 2360//4657 2361//4657 
o mesh291
f 2361//4658 2415//4658 3747//4658 
f 3747//4658 3746//4658 2361//4658 
o mesh292
f 2491//4659 3751//4660 3750//4661 
f 3750//4661 2415//4662 2491//4659 
f 3751//4660 2491//4659 2490//4663 
f 2493//4664 3755//4665 3752//4666 
f 3752//4666 2490//4663 2493//4664 
f 3755//4665 2493//4664 2492//4667 
f 2492//4667 3756//4668 3755//4665 
f 2494//4669 3760//4670 3759//4671 
f 3759//4671 2495//4672 2494//4669 
f 3760//4670 2494//4669 2496//4673 
f 2499//4674 3763//4675 3762//4676 
f 3762//4676 2496//4673 2499//4674 
f 3764//4677 3763//4675 2499//4674 
f 2497//4678 2501//4679 3765//4680 
f 3764//4677 2498//4681 2497//4678 
f 2501//4679 3768//4682 3765//4680 
f 3769//4683 3768//4682 2500//4684 
f 3768//4682 2501//4679 2500//4684 
f 3772//4685 3776//4686 2502//4687 
f 3776//4686 2503//4688 2502//4687 
f 2502//4687 2505//4689 3772//4685 
f 2505//4689 2504//4690 3773//4691 
f 3777//4692 3773//4691 2504//4690 
f 2504//4690 2507//4693 3777//4692 
f 3777//4692 2507//4693 2506//4694 
f 2509//4695 3780//4696 3779//4697 
f 3779//4697 2506//4694 2509//4695 
f 2509//4695 2508//4698 3783//4699 
f 3783//4699 3780//4696 2509//4695 
f 2506//4694 3779//4697 3777//4692 
f 3773//4691 3772//4685 2505//4689 
f 3776//4686 3769//4683 2503//4688 
f 2500//4684 2503//4688 3769//4683 
f 3765//4680 3764//4677 2497//4678 
f 2499//4674 2498//4681 3764//4677 
f 2496//4673 3762//4676 3760//4670 
f 3759//4671 3756//4668 2495//4672 
f 2492//4667 2495//4672 3756//4668 
f 2490//4663 3752//4666 3751//4660 
f 3750//4661 3747//4700 2415//4662 
o mesh293
f 3745//4701 3796//4702 2517//4703 
f 3796//4702 2516//4704 2517//4703 
f 3790//4705 2513//4706 2512//4707 
f 2516//4704 3796//4702 3794//4708 
f 3794//4708 2512//4707 2516//4704 
f 2513//4706 3790//4705 3789//4709 
f 3789//4709 2514//4710 2513//4706 
f 3787//4711 2511//4712 2510//4713 
f 2510//4713 3793//4714 3787//4711 
f 2511//4712 3787//4711 3786//4715 
f 3786//4715 2508//4716 2511//4712 
f 3786//4715 3783//4717 2508//4716 
f 2510//4713 2514//4710 3793//4714 
f 3789//4709 3793//4714 2514//4710 
f 2512//4707 3794//4708 3790//4705 
f 2517//4703 2518//4718 3745//4701 
o mesh294
f 2518//4719 2515//4719 3743//4719 
f 3743//4719 3745//4719 2518//4719 
o mesh295
f 2414//4720 3805//4720 3806//4720 
f 3806//4720 2423//4720 2414//4720 
o mesh296
f 3805//4721 3807//4721 3808//4722 
f 3808//4722 3806//4722 3805//4721 
o mesh297
f 3805//4723 2414//4723 2359//4723 
f 2359//4723 3807//4723 3805//4723 
o mesh298
f 2359//4724 2394//4724 3808//4724 
f 3808//4724 3807//4724 2359//4724 
o mesh299
f 2394//4725 2423//4725 3806//4725 
f 3806//4725 3808//4725 2394//4725 
o mesh300
f 3809//4726 3810//4727 2707//4728 
f 3810//4727 2705//4729 2707//4728 
f 2707//4728 2457//4730 3809//4726 
f 2418//4731 2417//4732 3811//4733 
f 2417//4732 3812//4734 3811//4733 
f 2416//4735 2420//4736 3813//4737 
f 3812//4734 2417//4732 2416//4735 
f 2420//4736 3814//4738 3813//4737 
f 3815//4739 3814//4738 2419//4740 
f 3814//4738 2420//4736 2419//4740 
f 3816//4741 3817//4742 2421//4743 
f 3817//4742 2422//4744 2421//4743 
f 2421//4743 2425//4745 3816//4741 
f 3816//4741 2425//4745 2424//4746 
f 2427//4747 3818//4748 3819//4749 
f 3819//4749 2424//4746 2427//4747 
f 3818//4748 2427//4747 2426//4750 
f 2426//4750 3820//4751 3818//4748 
f 2429//4752 3821//4753 3820//4751 
f 2429//4752 2428//4754 3822//4755 
f 3822//4755 2428//4754 2430//4756 
f 2432//4757 3823//4758 3824//4759 
f 3824//4759 2430//4756 2432//4757 
f 3823//4758 2432//4757 2431//4760 
f 3825//4761 3826//4762 2433//4763 
f 3826//4762 2431//4760 2433//4763 
f 2433//4763 2435//4764 3825//4761 
f 2434//4765 3827//4766 3825//4761 
f 3825//4761 2435//4764 2434//4765 
f 2431//4760 3826//4762 3823//4758 
f 2430//4756 3824//4759 3822//4755 
f 3822//4755 3821//4753 2429//4752 
f 2426//4750 2429//4752 3820//4751 
f 2424//4746 3819//4749 3816//4741 
f 3817//4742 3815//4739 2422//4744 
f 2419//4740 2422//4744 3815//4739 
f 3813//4737 3812//4734 2416//4735 
f 3811//4733 3809//4726 2418//4731 
f 2457//4730 2418//4731 3809//4726 
o mesh301
f 2434//4767 2436//4768 3828//4769 
f 2436//4768 3829//4770 3828//4769 
f 2436//4768 2438//4771 3830//4772 
f 2438//4771 2437//4773 3831//4774 
f 3831//4774 2437//4773 2442//4775 
f 2442//4775 3832//4776 3831//4774 
f 2442//4775 2441//4777 3832//4776 
f 2440//4778 3833//4779 3834//4780 
f 3834//4780 2441//4777 2440//4778 
f 3835//4781 3833//4779 2439//4782 
f 3833//4779 2440//4778 2439//4782 
f 3836//4783 3835//4781 2446//4784 
f 2446//4784 2445//4785 3836//4783 
f 3836//4783 2445//4785 2444//4786 
f 2444//4786 2443//4787 3837//4788 
f 3838//4789 3837//4788 2443//4787 
f 2443//4787 2448//4790 3838//4789 
f 3838//4789 2448//4790 2447//4791 
f 2447//4791 3839//4792 3838//4789 
f 2450//4793 3840//4794 3841//4795 
f 3841//4795 2451//4796 2450//4793 
f 3842//4797 3840//4794 2449//4798 
f 3840//4794 2450//4793 2449//4798 
f 3843//4799 3842//4797 2452//4800 
f 2452//4800 2454//4801 3843//4799 
f 2454//4801 2453//4802 3844//4803 
f 3845//4804 3844//4803 2453//4802 
f 2453//4802 2456//4805 3845//4804 
f 3845//4804 2456//4805 2455//4806 
f 2455//4806 3846//4807 3845//4804 
f 2455//4806 2666//4808 3846//4807 
f 3844//4803 3843//4799 2454//4801 
f 2449//4798 2452//4800 3842//4797 
f 3841//4795 3839//4792 2451//4796 
f 2447//4791 2451//4796 3839//4792 
f 3837//4788 3847//4809 2444//4786 
f 2444//4786 3847//4809 3836//4783 
f 2439//4782 2446//4784 3835//4781 
f 3834//4780 3832//4776 2441//4777 
f 3831//4774 3830//4772 2438//4771 
f 3830//4772 3829//4770 2436//4768 
f 3828//4769 3827//4810 2434//4767 
o mesh302
f 3846//4811 2666//4812 2665//4813 
f 2665//4813 3848//4814 3846//4811 
f 2668//4815 2667//4816 3849//4817 
f 2667//4816 3850//4818 3849//4817 
f 3851//4819 3850//4818 2669//4820 
f 3850//4818 2667//4816 2669//4820 
f 3852//4821 3853//4822 2671//4823 
f 3853//4822 2672//4824 2671//4823 
f 2671//4823 2674//4825 3852//4821 
f 2674//4825 2673//4826 3854//4827 
f 3855//4828 3854//4827 2673//4826 
f 2673//4826 2676//4829 3855//4828 
f 3855//4828 2676//4829 2675//4830 
f 2678//4831 3856//4832 3857//4833 
f 3857//4833 2675//4830 2678//4831 
f 3856//4832 2678//4831 2677//4834 
f 2677//4834 3858//4835 3856//4832 
f 2680//4836 3859//4837 3860//4838 
f 3860//4838 2681//4839 2680//4836 
f 3859//4837 2680//4836 2679//4840 
f 2683//4841 3861//4842 3862//4843 
f 3862//4843 2679//4840 2683//4841 
f 3861//4842 2683//4841 2682//4844 
f 2682//4844 3863//4845 3861//4842 
f 3864//4846 3863//4845 2684//4847 
f 2684//4847 2686//4848 3864//4846 
f 2685//4849 3865//4850 3864//4846 
f 3864//4846 2686//4848 2685//4849 
f 2682//4844 2684//4847 3863//4845 
f 2679//4840 3862//4843 3859//4837 
f 3860//4838 3858//4835 2681//4839 
f 2677//4834 2681//4839 3858//4835 
f 2675//4830 3857//4833 3855//4828 
f 3854//4827 3852//4821 2674//4825 
f 3853//4822 3851//4819 2672//4824 
f 2669//4820 2672//4824 3851//4819 
f 3849//4817 3848//4814 2668//4815 
f 2665//4813 2668//4815 3848//4814 
o mesh303
f 2689//4851 3866//4852 3867//4853 
f 3867//4853 2685//4854 2689//4851 
f 2689//4851 2688//4855 3868//4856 
f 2688//4855 3869//4857 3868//4856 
f 3869//4857 2687//4858 2692//4859 
f 2692//4859 3870//4860 3869//4857 
f 3869//4857 2688//4855 2687//4858 
f 2690//4861 3871//4862 3872//4863 
f 3872//4863 2691//4864 2690//4861 
f 2690//4861 2694//4865 3871//4862 
f 2694//4865 2693//4866 3873//4867 
f 3874//4868 3873//4867 2693//4866 
f 2693//4866 2696//4869 3874//4868 
f 3874//4868 2696//4869 2695//4870 
f 2695//4870 2698//4871 3875//4872 
f 2698//4871 3876//4873 3875//4872 
f 3877//4874 3876//4873 2697//4875 
f 2697//4875 2699//4876 3877//4874 
f 3876//4873 2698//4871 2697//4875 
f 2700//4877 3878//4878 3879//4879 
f 3879//4879 2701//4880 2700//4877 
f 3878//4878 2700//4877 2702//4881 
f 2704//4882 3880//4883 3881//4884 
f 3881//4884 2702//4881 2704//4882 
f 2704//4882 2703//4885 3882//4886 
f 3883//4887 3882//4886 2703//4885 
f 2703//4885 2706//4888 3883//4887 
f 2706//4888 2705//4889 3810//4890 
f 3810//4890 3883//4887 2706//4888 
f 3882//4886 3880//4883 2704//4882 
f 2702//4881 3881//4884 3878//4878 
f 3879//4879 3877//4874 2701//4880 
f 2699//4876 2701//4880 3877//4874 
f 3875//4872 3884//4891 2695//4870 
f 2695//4870 3884//4891 3874//4868 
f 3873//4867 3871//4862 2694//4865 
f 3872//4863 3870//4860 2691//4864 
f 2692//4859 2691//4864 3870//4860 
f 3868//4856 3866//4852 2689//4851 
f 3867//4853 3865//4892 2685//4854 
o mesh304
f 2663//4893 3885//4893 3886//4893 
f 3886//4893 2646//4893 2663//4893 
o mesh305
f 3885//4894 3887//4894 3888//4895 
f 3888//4895 3886//4895 3885//4894 
o mesh306
f 2663//4896 2670//4896 3887//4896 
f 3887//4896 3885//4896 2663//4896 
o mesh307
f 2670//4897 2721//4897 3888//4897 
f 3888//4897 3887//4897 2670//4897 
o mesh308
f 3888//4898 2721//4898 2646//4898 
f 2646//4898 3886//4898 3888//4898 
o mesh309
f 3889//4899 3890//4900 2641//4901 
f 3890//4900 2636//4902 2641//4901 
f 2640//4903 2639//4904 3891//4905 
f 2639//4904 3892//4906 3891//4905 
f 2638//4907 2643//4908 3893//4909 
f 3892//4906 2639//4904 2638//4907 
f 2643//4908 3894//4910 3893//4909 
f 3895//4911 3894//4910 2642//4912 
f 3894//4910 2643//4908 2642//4912 
f 3896//4913 3897//4914 2644//4915 
f 3897//4914 2645//4916 2644//4915 
f 2644//4915 2647//4917 3896//4913 
f 3896//4913 2647//4917 2648//4918 
f 2650//4919 3898//4920 3899//4921 
f 3899//4921 2648//4918 2650//4919 
f 3898//4920 2650//4919 2649//4922 
f 2649//4922 3900//4923 3898//4920 
f 2652//4924 3901//4925 3900//4923 
f 2652//4924 2651//4926 3902//4927 
f 3902//4927 2651//4926 2653//4928 
f 2655//4929 3903//4930 3904//4931 
f 3904//4931 2653//4928 2655//4929 
f 3903//4930 2655//4929 2654//4932 
f 3905//4933 3906//4934 2656//4935 
f 3906//4934 2654//4932 2656//4935 
f 2656//4935 2658//4936 3905//4933 
f 2657//4937 3907//4938 3905//4933 
f 3905//4933 2658//4936 2657//4937 
f 2654//4932 3906//4934 3903//4930 
f 2653//4928 3904//4931 3902//4927 
f 3902//4927 3901//4925 2652//4924 
f 2649//4922 2652//4924 3900//4923 
f 2648//4918 3899//4921 3896//4913 
f 3897//4914 3895//4911 2645//4916 
f 2642//4912 2645//4916 3895//4911 
f 3893//4909 3892//4906 2638//4907 
f 3891//4905 3889//4899 2640//4903 
f 2641//4901 2640//4903 3889//4899 
o mesh310
f 2657//4939 2661//4940 3908//4941 
f 2661//4940 3909//4942 3908//4941 
f 2661//4940 2660//4943 3910//4944 
f 2660//4943 2659//4945 3911//4946 
f 3911//4946 2659//4945 2662//4947 
f 2662//4947 3912//4948 3911//4946 
f 2662//4947 2759//4949 3912//4948 
f 2761//4950 3913//4951 3914//4952 
f 3914//4952 2759//4949 2761//4950 
f 3915//4953 3913//4951 2760//4954 
f 3913//4951 2761//4950 2760//4954 
f 3916//4955 3915//4953 2765//4956 
f 2765//4956 2764//4957 3916//4955 
f 3916//4955 2764//4957 2763//4958 
f 2763//4958 2762//4959 3917//4960 
f 3918//4961 3917//4960 2762//4959 
f 2762//4959 2767//4962 3918//4961 
f 3918//4961 2767//4962 2766//4963 
f 2766//4963 3919//4964 3918//4961 
f 2769//4965 3920//4966 3921//4967 
f 3921//4967 2770//4968 2769//4965 
f 3922//4969 3920//4966 2768//4970 
f 3920//4966 2769//4965 2768//4970 
f 3923//4971 3922//4969 2771//4972 
f 2771//4972 2773//4973 3923//4971 
f 2773//4973 2772//4974 3924//4975 
f 3925//4976 3924//4975 2772//4974 
f 2772//4974 2775//4977 3925//4976 
f 2775//4977 2774//4978 3926//4979 
f 3926//4979 3925//4976 2775//4977 
f 3924//4975 3923//4971 2773//4973 
f 2768//4970 2771//4972 3922//4969 
f 3921//4967 3919//4964 2770//4968 
f 2766//4963 2770//4968 3919//4964 
f 3917//4960 3927//4980 2763//4958 
f 2763//4958 3927//4980 3916//4955 
f 2760//4954 2765//4956 3915//4953 
f 3914//4952 3912//4948 2759//4949 
f 3911//4946 3910//4944 2660//4943 
f 3910//4944 3909//4942 2661//4940 
f 3908//4941 3907//4981 2657//4939 
o mesh311
f 3926//4982 2774//4983 2776//4984 
f 2776//4984 3928//4985 3926//4982 
f 2778//4986 2777//4987 3929//4988 
f 2777//4987 3930//4989 3929//4988 
f 3931//4990 3930//4989 2779//4991 
f 3930//4989 2777//4987 2779//4991 
f 3932//4992 3933//4993 2780//4994 
f 3933//4993 2781//4995 2780//4994 
f 2780//4994 2784//4996 3932//4992 
f 2784//4996 2783//4997 3934//4998 
f 3935//4999 3934//4998 2783//4997 
f 2783//4997 2786//5000 3935//4999 
f 3935//4999 2786//5000 2785//5001 
f 2789//5002 3936//5003 3937//5004 
f 3937//5004 2785//5001 2789//5002 
f 3936//5003 2789//5002 2788//5005 
f 2788//5005 3938//5006 3936//5003 
f 2750//5007 3939//5008 3940//5009 
f 3940//5009 2751//5010 2750//5007 
f 3939//5008 2750//5007 2749//5011 
f 2753//5012 3941//5013 3942//5014 
f 3942//5014 2749//5011 2753//5012 
f 3941//5013 2753//5012 2752//5015 
f 2752//5015 3943//5016 3941//5013 
f 3944//5017 3943//5016 2754//5018 
f 2754//5018 2755//5019 3944//5017 
f 2620//5020 3945//5021 3944//5017 
f 3944//5017 2755//5019 2620//5020 
f 2752//5015 2754//5018 3943//5016 
f 2749//5011 3942//5014 3939//5008 
f 3940//5009 3938//5006 2751//5010 
f 2788//5005 2751//5010 3938//5006 
f 2785//5001 3937//5004 3935//4999 
f 3934//4998 3932//4992 2784//4996 
f 3933//4993 3931//4990 2781//4995 
f 2779//4991 2781//4995 3931//4990 
f 3929//4988 3928//4985 2778//4986 
f 2776//4984 2778//4986 3928//4985 
o mesh312
f 2619//5022 3946//5023 3947//5024 
f 3947//5024 2620//5025 2619//5022 
f 2619//5022 2616//5026 3948//5027 
f 2616//5026 3949//5028 3948//5027 
f 3949//5028 2613//5029 2624//5030 
f 2624//5030 3950//5031 3949//5028 
f 3949//5028 2616//5026 2613//5029 
f 2622//5032 3951//5033 3952//5034 
f 3952//5034 2623//5035 2622//5032 
f 2622//5032 2626//5036 3951//5033 
f 2626//5036 2625//5037 3953//5038 
f 3954//5039 3953//5038 2625//5037 
f 2625//5037 2628//5040 3954//5039 
f 3954//5039 2628//5040 2627//5041 
f 2627//5041 2630//5042 3955//5043 
f 2630//5042 3956//5044 3955//5043 
f 3957//5045 3956//5044 2629//5046 
f 2629//5046 2633//5047 3957//5045 
f 3956//5044 2630//5042 2629//5046 
f 2631//5048 3958//5049 3959//5050 
f 3959//5050 2632//5051 2631//5048 
f 3958//5049 2631//5048 2608//5052 
f 2635//5053 3960//5054 3961//5055 
f 3961//5055 2608//5052 2635//5053 
f 2635//5053 2634//5056 3962//5057 
f 3963//5058 3962//5057 2634//5056 
f 2634//5056 2637//5059 3963//5058 
f 2637//5059 2636//5060 3890//5061 
f 3890//5061 3963//5058 2637//5059 
f 3962//5057 3960//5054 2635//5053 
f 2608//5052 3961//5055 3958//5049 
f 3959//5050 3957//5045 2632//5051 
f 2633//5047 2632//5051 3957//5045 
f 3955//5043 3964//5062 2627//5041 
f 2627//5041 3964//5062 3954//5039 
f 3953//5038 3951//5033 2626//5036 
f 3952//5034 3950//5031 2623//5035 
f 2624//5030 2623//5035 3950//5031 
f 3948//5027 3946//5023 2619//5022 
f 3947//5024 3945//5063 2620//5025 
o mesh313
f 2606//5064 2609//5065 3965//5066 
f 3966//5067 3965//5066 2609//5065 
f 2609//5065 2611//5068 3966//5067 
f 2611//5068 2610//5069 3967//5070 
f 2610//5069 3968//5071 3967//5070 
f 3969//5072 3968//5071 2612//5073 
f 3968//5071 2610//5069 2612//5073 
f 2614//5074 2617//5075 3970//5076 
f 3969//5072 2615//5077 2614//5074 
f 3971//5078 3970//5076 2617//5075 
f 2617//5075 2618//5079 3971//5078 
f 2621//5080 3972//5081 3971//5078 
f 3971//5078 2618//5079 2621//5080 
f 3970//5076 3969//5072 2614//5074 
f 2612//5073 2615//5077 3969//5072 
f 3967//5070 3966//5067 2611//5068 
f 3965//5066 3973//5082 2606//5064 
o mesh314
f 2621//5083 2757//5084 3974//5085 
f 3975//5086 3974//5085 2757//5084 
f 2757//5084 2756//5087 3975//5086 
f 2758//5088 3976//5089 3975//5086 
f 3976//5089 2758//5088 2748//5090 
f 2787//5091 3977//5092 3978//5093 
f 3978//5093 2748//5090 2787//5091 
f 3977//5092 2787//5091 2782//5094 
f 2791//5095 3979//5096 3980//5097 
f 3980//5097 2782//5094 2791//5095 
f 2790//5098 3981//5099 3979//5096 
f 3981//5099 2790//5098 2793//5100 
f 2795//5101 3982//5102 3983//5103 
f 3983//5103 2793//5100 2795//5101 
f 3982//5102 2795//5101 2794//5104 
f 2798//5105 3984//5106 3985//5107 
f 3985//5107 2794//5104 2798//5105 
f 2798//5105 2797//5108 3986//5109 
f 3986//5109 2797//5108 2796//5110 
f 2800//5111 3987//5112 3988//5113 
f 3988//5113 2796//5110 2800//5111 
f 3987//5112 2800//5111 2799//5114 
f 2802//5115 3989//5116 3990//5117 
f 3990//5117 2799//5114 2802//5115 
f 3989//5116 2802//5115 2801//5118 
f 2804//5119 3991//5120 3992//5121 
f 3992//5121 2801//5118 2804//5119 
f 2804//5119 2803//5122 3993//5123 
f 3993//5123 3991//5120 2804//5119 
f 2801//5118 3992//5121 3989//5116 
f 2799//5114 3990//5117 3987//5112 
f 2796//5110 3988//5113 3986//5109 
f 3986//5109 3984//5106 2798//5105 
f 2794//5104 3985//5107 3982//5102 
f 2793//5100 3983//5103 3981//5099 
f 3979//5096 2791//5095 2790//5098 
f 2782//5094 3980//5097 3977//5092 
f 2748//5090 3978//5093 3976//5089 
f 3975//5086 2756//5087 2758//5088 
f 3974//5085 3972//5124 2621//5083 
o mesh315
f 3994//5125 3995//5126 2812//5127 
f 3995//5126 2810//5128 2812//5127 
f 2810//5128 3995//5126 3996//5129 
f 3996//5129 2811//5130 2810//5128 
f 3997//5131 2809//5132 2808//5133 
f 2808//5133 3998//5134 3997//5131 
f 2808//5133 2811//5130 3998//5134 
f 3999//5135 4000//5136 2805//5137 
f 4000//5136 2806//5138 2805//5137 
f 2803//5139 2806//5138 4001//5140 
f 2806//5138 4000//5136 4001//5140 
f 4001//5140 3993//5141 2803//5139 
f 2805//5137 2809//5132 3999//5135 
f 3997//5131 3999//5135 2809//5132 
f 3996//5129 3998//5134 2811//5130 
f 2812//5127 2813//5142 3994//5125 
o mesh316
f 4002//5143 3994//5143 2813//5143 
f 2813//5143 2807//5143 4002//5143 
o mesh317
f 2589//5144 4003//5144 4002//5144 
f 4002//5144 2807//5144 2589//5144 
o mesh318
f 4004//5145 4003//5145 2589//5145 
f 2589//5145 2587//5145 4004//5145 
o mesh319
f 2587//5146 2590//5146 4005//5146 
f 4005//5146 4004//5146 2587//5146 
o mesh320
f 2664//5147 4006//5147 4005//5147 
f 4005//5147 2590//5147 2664//5147 
o mesh321
f 2596//5148 2595//5149 4007//5150 
f 2594//5151 2593//5152 4008//5153 
f 4009//5154 4008//5153 2593//5152 
f 2593//5152 2596//5148 4009//5154 
f 4010//5155 2592//5156 2591//5157 
f 2591//5157 4011//5158 4010//5155 
f 2591//5157 2594//5151 4011//5158 
f 2592//5156 4012//5159 4006//5160 
f 4006//5160 2664//5161 2592//5156 
f 4010//5155 4012//5159 2592//5156 
f 4008//5153 4011//5158 2594//5151 
f 4007//5150 4009//5154 2596//5148 
o mesh322
f 2599//5162 4013//5163 4014//5164 
f 4014//5164 2595//5165 2599//5162 
f 4015//5166 4013//5163 2599//5162 
f 4015//5166 2598//5167 2597//5168 
f 4016//5169 4017//5170 2603//5171 
f 4017//5170 2597//5168 2603//5171 
f 2603//5171 2602//5172 4016//5169 
f 2602//5172 2601//5173 4018//5174 
f 2601//5173 2600//5175 4019//5176 
f 4020//5177 4019//5176 2600//5175 
f 2600//5175 2605//5178 4020//5177 
f 2605//5178 2604//5179 4021//5180 
f 4022//5181 4021//5180 2604//5179 
f 2604//5179 2607//5182 4022//5181 
f 2607//5182 2606//5183 3973//5184 
f 3973//5184 4022//5181 2607//5182 
f 4021//5180 4020//5177 2605//5178 
f 4019//5176 4018//5174 2601//5173 
f 4018//5174 4016//5169 2602//5172 
f 2597//5168 4017//5170 4015//5166 
f 2599//5162 2598//5167 4015//5166 
f 4014//5164 4007//5185 2595//5165 
o mesh323
f 4023//5186 2868//5186 2869//5186 
f 2869//5186 4024//5186 4023//5186 
f 2869//5186 2588//5186 4024//5186 
o mesh324
f 4024//5187 4025//5187 4026//5188 
f 4026//5188 4023//5188 4024//5187 
o mesh325
f 2588//5189 2838//5189 4025//5189 
f 4025//5189 4024//5189 2588//5189 
o mesh326
f 4026//5190 4025//5190 2851//5190 
f 4025//5190 2838//5190 2851//5190 
f 2851//5190 2854//5190 4026//5190 
o mesh327
f 2854//5191 2868//5191 4023//5191 
f 4023//5191 4026//5191 2854//5191 
o mesh328
f 2945//5192 2969//5192 4027//5192 
f 4027//5192 4028//5192 2945//5192 
o mesh329
f 4029//5193 4030//5194 4031//5195 
f 4030//5194 4032//5196 4031//5195 
f 4033//5197 4034//5198 4027//5199 
f 4035//5200 4036//5201 4033//5197 
f 4034//5198 4037//5202 4027//5199 
f 4033//5197 4036//5201 4031//5195 
f 4031//5195 4032//5196 4033//5197 
f 4027//5199 4035//5200 4033//5197 
f 4038//5203 4028//5204 4027//5199 
f 4027//5199 4037//5202 4038//5203 
f 4031//5195 4039//5205 4029//5193 
o mesh330
f 2852//5206 2945//5206 4028//5206 
f 4028//5206 4038//5206 2852//5206 
o mesh331
f 2853//5207 2852//5207 4038//5207 
f 4038//5207 4037//5207 2853//5207 
o mesh332
f 2866//5208 2853//5208 4037//5208 
f 4037//5208 4034//5208 2866//5208 
o mesh333
f 2866//5209 4034//5209 4033//5209 
f 4033//5209 2867//5209 2866//5209 
o mesh334
f 2865//5210 2867//5210 4033//5210 
f 4033//5210 4032//5210 2865//5210 
o mesh335
f 2865//5211 4032//5211 4030//5211 
f 4030//5211 2863//5211 2865//5211 
o mesh336
f 2863//5212 4030//5212 4029//5212 
f 4029//5212 2960//5212 2863//5212 
o mesh337
f 2960//5213 4029//5213 4039//5213 
f 4039//5213 2966//5213 2960//5213 
o mesh338
f 2966//5214 4039//5214 4031//5214 
f 4031//5214 2970//5214 2966//5214 
o mesh339
f 2964//5215 2970//5215 4031//5215 
f 4031//5215 4036//5215 2964//5215 
o mesh340
f 2964//5216 4036//5216 4035//5216 
f 4035//5216 2965//5216 2964//5216 
o mesh341
f 2965//5217 4035//5217 4027//5217 
f 4027//5217 2969//5217 2965//5217 
o mesh342
f 2971//5218 2977//5218 4040//5218 
f 4040//5218 4041//5218 2971//5218 
o mesh343
f 4042//5219 4043//5220 4044//5221 
f 4043//5220 4045//5222 4044//5221 
f 4046//5223 4047//5224 4040//5225 
f 4048//5226 4049//5227 4046//5223 
f 4047//5224 4050//5228 4040//5225 
f 4046//5223 4049//5227 4044//5221 
f 4044//5221 4045//5222 4046//5223 
f 4040//5225 4048//5226 4046//5223 
f 4051//5229 4041//5230 4040//5225 
f 4040//5225 4050//5228 4051//5229 
f 4044//5221 4052//5231 4042//5219 
o mesh344
f 2864//5232 2971//5232 4041//5232 
f 4041//5232 4051//5232 2864//5232 
o mesh345
f 2861//5233 2864//5233 4051//5233 
f 4051//5233 4050//5233 2861//5233 
o mesh346
f 2860//5234 2861//5234 4050//5234 
f 4050//5234 4047//5234 2860//5234 
o mesh347
f 2860//5235 4047//5235 4046//5235 
f 4046//5235 2862//5235 2860//5235 
o mesh348
f 2859//5236 2862//5236 4046//5236 
f 4046//5236 4045//5236 2859//5236 
o mesh349
f 2859//5237 4045//5237 4043//5237 
f 4043//5237 2858//5237 2859//5237 
o mesh350
f 2858//5238 4043//5238 4042//5238 
f 4042//5238 2855//5238 2858//5238 
o mesh351
f 2855//5239 4042//5239 4052//5239 
f 4052//5239 2974//5239 2855//5239 
o mesh352
f 2974//5240 4052//5240 4044//5240 
f 4044//5240 2975//5240 2974//5240 
o mesh353
f 2972//5241 2975//5241 4044//5241 
f 4044//5241 4049//5241 2972//5241 
o mesh354
f 2972//5242 4049//5242 4048//5242 
f 4048//5242 2973//5242 2972//5242 
o mesh355
f 2973//5243 4048//5243 4040//5243 
f 4040//5243 2977//5243 2973//5243 
o mesh356
f 2985//5244 2984//5244 4053//5244 
f 4053//5244 4054//5244 2985//5244 
o mesh357
f 4055//5245 4056//5246 4057//5247 
f 4056//5246 4058//5248 4057//5247 
f 4059//5249 4060//5250 4053//5251 
f 4061//5252 4062//5253 4059//5249 
f 4060//5250 4063//5254 4053//5251 
f 4059//5249 4062//5253 4057//5247 
f 4057//5247 4058//5248 4059//5249 
f 4053//5251 4061//5252 4059//5249 
f 4064//5255 4054//5256 4053//5251 
f 4053//5251 4063//5254 4064//5255 
f 4057//5247 4065//5257 4055//5245 
o mesh358
f 4064//5258 2856//5258 2976//5258 
f 2976//5258 4054//5258 4064//5258 
f 2976//5258 2985//5258 4054//5258 
o mesh359
f 4063//5259 2993//5259 2857//5259 
f 2857//5259 4064//5259 4063//5259 
f 2857//5259 2856//5259 4064//5259 
o mesh360
f 2992//5260 2993//5260 4063//5260 
f 4063//5260 4060//5260 2992//5260 
o mesh361
f 2992//5261 4060//5261 4059//5261 
f 4059//5261 2994//5261 2992//5261 
o mesh362
f 2991//5262 2994//5262 4059//5262 
f 4059//5262 4058//5262 2991//5262 
o mesh363
f 2991//5263 4058//5263 4056//5263 
f 4056//5263 2990//5263 2991//5263 
o mesh364
f 2990//5264 4056//5264 4055//5264 
f 4055//5264 2980//5264 2990//5264 
o mesh365
f 2980//5265 4055//5265 4065//5265 
f 4065//5265 2986//5265 2980//5265 
o mesh366
f 2986//5266 4065//5266 4057//5266 
f 4057//5266 2988//5266 2986//5266 
o mesh367
f 2987//5267 2988//5267 4057//5267 
f 4057//5267 4062//5267 2987//5267 
o mesh368
f 2987//5268 4062//5268 4061//5268 
f 4061//5268 2983//5268 2987//5268 
o mesh369
f 2983//5269 4061//5269 4053//5269 
f 4053//5269 2984//5269 2983//5269 
o mesh370
f 1897//5270 1896//5270 4066//5270 
f 4066//5270 4067//5270 1897//5270 
f 1893//5270 4068//5270 4069//5270 
f 1916//5270 4070//5270 4071//5270 
f 1916//5270 1915//5270 4072//5270 
f 1896//5270 4073//5270 4066//5270 
f 1895//5270 4074//5270 4073//5270 
f 1894//5270 4069//5270 4074//5270 
f 1893//5270 1892//5270 4068//5270 
f 4072//5270 4070//5270 1916//5270 
f 1915//5270 1914//5270 4075//5270 
f 4073//5270 1896//5270 1895//5270 
f 4069//5270 1894//5270 1893//5270 
f 1917//5270 4071//5270 4076//5270 
f 4075//5270 4072//5270 1915//5270 
f 1912//5270 1911//5270 4077//5270 
f 1911//5270 1910//5270 4078//5270 
f 4074//5270 1895//5270 1894//5270 
f 4071//5270 1917//5270 1916//5270 
f 1914//5270 1913//5270 4079//5270 
f 4078//5270 4077//5270 1911//5270 
f 1910//5270 1909//5270 4080//5270 
f 1908//5270 1907//5270 4081//5270 
f 1907//5270 1906//5270 4082//5270 
f 1905//5270 4083//5270 4084//5270 
f 1902//5270 1901//5270 4085//5270 
f 1901//5270 1900//5270 4086//5270 
f 1900//5270 1899//5270 4087//5270 
f 1898//5270 4088//5270 4089//5270 
f 1892//5270 4076//5270 4068//5270 
f 4079//5270 4075//5270 1914//5270 
f 4080//5270 4078//5270 1910//5270 
f 1909//5270 1908//5270 4090//5270 
f 4082//5270 4081//5270 1907//5270 
f 4084//5270 1906//5270 1905//5270 
f 4091//5270 1903//5270 1902//5270 
f 4087//5270 4086//5270 1900//5270 
f 1898//5270 1970//5270 4088//5270 
f 1970//5270 1969//5270 4092//5270 
f 1969//5270 1972//5270 4093//5270 
f 1972//5270 1974//5270 4094//5270 
f 4076//5270 1892//5270 1917//5270 
f 1913//5270 1912//5270 4095//5270 
f 4090//5270 4080//5270 1909//5270 
f 4084//5270 4082//5270 1906//5270 
f 4086//5270 4085//5270 1901//5270 
f 4089//5270 1899//5270 1898//5270 
f 4093//5270 4092//5270 1969//5270 
f 1974//5270 4067//5270 4094//5270 
f 4095//5270 4079//5270 1913//5270 
f 4081//5270 4090//5270 1908//5270 
f 1904//5270 4091//5270 4083//5270 
f 4089//5270 4087//5270 1899//5270 
f 4094//5270 4093//5270 1972//5270 
f 4077//5270 4095//5270 1912//5270 
f 4083//5270 1905//5270 1904//5270 
f 4092//5270 4088//5270 1970//5270 
f 1904//5270 1903//5270 4091//5270 
f 4067//5270 1974//5270 1897//5270 
f 4085//5270 4091//5270 1902//5270 
o mesh371
f 4083//5271 4091//5272 4096//5272 
f 4084//5273 4083//5271 4097//5274 
f 4082//5275 4084//5273 4098//5276 
f 4081//5277 4082//5275 4099//5278 
f 4090//5279 4081//5277 4100//5280 
f 4080//5281 4090//5279 4101//5282 
f 4078//5283 4080//5281 4102//5284 
f 4077//5285 4078//5283 4103//5286 
f 4095//5287 4077//5285 4104//5288 
f 4079//5289 4095//5287 4105//5290 
f 4075//5291 4079//5289 4106//5292 
f 4072//5293 4075//5291 4107//5294 
f 4108//5295 4071//5295 4070//5296 
f 4070//5296 4109//5297 4108//5295 
f 4076//5298 4071//5295 4108//5295 
f 4068//5299 4076//5298 4110//5298 
f 4069//5300 4068//5299 4111//5299 
f 4074//5301 4069//5300 4112//5300 
f 4073//5302 4074//5301 4113//5301 
f 4066//5303 4073//5302 4114//5302 
f 4067//5304 4066//5303 4115//5303 
f 4094//5305 4067//5304 4116//5304 
f 4093//5306 4094//5305 4117//5305 
f 4092//5307 4093//5306 4118//5306 
f 4088//5308 4092//5307 4119//5307 
f 4089//5309 4088//5308 4120//5308 
f 4087//5310 4089//5309 4121//5309 
f 4086//5311 4087//5310 4122//5310 
f 4085//5312 4086//5311 4123//5311 
f 4091//5272 4085//5312 4124//5312 
f 4124//5312 4096//5272 4091//5272 
f 4123//5311 4124//5312 4085//5312 
f 4122//5310 4123//5311 4086//5311 
f 4121//5309 4122//5310 4087//5310 
f 4120//5308 4121//5309 4089//5309 
f 4119//5307 4120//5308 4088//5308 
f 4118//5306 4119//5307 4092//5307 
f 4117//5305 4118//5306 4093//5306 
f 4116//5304 4117//5305 4094//5305 
f 4115//5303 4116//5304 4067//5304 
f 4114//5302 4115//5303 4066//5303 
f 4113//5301 4114//5302 4073//5302 
f 4112//5300 4113//5301 4074//5301 
f 4111//5299 4112//5300 4069//5300 
f 4110//5298 4111//5299 4068//5299 
f 4108//5295 4110//5298 4076//5298 
f 4070//5296 4072//5293 4109//5297 
f 4107//5294 4109//5297 4072//5293 
f 4106//5292 4107//5294 4075//5291 
f 4105//5290 4106//5292 4079//5289 
f 4104//5288 4105//5290 4095//5287 
f 4103//5286 4104//5288 4077//5285 
f 4102//5284 4103//5286 4078//5283 
f 4101//5282 4102//5284 4080//5281 
f 4100//5280 4101//5282 4090//5279 
f 4099//5278 4100//5280 4081//5277 
f 4098//5276 4099//5278 4082//5275 
f 4097//5274 4098//5276 4084//5273 
f 4096//5272 4097//5274 4083//5271 
o mesh372
f 4125//5313 4126//5313 4127//5313 
f 4128//5313 4129//5313 4108//5313 
f 4127//5313 4109//5313 4125//5313 
f 4109//5313 4130//5313 4128//5313 
f 4125//5313 4131//5313 4126//5313 
f 4131//5313 4125//5313 4132//5313 
f 4133//5313 4134//5313 4135//5313 
f 4136//5313 4116//5313 4115//5313 
f 4137//5313 4138//5313 4111//5313 
f 4129//5313 4137//5313 4110//5313 
f 4127//5313 4130//5313 4109//5313 
f 4132//5313 4139//5313 4140//5313 
f 4105//5313 4141//5313 4142//5313 
f 4104//5313 4143//5313 4141//5313 
f 4135//5313 4144//5313 4133//5313 
f 4145//5313 4134//5313 4146//5313 
f 4147//5313 4148//5313 4149//5313 
f 4150//5313 4117//5313 4116//5313 
f 4115//5313 4151//5313 4152//5313 
f 4110//5313 4108//5313 4129//5313 
f 4132//5313 4140//5313 4131//5313 
f 4107//5313 4153//5313 4125//5313 
f 4106//5313 4142//5313 4153//5313 
f 4141//5313 4105//5313 4104//5313 
f 4103//5313 4154//5313 4143//5313 
f 4135//5313 4155//5313 4144//5313 
f 4149//5313 4145//5313 4147//5313 
f 4147//5313 4102//5313 4156//5313 
f 4102//5313 4157//5313 4158//5313 
f 4159//5313 4101//5313 4100//5313 
f 4160//5313 4123//5313 4122//5313 
f 4161//5313 4122//5313 4121//5313 
f 4162//5313 4120//5313 4119//5313 
f 4163//5313 4119//5313 4118//5313 
f 4164//5313 4118//5313 4117//5313 
f 4115//5313 4152//5313 4136//5313 
f 4108//5313 4109//5313 4128//5313 
f 4153//5313 4107//5313 4106//5313 
f 4143//5313 4104//5313 4103//5313 
f 4102//5313 4147//5313 4154//5313 
f 4146//5313 4147//5313 4145//5313 
f 4158//5313 4156//5313 4102//5313 
f 4165//5313 4102//5313 4101//5313 
f 4100//5313 4166//5313 4167//5313 
f 4100//5313 4099//5313 4168//5313 
f 4169//5313 4144//5313 4155//5313 
f 4170//5313 4171//5313 4172//5313 
f 4121//5313 4162//5313 4161//5313 
f 4162//5313 4121//5313 4120//5313 
f 4117//5313 4150//5313 4164//5313 
f 4115//5313 4173//5313 4151//5313 
f 4114//5313 4113//5313 4174//5313 
f 4112//5313 4175//5313 4176//5313 
f 4125//5313 4109//5313 4107//5313 
f 4154//5313 4103//5313 4102//5313 
f 4156//5313 4148//5313 4147//5313 
f 4101//5313 4177//5313 4165//5313 
f 4168//5313 4166//5313 4100//5313 
f 4099//5313 4098//5313 4178//5313 
f 4096//5313 4171//5313 4179//5313 
f 4172//5313 4169//5313 4170//5313 
f 4119//5313 4163//5313 4162//5313 
f 4116//5313 4136//5313 4150//5313 
f 4114//5313 4180//5313 4173//5313 
f 4174//5313 4181//5313 4114//5313 
f 4113//5313 4176//5313 4182//5313 
f 4112//5313 4183//5313 4175//5313 
f 4184//5313 4183//5313 4112//5313 
f 4142//5313 4106//5313 4105//5313 
f 4165//5313 4157//5313 4102//5313 
f 4099//5313 4185//5313 4168//5313 
f 4178//5313 4186//5313 4099//5313 
f 4171//5313 4187//5313 4179//5313 
f 4155//5313 4170//5313 4169//5313 
f 4096//5313 4124//5313 4188//5313 
f 4124//5313 4123//5313 4189//5313 
f 4123//5313 4190//5313 4191//5313 
f 4123//5313 4192//5313 4193//5313 
f 4160//5313 4194//5313 4192//5313 
f 4160//5313 4195//5313 4196//5313 
f 4197//5313 4198//5313 4139//5313 
f 4197//5313 4160//5313 4199//5313 
f 4118//5313 4164//5313 4163//5313 
f 4181//5313 4180//5313 4114//5313 
f 4176//5313 4113//5313 4112//5313 
f 4111//5313 4138//5313 4184//5313 
f 4133//5313 4146//5313 4134//5313 
f 4186//5313 4185//5313 4099//5313 
f 4098//5313 4200//5313 4201//5313 
f 4202//5313 4203//5313 4097//5313 
f 4096//5313 4204//5313 4205//5313 
f 4170//5313 4187//5313 4171//5313 
f 4189//5313 4188//5313 4124//5313 
f 4193//5313 4190//5313 4123//5313 
f 4196//5313 4194//5313 4160//5313 
f 4199//5313 4198//5313 4197//5313 
f 4173//5313 4115//5313 4114//5313 
f 4112//5313 4111//5313 4184//5313 
f 4101//5313 4159//5313 4177//5313 
f 4201//5313 4178//5313 4098//5313 
f 4097//5313 4206//5313 4200//5313 
f 4096//5313 4207//5313 4202//5313 
f 4179//5313 4204//5313 4096//5313 
f 4123//5313 4208//5313 4189//5313 
f 4192//5313 4123//5313 4160//5313 
f 4139//5313 4209//5313 4197//5313 
f 4139//5313 4210//5313 4211//5313 
f 4182//5313 4174//5313 4113//5313 
f 4100//5313 4167//5313 4159//5313 
f 4097//5313 4203//5313 4206//5313 
f 4205//5313 4207//5313 4096//5313 
f 4191//5313 4208//5313 4123//5313 
f 4139//5313 4212//5313 4209//5313 
f 4139//5313 4213//5313 4210//5313 
f 4111//5313 4110//5313 4137//5313 
f 4097//5313 4096//5313 4202//5313 
f 4197//5313 4195//5313 4160//5313 
f 4139//5313 4132//5313 4213//5313 
f 4200//5313 4098//5313 4097//5313 
f 4211//5313 4212//5313 4139//5313 
f 4188//5313 4171//5313 4096//5313 
f 4122//5313 4161//5313 4160//5313 
o mesh373
f 4210//5314 4214//5314 4215//5315 
f 4211//5315 4215//5315 4216//5316 
f 4212//5316 4216//5316 4217//5317 
f 4209//5317 4217//5317 4218//5318 
f 4197//5318 4218//5318 4219//5319 
f 4195//5319 4219//5319 4220//5320 
f 4196//5320 4220//5320 4221//5321 
f 4194//5321 4221//5321 4222//5322 
f 4192//5322 4222//5322 4223//5323 
f 4193//5323 4223//5323 4224//5324 
f 4190//5324 4224//5324 4225//5325 
f 4191//5325 4225//5325 4226//5326 
f 4208//5326 4226//5326 4227//5327 
f 4189//5327 4227//5327 4228//5328 
f 4171//5329 4188//5328 4228//5328 
f 4229//5330 4172//5330 4171//5329 
f 4171//5329 4230//5329 4229//5330 
f 4172//5330 4229//5330 4231//5331 
f 4169//5331 4231//5331 4232//5332 
f 4144//5332 4232//5332 4233//5333 
f 4133//5333 4233//5333 4234//5334 
f 4146//5334 4234//5334 4235//5335 
f 4147//5335 4235//5335 4236//5336 
f 4154//5336 4236//5336 4237//5337 
f 4143//5337 4237//5337 4238//5338 
f 4141//5338 4238//5338 4239//5339 
f 4142//5339 4239//5339 4240//5340 
f 4153//5340 4240//5340 4241//5341 
f 4125//5341 4241//5341 4242//5342 
f 4132//5342 4242//5342 4243//5343 
f 4213//5343 4243//5343 4214//5314 
f 4214//5314 4210//5314 4213//5343 
f 4243//5343 4213//5343 4132//5342 
f 4242//5342 4132//5342 4125//5341 
f 4241//5341 4125//5341 4153//5340 
f 4240//5340 4153//5340 4142//5339 
f 4239//5339 4142//5339 4141//5338 
f 4238//5338 4141//5338 4143//5337 
f 4237//5337 4143//5337 4154//5336 
f 4236//5336 4154//5336 4147//5335 
f 4235//5335 4147//5335 4146//5334 
f 4234//5334 4146//5334 4133//5333 
f 4233//5333 4133//5333 4144//5332 
f 4232//5332 4144//5332 4169//5331 
f 4231//5331 4169//5331 4172//5330 
f 4228//5328 4230//5329 4171//5329 
f 4228//5328 4188//5328 4189//5327 
f 4227//5327 4189//5327 4208//5326 
f 4226//5326 4208//5326 4191//5325 
f 4225//5325 4191//5325 4190//5324 
f 4224//5324 4190//5324 4193//5323 
f 4223//5323 4193//5323 4192//5322 
f 4222//5322 4192//5322 4194//5321 
f 4221//5321 4194//5321 4196//5320 
f 4220//5320 4196//5320 4195//5319 
f 4219//5319 4195//5319 4197//5318 
f 4218//5318 4197//5318 4209//5317 
f 4217//5317 4209//5317 4212//5316 
f 4216//5316 4212//5316 4211//5315 
f 4215//5315 4211//5315 4210//5314 
usemtl 0.250980_0.250980_0.250980_0.000000_0.000000
o mesh374
f 4244//5344 4229//5344 4230//5344 
f 4230//5344 4228//5344 4244//5344 
f 4245//5344 4221//5344 4220//5344 
f 4244//5344 4231//5344 4229//5344 
f 4231//5344 4244//5344 4246//5344 
f 4247//5344 4248//5344 4249//5344 
f 4250//5344 4248//5344 4247//5344 
f 4251//5344 4252//5344 4253//5344 
f 4220//5344 4254//5344 4245//5344 
f 4255//5344 4222//5344 4221//5344 
f 4246//5344 4232//5344 4231//5344 
f 4256//5344 4257//5344 4258//5344 
f 4259//5344 4260//5344 4261//5344 
f 4262//5344 4263//5344 4264//5344 
f 4265//5344 4262//5344 4266//5344 
f 4233//5344 4232//5344 4267//5344 
f 4247//5344 4268//5344 4250//5344 
f 4252//5344 4269//5344 4268//5344 
f 4253//5344 4270//5344 4251//5344 
f 4271//5344 4272//5344 4273//5344 
f 4221//5344 4271//5344 4255//5344 
f 4255//5344 4224//5344 4223//5344 
f 4228//5344 4227//5344 4244//5344 
f 4274//5344 4275//5344 4276//5344 
f 4256//5344 4274//5344 4257//5344 
f 4277//5344 4258//5344 4278//5344 
f 4261//5344 4279//5344 4259//5344 
f 4263//5344 4259//5344 4280//5344 
f 4264//5344 4281//5344 4262//5344 
f 4266//5344 4282//5344 4265//5344 
f 4283//5344 4235//5344 4234//5344 
f 4284//5344 4234//5344 4233//5344 
f 4285//5344 4238//5344 4237//5344 
f 4285//5344 4286//5344 4243//5344 
f 4216//5344 4287//5344 4288//5344 
f 4268//5344 4269//5344 4250//5344 
f 4270//5344 4289//5344 4251//5344 
f 4272//5344 4251//5344 4289//5344 
f 4273//5344 4290//5344 4271//5344 
f 4223//5344 4222//5344 4255//5344 
f 4226//5344 4276//5344 4244//5344 
f 4274//5344 4256//5344 4275//5344 
f 4278//5344 4291//5344 4277//5344 
f 4260//5344 4292//5344 4293//5344 
f 4280//5344 4264//5344 4263//5344 
f 4282//5344 4285//5344 4265//5344 
f 4234//5344 4284//5344 4283//5344 
f 4232//5344 4246//5344 4267//5344 
f 4265//5344 4237//5344 4236//5344 
f 4285//5344 4239//5344 4238//5344 
f 4285//5344 4241//5344 4240//5344 
f 4243//5344 4242//5344 4285//5344 
f 4294//5344 4295//5344 4296//5344 
f 4297//5344 4296//5344 4298//5344 
f 4299//5344 4300//5344 4217//5344 
f 4216//5344 4301//5344 4287//5344 
f 4268//5344 4253//5344 4252//5344 
f 4290//5344 4255//5344 4271//5344 
f 4255//5344 4225//5344 4224//5344 
f 4255//5344 4274//5344 4226//5344 
f 4276//5344 4226//5344 4274//5344 
f 4278//5344 4302//5344 4291//5344 
f 4302//5344 4278//5344 4303//5344 
f 4303//5344 4304//5344 4305//5344 
f 4293//5344 4261//5344 4260//5344 
f 4281//5344 4266//5344 4262//5344 
f 4267//5344 4284//5344 4233//5344 
f 4237//5344 4265//5344 4285//5344 
f 4242//5344 4241//5344 4285//5344 
f 4295//5344 4214//5344 4243//5344 
f 4295//5344 4294//5344 4215//5344 
f 4215//5344 4294//5344 4306//5344 
f 4296//5344 4307//5344 4308//5344 
f 4298//5344 4309//5344 4297//5344 
f 4218//5344 4217//5344 4300//5344 
f 4216//5344 4310//5344 4299//5344 
f 4216//5344 4306//5344 4301//5344 
f 4289//5344 4273//5344 4272//5344 
f 4226//5344 4225//5344 4255//5344 
f 4258//5344 4277//5344 4256//5344 
f 4305//5344 4311//5344 4303//5344 
f 4293//5344 4312//5344 4313//5344 
f 4279//5344 4280//5344 4259//5344 
f 4236//5344 4235//5344 4265//5344 
f 4243//5344 4286//5344 4295//5344 
f 4306//5344 4216//5344 4215//5344 
f 4297//5344 4307//5344 4296//5344 
f 4254//5344 4219//5344 4218//5344 
f 4288//5344 4310//5344 4216//5344 
f 4245//5344 4271//5344 4221//5344 
f 4303//5344 4311//5344 4302//5344 
f 4292//5344 4312//5344 4293//5344 
f 4240//5344 4239//5344 4285//5344 
f 4296//5344 4308//5344 4294//5344 
f 4217//5344 4216//5344 4299//5344 
f 4227//5344 4226//5344 4244//5344 
f 4283//5344 4265//5344 4235//5344 
f 4300//5344 4254//5344 4218//5344 
f 4313//5344 4314//5344 4293//5344 
f 4254//5344 4220//5344 4219//5344 
f 4215//5344 4214//5344 4295//5344 
f 4249//5344 4315//5344 4247//5344 
usemtl 1.000000_1.000000_1.000000_0.000000_0.000000
o mesh375
f 4175//5345 4316//5345 4317//5346 
f 4176//5346 4317//5346 4318//5347 
f 4182//5347 4318//5347 4319//5348 
f 4174//5348 4319//5348 4320//5349 
f 4181//5349 4320//5349 4321//5350 
f 4180//5350 4321//5350 4322//5351 
f 4173//5351 4322//5351 4315//5352 
f 4315//5352 4151//5353 4173//5351 
f 4151//5353 4249//5353 4248//5354 
f 4152//5354 4248//5354 4250//5355 
f 4136//5355 4250//5355 4269//5356 
f 4150//5356 4269//5356 4252//5357 
f 4164//5357 4252//5357 4251//5358 
f 4163//5358 4251//5358 4272//5359 
f 4162//5359 4272//5359 4271//5360 
f 4271//5360 4245//5361 4160//5362 
f 4245//5361 4199//5361 4160//5362 
f 4199//5361 4245//5361 4254//5363 
f 4198//5363 4254//5363 4300//5364 
f 4139//5364 4300//5364 4299//5365 
f 4140//5365 4299//5365 4310//5366 
f 4131//5366 4310//5366 4288//5367 
f 4126//5367 4288//5367 4287//5368 
f 4127//5368 4287//5368 4301//5369 
f 4130//5369 4301//5369 4306//5370 
f 4128//5370 4306//5370 4294//5371 
f 4129//5371 4294//5371 4308//5372 
f 4137//5372 4308//5372 4307//5373 
f 4138//5373 4307//5373 4297//5374 
f 4184//5374 4297//5374 4309//5375 
f 4309//5375 4183//5376 4184//5374 
f 4183//5376 4323//5376 4316//5345 
f 4316//5345 4175//5345 4183//5376 
f 4309//5375 4323//5376 4183//5376 
f 4297//5374 4184//5374 4138//5373 
f 4307//5373 4138//5373 4137//5372 
f 4308//5372 4137//5372 4129//5371 
f 4294//5371 4129//5371 4128//5370 
f 4306//5370 4128//5370 4130//5369 
f 4301//5369 4130//5369 4127//5368 
f 4287//5368 4127//5368 4126//5367 
f 4288//5367 4126//5367 4131//5366 
f 4310//5366 4131//5366 4140//5365 
f 4299//5365 4140//5365 4139//5364 
f 4300//5364 4139//5364 4198//5363 
f 4254//5363 4198//5363 4199//5361 
f 4160//5362 4161//5377 4271//5360 
f 4271//5360 4161//5377 4162//5359 
f 4272//5359 4162//5359 4163//5358 
f 4251//5358 4163//5358 4164//5357 
f 4252//5357 4164//5357 4150//5356 
f 4269//5356 4150//5356 4136//5355 
f 4250//5355 4136//5355 4152//5354 
f 4248//5354 4152//5354 4151//5353 
f 4315//5352 4249//5353 4151//5353 
f 4322//5351 4173//5351 4180//5350 
f 4321//5350 4180//5350 4181//5349 
f 4320//5349 4181//5349 4174//5348 
f 4319//5348 4174//5348 4182//5347 
f 4318//5347 4182//5347 4176//5346 
f 4317//5346 4176//5346 4175//5345 
usemtl 0.792157_0.819608_0.933333_0.000000_0.000000
o mesh376
f 4324//5378 4320//5378 4319//5378 
f 4324//5378 4317//5378 4316//5378 
f 4319//5378 4318//5378 4324//5378 
f 4324//5378 4322//5378 4321//5378 
f 4318//5378 4317//5378 4324//5378 
f 4324//5378 4315//5378 4322//5378 
f 4316//5378 4323//5378 4324//5378 
f 4323//5378 4309//5378 4324//5378 
f 4321//5378 4320//5378 4324//5378 
usemtl 1.000000_1.000000_1.000000_0.000000_0.000000
o mesh377
f 4149//5379 4265//5379 4283//5380 
f 4145//5380 4283//5380 4284//5381 
f 4134//5381 4284//5381 4267//5382 
f 4135//5382 4267//5382 4246//5383 
f 4155//5383 4246//5383 4244//5384 
f 4170//5384 4244//5384 4276//5385 
f 4187//5385 4276//5385 4275//5386 
f 4179//5386 4275//5386 4256//5387 
f 4204//5387 4256//5387 4277//5388 
f 4205//5388 4277//5388 4291//5389 
f 4207//5389 4291//5389 4302//5390 
f 4202//5390 4302//5390 4311//5391 
f 4203//5391 4311//5391 4305//5392 
f 4200//5393 4206//5392 4304//5394 
f 4206//5392 4305//5392 4304//5394 
f 4200//5393 4325//5393 4326//5395 
f 4201//5395 4326//5395 4327//5396 
f 4178//5396 4327//5396 4328//5397 
f 4186//5397 4328//5397 4329//5398 
f 4185//5398 4329//5398 4330//5399 
f 4168//5399 4330//5399 4331//5400 
f 4166//5400 4331//5400 4332//5401 
f 4159//5402 4167//5401 4314//5403 
f 4167//5401 4332//5401 4314//5403 
f 4159//5402 4313//5402 4312//5404 
f 4177//5404 4312//5404 4292//5405 
f 4165//5405 4292//5405 4260//5406 
f 4157//5406 4260//5406 4259//5407 
f 4158//5407 4259//5407 4263//5408 
f 4156//5408 4263//5408 4262//5409 
f 4148//5409 4262//5409 4265//5379 
f 4265//5379 4149//5379 4148//5409 
f 4262//5409 4148//5409 4156//5408 
f 4263//5408 4156//5408 4158//5407 
f 4259//5407 4158//5407 4157//5406 
f 4260//5406 4157//5406 4165//5405 
f 4292//5405 4165//5405 4177//5404 
f 4312//5404 4177//5404 4159//5402 
f 4314//5403 4313//5402 4159//5402 
f 4332//5401 4167//5401 4166//5400 
f 4331//5400 4166//5400 4168//5399 
f 4330//5399 4168//5399 4185//5398 
f 4329//5398 4185//5398 4186//5397 
f 4328//5397 4186//5397 4178//5396 
f 4327//5396 4178//5396 4201//5395 
f 4326//5395 4201//5395 4200//5393 
f 4304//5394 4325//5393 4200//5393 
f 4305//5392 4206//5392 4203//5391 
f 4311//5391 4203//5391 4202//5390 
f 4302//5390 4202//5390 4207//5389 
f 4291//5389 4207//5389 4205//5388 
f 4277//5388 4205//5388 4204//5387 
f 4256//5387 4204//5387 4179//5386 
f 4275//5386 4179//5386 4187//5385 
f 4276//5385 4187//5385 4170//5384 
f 4244//5384 4170//5384 4155//5383 
f 4246//5383 4155//5383 4135//5382 
f 4267//5382 4135//5382 4134//5381 
f 4284//5381 4134//5381 4145//5380 
f 4283//5380 4145//5380 4149//5379 
usemtl 0.792157_0.819608_0.933333_0.000000_0.000000
o mesh378
f 4333//5410 4330//5410 4329//5410 
f 4333//5410 4331//5410 4330//5410 
f 4334//5410 4332//5410 4331//5410 
f 4331//5410 4333//5410 4334//5410 
f 4329//5410 4328//5410 4333//5410 
f 4333//5410 4327//5410 4326//5410 
f 4328//5410 4327//5410 4333//5410 
f 4326//5410 4325//5410 4333//5410 
f 4325//5410 4304//5410 4333//5410 
f 4334//5410 4314//5410 4332//5410 
usemtl 0.866667_1.000000_0.811765_0.000000_0.000000
o mesh379
f 4295//5411 4335//5411 4336//5412 
f 4298//5413 4296//5412 4337//5414 
f 4296//5412 4336//5412 4337//5414 
f 4324//5415 4309//5416 4338//5417 
f 4309//5416 4339//5418 4338//5417 
f 4340//5419 4341//5420 4309//5416 
f 4309//5416 4298//5413 4340//5419 
f 4341//5420 4339//5418 4309//5416 
f 4342//5421 4343//5422 4315//5423 
f 4247//5424 4315//5423 4343//5422 
f 4343//5422 4344//5424 4247//5424 
f 4247//5424 4344//5424 4345//5425 
f 4268//5425 4345//5425 4346//5426 
f 4346//5426 4253//5427 4268//5425 
f 4253//5427 4347//5427 4348//5428 
f 4270//5428 4348//5428 4349//5429 
f 4349//5429 4289//5430 4270//5428 
f 4289//5430 4350//5430 4351//5431 
f 4290//5432 4273//5431 4352//5433 
f 4273//5431 4351//5431 4352//5433 
f 4290//5432 4353//5432 4354//5434 
f 4354//5434 4255//5435 4290//5432 
f 4255//5435 4355//5435 4356//5436 
f 4257//5437 4274//5436 4357//5438 
f 4274//5436 4356//5436 4358//5439 
f 4358//5439 4357//5438 4274//5436 
f 4258//5440 4257//5437 4359//5441 
f 4257//5437 4360//5442 4359//5441 
f 4258//5440 4361//5443 4362//5444 
f 4278//5444 4362//5444 4363//5445 
f 4363//5445 4303//5446 4278//5444 
f 4364//5446 4365//5447 4304//5448 
f 4333//5449 4304//5448 4365//5447 
f 4365//5447 4366//5449 4333//5449 
f 4333//5449 4366//5449 4367//5450 
f 4314//5451 4368//5452 4369//5453 
f 4369//5453 4293//5454 4314//5451 
f 4314//5451 4367//5450 4368//5452 
f 4369//5453 4370//5454 4293//5454 
f 4293//5454 4370//5454 4371//5455 
f 4371//5455 4261//5456 4293//5454 
f 4261//5456 4372//5456 4373//5457 
f 4280//5458 4279//5457 4374//5459 
f 4279//5457 4373//5457 4374//5459 
f 4264//5460 4280//5458 4375//5461 
f 4280//5458 4376//5462 4375//5461 
f 4264//5460 4377//5463 4378//5464 
f 4281//5464 4378//5464 4379//5465 
f 4266//5465 4379//5465 4380//5466 
f 4282//5466 4380//5466 4381//5467 
f 4381//5467 4285//5468 4282//5466 
f 4285//5468 4382//5468 4383//5469 
f 4383//5469 4286//5470 4285//5468 
f 4286//5470 4384//5470 4335//5411 
f 4335//5411 4295//5411 4286//5470 
f 4383//5469 4384//5470 4286//5470 
f 4381//5467 4382//5468 4285//5468 
f 4380//5466 4282//5466 4266//5465 
f 4379//5465 4266//5465 4281//5464 
f 4378//5464 4281//5464 4264//5460 
f 4375//5461 4377//5463 4264//5460 
f 4374//5459 4376//5462 4280//5458 
f 4373//5457 4279//5457 4261//5456 
f 4371//5455 4372//5456 4261//5456 
f 4314//5451 4334//5471 4367//5450 
f 4367//5450 4334//5471 4333//5449 
f 4304//5448 4303//5446 4364//5446 
f 4363//5445 4364//5446 4303//5446 
f 4362//5444 4278//5444 4258//5440 
f 4359//5441 4361//5443 4258//5440 
f 4357//5438 4360//5442 4257//5437 
f 4356//5436 4274//5436 4255//5435 
f 4354//5434 4355//5435 4255//5435 
f 4352//5433 4353//5432 4290//5432 
f 4351//5431 4273//5431 4289//5430 
f 4349//5429 4350//5430 4289//5430 
f 4348//5428 4270//5428 4253//5427 
f 4346//5426 4347//5427 4253//5427 
f 4345//5425 4268//5425 4247//5424 
f 4315//5423 4324//5415 4342//5421 
f 4338//5417 4342//5421 4324//5415 
f 4337//5414 4340//5419 4298//5413 
f 4336//5412 4296//5412 4295//5411 
usemtl 0.019608_0.780392_0.000000_0.000000_0.000000
o mesh380
f 4378//5472 4385//5472 4386//5472 
f 4386//5472 4379//5472 4378//5472 
f 4378//5472 4377//5472 4387//5472 
f 4387//5472 4385//5472 4378//5472 
f 4380//5472 4379//5472 4388//5472 
f 4377//5472 4389//5472 4387//5472 
f 4386//5472 4388//5472 4379//5472 
f 4388//5472 4390//5472 4380//5472 
f 4377//5472 4375//5472 4389//5472 
f 4390//5472 4381//5472 4380//5472 
usemtl 0.650980_0.619608_0.588235_0.000000_0.000000
o mesh381
f 3618//5473 4391//5474 4392//5475 
f 4393//5476 3617//5477 3616//5478 
f 4393//5476 3615//5479 3617//5477 
f 3616//5478 4392//5475 4393//5476 
f 3620//5480 4394//5481 4395//5482 
f 4395//5482 3619//5483 3620//5480 
f 4391//5474 3618//5473 3619//5483 
f 4395//5482 4391//5474 3619//5483 
f 3622//5484 4396//5485 4394//5481 
f 3621//5486 4397//5487 4396//5485 
f 4396//5485 3622//5484 3621//5486 
f 3621//5486 3623//5488 4397//5487 
f 4394//5481 3620//5480 3622//5484 
f 3624//5489 4398//5490 4399//5491 
f 4399//5491 3623//5488 3624//5489 
f 3634//5492 3625//5493 4400//5494 
f 4398//5490 3624//5489 3634//5492 
f 4400//5494 4398//5490 3634//5492 
f 4400//5494 3625//5493 3626//5495 
f 3626//5495 3627//5496 4401//5497 
f 4401//5497 4402//5498 3626//5495 
f 3626//5495 4402//5498 4400//5494 
f 4399//5491 4397//5487 3623//5488 
f 4403//5499 4401//5497 3627//5496 
f 3629//5500 3628//5501 4404//5502 
f 3628//5501 4405//5503 4404//5502 
f 4404//5502 4403//5499 3629//5500 
f 3627//5496 3629//5500 4403//5499 
f 3630//5504 3632//5505 4406//5506 
f 3631//5507 3630//5504 4407//5508 
f 4405//5503 3628//5501 3631//5507 
f 4407//5508 4405//5503 3631//5507 
f 3632//5505 3633//5509 4408//5510 
f 3633//5509 3560//5511 4409//5512 
f 4409//5512 4408//5510 3633//5509 
f 3560//5511 4410//5511 4411//5513 
f 4411//5513 4409//5512 3560//5511 
f 4410//5511 3560//5511 3559//5514 
f 3559//5514 4412//5515 4410//5511 
f 3561//5516 4413//5517 4412//5515 
f 3559//5514 3561//5516 4412//5515 
f 3562//5518 4414//5519 4413//5517 
f 3563//5520 4415//5521 4414//5519 
f 4414//5519 3562//5518 3563//5520 
f 4415//5521 3563//5520 3564//5522 
f 3565//5523 4416//5524 4417//5525 
f 4417//5525 3564//5522 3565//5523 
f 3565//5523 3567//5526 4416//5524 
f 3564//5522 4417//5525 4415//5521 
f 4413//5517 3561//5516 3562//5518 
f 3566//5527 4418//5528 4419//5529 
f 3566//5527 3569//5530 4420//5531 
f 4420//5531 4418//5528 3566//5527 
f 4419//5529 3567//5526 3566//5527 
f 3568//5532 4421//5533 4420//5531 
f 3568//5532 3570//5534 4422//5535 
f 4422//5535 4421//5533 3568//5532 
f 4422//5535 3570//5534 3571//5536 
f 3571//5536 3572//5537 4423//5538 
f 4423//5538 4424//5539 3571//5536 
f 4425//5540 4423//5538 3572//5537 
f 3574//5541 3573//5542 4426//5543 
f 4426//5543 4425//5540 3574//5541 
f 3572//5537 3574//5541 4425//5540 
f 3571//5536 4424//5539 4422//5535 
f 3576//5544 4427//5545 4426//5543 
f 4427//5545 3576//5544 3575//5546 
f 3575//5546 4428//5547 4427//5545 
f 3575//5546 4429//5548 4428//5547 
f 3577//5549 4430//5550 4429//5548 
f 3579//5551 3580//5552 4431//5553 
f 4430//5550 3577//5549 3578//5554 
f 3578//5554 3579//5551 4430//5550 
f 3580//5552 4432//5555 4431//5553 
f 4431//5553 4430//5550 3579//5551 
f 4429//5548 3575//5546 3577//5549 
f 3581//5556 3582//5557 4433//5558 
f 4432//5555 3580//5552 3581//5556 
f 3582//5557 4434//5559 4433//5558 
f 4433//5558 4432//5555 3581//5556 
f 3583//5560 3585//5561 4435//5562 
f 3584//5563 3583//5560 4436//5564 
f 4434//5559 3582//5557 3584//5563 
f 4436//5564 4434//5559 3584//5563 
f 4435//5562 4436//5564 3583//5560 
f 4437//5565 3585//5561 3586//5566 
f 3586//5566 4438//5567 4437//5565 
f 4438//5567 3586//5566 3597//5568 
f 3597//5568 4439//5569 4438//5567 
f 3587//5570 4440//5571 4439//5569 
f 3588//5572 3589//5573 4441//5574 
f 4440//5571 3587//5570 3588//5572 
f 4441//5574 4440//5571 3588//5572 
f 4439//5569 3597//5568 3587//5570 
f 4437//5565 4435//5562 3585//5561 
f 4426//5543 3573//5542 3576//5544 
f 4420//5531 3569//5530 3568//5532 
f 3591//5575 3590//5576 4442//5577 
f 4443//5578 3589//5573 3591//5575 
f 4442//5577 4443//5578 3591//5575 
f 3590//5576 4444//5579 4442//5577 
f 4443//5578 4441//5574 3589//5573 
f 4419//5529 4416//5524 3567//5526 
f 4408//5510 4406//5506 3632//5505 
f 3592//5580 3593//5581 4445//5582 
f 4444//5579 3590//5576 3592//5580 
f 3593//5581 4446//5583 4445//5582 
f 3594//5584 4447//5585 4446//5583 
f 4447//5585 3594//5584 3595//5586 
f 3595//5586 4448//5587 4447//5585 
f 3596//5588 4449//5589 4448//5587 
f 3596//5588 4450//5588 4449//5589 
f 4448//5587 3595//5586 3596//5588 
f 4450//5588 3596//5588 3598//5590 
f 3598//5590 4451//5591 4450//5588 
f 3599//5592 4452//5593 4451//5591 
f 3598//5590 3599//5592 4451//5591 
f 4446//5583 3593//5581 3594//5584 
f 3600//5594 4453//5595 4452//5593 
f 3601//5596 4454//5597 4453//5595 
f 4453//5595 3600//5594 3601//5596 
f 4452//5593 3599//5592 3600//5594 
f 3603//5598 3602//5599 4455//5600 
f 3602//5599 4456//5601 4455//5600 
f 4455//5600 4454//5597 3603//5598 
f 3602//5599 3604//5602 4456//5601 
f 3601//5596 3603//5598 4454//5597 
f 4445//5582 4444//5579 3592//5580 
f 3605//5603 4457//5604 4456//5601 
f 3605//5603 4458//5605 4457//5604 
f 3607//5606 4459//5607 4458//5605 
f 4458//5605 3605//5603 3607//5606 
f 4459//5607 3607//5606 3606//5608 
f 3608//5609 4460//5610 4461//5611 
f 4461//5611 3606//5608 3608//5609 
f 4462//5612 4460//5610 3608//5609 
f 3610//5613 3609//5614 4463//5615 
f 4464//5616 4463//5615 3609//5614 
f 3609//5614 3612//5617 4464//5616 
f 3612//5617 4465//5618 4464//5616 
f 4463//5615 4462//5612 3610//5613 
f 3608//5609 3610//5613 4462//5612 
f 3613//5619 4466//5620 4467//5621 
f 4467//5621 3611//5622 3613//5619 
f 4465//5618 3612//5617 3611//5622 
f 3611//5622 4467//5621 4465//5618 
f 3614//5623 3615//5479 4468//5624 
f 3615//5479 4393//5476 4468//5624 
f 4468//5624 4466//5620 3614//5623 
f 3613//5619 3614//5623 4466//5620 
f 3606//5608 4461//5611 4459//5607 
f 4456//5601 3604//5602 3605//5603 
f 4406//5506 4407//5508 3630//5504 
f 4392//5475 3616//5478 3618//5473 
o mesh382
f 4450//5625 4469//5626 4470//5627 
f 4470//5627 4449//5628 4450//5625 
f 4471//5629 4472//5630 4448//5631 
f 4472//5630 4447//5632 4448//5631 
f 4447//5632 4472//5630 4473//5633 
f 4474//5634 4445//5635 4446//5636 
f 4446//5636 4473//5633 4474//5634 
f 4444//5637 4445//5635 4475//5638 
f 4445//5635 4474//5634 4475//5638 
f 4476//5639 4442//5640 4444//5637 
f 4442//5640 4476//5639 4477//5641 
f 4477//5641 4443//5642 4442//5640 
f 4478//5643 4440//5644 4441//5645 
f 4441//5645 4479//5646 4478//5643 
f 4478//5643 4480//5647 4440//5644 
f 4480//5647 4481//5648 4439//5649 
f 4481//5648 4438//5650 4439//5649 
f 4437//5651 4438//5650 4482//5652 
f 4438//5650 4481//5648 4482//5652 
f 4436//5653 4435//5654 4483//5655 
f 4435//5654 4484//5656 4483//5655 
f 4483//5655 4485//5657 4436//5653 
f 4485//5657 4486//5658 4434//5659 
f 4433//5660 4434//5659 4486//5658 
f 4486//5658 4487//5661 4433//5660 
f 4433//5660 4487//5661 4488//5662 
f 4489//5663 4431//5664 4432//5665 
f 4432//5665 4488//5662 4489//5663 
f 4430//5666 4431//5664 4489//5663 
f 4489//5663 4490//5667 4430//5666 
f 4488//5662 4432//5665 4433//5660 
f 4434//5659 4436//5653 4485//5657 
f 4435//5654 4437//5651 4484//5656 
f 4482//5652 4484//5656 4437//5651 
f 4439//5649 4440//5644 4480//5647 
f 4441//5645 4443//5642 4479//5646 
f 4477//5641 4479//5646 4443//5642 
f 4475//5638 4476//5639 4444//5637 
f 4473//5633 4446//5636 4447//5632 
f 4448//5631 4449//5628 4471//5629 
f 4470//5627 4471//5629 4449//5628 
o mesh383
f 4471//5668 4491//5669 4492//5670 
f 4471//5668 4493//5671 4494//5672 
f 4471//5668 4495//5673 4496//5674 
f 4471//5668 4497//5675 4495//5673 
f 4496//5674 4498//5676 4471//5668 
f 4498//5676 4493//5671 4471//5668 
f 4494//5672 4491//5669 4471//5668 
f 4471//5668 4499//5677 4500//5678 
f 4471//5668 4501//5679 4499//5677 
f 4500//5678 4502//5680 4471//5668 
f 4549//5681 4503//5682 4504//5683 
f 4504//5683 4505//5684 4549//5681 
f 4549//5681 4506//5685 4507//5686 
f 4549//5681 4508//5687 4509//5688 
f 4509//5688 4506//5685 4549//5681 
f 4507//5686 4503//5682 4549//5681 
f 4549//5681 4510//5689 4511//5690 
f 4511//5690 4508//5687 4549//5681 
f 4549//5681 4470//5691 4469//5692 
f 4549//5681 4471//5668 4470//5691 
f 4469//5692 4510//5689 4549//5681 
f 4549//5681 4501//5679 4471//5668 
f 4505//5684 4501//5679 4549//5681 
f 4502//5680 4497//5675 4471//5668 
f 4512//5693 4472//5694 4471//5668 
f 4512//5693 4474//5695 4473//5696 
f 4473//5696 4472//5694 4512//5693 
f 4512//5693 4476//5697 4475//5698 
f 4512//5693 4479//5699 4477//5700 
f 4477//5700 4476//5697 4512//5693 
f 4475//5698 4474//5695 4512//5693 
f 4512//5693 4480//5701 4478//5702 
f 4512//5693 4481//5703 4480//5701 
f 4478//5702 4479//5699 4512//5693 
f 4512//5693 4484//5704 4482//5705 
f 4512//5693 4485//5706 4483//5707 
f 4512//5693 4487//5708 4486//5709 
f 4486//5709 4485//5706 4512//5693 
f 4512//5693 4489//5710 4488//5711 
f 4512//5693 4513//5712 4514//5713 
f 4514//5713 4490//5714 4512//5693 
f 4512//5693 4515//5715 4513//5712 
f 4490//5714 4489//5710 4512//5693 
f 4488//5711 4487//5708 4512//5693 
f 4483//5707 4484//5704 4512//5693 
f 4512//5693 4516//5716 4517//5717 
f 4512//5693 4518//5718 4516//5716 
f 4512//5693 4519//5719 4518//5718 
f 4517//5717 4515//5715 4512//5693 
f 4512//5693 4520//5720 4521//5721 
f 4512//5693 4522//5722 4523//5723 
f 4523//5723 4520//5720 4512//5693 
f 4512//5693 4524//5724 4525//5725 
f 4512//5693 4526//5726 4527//5727 
f 4512//5693 4528//5728 4529//5729 
f 4529//5729 4526//5726 4512//5693 
f 4530//5730 4531//5731 4532//5732 
f 4550//5733 4533//5734 4534//5735 
f 4531//5731 4530//5730 4550//5733 
f 4550//5733 4535//5736 4536//5737 
f 4536//5737 4537//5738 4550//5733 
f 4550//5733 4538//5739 4539//5740 
f 4550//5733 4540//5741 4541//5742 
f 4550//5733 4530//5730 4542//5743 
f 4542//5743 4540//5741 4550//5733 
f 4541//5742 4538//5739 4550//5733 
f 4539//5740 4535//5736 4550//5733 
f 4537//5738 4533//5734 4550//5733 
f 4534//5735 4531//5731 4550//5733 
f 4528//5728 4543//5744 4544//5745 
f 4544//5745 4545//5746 4528//5728 
f 4528//5728 4546//5747 4547//5748 
f 4528//5728 4512//5693 4548//5749 
f 4548//5749 4546//5747 4528//5728 
f 4547//5748 4543//5744 4528//5728 
f 4545//5746 4530//5730 4528//5728 
f 4532//5732 4528//5728 4530//5730 
f 4527//5727 4524//5724 4512//5693 
f 4525//5725 4522//5722 4512//5693 
f 4521//5721 4519//5719 4512//5693 
f 4482//5705 4481//5703 4512//5693 
f 4492//5670 4512//5693 4471//5668 
o mesh384
f 4490//5750 4514//5751 4429//5752 
f 4428//5753 4429//5752 4514//5751 
f 4514//5751 4513//5754 4428//5753 
f 4515//5755 4427//5756 4428//5753 
f 4425//5757 4426//5758 4517//5759 
f 4517//5759 4516//5760 4425//5757 
f 4426//5758 4515//5755 4517//5759 
f 4516//5760 4518//5761 4425//5757 
f 4519//5762 4424//5763 4423//5764 
f 4423//5764 4518//5761 4519//5762 
f 4424//5763 4519//5762 4521//5765 
f 4520//5766 4421//5767 4422//5768 
f 4422//5768 4521//5765 4520//5766 
f 4523//5769 4522//5770 4420//5771 
f 4421//5767 4520//5766 4523//5769 
f 4522//5770 4418//5772 4420//5771 
f 4418//5772 4522//5770 4525//5773 
f 4525//5773 4419//5774 4418//5772 
f 4416//5775 4524//5776 4527//5777 
f 4527//5777 4417//5778 4416//5775 
f 4527//5777 4526//5779 4417//5778 
f 4526//5779 4529//5780 4415//5781 
f 4414//5782 4415//5781 4529//5780 
f 4529//5780 4528//5783 4414//5782 
f 4414//5782 4528//5783 4532//5784 
f 4531//5785 4412//5786 4413//5787 
f 4413//5787 4532//5784 4531//5785 
f 4531//5785 4534//5788 4410//5789 
f 4410//5789 4412//5786 4531//5785 
f 4532//5784 4413//5787 4414//5782 
f 4415//5781 4417//5778 4526//5779 
f 4416//5775 4419//5774 4524//5776 
f 4525//5773 4524//5776 4419//5774 
f 4420//5771 4421//5767 4523//5769 
f 4521//5765 4422//5768 4424//5763 
f 4423//5764 4425//5757 4518//5761 
f 4426//5758 4427//5756 4515//5755 
f 4428//5753 4513//5754 4515//5755 
f 4429//5752 4430//5790 4490//5750 
o mesh385
f 4410//5791 4534//5792 4533//5793 
f 4537//5794 4408//5795 4409//5796 
f 4409//5796 4533//5793 4537//5794 
f 4408//5795 4537//5794 4536//5797 
f 4535//5798 4407//5799 4406//5800 
f 4406//5800 4536//5797 4535//5798 
f 4539//5801 4538//5802 4405//5803 
f 4407//5799 4535//5798 4539//5801 
f 4538//5802 4404//5804 4405//5803 
f 4403//5805 4404//5804 4541//5806 
f 4404//5804 4538//5802 4541//5806 
f 4401//5807 4540//5808 4542//5809 
f 4542//5809 4402//5810 4401//5807 
f 4542//5809 4530//5811 4402//5810 
f 4545//5812 4398//5813 4400//5814 
f 4400//5814 4530//5811 4545//5812 
f 4399//5815 4398//5813 4544//5816 
f 4398//5813 4545//5812 4544//5816 
f 4543//5817 4547//5818 4397//5819 
f 4396//5820 4397//5819 4547//5818 
f 4547//5818 4546//5821 4396//5820 
f 4546//5821 4548//5822 4394//5823 
f 4395//5824 4394//5823 4548//5822 
f 4548//5822 4512//5825 4395//5824 
f 4395//5824 4512//5825 4492//5826 
f 4491//5827 4392//5828 4391//5829 
f 4391//5829 4492//5826 4491//5827 
f 4491//5827 4494//5830 4393//5831 
f 4393//5831 4392//5828 4491//5827 
f 4492//5826 4391//5829 4395//5824 
f 4394//5823 4396//5820 4546//5821 
f 4397//5819 4399//5815 4543//5817 
f 4544//5816 4543//5817 4399//5815 
f 4400//5814 4402//5810 4530//5811 
f 4401//5807 4403//5805 4540//5808 
f 4541//5806 4540//5808 4403//5805 
f 4405//5803 4407//5799 4539//5801 
f 4536//5797 4406//5800 4408//5795 
f 4409//5796 4411//5832 4533//5793 
f 4533//5793 4411//5832 4410//5791 
o mesh386
f 4393//5833 4494//5834 4493//5835 
f 4493//5835 4498//5836 4466//5837 
f 4498//5836 4467//5838 4466//5837 
f 4467//5838 4496//5839 4495//5840 
f 4495//5840 4465//5841 4467//5838 
f 4467//5838 4498//5836 4496//5839 
f 4497//5842 4464//5843 4465//5841 
f 4497//5842 4502//5844 4463//5845 
f 4502//5844 4500//5846 4462//5847 
f 4500//5846 4460//5848 4462//5847 
f 4499//5849 4461//5850 4460//5848 
f 4460//5848 4500//5846 4499//5849 
f 4499//5849 4501//5851 4461//5850 
f 4501//5851 4505//5852 4459//5853 
f 4505//5852 4458//5854 4459//5853 
f 4457//5855 4458//5854 4504//5856 
f 4458//5854 4505//5852 4504//5856 
f 4455//5857 4456//5858 4507//5859 
f 4456//5858 4503//5860 4507//5859 
f 4507//5859 4506//5861 4455//5857 
f 4506//5861 4509//5862 4454//5863 
f 4453//5864 4454//5863 4509//5862 
f 4509//5862 4508//5865 4453//5864 
f 4508//5865 4511//5866 4452//5867 
f 4451//5868 4452//5867 4511//5866 
f 4511//5866 4510//5869 4451//5868 
f 4510//5869 4469//5870 4450//5871 
f 4450//5871 4451//5868 4510//5869 
f 4452//5867 4453//5864 4508//5865 
f 4454//5863 4455//5857 4506//5861 
f 4456//5858 4457//5855 4503//5860 
f 4504//5856 4503//5860 4457//5855 
f 4459//5853 4461//5850 4501//5851 
f 4462//5847 4463//5845 4502//5844 
f 4463//5845 4464//5843 4497//5842 
f 4495//5840 4497//5842 4465//5841 
f 4466//5837 4468//5872 4493//5835 
f 4493//5835 4468//5872 4393//5833 
o mesh387
f 3868//5873 4551//5874 4552//5875 
f 4553//5876 3867//5877 3866//5878 
f 4553//5876 3865//5879 3867//5877 
f 3866//5878 4552//5875 4553//5876 
f 3870//5880 4554//5881 4555//5882 
f 4555//5882 3869//5883 3870//5880 
f 4551//5874 3868//5873 3869//5883 
f 4555//5882 4551//5874 3869//5883 
f 3872//5884 4556//5885 4554//5881 
f 3871//5886 4557//5887 4556//5885 
f 4556//5885 3872//5884 3871//5886 
f 3871//5886 3873//5888 4557//5887 
f 4554//5881 3870//5880 3872//5884 
f 3874//5889 4558//5890 4559//5891 
f 4559//5891 3873//5888 3874//5889 
f 3884//5892 3875//5893 4560//5894 
f 4558//5890 3874//5889 3884//5892 
f 4560//5894 4558//5890 3884//5892 
f 4560//5894 3875//5893 3876//5895 
f 3876//5895 3877//5896 4561//5897 
f 4561//5897 4562//5898 3876//5895 
f 3876//5895 4562//5898 4560//5894 
f 4559//5891 4557//5887 3873//5888 
f 4563//5899 4561//5897 3877//5896 
f 3879//5900 3878//5901 4564//5902 
f 3878//5901 4565//5903 4564//5902 
f 4564//5902 4563//5899 3879//5900 
f 3877//5896 3879//5900 4563//5899 
f 3880//5904 3882//5905 4566//5906 
f 3881//5907 3880//5904 4567//5908 
f 4565//5903 3878//5901 3881//5907 
f 4567//5908 4565//5903 3881//5907 
f 3882//5905 3883//5909 4568//5910 
f 3883//5909 3810//5911 4569//5912 
f 4569//5912 4568//5910 3883//5909 
f 3810//5911 4570//5911 4571//5913 
f 4571//5913 4569//5912 3810//5911 
f 4570//5911 3810//5911 3809//5914 
f 3809//5914 4572//5915 4570//5911 
f 3811//5916 4573//5917 4572//5915 
f 3809//5914 3811//5916 4572//5915 
f 3812//5918 4574//5919 4573//5917 
f 3813//5920 4575//5921 4574//5919 
f 4574//5919 3812//5918 3813//5920 
f 4575//5921 3813//5920 3814//5922 
f 3815//5923 4576//5924 4577//5925 
f 4577//5925 3814//5922 3815//5923 
f 3815//5923 3817//5926 4576//5924 
f 3814//5922 4577//5925 4575//5921 
f 4573//5917 3811//5916 3812//5918 
f 3816//5927 4578//5928 4579//5929 
f 3816//5927 3819//5930 4580//5931 
f 4580//5931 4578//5928 3816//5927 
f 4579//5929 3817//5926 3816//5927 
f 3818//5932 4581//5933 4580//5931 
f 3818//5932 3820//5934 4582//5935 
f 4582//5935 4581//5933 3818//5932 
f 4582//5935 3820//5934 3821//5936 
f 3821//5936 3822//5937 4583//5938 
f 4583//5938 4584//5939 3821//5936 
f 4585//5940 4583//5938 3822//5937 
f 3824//5941 3823//5942 4586//5943 
f 4586//5943 4585//5940 3824//5941 
f 3822//5937 3824//5941 4585//5940 
f 3821//5936 4584//5939 4582//5935 
f 3826//5944 4587//5945 4586//5943 
f 4587//5945 3826//5944 3825//5946 
f 3825//5946 4588//5947 4587//5945 
f 3825//5946 4589//5948 4588//5947 
f 3827//5949 4590//5950 4589//5948 
f 3829//5951 3830//5952 4591//5953 
f 4590//5950 3827//5949 3828//5954 
f 3828//5954 3829//5951 4590//5950 
f 3830//5952 4592//5955 4591//5953 
f 4591//5953 4590//5950 3829//5951 
f 4589//5948 3825//5946 3827//5949 
f 3831//5956 3832//5957 4593//5958 
f 4592//5955 3830//5952 3831//5956 
f 3832//5957 4594//5959 4593//5958 
f 4593//5958 4592//5955 3831//5956 
f 3833//5960 3835//5961 4595//5962 
f 3834//5963 3833//5960 4596//5964 
f 4594//5959 3832//5957 3834//5963 
f 4596//5964 4594//5959 3834//5963 
f 4595//5962 4596//5964 3833//5960 
f 4597//5965 3835//5961 3836//5966 
f 3836//5966 4598//5967 4597//5965 
f 4598//5967 3836//5966 3847//5968 
f 3847//5968 4599//5969 4598//5967 
f 3837//5970 4600//5971 4599//5969 
f 3838//5972 3839//5973 4601//5974 
f 4600//5971 3837//5970 3838//5972 
f 4601//5974 4600//5971 3838//5972 
f 4599//5969 3847//5968 3837//5970 
f 4597//5965 4595//5962 3835//5961 
f 4586//5943 3823//5942 3826//5944 
f 4580//5931 3819//5930 3818//5932 
f 3841//5975 3840//5976 4602//5977 
f 4603//5978 3839//5973 3841//5975 
f 4602//5977 4603//5978 3841//5975 
f 3840//5976 4604//5979 4602//5977 
f 4603//5978 4601//5974 3839//5973 
f 4579//5929 4576//5924 3817//5926 
f 4568//5910 4566//5906 3882//5905 
f 3842//5980 3843//5981 4605//5982 
f 4604//5979 3840//5976 3842//5980 
f 3843//5981 4606//5983 4605//5982 
f 3844//5984 4607//5985 4606//5983 
f 4607//5985 3844//5984 3845//5986 
f 3845//5986 4608//5987 4607//5985 
f 3846//5988 4609//5989 4608//5987 
f 3846//5988 4610//5988 4609//5989 
f 4608//5987 3845//5986 3846//5988 
f 4610//5988 3846//5988 3848//5990 
f 3848//5990 4611//5991 4610//5988 
f 3849//5992 4612//5993 4611//5991 
f 3848//5990 3849//5992 4611//5991 
f 4606//5983 3843//5981 3844//5984 
f 3850//5994 4613//5995 4612//5993 
f 3851//5996 4614//5997 4613//5995 
f 4613//5995 3850//5994 3851//5996 
f 4612//5993 3849//5992 3850//5994 
f 3853//5998 3852//5999 4615//6000 
f 3852//5999 4616//6001 4615//6000 
f 4615//6000 4614//5997 3853//5998 
f 3852//5999 3854//6002 4616//6001 
f 3851//5996 3853//5998 4614//5997 
f 4605//5982 4604//5979 3842//5980 
f 3855//6003 4617//6004 4616//6001 
f 3855//6003 4618//6005 4617//6004 
f 3857//6006 4619//6007 4618//6005 
f 4618//6005 3855//6003 3857//6006 
f 4619//6007 3857//6006 3856//6008 
f 3858//6009 4620//6010 4621//6011 
f 4621//6011 3856//6008 3858//6009 
f 4622//6012 4620//6010 3858//6009 
f 3860//6013 3859//6014 4623//6015 
f 4624//6016 4623//6015 3859//6014 
f 3859//6014 3862//6017 4624//6016 
f 3862//6017 4625//6018 4624//6016 
f 4623//6015 4622//6012 3860//6013 
f 3858//6009 3860//6013 4622//6012 
f 3863//6019 4626//6020 4627//6021 
f 4627//6021 3861//6022 3863//6019 
f 4625//6018 3862//6017 3861//6022 
f 3861//6022 4627//6021 4625//6018 
f 3864//6023 3865//5879 4628//6024 
f 3865//5879 4553//5876 4628//6024 
f 4628//6024 4626//6020 3864//6023 
f 3863//6019 3864//6023 4626//6020 
f 3856//6008 4621//6011 4619//6007 
f 4616//6001 3854//6002 3855//6003 
f 4566//5906 4567//5908 3880//5904 
f 4552//5875 3866//5878 3868//5873 
o mesh388
f 4610//6025 4629//6026 4630//6027 
f 4630//6027 4609//6028 4610//6025 
f 4631//6029 4632//6030 4608//6031 
f 4632//6030 4607//6032 4608//6031 
f 4607//6032 4632//6030 4633//6033 
f 4634//6034 4605//6035 4606//6036 
f 4606//6036 4633//6033 4634//6034 
f 4604//6037 4605//6035 4635//6038 
f 4605//6035 4634//6034 4635//6038 
f 4636//6039 4602//6040 4604//6037 
f 4602//6040 4636//6039 4637//6041 
f 4637//6041 4603//6042 4602//6040 
f 4638//6043 4600//6044 4601//6045 
f 4601//6045 4639//6046 4638//6043 
f 4638//6043 4640//6047 4600//6044 
f 4640//6047 4641//6048 4599//6049 
f 4641//6048 4598//6050 4599//6049 
f 4597//6051 4598//6050 4642//6052 
f 4598//6050 4641//6048 4642//6052 
f 4596//6053 4595//6054 4643//6055 
f 4595//6054 4644//6056 4643//6055 
f 4643//6055 4645//6057 4596//6053 
f 4645//6057 4646//6058 4594//6059 
f 4593//6060 4594//6059 4646//6058 
f 4646//6058 4647//6061 4593//6060 
f 4593//6060 4647//6061 4648//6062 
f 4649//6063 4591//6064 4592//6065 
f 4592//6065 4648//6062 4649//6063 
f 4590//6066 4591//6064 4649//6063 
f 4649//6063 4650//6067 4590//6066 
f 4648//6062 4592//6065 4593//6060 
f 4594//6059 4596//6053 4645//6057 
f 4595//6054 4597//6051 4644//6056 
f 4642//6052 4644//6056 4597//6051 
f 4599//6049 4600//6044 4640//6047 
f 4601//6045 4603//6042 4639//6046 
f 4637//6041 4639//6046 4603//6042 
f 4635//6038 4636//6039 4604//6037 
f 4633//6033 4606//6036 4607//6032 
f 4608//6031 4609//6028 4631//6029 
f 4630//6027 4631//6029 4609//6028 
o mesh389
f 4636//6068 4651//6069 4652//6070 
f 4636//6068 4653//6071 4654//6072 
f 4636//6068 4655//6073 4656//6074 
f 4636//6068 4657//6075 4655//6073 
f 4656//6074 4658//6076 4636//6068 
f 4658//6076 4653//6071 4636//6068 
f 4654//6072 4651//6069 4636//6068 
f 4636//6068 4659//6077 4660//6078 
f 4636//6068 4661//6079 4659//6077 
f 4660//6078 4662//6080 4636//6068 
f 4709//6081 4663//6082 4664//6083 
f 4664//6083 4665//6084 4709//6081 
f 4709//6081 4666//6085 4667//6086 
f 4709//6081 4668//6087 4669//6088 
f 4669//6088 4666//6085 4709//6081 
f 4667//6086 4663//6082 4709//6081 
f 4709//6081 4670//6089 4671//6090 
f 4671//6090 4668//6087 4709//6081 
f 4709//6081 4630//6091 4629//6092 
f 4709//6081 4631//6093 4630//6091 
f 4629//6092 4670//6089 4709//6081 
f 4661//6079 4634//6094 4633//6095 
f 4633//6095 4632//6096 4661//6079 
f 4632//6096 4631//6093 4661//6079 
f 4709//6081 4661//6079 4631//6093 
f 4661//6079 4636//6068 4635//6097 
f 4635//6097 4634//6094 4661//6079 
f 4665//6084 4661//6079 4709//6081 
f 4662//6080 4657//6075 4636//6068 
f 4672//6098 4639//6099 4637//6100 
f 4637//6100 4636//6068 4672//6098 
f 4672//6098 4640//6101 4638//6102 
f 4672//6098 4641//6103 4640//6101 
f 4638//6102 4639//6099 4672//6098 
f 4672//6098 4644//6104 4642//6105 
f 4672//6098 4645//6106 4643//6107 
f 4672//6098 4647//6108 4646//6109 
f 4646//6109 4645//6106 4672//6098 
f 4643//6107 4644//6104 4672//6098 
f 4672//6098 4649//6110 4648//6111 
f 4672//6098 4673//6112 4674//6113 
f 4674//6113 4650//6114 4672//6098 
f 4672//6098 4675//6115 4673//6112 
f 4650//6114 4649//6110 4672//6098 
f 4648//6111 4647//6108 4672//6098 
f 4672//6098 4676//6116 4677//6117 
f 4672//6098 4678//6118 4676//6116 
f 4672//6098 4679//6119 4678//6118 
f 4672//6098 4680//6120 4681//6121 
f 4672//6098 4682//6122 4683//6123 
f 4683//6123 4680//6120 4672//6098 
f 4672//6098 4684//6124 4685//6125 
f 4672//6098 4686//6126 4687//6127 
f 4672//6098 4688//6128 4689//6129 
f 4689//6129 4686//6126 4672//6098 
f 4672//6098 4690//6130 4691//6131 
f 4672//6098 4692//6132 4693//6133 
f 4692//6132 4672//6098 4710//6134 
f 4710//6134 4694//6135 4692//6132 
f 4693//6133 4690//6130 4672//6098 
f 4710//6134 4695//6136 4696//6137 
f 4710//6134 4697//6138 4698//6139 
f 4710//6134 4699//6140 4700//6141 
f 4710//6134 4701//6142 4702//6143 
f 4702//6143 4699//6140 4710//6134 
f 4700//6141 4697//6138 4710//6134 
f 4710//6134 4703//6144 4704//6145 
f 4704//6145 4705//6146 4710//6134 
f 4710//6134 4706//6147 4707//6148 
f 4707//6148 4703//6144 4710//6134 
f 4710//6134 4672//6098 4708//6149 
f 4708//6149 4706//6147 4710//6134 
f 4705//6146 4701//6142 4710//6134 
f 4698//6139 4695//6136 4710//6134 
f 4696//6137 4694//6135 4710//6134 
f 4691//6131 4688//6128 4672//6098 
f 4687//6127 4684//6124 4672//6098 
f 4685//6125 4682//6122 4672//6098 
f 4681//6121 4679//6119 4672//6098 
f 4677//6117 4675//6115 4672//6098 
f 4642//6105 4641//6103 4672//6098 
f 4652//6070 4672//6098 4636//6068 
o mesh390
f 4650//6150 4674//6151 4589//6152 
f 4588//6153 4589//6152 4674//6151 
f 4674//6151 4673//6154 4588//6153 
f 4675//6155 4587//6156 4588//6153 
f 4585//6157 4586//6158 4677//6159 
f 4677//6159 4676//6160 4585//6157 
f 4586//6158 4675//6155 4677//6159 
f 4676//6160 4678//6161 4585//6157 
f 4679//6162 4584//6163 4583//6164 
f 4583//6164 4678//6161 4679//6162 
f 4584//6163 4679//6162 4681//6165 
f 4680//6166 4581//6167 4582//6168 
f 4582//6168 4681//6165 4680//6166 
f 4683//6169 4682//6170 4580//6171 
f 4581//6167 4680//6166 4683//6169 
f 4682//6170 4578//6172 4580//6171 
f 4578//6172 4682//6170 4685//6173 
f 4685//6173 4579//6174 4578//6172 
f 4576//6175 4684//6176 4687//6177 
f 4687//6177 4577//6178 4576//6175 
f 4687//6177 4686//6179 4577//6178 
f 4686//6179 4689//6180 4575//6181 
f 4574//6182 4575//6181 4689//6180 
f 4689//6180 4688//6183 4574//6182 
f 4574//6182 4688//6183 4691//6184 
f 4690//6185 4572//6186 4573//6187 
f 4573//6187 4691//6184 4690//6185 
f 4690//6185 4693//6188 4570//6189 
f 4570//6189 4572//6186 4690//6185 
f 4691//6184 4573//6187 4574//6182 
f 4575//6181 4577//6178 4686//6179 
f 4576//6175 4579//6174 4684//6176 
f 4685//6173 4684//6176 4579//6174 
f 4580//6171 4581//6167 4683//6169 
f 4681//6165 4582//6168 4584//6163 
f 4583//6164 4585//6157 4678//6161 
f 4586//6158 4587//6156 4675//6155 
f 4588//6153 4673//6154 4675//6155 
f 4589//6152 4590//6190 4650//6150 
o mesh391
f 4570//6191 4693//6192 4692//6193 
f 4694//6194 4568//6195 4569//6196 
f 4569//6196 4692//6193 4694//6194 
f 4568//6195 4694//6194 4696//6197 
f 4695//6198 4567//6199 4566//6200 
f 4566//6200 4696//6197 4695//6198 
f 4698//6201 4697//6202 4565//6203 
f 4567//6199 4695//6198 4698//6201 
f 4697//6202 4564//6204 4565//6203 
f 4563//6205 4564//6204 4700//6206 
f 4564//6204 4697//6202 4700//6206 
f 4561//6207 4699//6208 4702//6209 
f 4702//6209 4562//6210 4561//6207 
f 4702//6209 4701//6211 4562//6210 
f 4705//6212 4558//6213 4560//6214 
f 4560//6214 4701//6211 4705//6212 
f 4559//6215 4558//6213 4704//6216 
f 4558//6213 4705//6212 4704//6216 
f 4703//6217 4707//6218 4557//6219 
f 4556//6220 4557//6219 4707//6218 
f 4707//6218 4706//6221 4556//6220 
f 4706//6221 4708//6222 4554//6223 
f 4555//6224 4554//6223 4708//6222 
f 4708//6222 4672//6225 4555//6224 
f 4555//6224 4672//6225 4652//6226 
f 4651//6227 4552//6228 4551//6229 
f 4551//6229 4652//6226 4651//6227 
f 4651//6227 4654//6230 4553//6231 
f 4553//6231 4552//6228 4651//6227 
f 4652//6226 4551//6229 4555//6224 
f 4554//6223 4556//6220 4706//6221 
f 4557//6219 4559//6215 4703//6217 
f 4704//6216 4703//6217 4559//6215 
f 4560//6214 4562//6210 4701//6211 
f 4561//6207 4563//6205 4699//6208 
f 4700//6206 4699//6208 4563//6205 
f 4565//6203 4567//6199 4698//6201 
f 4696//6197 4566//6200 4568//6195 
f 4569//6196 4571//6232 4692//6193 
f 4692//6193 4571//6232 4570//6191 
o mesh392
f 4553//6233 4654//6234 4653//6235 
f 4653//6235 4658//6236 4626//6237 
f 4658//6236 4627//6238 4626//6237 
f 4627//6238 4656//6239 4655//6240 
f 4655//6240 4625//6241 4627//6238 
f 4627//6238 4658//6236 4656//6239 
f 4657//6242 4624//6243 4625//6241 
f 4657//6242 4662//6244 4623//6245 
f 4662//6244 4660//6246 4622//6247 
f 4660//6246 4620//6248 4622//6247 
f 4659//6249 4621//6250 4620//6248 
f 4620//6248 4660//6246 4659//6249 
f 4659//6249 4661//6251 4621//6250 
f 4661//6251 4665//6252 4619//6253 
f 4665//6252 4618//6254 4619//6253 
f 4617//6255 4618//6254 4664//6256 
f 4618//6254 4665//6252 4664//6256 
f 4615//6257 4616//6258 4667//6259 
f 4616//6258 4663//6260 4667//6259 
f 4667//6259 4666//6261 4615//6257 
f 4666//6261 4669//6262 4614//6263 
f 4613//6264 4614//6263 4669//6262 
f 4669//6262 4668//6265 4613//6264 
f 4668//6265 4671//6266 4612//6267 
f 4611//6268 4612//6267 4671//6266 
f 4671//6266 4670//6269 4611//6268 
f 4670//6269 4629//6270 4610//6271 
f 4610//6271 4611//6268 4670//6269 
f 4612//6267 4613//6264 4668//6265 
f 4614//6263 4615//6257 4666//6261 
f 4616//6258 4617//6255 4663//6260 
f 4664//6256 4663//6260 4617//6255 
f 4619//6253 4621//6250 4661//6251 
f 4622//6247 4623//6245 4662//6244 
f 4623//6245 4624//6243 4657//6242 
f 4655//6240 4657//6242 4625//6241 
f 4626//6237 4628//6272 4653//6235 
f 4653//6235 4628//6272 4553//6233 
o mesh393
f 3948//6273 4711//6274 4712//6275 
f 4713//6276 3947//6277 3946//6278 
f 4713//6276 3945//6279 3947//6277 
f 3946//6278 4712//6275 4713//6276 
f 3950//6280 4714//6281 4715//6282 
f 4715//6282 3949//6283 3950//6280 
f 4711//6274 3948//6273 3949//6283 
f 4715//6282 4711//6274 3949//6283 
f 3952//6284 4716//6285 4714//6281 
f 3951//6286 4717//6287 4716//6285 
f 4716//6285 3952//6284 3951//6286 
f 3951//6286 3953//6288 4717//6287 
f 4714//6281 3950//6280 3952//6284 
f 3954//6289 4718//6290 4719//6291 
f 4719//6291 3953//6288 3954//6289 
f 3964//6292 3955//6293 4720//6294 
f 4718//6290 3954//6289 3964//6292 
f 4720//6294 4718//6290 3964//6292 
f 4720//6294 3955//6293 3956//6295 
f 3956//6295 3957//6296 4721//6297 
f 4721//6297 4722//6298 3956//6295 
f 3956//6295 4722//6298 4720//6294 
f 4719//6291 4717//6287 3953//6288 
f 4723//6299 4721//6297 3957//6296 
f 3959//6300 3958//6301 4724//6302 
f 3958//6301 4725//6303 4724//6302 
f 4724//6302 4723//6299 3959//6300 
f 3957//6296 3959//6300 4723//6299 
f 3960//6304 3962//6305 4726//6306 
f 3961//6307 3960//6304 4727//6308 
f 4725//6303 3958//6301 3961//6307 
f 4727//6308 4725//6303 3961//6307 
f 3962//6305 3963//6309 4728//6310 
f 3963//6309 3890//6311 4729//6312 
f 4729//6312 4728//6310 3963//6309 
f 3890//6311 4730//6311 4731//6313 
f 4731//6313 4729//6312 3890//6311 
f 4730//6311 3890//6311 3889//6314 
f 3889//6314 4732//6315 4730//6311 
f 3891//6316 4733//6317 4732//6315 
f 3889//6314 3891//6316 4732//6315 
f 3892//6318 4734//6319 4733//6317 
f 3893//6320 4735//6321 4734//6319 
f 4734//6319 3892//6318 3893//6320 
f 4735//6321 3893//6320 3894//6322 
f 3895//6323 4736//6324 4737//6325 
f 4737//6325 3894//6322 3895//6323 
f 3895//6323 3897//6326 4736//6324 
f 3894//6322 4737//6325 4735//6321 
f 4733//6317 3891//6316 3892//6318 
f 3896//6327 4738//6328 4739//6329 
f 3896//6327 3899//6330 4740//6331 
f 4740//6331 4738//6328 3896//6327 
f 4739//6329 3897//6326 3896//6327 
f 3898//6332 4741//6333 4740//6331 
f 3898//6332 3900//6334 4742//6335 
f 4742//6335 4741//6333 3898//6332 
f 4742//6335 3900//6334 3901//6336 
f 3901//6336 3902//6337 4743//6338 
f 4743//6338 4744//6339 3901//6336 
f 4745//6340 4743//6338 3902//6337 
f 3904//6341 3903//6342 4746//6343 
f 4746//6343 4745//6340 3904//6341 
f 3902//6337 3904//6341 4745//6340 
f 3901//6336 4744//6339 4742//6335 
f 3906//6344 4747//6345 4746//6343 
f 4747//6345 3906//6344 3905//6346 
f 3905//6346 4748//6347 4747//6345 
f 3905//6346 4749//6348 4748//6347 
f 3907//6349 4750//6350 4749//6348 
f 3909//6351 3910//6352 4751//6353 
f 4750//6350 3907//6349 3908//6354 
f 3908//6354 3909//6351 4750//6350 
f 3910//6352 4752//6355 4751//6353 
f 4751//6353 4750//6350 3909//6351 
f 4749//6348 3905//6346 3907//6349 
f 3911//6356 3912//6357 4753//6358 
f 4752//6355 3910//6352 3911//6356 
f 3912//6357 4754//6359 4753//6358 
f 4753//6358 4752//6355 3911//6356 
f 3913//6360 3915//6361 4755//6362 
f 3914//6363 3913//6360 4756//6364 
f 4754//6359 3912//6357 3914//6363 
f 4756//6364 4754//6359 3914//6363 
f 4755//6362 4756//6364 3913//6360 
f 4757//6365 3915//6361 3916//6366 
f 3916//6366 4758//6367 4757//6365 
f 4758//6367 3916//6366 3927//6368 
f 3927//6368 4759//6369 4758//6367 
f 3917//6370 4760//6371 4759//6369 
f 3918//6372 3919//6373 4761//6374 
f 4760//6371 3917//6370 3918//6372 
f 4761//6374 4760//6371 3918//6372 
f 4759//6369 3927//6368 3917//6370 
f 4757//6365 4755//6362 3915//6361 
f 4746//6343 3903//6342 3906//6344 
f 4740//6331 3899//6330 3898//6332 
f 3921//6375 3920//6376 4762//6377 
f 4763//6378 3919//6373 3921//6375 
f 4762//6377 4763//6378 3921//6375 
f 3920//6376 4764//6379 4762//6377 
f 4763//6378 4761//6374 3919//6373 
f 4739//6329 4736//6324 3897//6326 
f 4728//6310 4726//6306 3962//6305 
f 3922//6380 3923//6381 4765//6382 
f 4764//6379 3920//6376 3922//6380 
f 3923//6381 4766//6383 4765//6382 
f 3924//6384 4767//6385 4766//6383 
f 4767//6385 3924//6384 3925//6386 
f 3925//6386 4768//6387 4767//6385 
f 3926//6388 4769//6389 4768//6387 
f 3926//6388 4770//6388 4769//6389 
f 4768//6387 3925//6386 3926//6388 
f 4770//6388 3926//6388 3928//6390 
f 3928//6390 4771//6391 4770//6388 
f 3929//6392 4772//6393 4771//6391 
f 3928//6390 3929//6392 4771//6391 
f 4766//6383 3923//6381 3924//6384 
f 3930//6394 4773//6395 4772//6393 
f 3931//6396 4774//6397 4773//6395 
f 4773//6395 3930//6394 3931//6396 
f 4772//6393 3929//6392 3930//6394 
f 3933//6398 3932//6399 4775//6400 
f 3932//6399 4776//6401 4775//6400 
f 4775//6400 4774//6397 3933//6398 
f 3932//6399 3934//6402 4776//6401 
f 3931//6396 3933//6398 4774//6397 
f 4765//6382 4764//6379 3922//6380 
f 3935//6403 4777//6404 4776//6401 
f 3935//6403 4778//6405 4777//6404 
f 3937//6406 4779//6407 4778//6405 
f 4778//6405 3935//6403 3937//6406 
f 4779//6407 3937//6406 3936//6408 
f 3938//6409 4780//6410 4781//6411 
f 4781//6411 3936//6408 3938//6409 
f 4782//6412 4780//6410 3938//6409 
f 3940//6413 3939//6414 4783//6415 
f 4784//6416 4783//6415 3939//6414 
f 3939//6414 3942//6417 4784//6416 
f 3942//6417 4785//6418 4784//6416 
f 4783//6415 4782//6412 3940//6413 
f 3938//6409 3940//6413 4782//6412 
f 3943//6419 4786//6420 4787//6421 
f 4787//6421 3941//6422 3943//6419 
f 4785//6418 3942//6417 3941//6422 
f 3941//6422 4787//6421 4785//6418 
f 3944//6423 3945//6279 4788//6424 
f 3945//6279 4713//6276 4788//6424 
f 4788//6424 4786//6420 3944//6423 
f 3943//6419 3944//6423 4786//6420 
f 3936//6408 4781//6411 4779//6407 
f 4776//6401 3934//6402 3935//6403 
f 4726//6306 4727//6308 3960//6304 
f 4712//6275 3946//6278 3948//6273 
o mesh394
f 4770//6425 4789//6426 4790//6427 
f 4790//6427 4769//6428 4770//6425 
f 4791//6429 4792//6430 4768//6431 
f 4792//6430 4767//6432 4768//6431 
f 4767//6432 4792//6430 4793//6433 
f 4794//6434 4765//6435 4766//6436 
f 4766//6436 4793//6433 4794//6434 
f 4764//6437 4765//6435 4795//6438 
f 4765//6435 4794//6434 4795//6438 
f 4796//6439 4762//6440 4764//6437 
f 4762//6440 4796//6439 4797//6441 
f 4797//6441 4763//6442 4762//6440 
f 4798//6443 4760//6444 4761//6445 
f 4761//6445 4799//6446 4798//6443 
f 4798//6443 4800//6447 4760//6444 
f 4800//6447 4801//6448 4759//6449 
f 4801//6448 4758//6450 4759//6449 
f 4757//6451 4758//6450 4802//6452 
f 4758//6450 4801//6448 4802//6452 
f 4756//6453 4755//6454 4803//6455 
f 4755//6454 4804//6456 4803//6455 
f 4803//6455 4805//6457 4756//6453 
f 4805//6457 4806//6458 4754//6459 
f 4753//6460 4754//6459 4806//6458 
f 4806//6458 4807//6461 4753//6460 
f 4753//6460 4807//6461 4808//6462 
f 4809//6463 4751//6464 4752//6465 
f 4752//6465 4808//6462 4809//6463 
f 4750//6466 4751//6464 4809//6463 
f 4809//6463 4810//6467 4750//6466 
f 4808//6462 4752//6465 4753//6460 
f 4754//6459 4756//6453 4805//6457 
f 4755//6454 4757//6451 4804//6456 
f 4802//6452 4804//6456 4757//6451 
f 4759//6449 4760//6444 4800//6447 
f 4761//6445 4763//6442 4799//6446 
f 4797//6441 4799//6446 4763//6442 
f 4795//6438 4796//6439 4764//6437 
f 4793//6433 4766//6436 4767//6432 
f 4768//6431 4769//6428 4791//6429 
f 4790//6427 4791//6429 4769//6428 
o mesh395
f 4792//6468 4811//6469 4812//6470 
f 4792//6468 4813//6471 4814//6472 
f 4792//6468 4815//6473 4816//6474 
f 4792//6468 4817//6475 4815//6473 
f 4816//6474 4818//6476 4792//6468 
f 4818//6476 4813//6471 4792//6468 
f 4814//6472 4811//6469 4792//6468 
f 4869//6477 4819//6478 4820//6479 
f 4869//6477 4821//6480 4819//6478 
f 4820//6479 4822//6481 4869//6477 
f 4869//6477 4823//6482 4824//6483 
f 4824//6483 4825//6484 4869//6477 
f 4869//6477 4826//6485 4827//6486 
f 4869//6477 4828//6487 4829//6488 
f 4829//6488 4826//6485 4869//6477 
f 4827//6486 4823//6482 4869//6477 
f 4869//6477 4830//6489 4831//6490 
f 4831//6490 4828//6487 4869//6477 
f 4825//6484 4821//6480 4869//6477 
f 4869//6477 4790//6491 4789//6492 
f 4869//6477 4791//6493 4790//6491 
f 4789//6492 4830//6489 4869//6477 
f 4817//6475 4792//6468 4791//6493 
f 4869//6477 4817//6475 4791//6493 
f 4822//6481 4817//6475 4869//6477 
f 4832//6494 4794//6495 4793//6496 
f 4793//6496 4792//6468 4832//6494 
f 4832//6494 4796//6497 4795//6498 
f 4795//6498 4794//6495 4832//6494 
f 4832//6494 4799//6499 4797//6500 
f 4797//6500 4796//6497 4832//6494 
f 4832//6494 4800//6501 4798//6502 
f 4832//6494 4801//6503 4800//6501 
f 4798//6502 4799//6499 4832//6494 
f 4832//6494 4804//6504 4802//6505 
f 4832//6494 4805//6506 4803//6507 
f 4832//6494 4807//6508 4806//6509 
f 4806//6509 4805//6506 4832//6494 
f 4832//6494 4809//6510 4808//6511 
f 4832//6494 4833//6512 4834//6513 
f 4834//6513 4810//6514 4832//6494 
f 4832//6494 4835//6515 4833//6512 
f 4810//6514 4809//6510 4832//6494 
f 4808//6511 4807//6508 4832//6494 
f 4832//6494 4836//6516 4837//6517 
f 4832//6494 4838//6518 4836//6516 
f 4832//6494 4839//6519 4838//6518 
f 4837//6517 4835//6515 4832//6494 
f 4803//6507 4804//6504 4832//6494 
f 4832//6494 4840//6520 4841//6521 
f 4832//6494 4842//6522 4843//6523 
f 4843//6523 4840//6520 4832//6494 
f 4832//6494 4844//6524 4845//6525 
f 4832//6494 4846//6526 4847//6527 
f 4832//6494 4848//6528 4849//6529 
f 4849//6529 4846//6526 4832//6494 
f 4850//6530 4851//6531 4852//6532 
f 4870//6533 4853//6534 4854//6535 
f 4851//6531 4850//6530 4870//6533 
f 4854//6535 4851//6531 4870//6533 
f 4870//6533 4855//6536 4856//6537 
f 4856//6537 4857//6538 4870//6533 
f 4870//6533 4858//6539 4859//6540 
f 4870//6533 4860//6541 4861//6542 
f 4870//6533 4850//6530 4862//6543 
f 4862//6543 4860//6541 4870//6533 
f 4861//6542 4858//6539 4870//6533 
f 4859//6540 4855//6536 4870//6533 
f 4857//6538 4853//6534 4870//6533 
f 4848//6528 4863//6544 4864//6545 
f 4864//6545 4865//6546 4848//6528 
f 4848//6528 4866//6547 4867//6548 
f 4867//6548 4863//6544 4848//6528 
f 4848//6528 4832//6494 4868//6549 
f 4868//6549 4866//6547 4848//6528 
f 4865//6546 4850//6530 4848//6528 
f 4852//6532 4848//6528 4850//6530 
f 4847//6527 4844//6524 4832//6494 
f 4845//6525 4842//6522 4832//6494 
f 4841//6521 4839//6519 4832//6494 
f 4802//6505 4801//6503 4832//6494 
f 4812//6470 4832//6494 4792//6468 
o mesh396
f 4810//6550 4834//6551 4749//6552 
f 4748//6553 4749//6552 4834//6551 
f 4834//6551 4833//6554 4748//6553 
f 4835//6555 4747//6556 4748//6553 
f 4745//6557 4746//6558 4837//6559 
f 4837//6559 4836//6560 4745//6557 
f 4746//6558 4835//6555 4837//6559 
f 4836//6560 4838//6561 4745//6557 
f 4839//6562 4744//6563 4743//6564 
f 4743//6564 4838//6561 4839//6562 
f 4744//6563 4839//6562 4841//6565 
f 4840//6566 4741//6567 4742//6568 
f 4742//6568 4841//6565 4840//6566 
f 4843//6569 4842//6570 4740//6571 
f 4741//6567 4840//6566 4843//6569 
f 4842//6570 4738//6572 4740//6571 
f 4738//6572 4842//6570 4845//6573 
f 4845//6573 4739//6574 4738//6572 
f 4736//6575 4844//6576 4847//6577 
f 4847//6577 4737//6578 4736//6575 
f 4847//6577 4846//6579 4737//6578 
f 4846//6579 4849//6580 4735//6581 
f 4734//6582 4735//6581 4849//6580 
f 4849//6580 4848//6583 4734//6582 
f 4734//6582 4848//6583 4852//6584 
f 4851//6585 4732//6586 4733//6587 
f 4733//6587 4852//6584 4851//6585 
f 4851//6585 4854//6588 4730//6589 
f 4730//6589 4732//6586 4851//6585 
f 4852//6584 4733//6587 4734//6582 
f 4735//6581 4737//6578 4846//6579 
f 4736//6575 4739//6574 4844//6576 
f 4845//6573 4844//6576 4739//6574 
f 4740//6571 4741//6567 4843//6569 
f 4841//6565 4742//6568 4744//6563 
f 4743//6564 4745//6557 4838//6561 
f 4746//6558 4747//6556 4835//6555 
f 4748//6553 4833//6554 4835//6555 
f 4749//6552 4750//6590 4810//6550 
o mesh397
f 4730//6591 4854//6592 4853//6593 
f 4857//6594 4728//6595 4729//6596 
f 4729//6596 4853//6593 4857//6594 
f 4728//6595 4857//6594 4856//6597 
f 4855//6598 4727//6599 4726//6600 
f 4726//6600 4856//6597 4855//6598 
f 4859//6601 4858//6602 4725//6603 
f 4727//6599 4855//6598 4859//6601 
f 4858//6602 4724//6604 4725//6603 
f 4723//6605 4724//6604 4861//6606 
f 4724//6604 4858//6602 4861//6606 
f 4721//6607 4860//6608 4862//6609 
f 4862//6609 4722//6610 4721//6607 
f 4862//6609 4850//6611 4722//6610 
f 4865//6612 4718//6613 4720//6614 
f 4720//6614 4850//6611 4865//6612 
f 4719//6615 4718//6613 4864//6616 
f 4718//6613 4865//6612 4864//6616 
f 4863//6617 4867//6618 4717//6619 
f 4716//6620 4717//6619 4867//6618 
f 4867//6618 4866//6621 4716//6620 
f 4866//6621 4868//6622 4714//6623 
f 4715//6624 4714//6623 4868//6622 
f 4868//6622 4832//6625 4715//6624 
f 4715//6624 4832//6625 4812//6626 
f 4811//6627 4712//6628 4711//6629 
f 4711//6629 4812//6626 4811//6627 
f 4811//6627 4814//6630 4713//6631 
f 4713//6631 4712//6628 4811//6627 
f 4812//6626 4711//6629 4715//6624 
f 4714//6623 4716//6620 4866//6621 
f 4717//6619 4719//6615 4863//6617 
f 4864//6616 4863//6617 4719//6615 
f 4720//6614 4722//6610 4850//6611 
f 4721//6607 4723//6605 4860//6608 
f 4861//6606 4860//6608 4723//6605 
f 4725//6603 4727//6599 4859//6601 
f 4856//6597 4726//6600 4728//6595 
f 4729//6596 4731//6632 4853//6593 
f 4853//6593 4731//6632 4730//6591 
o mesh398
f 4713//6633 4814//6634 4813//6635 
f 4813//6635 4818//6636 4786//6637 
f 4818//6636 4787//6638 4786//6637 
f 4787//6638 4816//6639 4815//6640 
f 4815//6640 4785//6641 4787//6638 
f 4787//6638 4818//6636 4816//6639 
f 4817//6642 4784//6643 4785//6641 
f 4817//6642 4822//6644 4783//6645 
f 4822//6644 4820//6646 4782//6647 
f 4820//6646 4780//6648 4782//6647 
f 4819//6649 4781//6650 4780//6648 
f 4780//6648 4820//6646 4819//6649 
f 4819//6649 4821//6651 4781//6650 
f 4821//6651 4825//6652 4779//6653 
f 4825//6652 4778//6654 4779//6653 
f 4777//6655 4778//6654 4824//6656 
f 4778//6654 4825//6652 4824//6656 
f 4775//6657 4776//6658 4827//6659 
f 4776//6658 4823//6660 4827//6659 
f 4827//6659 4826//6661 4775//6657 
f 4826//6661 4829//6662 4774//6663 
f 4773//6664 4774//6663 4829//6662 
f 4829//6662 4828//6665 4773//6664 
f 4828//6665 4831//6666 4772//6667 
f 4771//6668 4772//6667 4831//6666 
f 4831//6666 4830//6669 4771//6668 
f 4830//6669 4789//6670 4770//6671 
f 4770//6671 4771//6668 4830//6669 
f 4772//6667 4773//6664 4828//6665 
f 4774//6663 4775//6657 4826//6661 
f 4776//6658 4777//6655 4823//6660 
f 4824//6656 4823//6660 4777//6655 
f 4779//6653 4781//6650 4821//6651 
f 4782//6647 4783//6645 4822//6644 
f 4783//6645 4784//6643 4817//6642 
f 4815//6640 4817//6642 4785//6641 
f 4786//6637 4788//6672 4813//6635 
f 4813//6635 4788//6672 4713//6633 
o mesh399
f 4003//6673 4871//6674 3994//6674 
f 4003//6673 4006//6674 4872//6674 
f 4873//6675 4872//6674 4006//6674 
f 4012//6676 4874//6677 4873//6675 
f 4006//6674 4012//6676 4873//6675 
f 4011//6678 4875//6679 4874//6677 
f 4011//6678 4008//6680 4876//6681 
f 4876//6681 4875//6679 4011//6678 
f 4876//6681 4008//6680 4009//6682 
f 4009//6682 4007//6683 4877//6684 
f 4007//6683 4878//6685 4877//6684 
f 4877//6684 4879//6686 4009//6682 
f 4009//6682 4879//6686 4876//6681 
f 4880//6687 4878//6685 4007//6683 
f 4014//6688 4013//6689 4881//6690 
f 4881//6690 4880//6687 4014//6688 
f 4007//6683 4014//6688 4880//6687 
f 4016//6691 4882//6692 4883//6693 
f 4883//6693 4015//6694 4017//6695 
f 4883//6693 4881//6690 4013//6689 
f 4013//6689 4015//6694 4883//6693 
f 4883//6693 4017//6695 4016//6691 
f 4874//6677 4010//6696 4011//6678 
f 4884//6697 4019//6698 4020//6699 
f 4884//6697 4018//6700 4019//6698 
f 4020//6699 4885//6701 4886//6702 
f 4018//6700 4884//6697 4882//6692 
f 4882//6692 4016//6691 4018//6700 
f 4020//6699 4886//6702 4884//6697 
f 4022//6703 3973//6704 4887//6705 
f 4887//6705 4888//6706 4022//6703 
f 4885//6701 4020//6699 4021//6707 
f 4021//6707 4022//6703 4885//6701 
f 3965//6708 3966//6709 4889//6710 
f 4890//6711 3973//6704 3965//6708 
f 4889//6710 4890//6711 3965//6708 
f 3967//6712 4891//6713 4892//6714 
f 4892//6714 3966//6709 3967//6712 
f 3967//6712 3968//6715 4891//6713 
f 3968//6715 4893//6716 4891//6713 
f 4892//6714 4894//6717 3966//6709 
f 4894//6717 4889//6710 3966//6709 
f 3969//6718 4895//6719 4893//6716 
f 4893//6716 3968//6715 3969//6718 
f 3970//6720 3971//6721 4896//6722 
f 4896//6722 4895//6719 3970//6720 
f 3972//6723 4897//6724 4898//6725 
f 4898//6725 3971//6721 3972//6723 
f 3975//6726 3976//6727 4899//6728 
f 4897//6724 3972//6723 3974//6729 
f 3974//6729 3975//6726 4897//6724 
f 4899//6728 4897//6724 3975//6726 
f 3978//6730 3977//6731 4900//6732 
f 4901//6733 3976//6727 3978//6730 
f 3977//6731 4902//6734 4900//6732 
f 4900//6732 4901//6733 3978//6730 
f 4901//6733 4899//6728 3976//6727 
f 3980//6735 4903//6736 4902//6734 
f 4903//6736 3980//6735 3979//6737 
f 3979//6737 4904//6738 4903//6736 
f 4902//6734 3977//6731 3980//6735 
f 4898//6725 4896//6722 3971//6721 
f 4905//6739 4906//6740 3981//6741 
f 3981//6741 3983//6742 4905//6739 
f 3981//6741 4906//6740 4904//6738 
f 4904//6738 3979//6737 3981//6741 
f 3983//6742 3982//6743 4905//6739 
f 3969//6718 3970//6720 4895//6719 
f 3985//6744 4907//6745 4908//6746 
f 4908//6746 3982//6743 3985//6744 
f 3985//6744 3984//6747 4907//6745 
f 3984//6747 4909//6748 4907//6745 
f 4908//6746 4905//6739 3982//6743 
f 4890//6711 4887//6705 3973//6704 
f 3986//6749 4910//6750 4909//6748 
f 4909//6748 3984//6747 3986//6749 
f 3988//6751 3987//6752 4911//6753 
f 4911//6753 4910//6750 3988//6751 
f 3989//6754 3992//6755 4912//6756 
f 3990//6757 3989//6754 4913//6758 
f 4911//6753 3987//6752 3990//6757 
f 4913//6758 4911//6753 3990//6757 
f 4912//6756 3992//6755 3991//6759 
f 3991//6759 3993//6760 4914//6761 
f 4914//6761 4915//6762 3991//6759 
f 4915//6762 4916//6763 3991//6759 
f 3993//6760 4001//6764 4917//6765 
f 4917//6765 4914//6761 3993//6760 
f 4918//6766 3999//6767 3997//6768 
f 4917//6765 4000//6769 3999//6767 
f 3999//6767 4918//6766 4917//6765 
f 4917//6765 4001//6764 4000//6769 
f 3997//6768 4919//6770 4918//6766 
f 3991//6759 4916//6763 4912//6756 
f 4912//6756 4913//6758 3989//6754 
f 3986//6749 3988//6751 4910//6750 
f 4888//6706 4885//6701 4022//6703 
f 3998//6771 4920//6772 4919//6770 
f 4920//6772 3996//6773 3995//6774 
f 4920//6772 3998//6771 3996//6773 
f 3995//6774 4921//6775 4920//6772 
f 3995//6774 3994//6674 4922//6776 
f 3994//6674 4923//6777 4922//6776 
f 4922//6776 4924//6778 3995//6774 
f 3994//6674 4871//6674 4925//6779 
f 4925//6779 4923//6777 3994//6674 
f 4924//6778 4921//6775 3995//6774 
f 4919//6770 3997//6768 3998//6771 
f 4012//6676 4010//6696 4874//6677 
f 4004//6780 4005//6781 4006//6674 
f 4006//6674 4003//6673 4004//6780 
f 4872//6674 4871//6674 4003//6673 
f 3994//6674 4002//6781 4003//6673 
o mesh400
f 4917//6782 4926//6783 4927//6784 
f 4927//6784 4914//6785 4917//6782 
f 4928//6786 4915//6787 4914//6785 
f 4928//6786 4929//6788 4916//6789 
f 4916//6789 4929//6788 4930//6790 
f 4931//6791 4913//6792 4912//6793 
f 4912//6793 4930//6790 4931//6791 
f 4913//6792 4931//6791 4932//6794 
f 4933//6795 4910//6796 4911//6797 
f 4911//6797 4932//6794 4933//6795 
f 4910//6796 4933//6795 4934//6798 
f 4934//6798 4909//6799 4910//6796 
f 4935//6800 4907//6801 4909//6799 
f 4907//6801 4935//6800 4936//6802 
f 4936//6802 4908//6803 4907//6801 
f 4937//6804 4906//6805 4905//6806 
f 4905//6806 4938//6807 4937//6804 
f 4939//6808 4940//6809 4904//6810 
f 4906//6805 4937//6804 4939//6808 
f 4903//6811 4904//6810 4940//6809 
f 4940//6809 4941//6812 4903//6811 
f 4941//6812 4942//6813 4902//6814 
f 4900//6815 4902//6814 4942//6813 
f 4942//6813 4943//6816 4900//6815 
f 4900//6815 4943//6816 4944//6817 
f 4944//6817 4901//6818 4900//6815 
f 4945//6819 4897//6820 4899//6821 
f 4899//6821 4946//6822 4945//6819 
f 4899//6821 4901//6818 4946//6822 
f 4944//6817 4946//6822 4901//6818 
f 4902//6814 4903//6811 4941//6812 
f 4904//6810 4906//6805 4939//6808 
f 4905//6806 4908//6803 4938//6807 
f 4936//6802 4938//6807 4908//6803 
f 4934//6798 4935//6800 4909//6799 
f 4932//6794 4911//6797 4913//6792 
f 4930//6790 4912//6793 4916//6789 
f 4916//6789 4915//6787 4928//6786 
f 4927//6784 4928//6786 4914//6785 
o mesh401
f 4947//6823 4948//6824 4949//6825 
f 4947//6823 4950//6826 4948//6824 
f 4947//6823 4951//6827 4952//6828 
f 4947//6823 4953//6829 4954//6830 
f 4954//6830 4951//6827 4947//6823 
f 4952//6828 4950//6826 4947//6823 
f 4947//6823 4927//6831 4926//6832 
f 4947//6823 4928//6833 4927//6831 
f 4947//6823 4931//6834 4930//6835 
f 4930//6835 4929//6836 4947//6823 
f 4929//6836 4928//6833 4947//6823 
f 4926//6832 4953//6829 4947//6823 
f 4947//6823 4933//6837 4932//6838 
f 4932//6838 4931//6834 4947//6823 
f 4947//6823 4935//6839 4934//6840 
f 4934//6840 4933//6837 4947//6823 
f 4947//6823 4938//6841 4936//6842 
f 4947//6823 4937//6843 4938//6841 
f 4936//6842 4935//6839 4947//6823 
f 4947//6823 4941//6844 4940//6845 
f 4940//6845 4939//6846 4947//6823 
f 4947//6823 4943//6847 4942//6848 
f 4942//6848 4941//6844 4947//6823 
f 4981//6849 4946//6850 4944//6851 
f 4981//6849 4955//6852 4945//6853 
f 4981//6849 4956//6854 4957//6855 
f 4957//6855 4955//6852 4981//6849 
f 4945//6853 4946//6850 4981//6849 
f 4943//6847 4958//6856 4981//6849 
f 4981//6849 4959//6857 4960//6858 
f 4981//6849 4961//6859 4962//6860 
f 4962//6860 4959//6857 4981//6849 
f 4981//6849 4963//6861 4964//6862 
f 4981//6849 4965//6863 4966//6864 
f 4966//6864 4963//6861 4981//6849 
f 4964//6862 4961//6859 4981//6849 
f 4981//6849 4958//6856 4967//6865 
f 4967//6865 4965//6863 4981//6849 
f 4960//6858 4956//6854 4981//6849 
f 4943//6847 4968//6866 4969//6867 
f 4943//6847 4970//6868 4971//6869 
f 4971//6869 4968//6866 4943//6847 
f 4943//6847 4972//6870 4973//6871 
f 4943//6847 4974//6872 4975//6873 
f 4943//6847 4976//6874 4977//6875 
f 4943//6847 4978//6876 4976//6874 
f 4943//6847 4947//6823 4979//6877 
f 4979//6877 4978//6876 4943//6847 
f 4977//6875 4974//6872 4943//6847 
f 4975//6873 4972//6870 4943//6847 
f 4973//6871 4970//6868 4943//6847 
f 4969//6867 4958//6856 4943//6847 
f 4944//6851 4943//6847 4981//6849 
f 4939//6846 4937//6843 4947//6823 
f 4949//6825 4980//6878 4947//6823 
o mesh402
f 4945//6879 4955//6880 4898//6881 
f 4957//6882 4956//6883 4896//6884 
f 4898//6881 4955//6880 4957//6882 
f 4956//6883 4895//6885 4896//6884 
f 4893//6886 4895//6885 4960//6887 
f 4895//6885 4956//6883 4960//6887 
f 4959//6888 4891//6889 4893//6886 
f 4892//6890 4891//6889 4962//6891 
f 4891//6889 4959//6888 4962//6891 
f 4961//6892 4964//6893 4889//6894 
f 4889//6894 4894//6895 4961//6892 
f 4890//6896 4889//6894 4964//6893 
f 4964//6893 4963//6897 4890//6896 
f 4890//6896 4963//6897 4966//6898 
f 4965//6899 4888//6900 4887//6901 
f 4887//6901 4966//6898 4965//6899 
f 4888//6900 4965//6899 4967//6902 
f 4967//6902 4885//6903 4888//6900 
f 4958//6904 4886//6905 4885//6903 
f 4886//6905 4958//6904 4969//6906 
f 4969//6906 4884//6907 4886//6905 
f 4971//6908 4883//6909 4882//6910 
f 4882//6910 4968//6911 4971//6908 
f 4971//6908 4970//6912 4883//6909 
f 4883//6909 4970//6912 4973//6913 
f 4972//6914 4880//6915 4881//6916 
f 4881//6916 4973//6913 4972//6914 
f 4972//6914 4975//6917 4878//6918 
f 4878//6918 4880//6915 4972//6914 
f 4973//6913 4881//6916 4883//6909 
f 4882//6910 4884//6907 4968//6911 
f 4969//6906 4968//6911 4884//6907 
f 4967//6902 4958//6904 4885//6903 
f 4966//6898 4887//6901 4890//6896 
f 4894//6895 4892//6890 4961//6892 
f 4962//6891 4961//6892 4892//6890 
f 4960//6887 4959//6888 4893//6886 
f 4896//6884 4898//6881 4957//6882 
f 4898//6881 4897//6919 4945//6879 
o mesh403
f 4878//6920 4975//6921 4974//6922 
f 4977//6923 4876//6924 4879//6925 
f 4879//6925 4974//6922 4977//6923 
f 4875//6926 4876//6924 4977//6923 
f 4977//6923 4976//6927 4875//6926 
f 4976//6927 4978//6928 4874//6929 
f 4978//6928 4873//6930 4874//6929 
f 4872//6931 4873//6930 4979//6932 
f 4873//6930 4978//6928 4979//6932 
f 4979//6932 4947//6933 4872//6931 
f 4874//6929 4875//6926 4976//6927 
f 4879//6925 4877//6934 4974//6922 
f 4974//6922 4877//6934 4878//6920 
o mesh404
f 4947//6935 4980//6935 4871//6935 
f 4871//6935 4872//6935 4947//6935 
o mesh405
f 4953//6936 4926//6937 4917//6938 
f 4920//6939 4951//6940 4954//6941 
f 4953//6936 4918//6942 4919//6943 
f 4919//6943 4954//6941 4953//6936 
f 4921//6944 4950//6945 4952//6946 
f 4952//6946 4920//6939 4921//6944 
f 4952//6946 4951//6940 4920//6939 
f 4950//6945 4924//6947 4922//6948 
f 4980//6949 4949//6950 4925//6951 
f 4949//6950 4923//6952 4925//6951 
f 4922//6948 4923//6952 4949//6950 
f 4949//6950 4948//6953 4922//6948 
f 4925//6951 4871//6954 4980//6949 
f 4922//6948 4948//6953 4950//6945 
f 4921//6944 4924//6947 4950//6945 
f 4954//6941 4919//6943 4920//6939 
f 4917//6938 4918//6942 4953//6936 
o mesh406
f 3241//6955 4982//6956 4983//6957 
f 4982//6956 3241//6955 3240//6958 
f 3240//6958 4984//6959 4982//6956 
f 3237//6960 3238//6961 4985//6962 
f 4986//6963 3239//6964 3237//6960 
f 3239//6964 4986//6963 4984//6959 
f 4984//6959 3240//6958 3239//6964 
f 3236//6965 4987//6966 4988//6967 
f 4988//6967 3235//6968 3236//6965 
f 4985//6962 3238//6961 3235//6968 
f 4988//6967 4985//6962 3235//6968 
f 3232//6969 3231//6970 4989//6971 
f 4990//6972 3233//6973 3232//6969 
f 3233//6973 4991//6974 4987//6966 
f 3233//6973 4990//6972 4991//6974 
f 4987//6966 3234//6975 3233//6973 
f 3229//6976 4992//6977 4989//6971 
f 3229//6976 3230//6978 4993//6979 
f 4993//6979 4992//6977 3229//6976 
f 3228//6980 4994//6981 4993//6979 
f 3227//6982 4995//6983 4994//6981 
f 4994//6981 3228//6980 3227//6982 
f 4993//6979 3230//6978 3228//6980 
f 4989//6971 3231//6970 3229//6976 
f 4989//6971 4990//6972 3232//6969 
f 3236//6965 3234//6975 4987//6966 
f 3223//6984 3225//6985 4996//6986 
f 4996//6986 4997//6987 3223//6984 
f 3226//6988 4998//6989 4995//6983 
f 4995//6983 3227//6982 3226//6988 
f 3226//6988 3223//6984 4998//6989 
f 3224//6990 4999//6991 4996//6986 
f 3224//6990 3222//6992 5000//6993 
f 5000//6993 4999//6991 3224//6990 
f 3204//6994 5001//6995 5000//6993 
f 5001//6995 3204//6994 3205//6996 
f 3205//6996 5002//6997 5001//6995 
f 5000//6993 3222//6992 3204//6994 
f 4996//6986 3225//6985 3224//6990 
f 3206//6998 5003//6999 5002//6997 
f 3206//6998 5004//7000 5003//6999 
f 5002//6997 3205//6996 3206//6998 
f 3208//7001 5005//7002 5004//7000 
f 5005//7002 3208//7001 3209//7003 
f 3209//7003 5006//7004 5005//7002 
f 5004//7000 3207//7005 3208//7001 
f 3206//6998 3207//7005 5004//7000 
f 3210//7006 5007//7007 5006//7004 
f 3210//7006 5008//7008 5007//7007 
f 5006//7004 3209//7003 3210//7006 
f 3211//7009 5009//7010 5008//7008 
f 3212//7011 5010//7012 5009//7010 
f 3212//7011 5011//7013 5010//7012 
f 5009//7010 3211//7009 3212//7011 
f 5012//7014 3214//7015 3215//7016 
f 3214//7015 5013//7017 5011//7013 
f 3214//7015 5012//7014 5013//7017 
f 5011//7013 3213//7018 3214//7015 
f 3215//7016 3216//7019 5012//7014 
f 3212//7011 3213//7018 5011//7013 
f 5014//7020 5012//7014 3216//7019 
f 3217//7021 3218//7022 5015//7023 
f 5015//7023 5014//7020 3217//7021 
f 3219//7024 5016//7025 5015//7023 
f 5016//7025 3219//7024 3220//7026 
f 3220//7026 5017//7027 5018//7028 
f 3220//7026 5018//7028 5016//7025 
f 3221//7029 5019//7030 5017//7027 
f 3221//7029 3281//7029 5020//7030 
f 5020//7030 5019//7030 3221//7029 
f 3280//7031 5021//7032 5020//7030 
f 5021//7032 3280//7031 3279//7033 
f 3279//7033 5022//7034 5021//7032 
f 5020//7030 3281//7029 3280//7031 
f 5017//7027 3220//7026 3221//7029 
f 5015//7023 3218//7022 3219//7024 
f 3216//7019 3217//7021 5014//7020 
f 3210//7006 3211//7009 5008//7008 
f 4997//6987 4998//6989 3223//6984 
f 4985//6962 4986//6963 3237//6960 
f 3276//7035 3277//7036 5023//7037 
f 5024//7038 3278//7039 3276//7035 
f 3278//7039 5024//7038 5022//7034 
f 5022//7034 3279//7033 3278//7039 
f 3275//7040 5025//7041 5026//7042 
f 5026//7042 3274//7043 3275//7040 
f 5026//7042 5023//7037 3274//7043 
f 5023//7037 3277//7036 3274//7043 
f 3271//7044 3270//7045 5027//7046 
f 5028//7047 3272//7048 3271//7044 
f 3272//7048 5029//7049 5025//7041 
f 3272//7048 5028//7047 5029//7049 
f 5025//7041 3273//7050 3272//7048 
f 3268//7051 5030//7052 5027//7046 
f 3268//7051 3269//7053 5031//7054 
f 5031//7054 5030//7052 3268//7051 
f 3267//7055 5032//7056 5031//7054 
f 3266//7057 5033//7058 5032//7056 
f 5032//7056 3267//7055 3266//7057 
f 5031//7054 3269//7053 3267//7055 
f 5027//7046 3270//7045 3268//7051 
f 5027//7046 5028//7047 3271//7044 
f 3275//7040 3273//7050 5025//7041 
f 3262//7059 3264//7060 5034//7061 
f 5034//7061 5035//7062 3262//7059 
f 3265//7063 5036//7064 5033//7058 
f 5033//7058 3266//7057 3265//7063 
f 3265//7063 3262//7059 5036//7064 
f 3263//7065 5037//7066 5034//7061 
f 3263//7065 3261//7067 5038//7068 
f 5038//7068 5037//7066 3263//7065 
f 3259//7069 5039//7070 5038//7068 
f 5039//7070 3259//7069 3260//7071 
f 3260//7071 5040//7072 5039//7070 
f 5038//7068 3261//7067 3259//7069 
f 5034//7061 3264//7060 3263//7065 
f 3258//7073 5041//7074 5040//7072 
f 3258//7073 5042//7075 5041//7074 
f 5040//7072 3260//7071 3258//7073 
f 3257//7076 5043//7077 5042//7075 
f 5043//7077 3257//7076 3255//7078 
f 3255//7078 5044//7079 5043//7077 
f 5042//7075 3256//7080 3257//7076 
f 3258//7073 3256//7080 5042//7075 
f 3254//7081 5045//7082 5044//7079 
f 3254//7081 5046//7083 5045//7082 
f 5044//7079 3255//7078 3254//7081 
f 3252//7084 5047//7085 5046//7083 
f 3253//7086 5048//7087 5047//7085 
f 3253//7086 5049//7088 5048//7087 
f 5047//7085 3252//7084 3253//7086 
f 5050//7089 3251//7090 3248//7091 
f 3251//7090 5051//7092 5049//7088 
f 3251//7090 5050//7089 5051//7092 
f 5049//7088 3250//7093 3251//7090 
f 3248//7091 3249//7094 5050//7089 
f 3253//7086 3250//7093 5049//7088 
f 5052//7095 5050//7089 3249//7094 
f 3246//7096 3247//7097 5053//7098 
f 5053//7098 5052//7095 3246//7096 
f 3245//7099 5054//7100 5053//7098 
f 5054//7100 3245//7099 3244//7101 
f 3244//7101 5055//7102 5056//7103 
f 3244//7101 5056//7103 5054//7100 
f 3243//7104 5057//7105 5055//7102 
f 3243//7104 3242//7104 4983//6957 
f 4983//6957 5057//7105 3243//7104 
f 5055//7102 3244//7101 3243//7104 
f 5053//7098 3247//7097 3245//7099 
f 3249//7094 3246//7096 5052//7095 
f 3254//7081 3252//7084 5046//7083 
f 5035//7062 5036//7064 3262//7059 
f 5023//7037 5024//7038 3276//7035 
f 4983//6957 3242//7104 3241//6955 
o mesh407
f 5058//7106 5019//7106 5020//7106 
f 5020//7106 5059//7106 5058//7106 
o mesh408
f 5138//7107 5060//7108 5061//7109 
f 5061//7109 5062//7110 5138//7107 
f 5138//7107 5063//7111 5064//7112 
f 5064//7112 5060//7108 5138//7107 
f 5138//7107 5065//7113 5066//7114 
f 5066//7114 5063//7111 5138//7107 
f 5138//7107 5067//7115 5068//7116 
f 5068//7116 5065//7113 5138//7107 
f 5069//7117 5070//7118 5071//7119 
f 5071//7119 5067//7115 5069//7117 
f 5138//7107 5069//7117 5067//7115 
f 5069//7117 5072//7120 5073//7121 
f 5073//7121 5070//7118 5069//7117 
f 5069//7117 5074//7122 5075//7123 
f 5069//7117 5076//7124 5077//7125 
f 5077//7125 5074//7122 5069//7117 
f 5075//7123 5072//7120 5069//7117 
f 5069//7117 5078//7126 5079//7127 
f 5079//7127 5080//7128 5069//7117 
f 5069//7117 5081//7129 5082//7130 
f 5069//7117 5083//7131 5081//7129 
f 5069//7117 5084//7132 5083//7131 
f 5082//7130 5078//7126 5069//7117 
f 5080//7128 5076//7124 5069//7117 
f 5069//7117 5085//7133 5086//7134 
f 5086//7134 5087//7135 5069//7117 
f 5069//7117 5058//7136 5059//7136 
f 5069//7117 5088//7137 5058//7136 
f 5059//7136 5085//7133 5069//7117 
f 5069//7117 5089//7138 5090//7139 
f 5090//7139 5088//7137 5069//7117 
f 5069//7117 5091//7140 5092//7141 
f 5069//7117 5093//7142 5094//7143 
f 5094//7143 5091//7140 5069//7117 
f 5092//7141 5089//7138 5069//7117 
f 5069//7117 5095//7144 5096//7145 
f 5069//7117 5097//7146 5098//7147 
f 5098//7147 5095//7144 5069//7117 
f 5096//7145 5093//7142 5069//7117 
f 5087//7135 5084//7132 5069//7117 
f 5099//7148 5097//7146 5069//7117 
f 5100//7149 5101//7150 5102//7151 
f 5100//7149 5103//7152 5104//7153 
f 5100//7149 5105//7154 5106//7155 
f 5100//7149 5107//7156 5108//7157 
f 5100//7149 5109//7158 5110//7159 
f 5110//7159 5107//7156 5100//7149 
f 5100//7149 5111//7160 5112//7161 
f 5100//7149 5113//7162 5114//7163 
f 5100//7149 5115//7164 5116//7165 
f 5100//7149 5117//7166 5115//7164 
f 5116//7165 5113//7162 5100//7149 
f 5114//7163 5111//7160 5100//7149 
f 5112//7161 5109//7158 5100//7149 
f 5100//7149 5118//7167 5119//7168 
f 5100//7149 5120//7169 5121//7170 
f 5100//7149 5122//7171 5120//7169 
f 5121//7170 5118//7167 5100//7149 
f 5100//7149 5123//7172 5124//7173 
f 5124//7173 5125//7174 5100//7149 
f 5125//7174 5126//7175 5100//7149 
f 5126//7175 5122//7171 5100//7149 
f 5139//7176 5127//7177 5128//7177 
f 5139//7176 5129//7178 5127//7177 
f 5123//7172 5130//7179 5139//7176 
f 5139//7176 5131//7180 5132//7181 
f 5139//7176 5133//7182 5134//7183 
f 5134//7183 5131//7180 5139//7176 
f 5139//7176 5135//7184 5136//7185 
f 5139//7176 5130//7179 5137//7186 
f 5137//7186 5135//7184 5139//7176 
f 5136//7185 5133//7182 5139//7176 
f 5132//7181 5129//7178 5139//7176 
f 5123//7172 5100//7149 5130//7179 
f 5128//7177 5123//7172 5139//7176 
f 5119//7168 5117//7166 5100//7149 
f 5108//7157 5105//7154 5100//7149 
f 5106//7155 5103//7152 5100//7149 
f 5104//7153 5101//7150 5100//7149 
f 5102//7151 5099//7148 5100//7149 
f 5069//7117 5100//7149 5099//7148 
f 5062//7110 5069//7117 5138//7107 
o mesh409
f 5058//7187 5088//7188 5017//7189 
f 5088//7188 5018//7190 5017//7189 
f 5018//7190 5088//7188 5090//7191 
f 5090//7191 5016//7192 5018//7190 
f 5089//7193 5092//7194 5015//7195 
f 5014//7196 5015//7195 5092//7194 
f 5092//7194 5091//7197 5014//7196 
f 5091//7197 5094//7198 5012//7199 
f 5013//7200 5012//7199 5094//7198 
f 5094//7198 5093//7201 5013//7200 
f 5013//7200 5093//7201 5096//7202 
f 5096//7202 5011//7203 5013//7200 
f 5095//7204 5010//7205 5011//7203 
f 5095//7204 5098//7206 5009//7207 
f 5008//7208 5009//7207 5098//7206 
f 5098//7206 5097//7209 5008//7208 
f 5097//7209 5099//7210 5007//7211 
f 5005//7212 5006//7213 5102//7214 
f 5006//7213 5099//7210 5102//7214 
f 5102//7214 5101//7215 5005//7212 
f 5101//7215 5104//7216 5004//7217 
f 5003//7218 5004//7217 5104//7216 
f 5104//7216 5103//7219 5003//7218 
f 5003//7218 5103//7219 5106//7220 
f 5105//7221 5001//7222 5002//7223 
f 5002//7223 5106//7220 5105//7221 
f 5105//7221 5108//7224 5000//7225 
f 5000//7225 5001//7222 5105//7221 
f 5106//7220 5002//7223 5003//7218 
f 5004//7217 5005//7212 5101//7215 
f 5006//7213 5007//7211 5099//7210 
f 5007//7211 5008//7208 5097//7209 
f 5009//7207 5010//7205 5095//7204 
f 5096//7202 5095//7204 5011//7203 
f 5012//7199 5014//7196 5091//7197 
f 5015//7195 5016//7192 5089//7193 
f 5090//7191 5089//7193 5016//7192 
f 5017//7189 5019//7226 5058//7187 
o mesh410
f 5107//7227 4999//7228 5000//7229 
f 4996//7230 4999//7228 5110//7231 
f 4999//7228 5107//7227 5110//7231 
f 5109//7232 4997//7233 4996//7230 
f 4997//7233 5109//7232 5112//7234 
f 5112//7234 4998//7235 4997//7233 
f 4995//7236 5111//7237 5114//7238 
f 5114//7238 4994//7239 4995//7236 
f 5114//7238 5113//7240 4994//7239 
f 5113//7240 5116//7241 4993//7242 
f 4992//7243 4993//7242 5116//7241 
f 5116//7241 5115//7244 4992//7243 
f 5115//7244 5117//7245 4989//7246 
f 5117//7245 4990//7247 4989//7246 
f 4991//7248 4990//7247 5119//7249 
f 4990//7247 5117//7245 5119//7249 
f 4988//7250 4987//7251 5121//7252 
f 4987//7251 5118//7253 5121//7252 
f 5121//7252 5120//7254 4988//7250 
f 5120//7254 5122//7255 4988//7250 
f 5126//7256 4986//7257 4985//7258 
f 4985//7258 5122//7255 5126//7256 
f 4984//7259 4986//7257 5125//7260 
f 4986//7257 5126//7256 5125//7260 
f 4982//7261 4984//7259 5124//7262 
f 5124//7262 5123//7263 4982//7261 
f 5123//7263 5128//7264 4983//7265 
f 4983//7265 4982//7261 5123//7263 
f 5125//7260 5124//7262 4984//7259 
f 4985//7258 4988//7250 5122//7255 
f 4987//7251 4991//7248 5118//7253 
f 5119//7249 5118//7253 4991//7248 
f 4989//7246 4992//7243 5115//7244 
f 4993//7242 4994//7239 5113//7240 
f 4995//7236 4998//7235 5111//7237 
f 5112//7234 5111//7237 4998//7235 
f 5110//7231 5109//7232 4996//7230 
f 5000//7229 5108//7266 5107//7227 
o mesh411
f 5128//7267 5127//7267 5057//7267 
f 5057//7267 4983//7267 5128//7267 
o mesh412
f 5127//7268 5129//7269 5055//7270 
f 5129//7269 5056//7271 5055//7270 
f 5056//7271 5129//7269 5132//7272 
f 5132//7272 5054//7273 5056//7271 
f 5131//7274 5134//7275 5053//7276 
f 5052//7277 5053//7276 5134//7275 
f 5134//7275 5133//7278 5052//7277 
f 5133//7278 5136//7279 5050//7280 
f 5051//7281 5050//7280 5136//7279 
f 5136//7279 5135//7282 5051//7281 
f 5051//7281 5135//7282 5137//7283 
f 5137//7283 5049//7284 5051//7281 
f 5130//7285 5048//7286 5049//7284 
f 5130//7285 5100//7287 5047//7288 
f 5046//7289 5047//7288 5100//7287 
f 5100//7287 5069//7290 5046//7289 
f 5069//7290 5062//7291 5045//7292 
f 5043//7293 5044//7294 5061//7295 
f 5044//7294 5062//7291 5061//7295 
f 5061//7295 5060//7296 5043//7293 
f 5060//7296 5064//7297 5042//7298 
f 5041//7299 5042//7298 5064//7297 
f 5064//7297 5063//7300 5041//7299 
f 5041//7299 5063//7300 5066//7301 
f 5065//7302 5039//7303 5040//7304 
f 5040//7304 5066//7301 5065//7302 
f 5065//7302 5068//7305 5038//7306 
f 5038//7306 5039//7303 5065//7302 
f 5066//7301 5040//7304 5041//7299 
f 5042//7298 5043//7293 5060//7296 
f 5044//7294 5045//7292 5062//7291 
f 5045//7292 5046//7289 5069//7290 
f 5047//7288 5048//7286 5130//7285 
f 5137//7283 5130//7285 5049//7284 
f 5050//7280 5052//7277 5133//7278 
f 5053//7276 5054//7273 5131//7274 
f 5132//7272 5131//7274 5054//7273 
f 5055//7270 5057//7307 5127//7268 
o mesh413
f 5067//7308 5037//7309 5038//7310 
f 5034//7311 5037//7309 5071//7312 
f 5037//7309 5067//7308 5071//7312 
f 5070//7313 5035//7314 5034//7311 
f 5035//7314 5070//7313 5073//7315 
f 5073//7315 5036//7316 5035//7314 
f 5033//7317 5072//7318 5075//7319 
f 5075//7319 5032//7320 5033//7317 
f 5075//7319 5074//7321 5032//7320 
f 5074//7321 5077//7322 5031//7323 
f 5030//7324 5031//7323 5077//7322 
f 5077//7322 5076//7325 5030//7324 
f 5076//7325 5080//7326 5027//7327 
f 5080//7326 5028//7328 5027//7327 
f 5029//7329 5028//7328 5079//7330 
f 5028//7328 5080//7326 5079//7330 
f 5026//7331 5025//7332 5082//7333 
f 5025//7332 5078//7334 5082//7333 
f 5082//7333 5081//7335 5026//7331 
f 5081//7335 5083//7336 5026//7331 
f 5084//7337 5024//7338 5023//7339 
f 5023//7339 5083//7336 5084//7337 
f 5022//7340 5024//7338 5087//7341 
f 5024//7338 5084//7337 5087//7341 
f 5021//7342 5022//7340 5086//7343 
f 5086//7343 5085//7344 5021//7342 
f 5085//7344 5059//7345 5020//7346 
f 5020//7346 5021//7342 5085//7344 
f 5087//7341 5086//7343 5022//7340 
f 5023//7339 5026//7331 5083//7336 
f 5025//7332 5029//7329 5078//7334 
f 5079//7330 5078//7334 5029//7329 
f 5027//7327 5030//7324 5076//7325 
f 5031//7323 5032//7320 5074//7321 
f 5033//7317 5036//7316 5072//7318 
f 5073//7315 5072//7318 5036//7316 
f 5071//7312 5070//7313 5034//7311 
f 5038//7310 5068//7347 5067//7308 
o mesh414
f 3323//7348 5140//7349 5141//7350 
f 5140//7349 3323//7348 3322//7351 
f 3322//7351 5142//7352 5140//7349 
f 3319//7353 3320//7354 5143//7355 
f 5144//7356 3321//7357 3319//7353 
f 3321//7357 5144//7356 5142//7352 
f 5142//7352 3322//7351 3321//7357 
f 3318//7358 5145//7359 5146//7360 
f 5146//7360 3317//7361 3318//7358 
f 5143//7355 3320//7354 3317//7361 
f 5146//7360 5143//7355 3317//7361 
f 3314//7362 3313//7363 5147//7364 
f 5148//7365 3315//7366 3314//7362 
f 3315//7366 5149//7367 5145//7359 
f 3315//7366 5148//7365 5149//7367 
f 5145//7359 3316//7368 3315//7366 
f 3311//7369 5150//7370 5147//7364 
f 3311//7369 3312//7371 5151//7372 
f 5151//7372 5150//7370 3311//7369 
f 3310//7373 5152//7374 5151//7372 
f 3309//7375 3308//7376 5153//7377 
f 5152//7374 3310//7373 3309//7375 
f 5153//7377 5152//7374 3309//7375 
f 5151//7372 3312//7371 3310//7373 
f 5147//7364 3313//7363 3311//7369 
f 5147//7364 5148//7365 3314//7362 
f 3318//7358 3316//7368 5145//7359 
f 3305//7378 3307//7379 5154//7380 
f 5154//7380 5155//7381 3305//7378 
f 3308//7376 3305//7378 5156//7382 
f 5156//7382 5153//7377 3308//7376 
f 3306//7383 5157//7384 5154//7380 
f 3306//7383 3304//7385 5158//7386 
f 5158//7386 5157//7384 3306//7383 
f 3286//7387 5159//7388 5158//7386 
f 5159//7388 3286//7387 3287//7389 
f 3287//7389 5160//7390 5159//7388 
f 5158//7386 3304//7385 3286//7387 
f 5154//7380 3307//7379 3306//7383 
f 3288//7391 5161//7392 5160//7390 
f 3288//7391 5162//7393 5161//7392 
f 5160//7390 3287//7389 3288//7391 
f 3290//7394 5163//7395 5162//7393 
f 5163//7395 3290//7394 3291//7396 
f 3291//7396 5164//7397 5163//7395 
f 5162//7393 3289//7398 3290//7394 
f 3288//7391 3289//7398 5162//7393 
f 3292//7399 5165//7400 5164//7397 
f 3292//7399 5166//7401 5165//7400 
f 5164//7397 3291//7396 3292//7399 
f 3293//7402 5167//7403 5166//7401 
f 3294//7404 5168//7405 5167//7403 
f 3294//7404 5169//7406 5168//7405 
f 5167//7403 3293//7402 3294//7404 
f 5170//7407 3296//7408 3297//7409 
f 3296//7408 5171//7410 5169//7406 
f 3296//7408 5170//7407 5171//7410 
f 5169//7406 3295//7411 3296//7408 
f 3297//7409 3298//7412 5170//7407 
f 3294//7404 3295//7411 5169//7406 
f 5172//7413 5170//7407 3298//7412 
f 3299//7414 3300//7415 5173//7416 
f 5173//7416 5172//7413 3299//7414 
f 3301//7417 5174//7418 5173//7416 
f 5174//7418 3301//7417 3302//7419 
f 3302//7419 5175//7420 5174//7418 
f 3302//7419 5176//7421 5175//7420 
f 3303//7422 5177//7423 5176//7421 
f 3303//7422 3363//7422 5178//7423 
f 5178//7423 5177//7423 3303//7422 
f 3362//7424 5179//7425 5178//7423 
f 5179//7425 3362//7424 3361//7426 
f 3361//7426 5180//7427 5179//7425 
f 5178//7423 3363//7422 3362//7424 
f 5176//7421 3302//7419 3303//7422 
f 5173//7416 3300//7415 3301//7417 
f 3298//7412 3299//7414 5172//7413 
f 3292//7399 3293//7402 5166//7401 
f 5155//7381 5156//7382 3305//7378 
f 5143//7355 5144//7356 3319//7353 
f 3358//7428 3359//7429 5181//7430 
f 5182//7431 3360//7432 3358//7428 
f 3360//7432 5182//7431 5180//7427 
f 5180//7427 3361//7426 3360//7432 
f 3357//7433 5183//7434 5184//7435 
f 5184//7435 3356//7436 3357//7433 
f 5184//7435 5181//7430 3356//7436 
f 5181//7430 3359//7429 3356//7436 
f 3353//7437 3352//7438 5185//7439 
f 5186//7440 3354//7441 3353//7437 
f 3354//7441 5187//7442 5183//7434 
f 3354//7441 5186//7440 5187//7442 
f 5183//7434 3355//7443 3354//7441 
f 3350//7444 5188//7445 5185//7439 
f 3350//7444 3351//7446 5189//7447 
f 5189//7447 5188//7445 3350//7444 
f 3349//7448 5190//7449 5189//7447 
f 3348//7450 5191//7451 5190//7449 
f 5190//7449 3349//7448 3348//7450 
f 5189//7447 3351//7446 3349//7448 
f 5185//7439 3352//7438 3350//7444 
f 5185//7439 5186//7440 3353//7437 
f 3357//7433 3355//7443 5183//7434 
f 3344//7452 3345//7453 5192//7454 
f 5192//7454 5193//7455 3344//7452 
f 3347//7456 5194//7457 5191//7451 
f 5191//7451 3348//7450 3347//7456 
f 3347//7456 3344//7452 5194//7457 
f 3346//7458 5195//7459 5192//7454 
f 3346//7458 3343//7460 5196//7461 
f 5196//7461 5195//7459 3346//7458 
f 3341//7462 5197//7463 5196//7461 
f 5197//7463 3341//7462 3342//7464 
f 3342//7464 5198//7465 5197//7463 
f 5196//7461 3343//7460 3341//7462 
f 5192//7454 3345//7453 3346//7458 
f 3340//7466 5199//7467 5198//7465 
f 3340//7466 5200//7468 5199//7467 
f 5198//7465 3342//7464 3340//7466 
f 3339//7469 5201//7470 5200//7468 
f 5201//7470 3339//7469 3337//7471 
f 3337//7471 5202//7472 5201//7470 
f 5200//7468 3338//7473 3339//7469 
f 3340//7466 3338//7473 5200//7468 
f 3336//7474 5203//7475 5202//7472 
f 3336//7474 5204//7476 5203//7475 
f 5202//7472 3337//7471 3336//7474 
f 3334//7477 5205//7478 5204//7476 
f 3335//7479 5206//7480 5205//7478 
f 3335//7479 5207//7481 5206//7480 
f 5205//7478 3334//7477 3335//7479 
f 5208//7482 3333//7483 3330//7484 
f 3333//7483 5209//7485 5207//7481 
f 3333//7483 5208//7482 5209//7485 
f 5207//7481 3332//7486 3333//7483 
f 3330//7484 3331//7487 5208//7482 
f 3335//7479 3332//7486 5207//7481 
f 5210//7488 5208//7482 3331//7487 
f 3328//7489 3329//7490 5211//7491 
f 5211//7491 5210//7488 3328//7489 
f 3327//7492 5212//7493 5211//7491 
f 5212//7493 3327//7492 3326//7494 
f 3326//7494 5213//7495 5212//7493 
f 3326//7494 5214//7496 5213//7495 
f 3325//7497 5215//7498 5214//7496 
f 3325//7497 3324//7497 5141//7350 
f 5141//7350 5215//7498 3325//7497 
f 5214//7496 3326//7494 3325//7497 
f 5211//7491 3329//7490 3327//7492 
f 3331//7487 3328//7489 5210//7488 
f 3336//7474 3334//7477 5204//7476 
f 5193//7455 5194//7457 3344//7452 
f 5181//7430 5182//7431 3358//7428 
f 5141//7350 3324//7497 3323//7348 
o mesh415
f 5216//7499 5217//7499 5177//7499 
f 5177//7499 5178//7499 5216//7499 
o mesh416
f 5218//7500 5219//7501 5220//7502 
f 5220//7502 5221//7503 5218//7500 
f 5218//7500 5222//7504 5223//7505 
f 5218//7500 5224//7506 5225//7507 
f 5225//7507 5222//7504 5218//7500 
f 5223//7505 5219//7501 5218//7500 
f 5218//7500 5226//7508 5227//7509 
f 5227//7509 5224//7506 5218//7500 
f 5218//7500 5228//7510 5229//7511 
f 5229//7511 5226//7508 5218//7500 
f 5218//7500 5230//7512 5231//7513 
f 5231//7513 5228//7510 5218//7500 
f 5218//7500 5232//7514 5233//7515 
f 5233//7515 5230//7512 5218//7500 
f 5218//7500 5234//7516 5235//7517 
f 5235//7517 5232//7514 5218//7500 
f 5218//7500 5236//7518 5237//7519 
f 5237//7519 5238//7520 5218//7500 
f 5218//7500 5239//7521 5240//7522 
f 5218//7500 5241//7523 5239//7521 
f 5218//7500 5242//7524 5241//7523 
f 5240//7522 5236//7518 5218//7500 
f 5296//7525 5243//7526 5244//7527 
f 5244//7527 5245//7528 5296//7525 
f 5296//7525 5217//7529 5216//7529 
f 5296//7525 5246//7530 5217//7529 
f 5216//7529 5243//7526 5296//7525 
f 5296//7525 5247//7531 5248//7532 
f 5248//7532 5246//7530 5296//7525 
f 5242//7524 5218//7500 5296//7525 
f 5296//7525 5249//7533 5250//7534 
f 5296//7525 5251//7535 5252//7536 
f 5252//7536 5249//7533 5296//7525 
f 5296//7525 5253//7537 5254//7538 
f 5296//7525 5218//7500 5255//7539 
f 5255//7539 5253//7537 5296//7525 
f 5254//7538 5251//7535 5296//7525 
f 5250//7534 5247//7531 5296//7525 
f 5245//7528 5242//7524 5296//7525 
f 5238//7520 5234//7516 5218//7500 
f 5218//7500 5256//7540 5257//7541 
f 5218//7500 5258//7542 5256//7540 
f 5257//7541 5259//7543 5260//7544 
f 5257//7541 5261//7545 5262//7546 
f 5257//7541 5263//7547 5264//7548 
f 5257//7541 5265//7549 5266//7550 
f 5266//7550 5263//7547 5257//7541 
f 5257//7541 5267//7551 5268//7552 
f 5257//7541 5269//7553 5270//7554 
f 5257//7541 5271//7555 5272//7556 
f 5272//7556 5269//7553 5257//7541 
f 5257//7541 5273//7557 5274//7558 
f 5257//7541 5275//7559 5273//7557 
f 5274//7558 5271//7555 5257//7541 
f 5270//7554 5267//7551 5257//7541 
f 5268//7552 5265//7549 5257//7541 
f 5264//7548 5261//7545 5257//7541 
f 5297//7560 5276//7561 5277//7562 
f 5297//7560 5278//7563 5279//7564 
f 5297//7560 5280//7565 5278//7563 
f 5279//7564 5276//7561 5297//7560 
f 5297//7560 5281//7566 5282//7567 
f 5282//7567 5283//7568 5297//7560 
f 5283//7568 5284//7569 5297//7560 
f 5284//7569 5280//7565 5297//7560 
f 5297//7560 5285//7570 5286//7570 
f 5297//7560 5287//7571 5285//7570 
f 5297//7560 5288//7572 5289//7573 
f 5297//7560 5290//7574 5291//7575 
f 5297//7560 5292//7576 5293//7577 
f 5297//7560 5257//7541 5294//7578 
f 5294//7578 5292//7576 5297//7560 
f 5293//7577 5290//7574 5297//7560 
f 5291//7575 5288//7572 5297//7560 
f 5289//7573 5287//7571 5297//7560 
f 5286//7570 5281//7566 5297//7560 
f 5297//7560 5275//7559 5257//7541 
f 5277//7562 5275//7559 5297//7560 
f 5262//7546 5259//7543 5257//7541 
f 5260//7544 5295//7579 5257//7541 
f 5257//7541 5295//7579 5218//7500 
f 5221//7503 5258//7542 5218//7500 
o mesh417
f 5217//7580 5246//7581 5176//7582 
f 5246//7581 5175//7583 5176//7582 
f 5175//7583 5246//7581 5248//7584 
f 5248//7584 5174//7585 5175//7583 
f 5172//7586 5173//7587 5250//7588 
f 5173//7587 5247//7589 5250//7588 
f 5250//7588 5249//7590 5172//7586 
f 5249//7590 5252//7591 5170//7592 
f 5171//7593 5170//7592 5252//7591 
f 5252//7591 5251//7594 5171//7593 
f 5171//7593 5251//7594 5254//7595 
f 5254//7595 5169//7596 5171//7593 
f 5253//7597 5168//7598 5169//7596 
f 5253//7597 5255//7599 5167//7600 
f 5166//7601 5167//7600 5255//7599 
f 5255//7599 5218//7602 5166//7601 
f 5295//7603 5165//7604 5166//7601 
f 5165//7604 5295//7603 5260//7605 
f 5259//7606 5163//7607 5164//7608 
f 5164//7608 5260//7605 5259//7606 
f 5163//7607 5259//7606 5262//7609 
f 5261//7610 5161//7611 5162//7612 
f 5162//7612 5262//7609 5261//7610 
f 5161//7611 5261//7610 5264//7613 
f 5263//7614 5159//7615 5160//7616 
f 5160//7616 5264//7613 5263//7614 
f 5263//7614 5266//7617 5158//7618 
f 5158//7618 5159//7615 5263//7614 
f 5264//7613 5160//7616 5161//7611 
f 5262//7609 5162//7612 5163//7607 
f 5260//7605 5164//7608 5165//7604 
f 5166//7601 5218//7602 5295//7603 
f 5167//7600 5168//7598 5253//7597 
f 5254//7595 5253//7597 5169//7596 
f 5170//7592 5172//7586 5249//7590 
f 5173//7587 5174//7585 5247//7589 
f 5248//7584 5247//7589 5174//7585 
f 5176//7582 5177//7619 5217//7580 
o mesh418
f 5265//7620 5157//7621 5158//7622 
f 5154//7623 5157//7621 5268//7624 
f 5157//7621 5265//7620 5268//7624 
f 5267//7625 5155//7626 5154//7623 
f 5155//7626 5267//7625 5270//7627 
f 5270//7627 5156//7628 5155//7626 
f 5153//7629 5269//7630 5272//7631 
f 5272//7631 5152//7632 5153//7629 
f 5272//7631 5271//7633 5152//7632 
f 5271//7633 5274//7634 5151//7635 
f 5150//7636 5151//7635 5274//7634 
f 5274//7634 5273//7637 5150//7636 
f 5273//7637 5275//7638 5147//7639 
f 5275//7638 5148//7640 5147//7639 
f 5149//7641 5148//7640 5277//7642 
f 5148//7640 5275//7638 5277//7642 
f 5146//7643 5145//7644 5279//7645 
f 5145//7644 5276//7646 5279//7645 
f 5279//7645 5278//7647 5146//7643 
f 5278//7647 5280//7648 5146//7643 
f 5284//7649 5144//7650 5143//7651 
f 5143//7651 5280//7648 5284//7649 
f 5142//7652 5144//7650 5283//7653 
f 5144//7650 5284//7649 5283//7653 
f 5140//7654 5142//7652 5282//7655 
f 5282//7655 5281//7656 5140//7654 
f 5281//7656 5286//7657 5141//7658 
f 5141//7658 5140//7654 5281//7656 
f 5283//7653 5282//7655 5142//7652 
f 5143//7651 5146//7643 5280//7648 
f 5145//7644 5149//7641 5276//7646 
f 5277//7642 5276//7646 5149//7641 
f 5147//7639 5150//7636 5273//7637 
f 5151//7635 5152//7632 5271//7633 
f 5153//7629 5156//7628 5269//7630 
f 5270//7627 5269//7630 5156//7628 
f 5268//7624 5267//7625 5154//7623 
f 5158//7622 5266//7659 5265//7620 
o mesh419
f 5285//7660 5215//7660 5141//7660 
f 5141//7660 5286//7660 5285//7660 
o mesh420
f 5285//7661 5287//7662 5214//7663 
f 5287//7662 5213//7664 5214//7663 
f 5213//7664 5287//7662 5289//7665 
f 5289//7665 5212//7666 5213//7664 
f 5210//7667 5211//7668 5291//7669 
f 5211//7668 5288//7670 5291//7669 
f 5291//7669 5290//7671 5210//7667 
f 5290//7671 5293//7672 5208//7673 
f 5209//7674 5208//7673 5293//7672 
f 5293//7672 5292//7675 5209//7674 
f 5209//7674 5292//7675 5294//7676 
f 5257//7677 5206//7678 5207//7679 
f 5207//7679 5294//7676 5257//7677 
f 5257//7677 5256//7680 5205//7681 
f 5204//7682 5205//7681 5256//7680 
f 5256//7680 5258//7683 5204//7682 
f 5258//7683 5221//7684 5203//7685 
f 5201//7686 5202//7687 5220//7688 
f 5202//7687 5221//7684 5220//7688 
f 5220//7688 5219//7689 5201//7686 
f 5219//7689 5223//7690 5200//7691 
f 5199//7692 5200//7691 5223//7690 
f 5223//7690 5222//7693 5199//7692 
f 5199//7692 5222//7693 5225//7694 
f 5224//7695 5197//7696 5198//7697 
f 5198//7697 5225//7694 5224//7695 
f 5224//7695 5227//7698 5196//7699 
f 5196//7699 5197//7696 5224//7695 
f 5225//7694 5198//7697 5199//7692 
f 5200//7691 5201//7686 5219//7689 
f 5202//7687 5203//7685 5221//7684 
f 5203//7685 5204//7682 5258//7683 
f 5205//7681 5206//7678 5257//7677 
f 5294//7676 5207//7679 5209//7674 
f 5208//7673 5210//7667 5290//7671 
f 5211//7668 5212//7666 5288//7670 
f 5289//7665 5288//7670 5212//7666 
f 5214//7663 5215//7700 5285//7661 
o mesh421
f 5226//7701 5195//7702 5196//7703 
f 5192//7704 5195//7702 5229//7705 
f 5195//7702 5226//7701 5229//7705 
f 5228//7706 5193//7707 5192//7704 
f 5193//7707 5228//7706 5231//7708 
f 5231//7708 5194//7709 5193//7707 
f 5191//7710 5230//7711 5233//7712 
f 5233//7712 5190//7713 5191//7710 
f 5233//7712 5232//7714 5190//7713 
f 5232//7714 5235//7715 5189//7716 
f 5188//7717 5189//7716 5235//7715 
f 5235//7715 5234//7718 5188//7717 
f 5234//7718 5238//7719 5185//7720 
f 5238//7719 5186//7721 5185//7720 
f 5187//7722 5186//7721 5237//7723 
f 5186//7721 5238//7719 5237//7723 
f 5184//7724 5183//7725 5240//7726 
f 5183//7725 5236//7727 5240//7726 
f 5240//7726 5239//7728 5184//7724 
f 5239//7728 5241//7729 5184//7724 
f 5242//7730 5182//7731 5181//7732 
f 5181//7732 5241//7729 5242//7730 
f 5180//7733 5182//7731 5245//7734 
f 5182//7731 5242//7730 5245//7734 
f 5179//7735 5180//7733 5244//7736 
f 5244//7736 5243//7737 5179//7735 
f 5243//7737 5216//7738 5178//7739 
f 5178//7739 5179//7735 5243//7737 
f 5245//7734 5244//7736 5180//7733 
f 5181//7732 5184//7724 5241//7729 
f 5183//7725 5187//7722 5236//7727 
f 5237//7723 5236//7727 5187//7722 
f 5185//7720 5188//7717 5234//7718 
f 5189//7716 5190//7713 5232//7714 
f 5191//7710 5194//7709 5230//7711 
f 5231//7708 5230//7711 5194//7709 
f 5229//7705 5228//7706 5192//7704 
f 5196//7703 5227//7740 5226//7701 
o mesh422
f 5298//7741 3196//7741 3195//7742 
f 3195//7742 5299//7743 5298//7741 
f 3192//7744 5300//7745 5299//7743 
f 3193//7746 5301//7747 5300//7745 
f 5300//7745 3192//7744 3193//7746 
f 5299//7743 3194//7748 3192//7744 
f 3190//7749 5302//7750 5301//7747 
f 3190//7749 3191//7751 5303//7752 
f 5303//7752 5302//7750 3190//7749 
f 5301//7747 3193//7746 3190//7749 
f 3189//7753 5304//7754 5303//7752 
f 3189//7753 5305//7755 5304//7754 
f 5303//7752 3191//7751 3189//7753 
f 3189//7753 3187//7756 5305//7755 
f 5306//7757 3188//7758 3185//7759 
f 3188//7758 5307//7760 5305//7755 
f 3188//7758 5306//7757 5308//7761 
f 5308//7761 5307//7760 3188//7758 
f 5305//7755 3187//7756 3188//7758 
f 3185//7759 3186//7762 5306//7757 
f 5309//7763 5306//7757 3186//7762 
f 3184//7764 5310//7765 5309//7763 
f 5309//7763 3183//7766 3184//7764 
f 3181//7767 5311//7768 5310//7765 
f 5310//7765 3184//7764 3181//7767 
f 3182//7769 5312//7770 5311//7768 
f 3181//7767 3182//7769 5311//7768 
f 3180//7771 3178//7772 5313//7773 
f 3178//7772 5314//7774 5313//7773 
f 5313//7773 5315//7775 3180//7771 
f 5315//7775 5312//7770 3180//7771 
f 5312//7770 3179//7776 3180//7771 
f 5316//7777 3170//7778 3168//7779 
f 3168//7779 3169//7780 5316//7777 
f 5316//7777 3171//7781 3170//7778 
f 5316//7777 3173//7782 3172//7783 
f 3175//7784 3174//7785 5316//7777 
f 5316//7777 5317//7786 3175//7784 
f 3174//7785 3173//7782 5316//7777 
f 5314//7774 3176//7787 3175//7784 
f 5314//7774 3177//7788 3176//7787 
f 3175//7784 5317//7786 5314//7774 
f 3172//7783 3171//7781 5316//7777 
f 3169//7780 3166//7789 5316//7777 
f 3178//7772 3177//7788 5314//7774 
f 3182//7769 3179//7776 5312//7770 
f 3186//7762 3183//7766 5309//7763 
f 3198//7790 3197//7791 3196//7741 
f 3196//7741 5298//7741 3198//7790 
f 5318//7792 5319//7792 5316//7777 
f 3166//7789 5320//7793 5321//7794 
f 5321//7794 5318//7792 3166//7789 
f 3166//7789 5322//7795 5323//7796 
f 3166//7789 5324//7797 5322//7795 
f 5323//7796 5325//7798 3166//7789 
f 5325//7798 5320//7793 3166//7789 
f 5326//7799 3167//7800 3165//7801 
f 3167//7800 5327//7802 5324//7797 
f 3167//7800 5326//7799 5327//7802 
f 5324//7797 3166//7789 3167//7800 
f 3165//7801 3163//7803 5326//7799 
f 3162//7804 5328//7805 5326//7799 
f 5328//7805 3162//7804 3164//7806 
f 3164//7806 5329//7807 5328//7805 
f 3160//7808 5330//7809 5329//7807 
f 3161//7810 3159//7811 5331//7812 
f 5331//7812 5332//7813 3161//7810 
f 5330//7809 3160//7808 3161//7810 
f 5332//7813 5330//7809 3161//7810 
f 5329//7807 3164//7806 3160//7808 
f 3158//7814 3157//7815 5333//7816 
f 5333//7816 5334//7817 3158//7814 
f 5331//7812 3159//7811 3158//7814 
f 5333//7816 3157//7815 3154//7818 
f 3154//7818 3155//7819 5335//7820 
f 5335//7820 5336//7821 3154//7818 
f 3154//7818 5336//7821 5333//7816 
f 3156//7822 3153//7823 5337//7824 
f 5337//7824 5338//7825 3156//7822 
f 5335//7820 3155//7819 3156//7822 
f 3153//7823 5339//7826 5340//7827 
f 3153//7823 3199//7828 5341//7829 
f 5341//7829 5339//7826 3153//7823 
f 5340//7827 5337//7824 3153//7823 
f 5338//7825 5335//7820 3156//7822 
f 5334//7817 5331//7812 3158//7814 
f 5326//7799 3163//7803 3162//7804 
f 3199//7828 3198//7790 5298//7741 
f 5298//7741 5341//7829 3199//7828 
f 5316//7777 3166//7789 5318//7792 
f 3195//7742 3194//7748 5299//7743 
o mesh423
f 5342//7830 5343//7830 5316//7830 
f 5316//7830 5319//7830 5342//7830 
o mesh424
f 5344//7829 5345//7831 5346//7832 
f 5344//7829 5347//7833 5348//7834 
f 5348//7834 5345//7831 5344//7829 
f 5344//7829 5349//7835 5347//7833 
f 5344//7829 5350//7836 5351//7837 
f 5344//7829 5352//7838 5353//7839 
f 5353//7839 5350//7836 5344//7829 
f 5351//7837 5349//7835 5344//7829 
f 5344//7829 5354//7840 5352//7838 
f 5344//7829 5355//7841 5356//7842 
f 5344//7829 5357//7843 5358//7844 
f 5344//7829 5359//7845 5357//7843 
f 5358//7844 5355//7841 5344//7829 
f 5356//7842 5354//7840 5344//7829 
f 5344//7829 5360//7846 5361//7847 
f 5344//7829 5362//7848 5363//7849 
f 5364//7850 5365//7851 5366//7852 
f 5364//7850 5344//7829 5365//7851 
f 5366//7852 5342//7853 5364//7850 
f 5364//7850 5362//7848 5344//7829 
f 5363//7849 5360//7846 5344//7829 
f 5361//7847 5367//7854 5344//7829 
f 5367//7854 5359//7845 5344//7829 
f 5342//7853 5368//7855 5369//7856 
f 5368//7855 5370//7857 5369//7856 
f 5371//7858 5372//7859 5368//7855 
f 5368//7855 5342//7853 5371//7858 
f 5342//7853 5373//7860 5374//7861 
f 5342//7853 5375//7862 5376//7863 
f 5376//7863 5373//7860 5342//7853 
f 5374//7861 5371//7858 5342//7853 
f 5342//7853 5377//7864 5378//7865 
f 5342//7853 5379//7866 5377//7864 
f 5342//7853 5380//7867 5381//7868 
f 5342//7853 5382//7869 5383//7870 
f 5342//7853 5366//7852 5384//7871 
f 5384//7871 5382//7869 5342//7853 
f 5383//7870 5380//7867 5342//7853 
f 5381//7868 5379//7866 5342//7853 
f 5378//7865 5375//7862 5342//7853 
f 5369//7856 5343//7872 5342//7853 
f 5346//7832 5385//7873 5344//7829 
o mesh425
f 5343//7874 5369//7875 5317//7876 
f 5314//7877 5317//7876 5370//7878 
f 5317//7876 5369//7875 5370//7878 
f 5368//7879 5313//7880 5314//7877 
f 5313//7880 5368//7879 5372//7881 
f 5372//7881 5315//7882 5313//7880 
f 5312//7883 5371//7884 5374//7885 
f 5374//7885 5311//7886 5312//7883 
f 5374//7885 5373//7887 5311//7886 
f 5376//7888 5309//7889 5310//7890 
f 5310//7890 5373//7887 5376//7888 
f 5376//7888 5375//7891 5309//7889 
f 5375//7891 5378//7892 5306//7893 
f 5308//7894 5306//7893 5378//7892 
f 5378//7892 5377//7895 5308//7894 
f 5377//7895 5379//7896 5307//7897 
f 5304//7898 5305//7899 5381//7900 
f 5305//7899 5379//7896 5381//7900 
f 5381//7900 5380//7901 5304//7898 
f 5304//7898 5380//7901 5383//7902 
f 5382//7903 5302//7904 5303//7905 
f 5303//7905 5383//7902 5382//7903 
f 5302//7904 5382//7903 5384//7906 
f 5366//7907 5300//7908 5301//7909 
f 5301//7909 5384//7906 5366//7907 
f 5366//7907 5365//7910 5299//7911 
f 5299//7911 5300//7908 5366//7907 
f 5384//7906 5301//7909 5302//7904 
f 5383//7902 5303//7905 5304//7898 
f 5305//7899 5307//7897 5379//7896 
f 5307//7897 5308//7894 5377//7895 
f 5306//7893 5309//7889 5375//7891 
f 5310//7890 5311//7886 5373//7887 
f 5312//7883 5315//7882 5371//7884 
f 5372//7881 5371//7884 5315//7882 
f 5370//7878 5368//7879 5314//7877 
f 5317//7876 5316//7912 5343//7874 
o mesh426
f 5344//7913 5298//7913 5299//7913 
f 5299//7913 5365//7913 5344//7913 
o mesh427
f 5341//7914 5298//7914 5344//7914 
f 5344//7914 5385//7914 5341//7914 
o mesh428
f 5346//7915 5339//7915 5341//7915 
f 5341//7915 5385//7915 5346//7915 
o mesh429
f 5339//7916 5346//7917 5345//7918 
f 5337//7919 5345//7918 5348//7920 
f 5348//7920 5338//7921 5337//7919 
f 5348//7920 5347//7922 5338//7921 
f 5347//7922 5349//7923 5335//7924 
f 5349//7923 5336//7925 5335//7924 
f 5336//7925 5349//7923 5351//7926 
f 5350//7927 5334//7928 5333//7929 
f 5333//7929 5351//7926 5350//7927 
f 5334//7928 5350//7927 5353//7930 
f 5353//7930 5331//7931 5334//7928 
f 5352//7932 5332//7933 5331//7931 
f 5352//7932 5354//7934 5330//7935 
f 5328//7936 5329//7937 5356//7938 
f 5329//7937 5354//7934 5356//7938 
f 5356//7938 5355//7939 5328//7936 
f 5355//7939 5358//7940 5326//7941 
f 5326//7941 5358//7940 5357//7942 
f 5357//7942 5327//7943 5326//7941 
f 5357//7942 5359//7944 5327//7943 
f 5359//7944 5367//7945 5324//7946 
f 5367//7945 5322//7947 5324//7946 
f 5323//7948 5322//7947 5361//7949 
f 5322//7947 5367//7945 5361//7949 
f 5325//7950 5360//7951 5363//7952 
f 5362//7953 5321//7954 5320//7955 
f 5320//7955 5363//7952 5362//7953 
f 5363//7952 5320//7955 5325//7950 
f 5318//7956 5321//7954 5362//7953 
f 5362//7953 5364//7957 5318//7956 
f 5325//7950 5323//7948 5360//7951 
f 5361//7949 5360//7951 5323//7948 
f 5324//7946 5327//7943 5359//7944 
f 5326//7941 5328//7936 5355//7939 
f 5329//7937 5330//7935 5354//7934 
f 5330//7935 5332//7933 5352//7932 
f 5353//7930 5352//7932 5331//7931 
f 5351//7926 5333//7929 5336//7925 
f 5335//7924 5338//7921 5347//7922 
f 5337//7919 5340//7958 5345//7918 
f 5345//7918 5340//7958 5339//7916 
o mesh430
f 5364//7959 5342//7959 5319//7959 
f 5319//7959 5318//7959 5364//7959 
usemtl 0.019608_0.780392_0.000000_0.000000_0.000000
o mesh431
f 5449//7960 5450//7960 5451//7960 
f 5452//7960 5449//7960 5453//7960 
f 5454//7960 5453//7960 5455//7960 
f 5456//7960 5386//7960 5387//7960 
f 5456//7960 5388//7960 5386//7960 
f 5457//7960 5456//7960 5389//7960 
f 5387//7960 5390//7960 5456//7960 
f 5456//7960 5458//7960 5391//7960 
f 5458//7960 5392//7960 5393//7960 
f 5457//7960 5394//7960 5395//7960 
f 5390//7960 5389//7960 5456//7960 
f 5391//7960 5396//7960 5456//7960 
f 5458//7960 5397//7960 5398//7960 
f 5458//7960 5399//7960 5392//7960 
f 5452//7960 5400//7960 5401//7960 
f 5389//7960 5394//7960 5457//7960 
f 5398//7960 5391//7960 5458//7960 
f 5458//7960 5401//7960 5399//7960 
f 5452//7960 5402//7960 5400//7960 
f 5396//7960 5388//7960 5456//7960 
f 5401//7960 5458//7960 5452//7960 
f 5393//7960 5397//7960 5458//7960 
f 5452//7960 5403//7960 5404//7960 
f 5452//7960 5405//7960 5402//7960 
f 5404//7960 5406//7960 5452//7960 
f 5457//7960 5407//7960 5408//7960 
f 5406//7960 5405//7960 5452//7960 
f 5457//7960 5409//7960 5407//7960 
f 5452//7960 5410//7960 5403//7960 
f 5395//7960 5409//7960 5457//7960 
f 5457//7960 5411//7960 5412//7960 
f 5408//7960 5413//7960 5457//7960 
f 5452//7960 5457//7960 5414//7960 
f 5413//7960 5411//7960 5457//7960 
f 5414//7960 5415//7960 5452//7960 
f 5415//7960 5410//7960 5452//7960 
f 5457//7960 5452//7960 5454//7960 
f 5459//7960 5454//7960 5460//7960 
f 5461//7960 5462//7960 5416//7960 
f 5463//7960 5464//7960 5417//7960 
f 5462//7960 5418//7960 5416//7960 
f 5417//7960 5418//7960 5463//7960 
f 5418//7960 5462//7960 5463//7960 
f 5464//7960 5461//7960 5419//7960 
f 5419//7960 5417//7960 5464//7960 
f 5461//7960 5464//7960 5456//7960 
f 5465//7960 5456//7960 5457//7960 
f 5466//7960 5457//7960 5459//7960 
f 5467//7960 5459//7960 5468//7960 
f 5469//7960 5461//7960 5465//7960 
f 5470//7960 5465//7960 5466//7960 
f 5471//7960 5466//7960 5467//7960 
f 5467//7960 5472//7960 5420//7960 
f 5420//7960 5473//7960 5467//7960 
f 5472//7960 5474//7960 5421//7960 
f 5421//7960 5420//7960 5472//7960 
f 5452//7960 5458//7960 5422//7960 
f 5422//7960 5423//7960 5452//7960 
f 5450//7960 5449//7960 5424//7960 
f 5449//7960 5423//7960 5424//7960 
f 4374//7960 5450//7960 5425//7960 
f 5425//7960 4375//7960 4376//7960 
f 5451//7960 5450//7960 4372//7960 
f 5450//7960 4374//7960 4373//7960 
f 4373//7960 4372//7960 5450//7960 
f 5451//7960 4371//7960 4370//7960 
f 5426//7960 5451//7960 4369//7960 
f 4369//7960 4368//7960 5426//7960 
f 5453//7960 5427//7960 5428//7960 
f 5426//7960 5427//7960 5451//7960 
f 4368//7960 5455//7960 5429//7960 
f 5428//7960 5455//7960 5453//7960 
f 5429//7960 5426//7960 4368//7960 
f 5427//7960 5453//7960 5451//7960 
f 5455//7960 4367//7960 4366//7960 
f 5455//7960 4368//7960 4367//7960 
f 4365//7960 4364//7960 5430//7960 
f 5430//7960 5431//7960 4365//7960 
f 5432//7960 5430//7960 4364//7960 
f 5460//7960 5455//7960 5433//7960 
f 5431//7960 5455//7960 4365//7960 
f 4363//7960 5460//7960 5432//7960 
f 5431//7960 5433//7960 5455//7960 
f 5433//7960 5432//7960 5460//7960 
f 5460//7960 4362//7960 4361//7960 
f 4361//7960 5468//7960 5460//7960 
f 5460//7960 4363//7960 4362//7960 
f 5468//7960 4360//7960 4357//7960 
f 5468//7960 4359//7960 4360//7960 
f 5472//7960 4357//7960 4358//7960 
f 5474//7960 4356//7960 4355//7960 
f 5474//7960 4358//7960 4356//7960 
f 5434//7960 5435//7960 4354//7960 
f 5474//7960 4354//7960 5435//7960 
f 4354//7960 4353//7960 5434//7960 
f 4353//7960 4352//7960 5434//7960 
f 5436//7960 4351//7960 4350//7960 
f 4349//7960 5437//7960 5436//7960 
f 4349//7960 5471//7960 5437//7960 
f 5471//7960 5473//7960 5438//7960 
f 5436//7960 5434//7960 4352//7960 
f 5438//7960 5437//7960 5471//7960 
f 4350//7960 4349//7960 5436//7960 
f 5471//7960 4348//7960 4347//7960 
f 4347//7960 5470//7960 5471//7960 
f 5471//7960 4349//7960 4348//7960 
f 4345//7960 4344//7960 5439//7960 
f 4343//7960 5440//7960 5439//7960 
f 5470//7960 5441//7960 5442//7960 
f 5439//7960 5441//7960 4345//7960 
f 4343//7960 5469//7960 5440//7960 
f 5442//7960 5469//7960 5470//7960 
f 5470//7960 4346//7960 4345//7960 
f 5442//7960 5440//7960 5469//7960 
f 5439//7960 4344//7960 4343//7960 
f 5469//7960 4343//7960 4342//7960 
f 5461//7960 5469//7960 4338//7960 
f 4338//7960 4339//7960 5461//7960 
f 5462//7960 4341//7960 4340//7960 
f 4340//7960 5463//7960 5462//7960 
f 5475//7960 5463//7960 4335//7960 
f 5463//7960 4337//7960 4336//7960 
f 4336//7960 4335//7960 5463//7960 
f 4335//7960 4384//7960 5475//7960 
f 5443//7960 5475//7960 4382//7960 
f 5475//7960 4383//7960 4382//7960 
f 5463//7960 5475//7960 5444//7960 
f 5475//7960 5445//7960 5444//7960 
f 5456//7960 5464//7960 5446//7960 
f 5446//7960 5447//7960 5456//7960 
f 5464//7960 5444//7960 5446//7960 
f 5447//7960 5458//7960 5456//7960 
f 5444//7960 5464//7960 5463//7960 
f 5445//7960 5475//7960 5443//7960 
f 4382//7960 4381//7960 5443//7960 
f 4384//7960 4383//7960 5475//7960 
f 4340//7960 4337//7960 5463//7960 
f 4341//7960 5462//7960 4339//7960 
f 4339//7960 5462//7960 5461//7960 
f 4342//7960 4338//7960 5469//7960 
f 5441//7960 5470//7960 4345//7960 
f 4347//7960 4346//7960 5470//7960 
f 4352//7960 4351//7960 5436//7960 
f 5435//7960 5421//7960 5474//7960 
f 4355//7960 4354//7960 5474//7960 
f 4358//7960 5474//7960 5472//7960 
f 4357//7960 5472//7960 5468//7960 
f 4361//7960 4359//7960 5468//7960 
f 4364//7960 4363//7960 5432//7960 
f 4366//7960 4365//7960 5455//7960 
f 5428//7960 5429//7960 5455//7960 
f 4370//7960 4369//7960 5451//7960 
f 4372//7960 4371//7960 5451//7960 
f 5425//7960 4376//7960 4374//7960 
f 5424//7960 5425//7960 5450//7960 
f 5423//7960 5449//7960 5452//7960 
f 5422//7960 5458//7960 5447//7960 
f 5438//7960 5473//7960 5448//7960 
f 5420//7960 5448//7960 5473//7960 
f 5467//7960 5473//7960 5471//7960 
f 5466//7960 5471//7960 5470//7960 
f 5465//7960 5470//7960 5469//7960 
f 5468//7960 5472//7960 5467//7960 
f 5459//7960 5467//7960 5466//7960 
f 5457//7960 5466//7960 5465//7960 
f 5456//7960 5465//7960 5461//7960 
f 5416//7960 5419//7960 5461//7960 
f 5460//7960 5468//7960 5459//7960 
f 5454//7960 5459//7960 5457//7960 
f 5412//7960 5414//7960 5457//7960 
f 5455//7960 5460//7960 5454//7960 
f 5453//7960 5454//7960 5452//7960 
f 5451//7960 5453//7960 5449//7960 
usemtl 0.949020_0.760784_0.180392_0.000000_0.000000
o mesh432
f 5476//7961 5419//7961 5416//7961 
f 5416//7961 5477//7961 5476//7961 
o mesh433
f 5478//7962 5476//7961 5477//7961 
f 5479//7963 5478//7962 5480//7962 
f 5481//7964 5479//7963 5482//7963 
f 5483//7965 5481//7964 5484//7964 
f 5485//7966 5483//7965 5486//7965 
f 5487//7967 5485//7966 5488//7966 
f 5489//7968 5487//7967 5490//7967 
f 5491//7969 5489//7968 5492//7968 
f 5493//7970 5491//7969 5494//7969 
f 5495//7971 5493//7970 5496//7970 
f 5497//7972 5495//7971 5498//7971 
f 5499//7973 5497//7972 5500//7972 
f 5501//7974 5499//7973 5502//7973 
f 5503//7975 5501//7974 5504//7974 
f 5505//7976 5503//7975 5506//7975 
f 5506//7975 5507//7976 5505//7976 
f 5504//7974 5506//7975 5503//7975 
f 5502//7973 5504//7974 5501//7974 
f 5500//7972 5502//7973 5499//7973 
f 5498//7971 5500//7972 5497//7972 
f 5496//7970 5498//7971 5495//7971 
f 5494//7969 5496//7970 5493//7970 
f 5492//7968 5494//7969 5491//7969 
f 5490//7967 5492//7968 5489//7968 
f 5488//7966 5490//7967 5487//7967 
f 5486//7965 5488//7966 5485//7966 
f 5484//7964 5486//7965 5483//7965 
f 5482//7963 5484//7964 5481//7964 
f 5480//7962 5482//7963 5479//7963 
f 5477//7961 5480//7962 5478//7962 
o mesh434
f 5442//7976 5505//7976 5507//7976 
f 5507//7976 5440//7976 5442//7976 
o mesh435
f 5508//7976 5509//7976 5418//7976 
f 5418//7976 5417//7976 5508//7976 
o mesh436
f 5510//7977 5511//7977 5509//7977 
f 5509//7977 5508//7977 5510//7977 
o mesh437
f 5509//7978 5511//7978 5488//7978 
f 5439//7978 5506//7978 5504//7978 
f 5439//7978 5440//7978 5507//7978 
f 5488//7978 5486//7978 5509//7978 
f 5511//7978 5492//7978 5490//7978 
f 5511//7978 5512//7978 5494//7978 
f 5513//7978 5500//7978 5498//7978 
f 5513//7978 5504//7978 5502//7978 
f 5507//7978 5506//7978 5439//7978 
f 5418//7978 5480//7978 5477//7978 
f 5418//7978 5509//7978 5482//7978 
f 5490//7978 5488//7978 5511//7978 
f 5512//7978 5496//7978 5494//7978 
f 5498//7978 5512//7978 5513//7978 
f 5504//7978 5513//7978 5439//7978 
f 5482//7978 5480//7978 5418//7978 
f 5494//7978 5492//7978 5511//7978 
f 5502//7978 5500//7978 5513//7978 
f 5509//7978 5484//7978 5482//7978 
f 5498//7978 5496//7978 5512//7978 
f 5486//7978 5484//7978 5509//7978 
f 5477//7978 5416//7978 5418//7978 
o mesh438
f 5514//7979 5515//7979 5495//7979 
f 5515//7979 5493//7979 5495//7979 
f 5508//7979 5483//7979 5485//7979 
f 5515//7979 5491//7979 5493//7979 
f 5510//7979 5489//7979 5491//7979 
f 5485//7979 5510//7979 5508//7979 
f 5441//7979 5514//7979 5501//7979 
f 5514//7979 5497//7979 5499//7979 
f 5491//7979 5515//7979 5510//7979 
f 5485//7979 5487//7979 5510//7979 
f 5417//7979 5478//7979 5479//7979 
f 5417//7979 5419//7979 5476//7979 
f 5499//7979 5501//7979 5514//7979 
f 5487//7979 5489//7979 5510//7979 
f 5508//7979 5479//7979 5481//7979 
f 5476//7979 5478//7979 5417//7979 
f 5495//7979 5497//7979 5514//7979 
f 5479//7979 5508//7979 5417//7979 
f 5441//7979 5503//7979 5505//7979 
f 5481//7979 5483//7979 5508//7979 
f 5501//7979 5503//7979 5441//7979 
f 5505//7979 5442//7979 5441//7979 
o mesh439
f 5512//7980 5511//7980 5510//7980 
f 5510//7980 5515//7980 5512//7980 
o mesh440
f 5514//7981 5513//7981 5512//7981 
f 5512//7981 5515//7981 5514//7981 
o mesh441
f 5513//7982 5514//7982 5441//7982 
f 5441//7982 5439//7982 5513//7982 
o mesh442
f 5516//7983 5433//7983 5431//7983 
f 5431//7983 5517//7983 5516//7983 
o mesh443
f 5518//7984 5519//7985 5520//7985 
f 5521//7986 5518//7984 5522//7987 
f 5523//7988 5521//7986 5524//7989 
f 5525//7990 5523//7988 5526//7991 
f 5527//7992 5525//7990 5528//7993 
f 5529//7994 5527//7992 5530//7995 
f 5531//7996 5529//7994 5532//7997 
f 5533//7998 5531//7996 5534//7999 
f 5535//8000 5533//7998 5536//8001 
f 5537//8002 5535//8000 5538//8003 
f 5539//8004 5537//8002 5540//8005 
f 5541//8006 5539//8004 5542//8007 
f 5543//8008 5541//8006 5544//8009 
f 5545//8010 5543//8008 5546//8011 
f 5517//8012 5545//8010 5547//8013 
f 5547//8013 5516//8012 5517//8012 
f 5546//8011 5547//8013 5545//8010 
f 5544//8009 5546//8011 5543//8008 
f 5542//8007 5544//8009 5541//8006 
f 5540//8005 5542//8007 5539//8004 
f 5538//8003 5540//8005 5537//8002 
f 5536//8001 5538//8003 5535//8000 
f 5534//7999 5536//8001 5533//7998 
f 5532//7997 5534//7999 5531//7996 
f 5530//7995 5532//7997 5529//7994 
f 5528//7993 5530//7995 5527//7992 
f 5526//7991 5528//7993 5525//7990 
f 5524//7989 5526//7991 5523//7988 
f 5522//7987 5524//7989 5521//7986 
f 5520//7985 5522//7987 5518//7984 
o mesh444
f 5428//8014 5520//8014 5519//8014 
f 5519//8014 5429//8014 5428//8014 
o mesh445
f 5430//8014 5432//8014 5548//8014 
f 5548//8014 5549//8014 5430//8014 
o mesh446
f 5550//8015 5551//8015 5549//8015 
f 5549//8015 5548//8015 5550//8015 
o mesh447
f 5426//8016 5518//8016 5521//8016 
f 5426//8016 5429//8016 5519//8016 
f 5519//8016 5518//8016 5426//8016 
f 5549//8016 5551//8016 5537//8016 
f 5551//8016 5552//8016 5531//8016 
f 5552//8016 5527//8016 5529//8016 
f 5553//8016 5525//8016 5527//8016 
f 5521//8016 5553//8016 5426//8016 
f 5430//8016 5545//8016 5517//8016 
f 5430//8016 5549//8016 5543//8016 
f 5551//8016 5535//8016 5537//8016 
f 5531//8016 5533//8016 5551//8016 
f 5527//8016 5552//8016 5553//8016 
f 5521//8016 5523//8016 5553//8016 
f 5543//8016 5545//8016 5430//8016 
f 5549//8016 5539//8016 5541//8016 
f 5533//8016 5535//8016 5551//8016 
f 5523//8016 5525//8016 5553//8016 
f 5541//8016 5543//8016 5549//8016 
f 5529//8016 5531//8016 5552//8016 
f 5537//8016 5539//8016 5549//8016 
f 5517//8016 5431//8016 5430//8016 
o mesh448
f 5554//8017 5555//8017 5530//8017 
f 5555//8017 5532//8017 5530//8017 
f 5548//8017 5542//8017 5540//8017 
f 5555//8017 5534//8017 5532//8017 
f 5550//8017 5536//8017 5534//8017 
f 5540//8017 5550//8017 5548//8017 
f 5548//8017 5546//8017 5544//8017 
f 5432//8017 5547//8017 5546//8017 
f 5427//8017 5522//8017 5520//8017 
f 5427//8017 5554//8017 5524//8017 
f 5534//8017 5555//8017 5550//8017 
f 5540//8017 5538//8017 5550//8017 
f 5546//8017 5548//8017 5432//8017 
f 5432//8017 5433//8017 5516//8017 
f 5524//8017 5522//8017 5427//8017 
f 5554//8017 5528//8017 5526//8017 
f 5538//8017 5536//8017 5550//8017 
f 5516//8017 5547//8017 5432//8017 
f 5526//8017 5524//8017 5554//8017 
f 5544//8017 5542//8017 5548//8017 
f 5530//8017 5528//8017 5554//8017 
f 5520//8017 5428//8017 5427//8017 
o mesh449
f 5555//8018 5552//8018 5551//8018 
f 5551//8018 5550//8018 5555//8018 
o mesh450
f 5555//8019 5554//8019 5553//8019 
f 5553//8019 5552//8019 5555//8019 
o mesh451
f 5554//8020 5427//8020 5426//8020 
f 5426//8020 5553//8020 5554//8020 
usemtl 1.000000_1.000000_1.000000_0.000000_0.000000
o mesh452
f 5443//8021 4381//8021 5556//8021 
f 5557//8021 5558//8021 5445//8021 
f 5445//8021 5443//8021 5557//8021 
f 5558//8021 5444//8021 5445//8021 
f 5558//8021 5446//8021 5444//8021 
f 5556//8021 5557//8021 5443//8021 
o mesh453
f 5559//8022 5560//8022 5561//8022 
f 5559//8022 5558//8022 5562//8022 
f 5558//8022 5563//8022 5564//8022 
f 5562//8022 5560//8022 5559//8022 
f 5558//8022 5557//8022 5563//8022 
f 5564//8022 5562//8022 5558//8022 
f 5561//8022 5565//8022 5559//8022 
f 5565//8022 5566//8022 5559//8022 
o mesh454
f 5566//8023 5567//8023 5425//8023 
f 5425//8023 5559//8023 5566//8023 
f 5567//8023 4375//8023 5425//8023 
f 5425//8023 5424//8023 5559//8023 
o mesh455
f 5558//8024 5422//8024 5447//8024 
f 5559//8024 5423//8024 5422//8024 
f 5422//8024 5558//8024 5559//8024 
f 5559//8024 5424//8024 5423//8024 
f 5447//8024 5446//8024 5558//8024 
usemtl 0.200000_0.200000_0.200000_0.000000_0.000000
o mesh456
f 5568//8025 5438//8025 5448//8025 
f 5569//8025 5437//8025 5438//8025 
f 5438//8025 5568//8025 5569//8025 
f 5448//8025 5420//8025 5568//8025 
o mesh457
f 5570//8026 5571//8026 5569//8026 
f 5569//8026 5568//8026 5570//8026 
o mesh458
f 5436//8027 5437//8027 5572//8027 
f 5569//8027 5571//8027 5572//8027 
f 5572//8027 5437//8027 5569//8027 
f 5572//8027 5573//8027 5436//8027 
o mesh459
f 5435//8028 5574//8028 5575//8028 
f 5568//8028 5420//8028 5575//8028 
f 5575//8028 5420//8028 5421//8028 
f 5575//8028 5421//8028 5435//8028 
f 5575//8028 5570//8028 5568//8028 
o mesh460
f 5570//8029 5575//8029 5572//8029 
f 5572//8029 5571//8029 5570//8029 
o mesh461
f 5574//8030 5573//8030 5572//8030 
f 5572//8030 5575//8030 5574//8030 
o mesh462
f 5574//8029 5435//8029 5434//8029 
f 5434//8029 5573//8029 5574//8029 
f 5434//8029 5436//8029 5573//8029 
usemtl 0.776471_0.756863_0.737255_0.000000_0.000000
o mesh463
f 5391//8031 5576//8031 5577//8032 
f 5396//8032 5577//8032 5578//8033 
f 5388//8033 5578//8033 5579//8034 
f 5386//8034 5579//8034 5580//8035 
f 5387//8035 5580//8035 5581//8036 
f 5390//8036 5581//8036 5582//8037 
f 5389//8037 5582//8037 5583//8038 
f 5394//8038 5583//8038 5584//8039 
f 5395//8039 5584//8039 5585//8040 
f 5409//8040 5585//8040 5586//8041 
f 5407//8041 5586//8041 5587//8042 
f 5408//8042 5587//8042 5588//8043 
f 5413//8043 5588//8043 5589//8044 
f 5411//8044 5589//8044 5590//8045 
f 5591//8046 5415//8046 5414//8047 
f 5414//8047 5590//8045 5591//8046 
f 5415//8046 5591//8046 5592//8048 
f 5410//8048 5592//8048 5593//8049 
f 5403//8049 5593//8049 5594//8050 
f 5404//8050 5594//8050 5595//8051 
f 5406//8051 5595//8051 5596//8052 
f 5405//8052 5596//8052 5597//8053 
f 5402//8053 5597//8053 5598//8054 
f 5400//8054 5598//8054 5599//8055 
f 5401//8055 5599//8055 5600//8056 
f 5399//8056 5600//8056 5601//8057 
f 5392//8057 5601//8057 5602//8058 
f 5393//8058 5602//8058 5603//8059 
f 5397//8059 5603//8059 5604//8060 
f 5398//8060 5604//8060 5576//8031 
f 5576//8031 5391//8031 5398//8060 
f 5604//8060 5398//8060 5397//8059 
f 5603//8059 5397//8059 5393//8058 
f 5602//8058 5393//8058 5392//8057 
f 5601//8057 5392//8057 5399//8056 
f 5600//8056 5399//8056 5401//8055 
f 5599//8055 5401//8055 5400//8054 
f 5598//8054 5400//8054 5402//8053 
f 5597//8053 5402//8053 5405//8052 
f 5596//8052 5405//8052 5406//8051 
f 5595//8051 5406//8051 5404//8050 
f 5594//8050 5404//8050 5403//8049 
f 5593//8049 5403//8049 5410//8048 
f 5592//8048 5410//8048 5415//8046 
f 5414//8047 5412//8061 5590//8045 
f 5590//8045 5412//8061 5411//8044 
f 5589//8044 5411//8044 5413//8043 
f 5588//8043 5413//8043 5408//8042 
f 5587//8042 5408//8042 5407//8041 
f 5586//8041 5407//8041 5409//8040 
f 5585//8040 5409//8040 5395//8039 
f 5584//8039 5395//8039 5394//8038 
f 5583//8038 5394//8038 5389//8037 
f 5582//8037 5389//8037 5390//8036 
f 5581//8036 5390//8036 5387//8035 
f 5580//8035 5387//8035 5386//8034 
f 5579//8034 5386//8034 5388//8033 
f 5578//8033 5388//8033 5396//8032 
f 5577//8032 5396//8032 5391//8031 
usemtl 0.949020_0.760784_0.180392_0.000000_0.000000
o mesh464
f 5605//8062 5580//8062 5579//8062 
f 5606//8062 5581//8062 5580//8062 
f 5607//8062 5579//8062 5578//8062 
f 5580//8062 5605//8062 5606//8062 
f 5608//8062 5609//8062 5602//8062 
f 5609//8062 5610//8062 5603//8062 
f 5579//8062 5607//8062 5605//8062 
f 5611//8062 5582//8062 5581//8062 
f 5612//8062 5608//8062 5601//8062 
f 5603//8062 5602//8062 5609//8062 
f 5581//8062 5606//8062 5611//8062 
f 5613//8062 5583//8062 5582//8062 
f 5614//8062 5584//8062 5583//8062 
f 5615//8062 5585//8062 5584//8062 
f 5616//8062 5617//8062 5598//8062 
f 5617//8062 5618//8062 5599//8062 
f 5618//8062 5612//8062 5600//8062 
f 5602//8062 5601//8062 5608//8062 
f 5619//8062 5577//8062 5576//8062 
f 5620//8062 5578//8062 5577//8062 
f 5582//8062 5611//8062 5613//8062 
f 5584//8062 5614//8062 5615//8062 
f 5621//8062 5587//8062 5586//8062 
f 5622//8062 5588//8062 5587//8062 
f 5599//8062 5598//8062 5617//8062 
f 5601//8062 5600//8062 5612//8062 
f 5610//8062 5623//8062 5604//8062 
f 5623//8062 5624//8062 5576//8062 
f 5577//8062 5619//8062 5620//8062 
f 5583//8062 5613//8062 5614//8062 
f 5625//8062 5586//8062 5585//8062 
f 5587//8062 5621//8062 5622//8062 
f 5626//8062 5591//8062 5590//8062 
f 5627//8062 5628//8062 5594//8062 
f 5628//8062 5629//8062 5595//8062 
f 5600//8062 5599//8062 5618//8062 
f 5576//8062 5604//8062 5623//8062 
f 5578//8062 5620//8062 5607//8062 
f 5586//8062 5625//8062 5621//8062 
f 5630//8062 5590//8062 5589//8062 
f 5590//8062 5630//8062 5626//8062 
f 5595//8062 5594//8062 5628//8062 
f 5629//8062 5631//8062 5596//8062 
f 5631//8062 5616//8062 5597//8062 
f 5604//8062 5603//8062 5610//8062 
f 5585//8062 5615//8062 5625//8062 
f 5632//8062 5589//8062 5588//8062 
f 5626//8062 5633//8062 5591//8062 
f 5633//8062 5634//8062 5592//8062 
f 5596//8062 5595//8062 5629//8062 
f 5598//8062 5597//8062 5616//8062 
f 5588//8062 5622//8062 5632//8062 
f 5592//8062 5591//8062 5633//8062 
f 5634//8062 5627//8062 5593//8062 
f 5597//8062 5596//8062 5631//8062 
f 5589//8062 5632//8062 5630//8062 
f 5594//8062 5593//8062 5627//8062 
f 5593//8062 5592//8062 5634//8062 
f 5576//8062 5624//8062 5619//8062 
o mesh465
f 5635//8063 5626//8063 5630//8064 
f 5636//8064 5630//8064 5632//8065 
f 5637//8065 5632//8065 5622//8066 
f 5638//8066 5622//8066 5621//8067 
f 5639//8067 5621//8067 5625//8068 
f 5640//8068 5625//8068 5615//8069 
f 5641//8069 5615//8069 5614//8070 
f 5642//8070 5614//8070 5613//8071 
f 5643//8071 5613//8071 5611//8072 
f 5644//8072 5611//8072 5606//8073 
f 5645//8073 5606//8073 5605//8074 
f 5646//8074 5605//8074 5607//8075 
f 5647//8075 5607//8075 5620//8076 
f 5648//8076 5620//8076 5619//8077 
f 5649//8077 5619//8077 5624//8078 
f 5623//8079 5650//8079 5651//8078 
f 5651//8078 5624//8078 5623//8079 
f 5650//8079 5623//8079 5610//8080 
f 5652//8080 5610//8080 5609//8081 
f 5653//8081 5609//8081 5608//8082 
f 5654//8082 5608//8082 5612//8083 
f 5655//8083 5612//8083 5618//8084 
f 5656//8084 5618//8084 5617//8085 
f 5657//8085 5617//8085 5616//8086 
f 5658//8086 5616//8086 5631//8087 
f 5659//8087 5631//8087 5629//8088 
f 5660//8088 5629//8088 5628//8089 
f 5661//8089 5628//8089 5627//8090 
f 5662//8090 5627//8090 5634//8091 
f 5663//8091 5634//8091 5633//8092 
f 5664//8092 5633//8092 5626//8063 
f 5626//8063 5635//8063 5664//8092 
f 5633//8092 5664//8092 5663//8091 
f 5634//8091 5663//8091 5662//8090 
f 5627//8090 5662//8090 5661//8089 
f 5628//8089 5661//8089 5660//8088 
f 5629//8088 5660//8088 5659//8087 
f 5631//8087 5659//8087 5658//8086 
f 5616//8086 5658//8086 5657//8085 
f 5617//8085 5657//8085 5656//8084 
f 5618//8084 5656//8084 5655//8083 
f 5612//8083 5655//8083 5654//8082 
f 5608//8082 5654//8082 5653//8081 
f 5609//8081 5653//8081 5652//8080 
f 5610//8080 5652//8080 5650//8079 
f 5624//8078 5651//8078 5649//8077 
f 5619//8077 5649//8077 5648//8076 
f 5620//8076 5648//8076 5647//8075 
f 5607//8075 5647//8075 5646//8074 
f 5605//8074 5646//8074 5645//8073 
f 5606//8073 5645//8073 5644//8072 
f 5611//8072 5644//8072 5643//8071 
f 5613//8071 5643//8071 5642//8070 
f 5614//8070 5642//8070 5641//8069 
f 5615//8069 5641//8069 5640//8068 
f 5625//8068 5640//8068 5639//8067 
f 5621//8067 5639//8067 5638//8066 
f 5622//8066 5638//8066 5637//8065 
f 5632//8065 5637//8065 5636//8064 
f 5630//8064 5636//8064 5635//8063 
usemtl 0.149020_0.149020_0.149020_0.000000_0.000000
o mesh466
f 5665//8093 5647//8093 5648//8093 
f 5666//8093 5646//8093 5647//8093 
f 5647//8093 5665//8093 5666//8093 
f 5666//8093 5667//8093 5645//8093 
f 5645//8093 5646//8093 5666//8093 
f 5667//8093 5668//8093 5644//8093 
f 5644//8093 5645//8093 5667//8093 
f 5669//8093 5643//8093 5644//8093 
f 5670//8093 5642//8093 5643//8093 
f 5670//8093 5671//8093 5641//8093 
f 5644//8093 5668//8093 5669//8093 
f 5641//8093 5642//8093 5670//8093 
f 5643//8093 5669//8093 5670//8093 
f 5672//8093 5640//8093 5641//8093 
f 5673//8093 5639//8093 5640//8093 
f 5673//8093 5674//8093 5638//8093 
f 5675//8093 5637//8093 5638//8093 
f 5675//8093 5676//8093 5636//8093 
f 5641//8093 5671//8093 5672//8093 
f 5638//8093 5639//8093 5673//8093 
f 5636//8093 5637//8093 5675//8093 
f 5676//8093 5677//8093 5635//8093 
f 5678//8093 5660//8093 5661//8093 
f 5678//8093 5679//8093 5659//8093 
f 5640//8093 5672//8093 5673//8093 
f 5635//8093 5636//8093 5676//8093 
f 5680//8093 5664//8093 5635//8093 
f 5680//8093 5681//8093 5663//8093 
f 5682//8093 5661//8093 5662//8093 
f 5659//8093 5660//8093 5678//8093 
f 5679//8093 5683//8093 5658//8093 
f 5683//8093 5684//8093 5657//8093 
f 5685//8093 5686//8093 5655//8093 
f 5686//8093 5687//8093 5654//8093 
f 5638//8093 5674//8093 5675//8093 
f 5663//8093 5664//8093 5680//8093 
f 5661//8093 5682//8093 5678//8093 
f 5657//8093 5658//8093 5683//8093 
f 5684//8093 5685//8093 5656//8093 
f 5654//8093 5655//8093 5686//8093 
f 5635//8093 5677//8093 5680//8093 
f 5681//8093 5688//8093 5662//8093 
f 5658//8093 5659//8093 5679//8093 
f 5655//8093 5656//8093 5685//8093 
f 5662//8093 5663//8093 5681//8093 
f 5656//8093 5657//8093 5684//8093 
f 5687//8093 5689//8093 5653//8093 
f 5689//8093 5690//8093 5652//8093 
f 5662//8093 5688//8093 5682//8093 
f 5652//8093 5653//8093 5689//8093 
f 5691//8093 5650//8093 5652//8093 
f 5691//8093 5692//8093 5651//8093 
f 5693//8093 5649//8093 5651//8093 
f 5693//8093 5694//8093 5648//8093 
f 5653//8093 5654//8093 5687//8093 
f 5651//8093 5650//8093 5691//8093 
f 5648//8093 5649//8093 5693//8093 
f 5652//8093 5690//8093 5691//8093 
f 5648//8093 5694//8093 5665//8093 
f 5651//8093 5692//8093 5693//8093 
o mesh467
f 5695//8094 5677//8094 5676//8095 
f 5696//8095 5676//8095 5675//8096 
f 5697//8096 5675//8096 5674//8097 
f 5698//8097 5674//8097 5673//8098 
f 5699//8098 5673//8098 5672//8099 
f 5700//8099 5672//8099 5671//8100 
f 5701//8100 5671//8100 5670//8101 
f 5702//8101 5670//8101 5669//8102 
f 5703//8102 5669//8102 5668//8103 
f 5704//8103 5668//8103 5667//8104 
f 5705//8104 5667//8104 5666//8105 
f 5706//8105 5666//8105 5665//8106 
f 5707//8106 5665//8106 5694//8107 
f 5708//8107 5694//8107 5693//8108 
f 5709//8108 5693//8108 5692//8109 
f 5691//8110 5710//8110 5711//8109 
f 5711//8109 5692//8109 5691//8110 
f 5710//8110 5691//8110 5690//8111 
f 5712//8111 5690//8111 5689//8112 
f 5713//8112 5689//8112 5687//8113 
f 5714//8113 5687//8113 5686//8114 
f 5715//8114 5686//8114 5685//8115 
f 5716//8115 5685//8115 5684//8116 
f 5717//8116 5684//8116 5683//8117 
f 5718//8117 5683//8117 5679//8118 
f 5719//8118 5679//8118 5678//8119 
f 5720//8119 5678//8119 5682//8120 
f 5721//8120 5682//8120 5688//8121 
f 5722//8121 5688//8121 5681//8122 
f 5723//8122 5681//8122 5680//8123 
f 5724//8123 5680//8123 5677//8094 
f 5677//8094 5695//8094 5724//8123 
f 5680//8123 5724//8123 5723//8122 
f 5681//8122 5723//8122 5722//8121 
f 5688//8121 5722//8121 5721//8120 
f 5682//8120 5721//8120 5720//8119 
f 5678//8119 5720//8119 5719//8118 
f 5679//8118 5719//8118 5718//8117 
f 5683//8117 5718//8117 5717//8116 
f 5684//8116 5717//8116 5716//8115 
f 5685//8115 5716//8115 5715//8114 
f 5686//8114 5715//8114 5714//8113 
f 5687//8113 5714//8113 5713//8112 
f 5689//8112 5713//8112 5712//8111 
f 5690//8111 5712//8111 5710//8110 
f 5692//8109 5711//8109 5709//8108 
f 5693//8108 5709//8108 5708//8107 
f 5694//8107 5708//8107 5707//8106 
f 5665//8106 5707//8106 5706//8105 
f 5666//8105 5706//8105 5705//8104 
f 5667//8104 5705//8104 5704//8103 
f 5668//8103 5704//8103 5703//8102 
f 5669//8102 5703//8102 5702//8101 
f 5670//8101 5702//8101 5701//8100 
f 5671//8100 5701//8100 5700//8099 
f 5672//8099 5700//8099 5699//8098 
f 5673//8098 5699//8098 5698//8097 
f 5674//8097 5698//8097 5697//8096 
f 5675//8096 5697//8096 5696//8095 
f 5676//8095 5696//8095 5695//8094 
o mesh468
f 5709//8124 5711//8124 5725//8124 
f 5710//8124 5726//8124 5725//8124 
f 5701//8124 5727//8124 5728//8124 
f 5702//8124 5729//8124 5727//8124 
f 5705//8124 5730//8124 5731//8124 
f 5706//8124 5732//8124 5730//8124 
f 5708//8124 5709//8124 5733//8124 
f 5725//8124 5711//8124 5710//8124 
f 5698//8124 5734//8124 5735//8124 
f 5699//8124 5736//8124 5734//8124 
f 5700//8124 5728//8124 5736//8124 
f 5727//8124 5701//8124 5702//8124 
f 5703//8124 5737//8124 5729//8124 
f 5704//8124 5731//8124 5737//8124 
f 5730//8124 5705//8124 5706//8124 
f 5707//8124 5738//8124 5732//8124 
f 5725//8124 5733//8124 5709//8124 
f 5712//8124 5739//8124 5726//8124 
f 5734//8124 5698//8124 5699//8124 
f 5728//8124 5700//8124 5701//8124 
f 5737//8124 5703//8124 5704//8124 
f 5732//8124 5706//8124 5707//8124 
f 5726//8124 5710//8124 5712//8124 
f 5712//8124 5713//8124 5740//8124 
f 5713//8124 5714//8124 5741//8124 
f 5714//8124 5715//8124 5742//8124 
f 5715//8124 5716//8124 5743//8124 
f 5716//8124 5717//8124 5744//8124 
f 5718//8124 5719//8124 5745//8124 
f 5719//8124 5720//8124 5746//8124 
f 5736//8124 5699//8124 5700//8124 
f 5731//8124 5704//8124 5705//8124 
f 5708//8124 5747//8124 5738//8124 
f 5740//8124 5739//8124 5712//8124 
f 5742//8124 5741//8124 5714//8124 
f 5744//8124 5743//8124 5716//8124 
f 5717//8124 5718//8124 5748//8124 
f 5746//8124 5745//8124 5719//8124 
f 5729//8124 5702//8124 5703//8124 
f 5733//8124 5747//8124 5708//8124 
f 5743//8124 5742//8124 5715//8124 
f 5745//8124 5748//8124 5718//8124 
f 5720//8124 5721//8124 5749//8124 
f 5721//8124 5722//8124 5750//8124 
f 5696//8124 5751//8124 5752//8124 
f 5697//8124 5735//8124 5751//8124 
f 5738//8124 5707//8124 5708//8124 
f 5748//8124 5744//8124 5717//8124 
f 5750//8124 5749//8124 5721//8124 
f 5722//8124 5723//8124 5753//8124 
f 5723//8124 5724//8124 5754//8124 
f 5724//8124 5695//8124 5752//8124 
f 5751//8124 5696//8124 5697//8124 
f 5741//8124 5740//8124 5713//8124 
f 5753//8124 5750//8124 5722//8124 
f 5752//8124 5754//8124 5724//8124 
f 5735//8124 5697//8124 5698//8124 
f 5754//8124 5753//8124 5723//8124 
f 5749//8124 5746//8124 5720//8124 
f 5752//8124 5695//8124 5696//8124 
usemtl 0.949020_0.760784_0.180392_0.000000_0.000000
o mesh469
f 5755//8125 5752//8125 5751//8126 
f 5756//8126 5751//8126 5735//8127 
f 5757//8127 5735//8127 5734//8128 
f 5758//8128 5734//8128 5736//8129 
f 5759//8129 5736//8129 5728//8130 
f 5760//8130 5728//8130 5727//8131 
f 5761//8131 5727//8131 5729//8132 
f 5762//8132 5729//8132 5737//8133 
f 5763//8133 5737//8133 5731//8134 
f 5764//8134 5731//8134 5730//8135 
f 5765//8135 5730//8135 5732//8136 
f 5766//8136 5732//8136 5738//8137 
f 5767//8137 5738//8137 5747//8138 
f 5768//8138 5747//8138 5733//8139 
f 5769//8140 5770//8139 5725//8141 
f 5770//8139 5733//8139 5725//8141 
f 5769//8140 5726//8140 5739//8142 
f 5771//8142 5739//8142 5740//8143 
f 5772//8143 5740//8143 5741//8144 
f 5773//8144 5741//8144 5742//8145 
f 5774//8145 5742//8145 5743//8146 
f 5775//8146 5743//8146 5744//8147 
f 5776//8147 5744//8147 5748//8148 
f 5777//8148 5748//8148 5745//8149 
f 5778//8149 5745//8149 5746//8150 
f 5779//8150 5746//8150 5749//8151 
f 5780//8151 5749//8151 5750//8152 
f 5781//8152 5750//8152 5753//8153 
f 5782//8153 5753//8153 5754//8154 
f 5783//8154 5754//8154 5752//8125 
f 5752//8125 5755//8125 5783//8154 
f 5754//8154 5783//8154 5782//8153 
f 5753//8153 5782//8153 5781//8152 
f 5750//8152 5781//8152 5780//8151 
f 5749//8151 5780//8151 5779//8150 
f 5746//8150 5779//8150 5778//8149 
f 5745//8149 5778//8149 5777//8148 
f 5748//8148 5777//8148 5776//8147 
f 5744//8147 5776//8147 5775//8146 
f 5743//8146 5775//8146 5774//8145 
f 5742//8145 5774//8145 5773//8144 
f 5741//8144 5773//8144 5772//8143 
f 5740//8143 5772//8143 5771//8142 
f 5739//8142 5771//8142 5769//8140 
f 5725//8141 5726//8140 5769//8140 
f 5733//8139 5770//8139 5768//8138 
f 5747//8138 5768//8138 5767//8137 
f 5738//8137 5767//8137 5766//8136 
f 5732//8136 5766//8136 5765//8135 
f 5730//8135 5765//8135 5764//8134 
f 5731//8134 5764//8134 5763//8133 
f 5737//8133 5763//8133 5762//8132 
f 5729//8132 5762//8132 5761//8131 
f 5727//8131 5761//8131 5760//8130 
f 5728//8130 5760//8130 5759//8129 
f 5736//8129 5759//8129 5758//8128 
f 5734//8128 5758//8128 5757//8127 
f 5735//8127 5757//8127 5756//8126 
f 5751//8126 5756//8126 5755//8125 
o mesh470
f 5773//8155 5784//8155 5785//8155 
f 5774//8155 5786//8155 5784//8155 
f 5765//8155 5766//8155 5787//8155 
f 5766//8155 5767//8155 5788//8155 
f 5768//8155 5770//8155 5789//8155 
f 5772//8155 5785//8155 5790//8155 
f 5784//8155 5773//8155 5774//8155 
f 5788//8155 5787//8155 5766//8155 
f 5767//8155 5768//8155 5791//8155 
f 5770//8155 5792//8155 5789//8155 
f 5769//8155 5793//8155 5792//8155 
f 5785//8155 5772//8155 5773//8155 
f 5775//8155 5794//8155 5786//8155 
f 5764//8155 5765//8155 5795//8155 
f 5791//8155 5788//8155 5767//8155 
f 5792//8155 5770//8155 5769//8155 
f 5771//8155 5790//8155 5793//8155 
f 5786//8155 5774//8155 5775//8155 
f 5776//8155 5796//8155 5794//8155 
f 5761//8155 5762//8155 5797//8155 
f 5762//8155 5763//8155 5798//8155 
f 5763//8155 5764//8155 5799//8155 
f 5787//8155 5795//8155 5765//8155 
f 5793//8155 5769//8155 5771//8155 
f 5794//8155 5775//8155 5776//8155 
f 5777//8155 5800//8155 5796//8155 
f 5778//8155 5801//8155 5800//8155 
f 5798//8155 5797//8155 5762//8155 
f 5795//8155 5799//8155 5764//8155 
f 5790//8155 5771//8155 5772//8155 
f 5800//8155 5777//8155 5778//8155 
f 5799//8155 5798//8155 5763//8155 
f 5796//8155 5776//8155 5777//8155 
f 5759//8155 5760//8155 5802//8155 
f 5760//8155 5761//8155 5803//8155 
f 5789//8155 5791//8155 5768//8155 
f 5779//8155 5804//8155 5801//8155 
f 5803//8155 5802//8155 5760//8155 
f 5801//8155 5778//8155 5779//8155 
f 5797//8155 5803//8155 5761//8155 
f 5780//8155 5805//8155 5804//8155 
f 5781//8155 5806//8155 5805//8155 
f 5782//8155 5807//8155 5806//8155 
f 5755//8155 5756//8155 5808//8155 
f 5756//8155 5757//8155 5809//8155 
f 5757//8155 5758//8155 5810//8155 
f 5758//8155 5759//8155 5811//8155 
f 5804//8155 5779//8155 5780//8155 
f 5806//8155 5781//8155 5782//8155 
f 5783//8155 5812//8155 5807//8155 
f 5755//8155 5813//8155 5812//8155 
f 5809//8155 5808//8155 5756//8155 
f 5811//8155 5810//8155 5758//8155 
f 5805//8155 5780//8155 5781//8155 
f 5812//8155 5783//8155 5755//8155 
f 5810//8155 5809//8155 5757//8155 
f 5807//8155 5782//8155 5783//8155 
f 5802//8155 5811//8155 5759//8155 
f 5808//8155 5813//8155 5755//8155 
o mesh471
f 5814//8156 5815//8157 5792//8157 
f 5816//8158 5814//8156 5793//8159 
f 5817//8160 5816//8158 5790//8161 
f 5818//8162 5817//8160 5785//8163 
f 5819//8164 5818//8162 5784//8165 
f 5820//8166 5819//8164 5786//8167 
f 5821//8168 5820//8166 5794//8169 
f 5822//8170 5821//8168 5796//8171 
f 5823//8172 5822//8170 5800//8173 
f 5824//8174 5823//8172 5801//8175 
f 5825//8176 5824//8174 5804//8177 
f 5826//8178 5825//8176 5805//8179 
f 5827//8180 5826//8178 5806//8181 
f 5828//8182 5827//8180 5807//8183 
f 5828//8182 5812//8182 5813//8184 
f 5808//8185 5829//8185 5830//8184 
f 5830//8184 5813//8184 5808//8185 
f 5831//8186 5829//8185 5808//8185 
f 5832//8187 5831//8186 5809//8186 
f 5833//8188 5832//8187 5810//8187 
f 5834//8189 5833//8188 5811//8188 
f 5835//8190 5834//8189 5802//8189 
f 5836//8191 5835//8190 5803//8190 
f 5837//8192 5836//8191 5797//8191 
f 5838//8193 5837//8192 5798//8192 
f 5839//8194 5838//8193 5799//8193 
f 5840//8195 5839//8194 5795//8194 
f 5841//8196 5840//8195 5787//8195 
f 5842//8197 5841//8196 5788//8196 
f 5843//8198 5842//8197 5791//8197 
f 5815//8157 5843//8198 5789//8198 
f 5789//8198 5792//8157 5815//8157 
f 5791//8197 5789//8198 5843//8198 
f 5788//8196 5791//8197 5842//8197 
f 5787//8195 5788//8196 5841//8196 
f 5795//8194 5787//8195 5840//8195 
f 5799//8193 5795//8194 5839//8194 
f 5798//8192 5799//8193 5838//8193 
f 5797//8191 5798//8192 5837//8192 
f 5803//8190 5797//8191 5836//8191 
f 5802//8189 5803//8190 5835//8190 
f 5811//8188 5802//8189 5834//8189 
f 5810//8187 5811//8188 5833//8188 
f 5809//8186 5810//8187 5832//8187 
f 5808//8185 5809//8186 5831//8186 
f 5813//8184 5830//8184 5828//8182 
f 5807//8183 5812//8182 5828//8182 
f 5806//8181 5807//8183 5827//8180 
f 5805//8179 5806//8181 5826//8178 
f 5804//8177 5805//8179 5825//8176 
f 5801//8175 5804//8177 5824//8174 
f 5800//8173 5801//8175 5823//8172 
f 5796//8171 5800//8173 5822//8170 
f 5794//8169 5796//8171 5821//8168 
f 5786//8167 5794//8169 5820//8166 
f 5784//8165 5786//8167 5819//8164 
f 5785//8163 5784//8165 5818//8162 
f 5790//8161 5785//8163 5817//8160 
f 5793//8159 5790//8161 5816//8158 
f 5792//8157 5793//8159 5814//8156 
usemtl 0.776471_0.756863_0.737255_0.000000_0.000000
o mesh472
f 5844//8199 5829//8199 5831//8199 
f 5831//8199 5832//8199 5844//8199 
f 5832//8199 5833//8199 5844//8199 
f 5833//8199 5834//8199 5844//8199 
f 5834//8199 5835//8199 5844//8199 
f 5835//8199 5836//8199 5844//8199 
f 5836//8199 5837//8199 5844//8199 
f 5837//8199 5838//8199 5844//8199 
f 5838//8199 5839//8199 5844//8199 
f 5839//8199 5840//8199 5844//8199 
f 5840//8199 5841//8199 5844//8199 
f 5841//8199 5842//8199 5844//8199 
f 5842//8199 5843//8199 5844//8199 
f 5843//8199 5815//8199 5844//8199 
f 5815//8199 5814//8199 5844//8199 
f 5814//8199 5816//8199 5844//8199 
f 5816//8199 5817//8199 5844//8199 
f 5817//8199 5818//8199 5844//8199 
f 5818//8199 5819//8199 5844//8199 
f 5819//8199 5820//8199 5844//8199 
f 5820//8199 5821//8199 5844//8199 
f 5821//8199 5822//8199 5844//8199 
f 5822//8199 5823//8199 5844//8199 
f 5823//8199 5824//8199 5844//8199 
f 5824//8199 5825//8199 5844//8199 
f 5825//8199 5826//8199 5844//8199 
f 5826//8199 5827//8199 5844//8199 
f 5827//8199 5828//8199 5844//8199 
f 5828//8199 5830//8199 5844//8199 
f 5830//8199 5829//8199 5844//8199 
usemtl 1.000000_1.000000_1.000000_0.000000_0.000000
o mesh473
f 5566//8200 5565//8200 5869//8200 
f 5869//8200 5845//8200 5846//8200 
f 5869//8200 5565//8200 5847//8200 
f 5847//8200 5845//8200 5869//8200 
f 5561//8200 5848//8200 5847//8200 
f 5847//8200 5565//8200 5561//8200 
f 5870//8200 5846//8200 5848//8200 
f 5848//8200 5561//8200 5870//8200 
f 5870//8200 5561//8200 5849//8200 
f 5560//8200 5850//8200 5849//8200 
f 5849//8200 5561//8200 5560//8200 
f 5871//8200 5851//8200 5850//8200 
f 5870//8200 5852//8200 5851//8200 
f 5850//8200 5560//8200 5871//8200 
f 5849//8200 5852//8200 5870//8200 
f 5871//8200 5853//8200 5854//8200 
f 5871//8200 5560//8200 5855//8200 
f 5855//8200 5853//8200 5871//8200 
f 5560//8200 5562//8200 5856//8200 
f 5856//8200 5855//8200 5560//8200 
f 5872//8200 5854//8200 5856//8200 
f 5856//8200 5562//8200 5872//8200 
f 5872//8200 5857//8200 5858//8200 
f 5872//8200 5562//8200 5859//8200 
f 5859//8200 5857//8200 5872//8200 
f 5562//8200 5564//8200 5860//8200 
f 5860//8200 5859//8200 5562//8200 
f 5873//8200 5858//8200 5860//8200 
f 5860//8200 5564//8200 5873//8200 
f 5873//8200 5861//8200 5862//8200 
f 5873//8200 5564//8200 5863//8200 
f 5564//8200 5563//8200 5864//8200 
f 5874//8200 5862//8200 5864//8200 
f 5863//8200 5861//8200 5873//8200 
f 5864//8200 5563//8200 5874//8200 
f 5864//8200 5863//8200 5564//8200 
f 5874//8200 5865//8200 5866//8200 
f 5874//8200 5563//8200 5867//8200 
f 5563//8200 5557//8200 5868//8200 
f 5556//8200 5866//8200 5868//8200 
f 5867//8200 5865//8200 5874//8200 
f 5868//8200 5557//8200 5556//8200 
f 5868//8200 5867//8200 5563//8200 
f 5567//8200 5869//8200 4389//8200 
f 5869//8200 5870//8200 4387//8200 
f 5870//8200 5871//8200 4385//8200 
f 5871//8200 5872//8200 4386//8200 
f 5872//8200 5873//8200 4388//8200 
f 5873//8200 5874//8200 4390//8200 
f 5874//8200 5556//8200 4381//8200 
f 4381//8200 4390//8200 5874//8200 
f 4390//8200 4388//8200 5873//8200 
f 4388//8200 4386//8200 5872//8200 
f 4386//8200 4385//8200 5871//8200 
f 4385//8200 4387//8200 5870//8200 
f 4387//8200 4389//8200 5869//8200 
f 4389//8200 4375//8200 5567//8200 
f 5866//8200 5556//8200 5874//8200 
f 5862//8200 5874//8200 5873//8200 
f 5858//8200 5873//8200 5872//8200 
f 5854//8200 5872//8200 5871//8200 
f 5851//8200 5871//8200 5870//8200 
f 5846//8200 5870//8200 5869//8200 
f 5869//8200 5567//8200 5566//8200 
o mesh474
f 5845//8199 5875//8199 5876//8199 
f 5876//8199 5846//8199 5845//8199 
o mesh475
f 5875//8201 5845//8201 5847//8201 
f 5847//8201 5877//8201 5875//8201 
o mesh476
f 5847//8202 5848//8202 5878//8202 
f 5878//8202 5877//8202 5847//8202 
o mesh477
f 5878//8203 5848//8203 5846//8203 
f 5846//8203 5876//8203 5878//8203 
usemtl 0.800000_0.811765_0.800000_0.000000_0.000000
o mesh478
f 5876//8204 5875//8204 5879//8204 
f 5876//8204 5880//8204 5881//8204 
f 5879//8204 5882//8204 5876//8204 
f 5875//8204 5883//8204 5884//8204 
f 5877//8204 5885//8204 5886//8204 
f 5878//8204 5887//8204 5888//8204 
f 5878//8204 5889//8204 5890//8204 
f 5878//8204 5876//8204 5891//8204 
f 5881//8204 5892//8204 5876//8204 
f 5884//8204 5879//8204 5875//8204 
f 5875//8204 5893//8204 5894//8204 
f 5886//8204 5875//8204 5877//8204 
f 5877//8204 5895//8204 5896//8204 
f 5877//8204 5897//8204 5898//8204 
f 5877//8204 5888//8204 5899//8204 
f 5878//8204 5900//8204 5887//8204 
f 5891//8204 5889//8204 5878//8204 
f 5876//8204 5901//8204 5902//8204 
f 5882//8204 5880//8204 5876//8204 
f 5875//8204 5903//8204 5893//8204 
f 5886//8204 5904//8204 5875//8204 
f 5898//8204 5895//8204 5877//8204 
f 5888//8204 5877//8204 5878//8204 
f 5878//8204 5905//8204 5906//8204 
f 5890//8204 5907//8204 5878//8204 
f 5892//8204 5901//8204 5876//8204 
f 5904//8204 5903//8204 5875//8204 
f 5899//8204 5897//8204 5877//8204 
f 5907//8204 5905//8204 5878//8204 
f 5894//8204 5883//8204 5875//8204 
f 5906//8204 5900//8204 5878//8204 
f 5896//8204 5885//8204 5877//8204 
f 5902//8204 5891//8204 5876//8204 
usemtl 1.000000_1.000000_1.000000_0.000000_0.000000
o mesh479
f 5908//8205 5909//8205 5851//8205 
f 5851//8205 5852//8205 5908//8205 
o mesh480
f 5849//8206 5910//8206 5908//8206 
f 5908//8206 5852//8206 5849//8206 
o mesh481
f 5911//8207 5910//8207 5849//8207 
f 5849//8207 5850//8207 5911//8207 
o mesh482
f 5911//8208 5850//8208 5851//8208 
f 5851//8208 5909//8208 5911//8208 
usemtl 0.800000_0.811765_0.800000_0.000000_0.000000
o mesh483
f 5909//8209 5908//8209 5912//8209 
f 5909//8209 5913//8209 5914//8209 
f 5912//8209 5915//8209 5909//8209 
f 5908//8209 5916//8209 5917//8209 
f 5910//8209 5918//8209 5919//8209 
f 5910//8209 5920//8209 5921//8209 
f 5911//8209 5922//8209 5923//8209 
f 5911//8209 5909//8209 5924//8209 
f 5909//8209 5925//8209 5913//8209 
f 5917//8209 5912//8209 5908//8209 
f 5908//8209 5926//8209 5927//8209 
f 5908//8209 5928//8209 5929//8209 
f 5910//8209 5930//8209 5928//8209 
f 5910//8209 5931//8209 5918//8209 
f 5910//8209 5932//8209 5920//8209 
f 5911//8209 5933//8209 5932//8209 
f 5924//8209 5922//8209 5911//8209 
f 5909//8209 5934//8209 5935//8209 
f 5915//8209 5925//8209 5909//8209 
f 5908//8209 5936//8209 5926//8209 
f 5928//8209 5908//8209 5910//8209 
f 5921//8209 5931//8209 5910//8209 
f 5911//8209 5937//8209 5933//8209 
f 5911//8209 5938//8209 5939//8209 
f 5923//8209 5940//8209 5911//8209 
f 5914//8209 5934//8209 5909//8209 
f 5929//8209 5936//8209 5908//8209 
f 5932//8209 5910//8209 5911//8209 
f 5940//8209 5938//8209 5911//8209 
f 5927//8209 5916//8209 5908//8209 
f 5939//8209 5937//8209 5911//8209 
f 5919//8209 5930//8209 5910//8209 
f 5935//8209 5924//8209 5909//8209 
usemtl 1.000000_1.000000_1.000000_0.000000_0.000000
o mesh484
f 5854//8210 5853//8210 5941//8210 
f 5941//8210 5942//8210 5854//8210 
o mesh485
f 5941//8211 5853//8211 5855//8211 
f 5855//8211 5943//8211 5941//8211 
o mesh486
f 5856//8212 5944//8212 5943//8212 
f 5943//8212 5855//8212 5856//8212 
o mesh487
f 5944//8213 5856//8213 5854//8213 
f 5854//8213 5942//8213 5944//8213 
usemtl 0.800000_0.811765_0.800000_0.000000_0.000000
o mesh488
f 5942//8214 5941//8214 5945//8214 
f 5944//8214 5946//8214 5947//8214 
f 5944//8214 5942//8214 5948//8214 
f 5941//8214 5949//8214 5945//8214 
f 5941//8214 5950//8214 5951//8214 
f 5944//8214 5952//8214 5953//8214 
f 5948//8214 5946//8214 5944//8214 
f 5942//8214 5954//8214 5955//8214 
f 5942//8214 5956//8214 5957//8214 
f 5951//8214 5949//8214 5941//8214 
f 5941//8214 5958//8214 5959//8214 
f 5941//8214 5960//8214 5961//8214 
f 5943//8214 5962//8214 5960//8214 
f 5943//8214 5953//8214 5963//8214 
f 5944//8214 5964//8214 5952//8214 
f 5944//8214 5965//8214 5966//8214 
f 5947//8214 5967//8214 5944//8214 
f 5957//8214 5954//8214 5942//8214 
f 5942//8214 5968//8214 5969//8214 
f 5959//8214 5950//8214 5941//8214 
f 5960//8214 5941//8214 5943//8214 
f 5943//8214 5970//8214 5971//8214 
f 5943//8214 5972//8214 5973//8214 
f 5953//8214 5943//8214 5944//8214 
f 5967//8214 5965//8214 5944//8214 
f 5969//8214 5956//8214 5942//8214 
f 5961//8214 5958//8214 5941//8214 
f 5973//8214 5970//8214 5943//8214 
f 5966//8214 5964//8214 5944//8214 
f 5945//8214 5968//8214 5942//8214 
f 5963//8214 5972//8214 5943//8214 
f 5971//8214 5962//8214 5943//8214 
f 5955//8214 5948//8214 5942//8214 
usemtl 1.000000_1.000000_1.000000_0.000000_0.000000
o mesh489
f 5858//8215 5857//8215 5974//8215 
f 5974//8215 5975//8215 5858//8215 
o mesh490
f 5974//8216 5857//8216 5859//8216 
f 5859//8216 5976//8216 5974//8216 
o mesh491
f 5860//8217 5977//8217 5976//8217 
f 5976//8217 5859//8217 5860//8217 
o mesh492
f 5977//8218 5860//8218 5858//8218 
f 5858//8218 5975//8218 5977//8218 
usemtl 0.800000_0.811765_0.800000_0.000000_0.000000
o mesh493
f 5975//8219 5974//8219 5978//8219 
f 5974//8219 5979//8219 5980//8219 
f 5978//8219 5981//8219 5975//8219 
f 5980//8219 5982//8219 5974//8219 
f 5974//8219 5983//8219 5984//8219 
f 5974//8219 5985//8219 5986//8219 
f 5976//8219 5987//8219 5985//8219 
f 5975//8219 5988//8219 5989//8219 
f 5981//8219 5990//8219 5975//8219 
f 5984//8219 5979//8219 5974//8219 
f 5985//8219 5974//8219 5976//8219 
f 5977//8219 5975//8219 5991//8219 
f 5990//8219 5988//8219 5975//8219 
f 5986//8219 5983//8219 5974//8219 
f 5976//8219 5992//8219 5993//8219 
f 5977//8219 5994//8219 5995//8219 
f 5977//8219 5996//8219 5997//8219 
f 5991//8219 5998//8219 5977//8219 
f 5975//8219 5999//8219 6000//8219 
f 5982//8219 5978//8219 5974//8219 
f 5993//8219 6001//8219 5976//8219 
f 5976//8219 6002//8219 6003//8219 
f 5977//8219 6004//8219 6002//8219 
f 5995//8219 6005//8219 5977//8219 
f 5998//8219 5996//8219 5977//8219 
f 5989//8219 5999//8219 5975//8219 
f 6001//8219 6006//8219 5976//8219 
f 6002//8219 5976//8219 5977//8219 
f 5997//8219 5994//8219 5977//8219 
f 6006//8219 5987//8219 5976//8219 
f 6005//8219 6004//8219 5977//8219 
f 6003//8219 5992//8219 5976//8219 
f 6000//8219 5991//8219 5975//8219 
usemtl 1.000000_1.000000_1.000000_0.000000_0.000000
o mesh494
f 5861//8220 6007//8220 6008//8220 
f 6008//8220 5862//8220 5861//8220 
o mesh495
f 6007//8221 5861//8221 5863//8221 
f 5863//8221 6009//8221 6007//8221 
o mesh496
f 5864//8222 6010//8222 6009//8222 
f 6009//8222 5863//8222 5864//8222 
o mesh497
f 6008//8223 6010//8223 5864//8223 
f 5864//8223 5862//8223 6008//8223 
usemtl 0.800000_0.811765_0.800000_0.000000_0.000000
o mesh498
f 6008//8224 6011//8224 6012//8224 
f 6008//8224 6007//8224 6013//8224 
f 6007//8224 6014//8224 6015//8224 
f 6013//8224 6011//8224 6008//8224 
f 6007//8224 6016//8224 6017//8224 
f 6007//8224 6018//8224 6019//8224 
f 6015//8224 6020//8224 6007//8224 
f 6009//8224 6021//8224 6022//8224 
f 6017//8224 6013//8224 6007//8224 
f 6020//8224 6018//8224 6007//8224 
f 6009//8224 6023//8224 6024//8224 
f 6009//8224 6025//8224 6021//8224 
f 6010//8224 6026//8224 6025//8224 
f 6019//8224 6016//8224 6007//8224 
f 6009//8224 6027//8224 6014//8224 
f 6022//8224 6023//8224 6009//8224 
f 6010//8224 6028//8224 6026//8224 
f 6010//8224 6029//8224 6030//8224 
f 6010//8224 6031//8224 6032//8224 
f 6010//8224 6008//8224 6033//8224 
f 6008//8224 6034//8224 6035//8224 
f 6014//8224 6007//8224 6009//8224 
f 6024//8224 6036//8224 6009//8224 
f 6030//8224 6028//8224 6010//8224 
f 6033//8224 6031//8224 6010//8224 
f 6008//8224 6037//8224 6038//8224 
f 6012//8224 6034//8224 6008//8224 
f 6025//8224 6009//8224 6010//8224 
f 6032//8224 6039//8224 6010//8224 
f 6035//8224 6037//8224 6008//8224 
f 6039//8224 6029//8224 6010//8224 
f 6036//8224 6027//8224 6009//8224 
f 6038//8224 6033//8224 6008//8224 
usemtl 1.000000_1.000000_1.000000_0.000000_0.000000
o mesh499
f 6040//8225 5866//8225 5865//8225 
f 5865//8225 6041//8225 6040//8225 
o mesh500
f 6041//8226 5865//8226 5867//8226 
f 5867//8226 6042//8226 6041//8226 
o mesh501
f 6042//8227 5867//8227 5868//8227 
f 5868//8227 6043//8227 6042//8227 
o mesh502
f 6043//8228 5868//8228 5866//8228 
f 5866//8228 6040//8228 6043//8228 
usemtl 0.800000_0.811765_0.800000_0.000000_0.000000
o mesh503
f 6040//8229 6044//8229 6045//8229 
f 6040//8229 6046//8229 6044//8229 
f 6040//8229 6041//8229 6047//8229 
f 6042//8229 6048//8229 6049//8229 
f 6040//8229 6050//8229 6051//8229 
f 6047//8229 6046//8229 6040//8229 
f 6041//8229 6052//8229 6053//8229 
f 6041//8229 6054//8229 6055//8229 
f 6041//8229 6056//8229 6057//8229 
f 6042//8229 6058//8229 6048//8229 
f 6042//8229 6059//8229 6060//8229 
f 6043//8229 6061//8229 6059//8229 
f 6043//8229 6062//8229 6063//8229 
f 6045//8229 6050//8229 6040//8229 
f 6055//8229 6052//8229 6041//8229 
f 6057//8229 6064//8229 6041//8229 
f 6042//8229 6065//8229 6056//8229 
f 6060//8229 6058//8229 6042//8229 
f 6063//8229 6061//8229 6043//8229 
f 6051//8229 6066//8229 6040//8229 
f 6064//8229 6054//8229 6041//8229 
f 6042//8229 6067//8229 6065//8229 
f 6059//8229 6042//8229 6043//8229 
f 6043//8229 6068//8229 6069//8229 
f 6043//8229 6070//8229 6071//8229 
f 6053//8229 6047//8229 6041//8229 
f 6049//8229 6067//8229 6042//8229 
f 6071//8229 6068//8229 6043//8229 
f 6043//8229 6040//8229 6072//8229 
f 6056//8229 6041//8229 6042//8229 
f 6072//8229 6070//8229 6043//8229 
f 6069//8229 6062//8229 6043//8229 
f 6066//8229 6072//8229 6040//8229 
usemtl 1.000000_1.000000_1.000000_0.000000_0.000000
o mesh504
f 6073//8228 5886//8228 5885//8230 
f 6074//8230 5885//8230 5896//8231 
f 6075//8231 5896//8231 5895//8232 
f 6076//8232 5895//8232 5898//8233 
f 6077//8233 5898//8233 5897//8234 
f 6078//8234 5897//8234 5899//8235 
f 6079//8235 5899//8235 5888//8236 
f 6080//8236 5888//8236 5887//8237 
f 6081//8237 5887//8237 5900//8238 
f 6082//8238 5900//8238 5906//8239 
f 6083//8239 5906//8239 5905//8240 
f 6084//8240 5905//8240 5907//8241 
f 6085//8241 5907//8241 5890//8242 
f 6086//8242 5890//8242 5889//8243 
f 5891//8244 6087//8244 6088//8245 
f 6088//8245 5889//8243 5891//8244 
f 6087//8244 5891//8244 5902//8246 
f 6089//8246 5902//8246 5901//8247 
f 6090//8247 5901//8247 5892//8248 
f 6091//8248 5892//8248 5881//8249 
f 6092//8249 5881//8249 5880//8250 
f 6093//8250 5880//8250 5882//8251 
f 6094//8251 5882//8251 5879//8252 
f 6095//8252 5879//8252 5884//8253 
f 6096//8253 5884//8253 5883//8254 
f 6097//8254 5883//8254 5894//8255 
f 6098//8255 5894//8255 5893//8256 
f 6099//8256 5893//8256 5903//8257 
f 6100//8257 5903//8257 5904//8258 
f 6101//8258 5904//8258 5886//8228 
f 5886//8228 6073//8228 6101//8258 
f 5904//8258 6101//8258 6100//8257 
f 5903//8257 6100//8257 6099//8256 
f 5893//8256 6099//8256 6098//8255 
f 5894//8255 6098//8255 6097//8254 
f 5883//8254 6097//8254 6096//8253 
f 5884//8253 6096//8253 6095//8252 
f 5879//8252 6095//8252 6094//8251 
f 5882//8251 6094//8251 6093//8250 
f 5880//8250 6093//8250 6092//8249 
f 5881//8249 6092//8249 6091//8248 
f 5892//8248 6091//8248 6090//8247 
f 5901//8247 6090//8247 6089//8246 
f 5902//8246 6089//8246 6087//8244 
f 6088//8245 6102//8259 5889//8243 
f 5889//8243 6102//8259 6086//8242 
f 5890//8242 6086//8242 6085//8241 
f 5907//8241 6085//8241 6084//8240 
f 5905//8240 6084//8240 6083//8239 
f 5906//8239 6083//8239 6082//8238 
f 5900//8238 6082//8238 6081//8237 
f 5887//8237 6081//8237 6080//8236 
f 5888//8236 6080//8236 6079//8235 
f 5899//8235 6079//8235 6078//8234 
f 5897//8234 6078//8234 6077//8233 
f 5898//8233 6077//8233 6076//8232 
f 5895//8232 6076//8232 6075//8231 
f 5896//8231 6075//8231 6074//8230 
f 5885//8230 6074//8230 6073//8228 
usemtl 0.792157_0.819608_0.933333_0.000000_0.000000
o mesh505
f 6103//8260 6087//8260 6089//8260 
f 6089//8260 6090//8260 6103//8260 
f 6090//8260 6091//8260 6103//8260 
f 6091//8260 6092//8260 6103//8260 
f 6092//8260 6093//8260 6103//8260 
f 6093//8260 6094//8260 6103//8260 
f 6094//8260 6095//8260 6103//8260 
f 6095//8260 6096//8260 6103//8260 
f 6096//8260 6097//8260 6103//8260 
f 6097//8260 6098//8260 6103//8260 
f 6098//8260 6099//8260 6103//8260 
f 6099//8260 6100//8260 6103//8260 
f 6100//8260 6101//8260 6103//8260 
f 6101//8260 6073//8260 6103//8260 
f 6073//8260 6074//8260 6103//8260 
f 6074//8260 6075//8260 6103//8260 
f 6075//8260 6076//8260 6103//8260 
f 6076//8260 6077//8260 6103//8260 
f 6077//8260 6078//8260 6103//8260 
f 6078//8260 6079//8260 6103//8260 
f 6079//8260 6080//8260 6103//8260 
f 6080//8260 6081//8260 6103//8260 
f 6081//8260 6082//8260 6103//8260 
f 6082//8260 6083//8260 6103//8260 
f 6083//8260 6084//8260 6103//8260 
f 6084//8260 6085//8260 6103//8260 
f 6085//8260 6086//8260 6103//8260 
f 6086//8260 6102//8260 6103//8260 
f 6102//8260 6088//8260 6103//8260 
f 6088//8260 6087//8260 6103//8260 
usemtl 1.000000_0.937255_0.137255_0.000000_0.000000
o mesh506
f 6104//8261 5928//8261 5930//8262 
f 6105//8262 5930//8262 5919//8263 
f 6106//8263 5919//8263 5918//8264 
f 6107//8264 5918//8264 5931//8265 
f 6108//8265 5931//8265 5921//8266 
f 6109//8266 5921//8266 5920//8267 
f 6110//8267 5920//8267 5932//8268 
f 6111//8268 5932//8268 5933//8269 
f 6112//8269 5933//8269 5937//8270 
f 6113//8270 5937//8270 5939//8271 
f 6114//8271 5939//8271 5938//8272 
f 6115//8272 5938//8272 5940//8273 
f 6116//8273 5940//8273 5923//8274 
f 6117//8274 5923//8274 5922//8275 
f 5924//8276 6118//8276 6119//8277 
f 6119//8277 5922//8275 5924//8276 
f 6118//8276 5924//8276 5935//8278 
f 6120//8278 5935//8278 5934//8279 
f 6121//8279 5934//8279 5914//8280 
f 6122//8280 5914//8280 5913//8281 
f 6123//8281 5913//8281 5925//8282 
f 6124//8282 5925//8282 5915//8283 
f 6125//8283 5915//8283 5912//8284 
f 6126//8284 5912//8284 5917//8285 
f 6127//8285 5917//8285 5916//8286 
f 6128//8286 5916//8286 5927//8287 
f 6129//8287 5927//8287 5926//8288 
f 6130//8288 5926//8288 5936//8289 
f 6131//8289 5936//8289 5929//8290 
f 6132//8290 5929//8290 5928//8261 
f 5928//8261 6104//8261 6132//8290 
f 5929//8290 6132//8290 6131//8289 
f 5936//8289 6131//8289 6130//8288 
f 5926//8288 6130//8288 6129//8287 
f 5927//8287 6129//8287 6128//8286 
f 5916//8286 6128//8286 6127//8285 
f 5917//8285 6127//8285 6126//8284 
f 5912//8284 6126//8284 6125//8283 
f 5915//8283 6125//8283 6124//8282 
f 5925//8282 6124//8282 6123//8281 
f 5913//8281 6123//8281 6122//8280 
f 5914//8280 6122//8280 6121//8279 
f 5934//8279 6121//8279 6120//8278 
f 5935//8278 6120//8278 6118//8276 
f 6119//8277 6133//8291 5922//8275 
f 5922//8275 6133//8291 6117//8274 
f 5923//8274 6117//8274 6116//8273 
f 5940//8273 6116//8273 6115//8272 
f 5938//8272 6115//8272 6114//8271 
f 5939//8271 6114//8271 6113//8270 
f 5937//8270 6113//8270 6112//8269 
f 5933//8269 6112//8269 6111//8268 
f 5932//8268 6111//8268 6110//8267 
f 5920//8267 6110//8267 6109//8266 
f 5921//8266 6109//8266 6108//8265 
f 5931//8265 6108//8265 6107//8264 
f 5918//8264 6107//8264 6106//8263 
f 5919//8263 6106//8263 6105//8262 
f 5930//8262 6105//8262 6104//8261 
usemtl 0.792157_0.819608_0.933333_0.000000_0.000000
o mesh507
f 6134//8292 6118//8292 6120//8292 
f 6120//8292 6121//8292 6134//8292 
f 6121//8292 6122//8292 6134//8292 
f 6122//8292 6123//8292 6134//8292 
f 6123//8292 6124//8292 6134//8292 
f 6124//8292 6125//8292 6134//8292 
f 6125//8292 6126//8292 6134//8292 
f 6126//8292 6127//8292 6134//8292 
f 6127//8292 6128//8292 6134//8292 
f 6128//8292 6129//8292 6134//8292 
f 6129//8292 6130//8292 6134//8292 
f 6130//8292 6131//8292 6134//8292 
f 6131//8292 6132//8292 6134//8292 
f 6132//8292 6104//8292 6134//8292 
f 6104//8292 6105//8292 6134//8292 
f 6105//8292 6106//8292 6134//8292 
f 6106//8292 6107//8292 6134//8292 
f 6107//8292 6108//8292 6134//8292 
f 6108//8292 6109//8292 6134//8292 
f 6109//8292 6110//8292 6134//8292 
f 6110//8292 6111//8292 6134//8292 
f 6111//8292 6112//8292 6134//8292 
f 6112//8292 6113//8292 6134//8292 
f 6113//8292 6114//8292 6134//8292 
f 6114//8292 6115//8292 6134//8292 
f 6115//8292 6116//8292 6134//8292 
f 6116//8292 6117//8292 6134//8292 
f 6117//8292 6133//8292 6134//8292 
f 6133//8292 6119//8292 6134//8292 
f 6119//8292 6118//8292 6134//8292 
usemtl 0.007843_0.239216_0.823529_0.000000_0.000000
o mesh508
f 6135//8293 5960//8293 5962//8294 
f 6136//8294 5962//8294 5971//8295 
f 6137//8295 5971//8295 5970//8296 
f 6138//8296 5970//8296 5973//8297 
f 6139//8297 5973//8297 5972//8298 
f 6140//8298 5972//8298 5963//8299 
f 6141//8299 5963//8299 5953//8300 
f 6142//8300 5953//8300 5952//8301 
f 6143//8301 5952//8301 5964//8302 
f 6144//8302 5964//8302 5966//8303 
f 6145//8303 5966//8303 5965//8304 
f 6146//8304 5965//8304 5967//8305 
f 6147//8305 5967//8305 5947//8306 
f 6148//8306 5947//8306 5946//8307 
f 5948//8308 6149//8308 6150//8309 
f 6150//8309 5946//8307 5948//8308 
f 6149//8308 5948//8308 5955//8310 
f 6151//8310 5955//8310 5954//8311 
f 6152//8311 5954//8311 5957//8312 
f 6153//8312 5957//8312 5956//8313 
f 6154//8313 5956//8313 5969//8314 
f 6155//8314 5969//8314 5968//8315 
f 6156//8315 5968//8315 5945//8316 
f 6157//8316 5945//8316 5949//8317 
f 6158//8317 5949//8317 5951//8318 
f 6159//8318 5951//8318 5950//8319 
f 6160//8319 5950//8319 5959//8320 
f 6161//8320 5959//8320 5958//8321 
f 6162//8321 5958//8321 5961//8322 
f 6163//8322 5961//8322 5960//8293 
f 5960//8293 6135//8293 6163//8322 
f 5961//8322 6163//8322 6162//8321 
f 5958//8321 6162//8321 6161//8320 
f 5959//8320 6161//8320 6160//8319 
f 5950//8319 6160//8319 6159//8318 
f 5951//8318 6159//8318 6158//8317 
f 5949//8317 6158//8317 6157//8316 
f 5945//8316 6157//8316 6156//8315 
f 5968//8315 6156//8315 6155//8314 
f 5969//8314 6155//8314 6154//8313 
f 5956//8313 6154//8313 6153//8312 
f 5957//8312 6153//8312 6152//8311 
f 5954//8311 6152//8311 6151//8310 
f 5955//8310 6151//8310 6149//8308 
f 6150//8309 6164//8323 5946//8307 
f 5946//8307 6164//8323 6148//8306 
f 5947//8306 6148//8306 6147//8305 
f 5967//8305 6147//8305 6146//8304 
f 5965//8304 6146//8304 6145//8303 
f 5966//8303 6145//8303 6144//8302 
f 5964//8302 6144//8302 6143//8301 
f 5952//8301 6143//8301 6142//8300 
f 5953//8300 6142//8300 6141//8299 
f 5963//8299 6141//8299 6140//8298 
f 5972//8298 6140//8298 6139//8297 
f 5973//8297 6139//8297 6138//8296 
f 5970//8296 6138//8296 6137//8295 
f 5971//8295 6137//8295 6136//8294 
f 5962//8294 6136//8294 6135//8293 
usemtl 0.792157_0.819608_0.933333_0.000000_0.000000
o mesh509
f 6165//8324 6149//8324 6151//8324 
f 6151//8324 6152//8324 6165//8324 
f 6152//8324 6153//8324 6165//8324 
f 6153//8324 6154//8324 6165//8324 
f 6154//8324 6155//8324 6165//8324 
f 6155//8324 6156//8324 6165//8324 
f 6156//8324 6157//8324 6165//8324 
f 6157//8324 6158//8324 6165//8324 
f 6158//8324 6159//8324 6165//8324 
f 6159//8324 6160//8324 6165//8324 
f 6160//8324 6161//8324 6165//8324 
f 6161//8324 6162//8324 6165//8324 
f 6162//8324 6163//8324 6165//8324 
f 6163//8324 6135//8324 6165//8324 
f 6135//8324 6136//8324 6165//8324 
f 6136//8324 6137//8324 6165//8324 
f 6137//8324 6138//8324 6165//8324 
f 6138//8324 6139//8324 6165//8324 
f 6139//8324 6140//8324 6165//8324 
f 6140//8324 6141//8324 6165//8324 
f 6141//8324 6142//8324 6165//8324 
f 6142//8324 6143//8324 6165//8324 
f 6143//8324 6144//8324 6165//8324 
f 6144//8324 6145//8324 6165//8324 
f 6145//8324 6146//8324 6165//8324 
f 6146//8324 6147//8324 6165//8324 
f 6147//8324 6148//8324 6165//8324 
f 6148//8324 6164//8324 6165//8324 
f 6164//8324 6150//8324 6165//8324 
f 6150//8324 6149//8324 6165//8324 
usemtl 0.286275_0.662745_0.329412_0.000000_0.000000
o mesh510
f 6166//8325 5985//8325 5987//8326 
f 6167//8326 5987//8326 6006//8327 
f 6168//8327 6006//8327 6001//8328 
f 6169//8328 6001//8328 5993//8329 
f 6170//8329 5993//8329 5992//8330 
f 6171//8330 5992//8330 6003//8331 
f 6172//8331 6003//8331 6002//8332 
f 6173//8332 6002//8332 6004//8333 
f 6174//8333 6004//8333 6005//8334 
f 6175//8334 6005//8334 5995//8335 
f 6176//8335 5995//8335 5994//8336 
f 6177//8336 5994//8336 5997//8337 
f 6178//8337 5997//8337 5996//8338 
f 6179//8338 5996//8338 5998//8339 
f 5991//8340 6180//8340 6181//8341 
f 6181//8341 5998//8339 5991//8340 
f 6180//8340 5991//8340 6000//8342 
f 6182//8342 6000//8342 5999//8343 
f 6183//8343 5999//8343 5989//8344 
f 6184//8344 5989//8344 5988//8345 
f 6185//8345 5988//8345 5990//8346 
f 6186//8346 5990//8346 5981//8347 
f 6187//8347 5981//8347 5978//8348 
f 6188//8348 5978//8348 5982//8349 
f 6189//8349 5982//8349 5980//8350 
f 6190//8350 5980//8350 5979//8351 
f 6191//8351 5979//8351 5984//8352 
f 6192//8352 5984//8352 5983//8353 
f 6193//8353 5983//8353 5986//8354 
f 6194//8354 5986//8354 5985//8325 
f 5985//8325 6166//8325 6194//8354 
f 5986//8354 6194//8354 6193//8353 
f 5983//8353 6193//8353 6192//8352 
f 5984//8352 6192//8352 6191//8351 
f 5979//8351 6191//8351 6190//8350 
f 5980//8350 6190//8350 6189//8349 
f 5982//8349 6189//8349 6188//8348 
f 5978//8348 6188//8348 6187//8347 
f 5981//8347 6187//8347 6186//8346 
f 5990//8346 6186//8346 6185//8345 
f 5988//8345 6185//8345 6184//8344 
f 5989//8344 6184//8344 6183//8343 
f 5999//8343 6183//8343 6182//8342 
f 6000//8342 6182//8342 6180//8340 
f 6181//8341 6195//8355 5998//8339 
f 5998//8339 6195//8355 6179//8338 
f 5996//8338 6179//8338 6178//8337 
f 5997//8337 6178//8337 6177//8336 
f 5994//8336 6177//8336 6176//8335 
f 5995//8335 6176//8335 6175//8334 
f 6005//8334 6175//8334 6174//8333 
f 6004//8333 6174//8333 6173//8332 
f 6002//8332 6173//8332 6172//8331 
f 6003//8331 6172//8331 6171//8330 
f 5992//8330 6171//8330 6170//8329 
f 5993//8329 6170//8329 6169//8328 
f 6001//8328 6169//8328 6168//8327 
f 6006//8327 6168//8327 6167//8326 
f 5987//8326 6167//8326 6166//8325 
usemtl 0.792157_0.819608_0.933333_0.000000_0.000000
o mesh511
f 6196//8356 6180//8356 6182//8356 
f 6182//8356 6183//8356 6196//8356 
f 6183//8356 6184//8356 6196//8356 
f 6184//8356 6185//8356 6196//8356 
f 6185//8356 6186//8356 6196//8356 
f 6186//8356 6187//8356 6196//8356 
f 6187//8356 6188//8356 6196//8356 
f 6188//8356 6189//8356 6196//8356 
f 6189//8356 6190//8356 6196//8356 
f 6190//8356 6191//8356 6196//8356 
f 6191//8356 6192//8356 6196//8356 
f 6192//8356 6193//8356 6196//8356 
f 6193//8356 6194//8356 6196//8356 
f 6194//8356 6166//8356 6196//8356 
f 6166//8356 6167//8356 6196//8356 
f 6167//8356 6168//8356 6196//8356 
f 6168//8356 6169//8356 6196//8356 
f 6169//8356 6170//8356 6196//8356 
f 6170//8356 6171//8356 6196//8356 
f 6171//8356 6172//8356 6196//8356 
f 6172//8356 6173//8356 6196//8356 
f 6173//8356 6174//8356 6196//8356 
f 6174//8356 6175//8356 6196//8356 
f 6175//8356 6176//8356 6196//8356 
f 6176//8356 6177//8356 6196//8356 
f 6177//8356 6178//8356 6196//8356 
f 6178//8356 6179//8356 6196//8356 
f 6179//8356 6195//8356 6196//8356 
f 6195//8356 6181//8356 6196//8356 
f 6181//8356 6180//8356 6196//8356 
usemtl 0.149020_0.149020_0.149020_0.000000_0.000000
o mesh512
f 6197//8357 6014//8357 6027//8358 
f 6198//8358 6027//8358 6036//8359 
f 6199//8359 6036//8359 6024//8360 
f 6200//8360 6024//8360 6023//8361 
f 6201//8361 6023//8361 6022//8362 
f 6202//8362 6022//8362 6021//8363 
f 6203//8363 6021//8363 6025//8364 
f 6204//8364 6025//8364 6026//8365 
f 6205//8365 6026//8365 6028//8366 
f 6206//8366 6028//8366 6030//8367 
f 6207//8367 6030//8367 6029//8368 
f 6208//8368 6029//8368 6039//8369 
f 6209//8369 6039//8369 6032//8370 
f 6210//8370 6032//8370 6031//8371 
f 6211//8371 6031//8371 6033//8372 
f 6212//8372 6033//8372 6038//8373 
f 6213//8373 6038//8373 6037//8374 
f 6214//8374 6037//8374 6035//8375 
f 6215//8375 6035//8375 6034//8376 
f 6216//8376 6034//8376 6012//8377 
f 6217//8377 6012//8377 6011//8378 
f 6218//8378 6011//8378 6013//8379 
f 6219//8379 6013//8379 6017//8380 
f 6220//8380 6017//8380 6016//8381 
f 6221//8381 6016//8381 6019//8382 
f 6222//8382 6019//8382 6018//8383 
f 6223//8383 6018//8383 6020//8384 
f 6224//8384 6020//8384 6015//8385 
f 6225//8385 6015//8385 6014//8357 
f 6014//8357 6197//8357 6225//8385 
f 6015//8385 6225//8385 6224//8384 
f 6020//8384 6224//8384 6223//8383 
f 6018//8383 6223//8383 6222//8382 
f 6019//8382 6222//8382 6221//8381 
f 6016//8381 6221//8381 6220//8380 
f 6017//8380 6220//8380 6219//8379 
f 6013//8379 6219//8379 6218//8378 
f 6011//8378 6218//8378 6217//8377 
f 6012//8377 6217//8377 6216//8376 
f 6034//8376 6216//8376 6215//8375 
f 6035//8375 6215//8375 6214//8374 
f 6037//8374 6214//8374 6213//8373 
f 6038//8373 6213//8373 6212//8372 
f 6033//8372 6212//8372 6211//8371 
f 6031//8371 6211//8371 6210//8370 
f 6032//8370 6210//8370 6209//8369 
f 6039//8369 6209//8369 6208//8368 
f 6029//8368 6208//8368 6207//8367 
f 6030//8367 6207//8367 6206//8366 
f 6028//8366 6206//8366 6205//8365 
f 6026//8365 6205//8365 6204//8364 
f 6025//8364 6204//8364 6203//8363 
f 6021//8363 6203//8363 6202//8362 
f 6022//8362 6202//8362 6201//8361 
f 6023//8361 6201//8361 6200//8360 
f 6024//8360 6200//8360 6199//8359 
f 6036//8359 6199//8359 6198//8358 
f 6027//8358 6198//8358 6197//8357 
usemtl 0.792157_0.819608_0.933333_0.000000_0.000000
o mesh513
f 6226//8386 6198//8386 6199//8386 
f 6199//8386 6200//8386 6226//8386 
f 6200//8386 6201//8386 6226//8386 
f 6201//8386 6202//8386 6226//8386 
f 6202//8386 6203//8386 6226//8386 
f 6203//8386 6204//8386 6226//8386 
f 6204//8386 6205//8386 6226//8386 
f 6205//8386 6206//8386 6226//8386 
f 6206//8386 6207//8386 6226//8386 
f 6207//8386 6208//8386 6226//8386 
f 6208//8386 6209//8386 6226//8386 
f 6209//8386 6210//8386 6226//8386 
f 6210//8386 6211//8386 6226//8386 
f 6211//8386 6212//8386 6226//8386 
f 6212//8386 6213//8386 6226//8386 
f 6213//8386 6214//8386 6226//8386 
f 6214//8386 6215//8386 6226//8386 
f 6215//8386 6216//8386 6226//8386 
f 6216//8386 6217//8386 6226//8386 
f 6217//8386 6218//8386 6226//8386 
f 6218//8386 6219//8386 6226//8386 
f 6219//8386 6220//8386 6226//8386 
f 6220//8386 6221//8386 6226//8386 
f 6221//8386 6222//8386 6226//8386 
f 6222//8386 6223//8386 6226//8386 
f 6223//8386 6224//8386 6226//8386 
f 6224//8386 6225//8386 6226//8386 
f 6225//8386 6197//8386 6226//8386 
f 6197//8386 6198//8386 6226//8386 
usemtl 0.694118_0.098039_0.098039_0.000000_0.000000
o mesh514
f 6227//8387 6056//8387 6065//8388 
f 6228//8388 6065//8388 6067//8389 
f 6229//8389 6067//8389 6049//8390 
f 6230//8390 6049//8390 6048//8391 
f 6231//8391 6048//8391 6058//8392 
f 6232//8392 6058//8392 6060//8393 
f 6233//8393 6060//8393 6059//8394 
f 6234//8394 6059//8394 6061//8395 
f 6235//8395 6061//8395 6063//8396 
f 6236//8396 6063//8396 6062//8397 
f 6237//8397 6062//8397 6069//8398 
f 6238//8398 6069//8398 6068//8399 
f 6239//8399 6068//8399 6071//8400 
f 6240//8400 6071//8400 6070//8401 
f 6072//8402 6241//8402 6242//8403 
f 6242//8403 6070//8401 6072//8402 
f 6241//8402 6072//8402 6066//8404 
f 6243//8404 6066//8404 6051//8405 
f 6244//8405 6051//8405 6050//8406 
f 6245//8406 6050//8406 6045//8407 
f 6246//8407 6045//8407 6044//8408 
f 6247//8408 6044//8408 6046//8409 
f 6248//8409 6046//8409 6047//8410 
f 6249//8410 6047//8410 6053//8411 
f 6250//8411 6053//8411 6052//8412 
f 6251//8412 6052//8412 6055//8413 
f 6252//8413 6055//8413 6054//8414 
f 6253//8414 6054//8414 6064//8415 
f 6254//8415 6064//8415 6057//8416 
f 6255//8416 6057//8416 6056//8387 
f 6056//8387 6227//8387 6255//8416 
f 6057//8416 6255//8416 6254//8415 
f 6064//8415 6254//8415 6253//8414 
f 6054//8414 6253//8414 6252//8413 
f 6055//8413 6252//8413 6251//8412 
f 6052//8412 6251//8412 6250//8411 
f 6053//8411 6250//8411 6249//8410 
f 6047//8410 6249//8410 6248//8409 
f 6046//8409 6248//8409 6247//8408 
f 6044//8408 6247//8408 6246//8407 
f 6045//8407 6246//8407 6245//8406 
f 6050//8406 6245//8406 6244//8405 
f 6051//8405 6244//8405 6243//8404 
f 6066//8404 6243//8404 6241//8402 
f 6242//8403 6256//8417 6070//8401 
f 6070//8401 6256//8417 6240//8400 
f 6071//8400 6240//8400 6239//8399 
f 6068//8399 6239//8399 6238//8398 
f 6069//8398 6238//8398 6237//8397 
f 6062//8397 6237//8397 6236//8396 
f 6063//8396 6236//8396 6235//8395 
f 6061//8395 6235//8395 6234//8394 
f 6059//8394 6234//8394 6233//8393 
f 6060//8393 6233//8393 6232//8392 
f 6058//8392 6232//8392 6231//8391 
f 6048//8391 6231//8391 6230//8390 
f 6049//8390 6230//8390 6229//8389 
f 6067//8389 6229//8389 6228//8388 
f 6065//8388 6228//8388 6227//8387 
usemtl 0.792157_0.819608_0.933333_0.000000_0.000000
o mesh515
f 6257//8418 6241//8418 6243//8418 
f 6243//8418 6244//8418 6257//8418 
f 6244//8418 6245//8418 6257//8418 
f 6245//8418 6246//8418 6257//8418 
f 6246//8418 6247//8418 6257//8418 
f 6247//8418 6248//8418 6257//8418 
f 6248//8418 6249//8418 6257//8418 
f 6249//8418 6250//8418 6257//8418 
f 6250//8418 6251//8418 6257//8418 
f 6251//8418 6252//8418 6257//8418 
f 6252//8418 6253//8418 6257//8418 
f 6253//8418 6254//8418 6257//8418 
f 6254//8418 6255//8418 6257//8418 
f 6255//8418 6227//8418 6257//8418 
f 6227//8418 6228//8418 6257//8418 
f 6228//8418 6229//8418 6257//8418 
f 6229//8418 6230//8418 6257//8418 
f 6230//8418 6231//8418 6257//8418 
f 6231//8418 6232//8418 6257//8418 
f 6232//8418 6233//8418 6257//8418 
f 6233//8418 6234//8418 6257//8418 
f 6234//8418 6235//8418 6257//8418 
f 6235//8418 6236//8418 6257//8418 
f 6236//8418 6237//8418 6257//8418 
f 6237//8418 6238//8418 6257//8418 
f 6238//8418 6239//8418 6257//8418 
f 6239//8418 6240//8418 6257//8418 
f 6240//8418 6256//8418 6257//8418 
f 6256//8418 6242//8418 6257//8418 
f 6242//8418 6241//8418 6257//8418 
