# OBJ generated by ONSHAPE BY PTC INC, 1.219 Units = meters
mtllib Assembly 2 - Side Left.mtl
g Side Left
v 0.134375 0.158985 0.0399009 
v 0.134375 0.15895 0.0402234 
v 0.13755 0.15895 0.0402234 
v 0.134375 0.159089 0.0395936 
v 0.13755 0.158985 0.0399009 
v 0.134375 0.159256 0.0393156 
v 0.13755 0.159089 0.0395936 
v 0.134375 0.159479 0.0390802 
v 0.13755 0.159256 0.0393156 
v 0.134375 0.159747 0.0388981 
v 0.13755 0.159479 0.0390802 
v 0.134375 0.160049 0.0387781 
v 0.13755 0.159747 0.0388981 
v 0.134375 0.160369 0.0387256 
v 0.13755 0.160049 0.0387781 
v 0.134375 0.160693 0.0387432 
v 0.13755 0.160369 0.0387256 
v 0.134375 0.161005 0.0388299 
v 0.13755 0.160693 0.0387432 
v 0.134375 0.161292 0.0389819 
v 0.13755 0.161005 0.0388299 
v 0.134375 0.161539 0.0391918 
v 0.13755 0.161292 0.0389819 
v 0.134375 0.161735 0.0394501 
v 0.13755 0.161539 0.0391918 
v 0.134375 0.161871 0.0397444 
v 0.13755 0.161735 0.0394501 
v 0.134375 0.161941 0.0400612 
v 0.13755 0.161871 0.0397444 
v 0.134375 0.161941 0.0403856 
v 0.134375 0.16195 0.0402234 
v 0.13755 0.16195 0.0402234 
v 0.13755 0.161941 0.0400612 
v 0.134375 0.161871 0.0407023 
v 0.13755 0.161941 0.0403856 
v 0.13755 0.161775 0.0409117 
v 0.13755 0.161735 0.0409967 
v 0.134375 0.161735 0.0409967 
v 0.134375 0.161775 0.0409117 
v 0.13755 0.161871 0.0407023 
v 0.134375 0.161539 0.0412549 
v 0.134375 0.161292 0.0414649 
v 0.13755 0.161539 0.0412549 
v 0.134375 0.161005 0.0416169 
v 0.13755 0.161292 0.0414649 
v 0.134375 0.160693 0.0417036 
v 0.13755 0.161005 0.0416169 
v 0.134375 0.160369 0.0417212 
v 0.13755 0.160693 0.0417036 
v 0.134375 0.160049 0.0416687 
v 0.13755 0.160369 0.0417212 
v 0.134375 0.159747 0.0415487 
v 0.13755 0.160049 0.0416687 
v 0.134375 0.159479 0.0413666 
v 0.13755 0.159747 0.0415487 
v 0.134375 0.159256 0.0411312 
v 0.13755 0.159479 0.0413666 
v 0.13755 0.159124 0.0409117 
v 0.13755 0.159089 0.0408532 
v 0.134375 0.159089 0.0408532 
v 0.134375 0.159124 0.0409117 
v 0.13755 0.159256 0.0411312 
v 0.134375 0.158985 0.0405458 
v 0.13755 0.158985 0.0405458 
v 0.134375 0.05 0.0762 
v 0.134375 0.0563425 0.0762 
v 0.134375 0.174325 0.0762 
v 0.134375 0.178808 0.0762 
v 0.134375 0.05 0.0609125 
v 0.134375 0.05 0.0409117 
v 0.134375 0.05 0.0374117 
v 0.134375 0.05 0.0322 
v 0.134375 0.05 0.02535 
v 0.134375 0.05 0.0200883 
v 0.134375 0.161941 0.0132144 
v 0.134375 0.16195 0.0133766 
v 0.134375 0.161941 0.0135388 
v 0.134375 0.161871 0.0138556 
v 0.134375 0.161735 0.0141499 
v 0.134375 0.161871 0.0128977 
v 0.134375 0.160369 0.0118788 
v 0.134375 0.160693 0.0118964 
v 0.134375 0.160049 0.0119313 
v 0.134375 0.161005 0.0147701 
v 0.134375 0.160693 0.0148568 
v 0.134375 0.161735 0.0126033 
v 0.134375 0.159256 0.0124688 
v 0.134375 0.159479 0.0122334 
v 0.134375 0.159747 0.0147019 
v 0.134375 0.159479 0.0145198 
v 0.134375 0.160369 0.0148744 
v 0.134375 0.161292 0.0146181 
v 0.134375 0.161539 0.0123451 
v 0.134375 0.161005 0.0119831 
v 0.134375 0.159747 0.0120513 
v 0.134375 0.160049 0.0148219 
v 0.134375 0.161292 0.0121351 
v 0.134375 0.158985 0.0130542 
v 0.134375 0.159089 0.0127468 
v 0.134375 0.159256 0.0142844 
v 0.134375 0.159089 0.0140064 
v 0.134375 0.161539 0.0144082 
v 0.134375 0.158985 0.0136991 
v 0.134375 0.15895 0.0133766 
v 0.134375 0.17745 0.0133766 
v 0.134375 0.177441 0.0132144 
v 0.134375 0.177441 0.0135388 
v 0.134375 0.177371 0.0138556 
v 0.134375 0.177235 0.0141499 
v 0.134375 0.177371 0.0128977 
v 0.134375 0.175869 0.0118788 
v 0.134375 0.176193 0.0118964 
v 0.134375 0.176193 0.0148568 
v 0.134375 0.176505 0.0147701 
v 0.134375 0.177235 0.0126033 
v 0.134375 0.175549 0.0119313 
v 0.134375 0.174756 0.0124688 
v 0.134375 0.174979 0.0122334 
v 0.134375 0.175247 0.0147019 
v 0.134375 0.174979 0.0145198 
v 0.134375 0.176792 0.0146181 
v 0.134375 0.177039 0.0123451 
v 0.134375 0.176505 0.0119831 
v 0.134375 0.175247 0.0120513 
v 0.134375 0.175549 0.0148219 
v 0.134375 0.175869 0.0148744 
v 0.134375 0.176792 0.0121351 
v 0.134375 0.174485 0.0130542 
v 0.134375 0.174589 0.0127468 
v 0.134375 0.174756 0.0142844 
v 0.134375 0.174589 0.0140064 
v 0.134375 0.177039 0.0144082 
v 0.134375 0.174485 0.0136991 
v 0.134375 0.17445 0.0133766 
v 0.134375 0.05 0.0085258 
v 0.134375 0.05 0.0005875 
v 0.134375 0.0563425 0 
v 0.134375 0.178808 0 
v 0.134375 0.181182 0 
v 0.134375 0.184682 0 
v 0.134375 0.181134 0.0713113 
v 0.134375 0.181182 0.0712888 
v 0.134375 0.181182 0.0762 
v 0.134375 0.181182 0.0747543 
v 0.134375 0.18079 0.071573 
v 0.134375 0.180307 0.0722847 
v 0.134375 0.18051 0.0719026 
v 0.134375 0.180168 0.0731333 
v 0.134375 0.180191 0.0727014 
v 0.134375 0.180641 0.0743198 
v 0.134375 0.180398 0.0739618 
v 0.134375 0.180955 0.0746172 
v 0.134375 0.180238 0.0735601 
v 0.134375 0.182165 0.071025 
v 0.134375 0.182381 0.0710367 
v 0.134375 0.184682 0.0762 
v 0.134375 0.182595 0.0749782 
v 0.134375 0.181949 0.0710367 
v 0.134375 0.181735 0.0749782 
v 0.134375 0.181325 0.0748402 
v 0.134375 0.183005 0.0748402 
v 0.134375 0.182165 0.075025 
v 0.134375 0.183375 0.0746172 
v 0.134375 0.184092 0.0735601 
v 0.134375 0.183932 0.0739618 
v 0.134375 0.184139 0.0727014 
v 0.134375 0.18354 0.071573 
v 0.134375 0.18382 0.0719026 
v 0.134375 0.181526 0.0711297 
v 0.134375 0.183689 0.0743198 
v 0.134375 0.184023 0.0722847 
v 0.134375 0.183196 0.0713113 
v 0.134375 0.182804 0.0711297 
v 0.134375 0.184162 0.0731333 
v 0.134375 0.2032 0.0409117 
v 0.134375 0.200025 0.0401 
v 0.134375 0.199595 0.0400532 
v 0.134375 0.199185 0.0399152 
v 0.134375 0.200455 0.0400532 
v 0.134375 0.198501 0.0393948 
v 0.134375 0.198258 0.0390368 
v 0.134375 0.201235 0.0396922 
v 0.134375 0.200865 0.0399152 
v 0.134375 0.198815 0.0396922 
v 0.134375 0.201952 0.0386351 
v 0.134375 0.201792 0.0390368 
v 0.134375 0.201549 0.0393948 
v 0.134375 0.198098 0.0386351 
v 0.134375 0.198028 0.0382083 
v 0.134375 0.2032 0.0374117 
v 0.134375 0.202022 0.0382083 
v 0.134375 0.198051 0.0377764 
v 0.134375 0.201897 0.0374117 
v 0.134375 0.201999 0.0377764 
v 0.134375 0.2032 0.0322 
v 0.134375 0.199809 0.0361117 
v 0.134375 0.200025 0.0361 
v 0.134375 0.200241 0.0361117 
v 0.134375 0.199386 0.0362047 
v 0.134375 0.200664 0.0362047 
v 0.134375 0.201056 0.0363863 
v 0.134375 0.198153 0.0374117 
v 0.134375 0.20168 0.0369776 
v 0.134375 0.19865 0.036648 
v 0.134375 0.198994 0.0363863 
v 0.134375 0.198167 0.0373597 
v 0.134375 0.201883 0.0373597 
v 0.134375 0.19837 0.0369776 
v 0.134375 0.2014 0.036648 
v 0.134375 0.18079 0.00172301 
v 0.134375 0.181134 0.00146129 
v 0.134375 0.180641 0.00446977 
v 0.134375 0.180398 0.00411182 
v 0.134375 0.180307 0.00243472 
v 0.134375 0.18051 0.00205263 
v 0.134375 0.180955 0.00476719 
v 0.134375 0.181182 0.00490428 
v 0.134375 0.180168 0.00328328 
v 0.134375 0.180191 0.00285144 
v 0.134375 0.180238 0.00371006 
v 0.134375 0.182165 0.001175 
v 0.134375 0.182381 0.00118672 
v 0.134375 0.181949 0.00118672 
v 0.134375 0.182595 0.00512824 
v 0.134375 0.181735 0.00512824 
v 0.134375 0.181325 0.00499015 
v 0.134375 0.182165 0.005175 
v 0.134375 0.183375 0.00476719 
v 0.134375 0.183005 0.00499015 
v 0.134375 0.182804 0.00127969 
v 0.134375 0.183196 0.00146129 
v 0.134375 0.181526 0.00127969 
v 0.134375 0.183689 0.00446977 
v 0.134375 0.184092 0.00371006 
v 0.134375 0.183932 0.00411182 
v 0.134375 0.184139 0.00285144 
v 0.134375 0.184162 0.00328328 
v 0.134375 0.18354 0.00172301 
v 0.134375 0.18382 0.00205263 
v 0.134375 0.181182 0.0014388 
v 0.134375 0.184023 0.00243472 
v 0.134375 0.135675 0.0409117 
v 0.134375 0.135675 0.0374117 
v 0.134375 0.135675 0.0322 
v 0.134375 0.13885 0.0254 
v 0.134375 0.135675 0.0254 
v 0.134375 0.13885 0.0374117 
v 0.134375 0.13885 0.0409117 
v 0.134375 0.13885 0.0508 
v 0.134375 0.135675 0.0508 
v 0.134375 0.174165 0.0204487 
v 0.134375 0.173341 0.0228933 
v 0.134375 0.172556 0.0239262 
v 0.134375 0.174184 0.0200883 
v 0.134375 0.171567 0.0247661 
v 0.134375 0.173886 0.0217158 
v 0.134375 0.169171 0.025721 
v 0.134375 0.167875 0.0257912 
v 0.134375 0.170466 0.02535 
v 0.134375 0.170421 0.0253739 
v 0.134375 0.166595 0.0255813 
v 0.134375 0.166014 0.02535 
v 0.134375 0.16234 0.0210898 
v 0.134375 0.164316 0.024373 
v 0.134375 0.163423 0.023431 
v 0.134375 0.16539 0.0251011 
v 0.134375 0.162755 0.0223193 
v 0.134375 0.174165 0.0191513 
v 0.134375 0.1742 0.0198 
v 0.134375 0.173886 0.0178842 
v 0.134375 0.173341 0.0167067 
v 0.134375 0.167875 0.0138088 
v 0.134375 0.172556 0.0156738 
v 0.134375 0.166595 0.0140187 
v 0.134375 0.164316 0.015227 
v 0.134375 0.16539 0.0144989 
v 0.134375 0.171567 0.0148339 
v 0.134375 0.169171 0.013879 
v 0.134375 0.170421 0.0142261 
v 0.134375 0.162755 0.0172807 
v 0.134375 0.163423 0.016169 
v 0.134375 0.1622 0.0198 
v 0.134375 0.16234 0.0185102 
v 0.134375 0.162231 0.0200883 
v 0.134375 0.176193 0.0417036 
v 0.134375 0.175869 0.0417212 
v 0.134375 0.176505 0.0416169 
v 0.134375 0.177235 0.0409967 
v 0.134375 0.177039 0.0412549 
v 0.134375 0.176792 0.0414649 
v 0.134375 0.177275 0.0409117 
v 0.134375 0.174756 0.0411312 
v 0.134375 0.175247 0.0415487 
v 0.134375 0.174979 0.0413666 
v 0.134375 0.175549 0.0416687 
v 0.134375 0.177441 0.0400612 
v 0.134375 0.17745 0.0402234 
v 0.134375 0.177441 0.0403856 
v 0.134375 0.177371 0.0397444 
v 0.134375 0.177371 0.0407023 
v 0.134375 0.175869 0.0387256 
v 0.134375 0.176193 0.0387432 
v 0.134375 0.177235 0.0394501 
v 0.134375 0.177039 0.0391918 
v 0.134375 0.176505 0.0388299 
v 0.134375 0.176792 0.0389819 
v 0.134375 0.175549 0.0387781 
v 0.134375 0.175247 0.0388981 
v 0.134375 0.174756 0.0393156 
v 0.134375 0.174979 0.0390802 
v 0.134375 0.174485 0.0399009 
v 0.134375 0.174589 0.0395936 
v 0.134375 0.17445 0.0402234 
v 0.134375 0.174485 0.0405458 
v 0.134375 0.174624 0.0409117 
v 0.134375 0.174589 0.0408532 
v 0.134375 0.182997 0.0281253 
v 0.134375 0.182729 0.0279432 
v 0.134375 0.183619 0.0282978 
v 0.134375 0.182506 0.0258922 
v 0.134375 0.182729 0.0256568 
v 0.134375 0.183299 0.0282453 
v 0.134375 0.183943 0.0282802 
v 0.134375 0.182997 0.0254747 
v 0.134375 0.182235 0.0264775 
v 0.134375 0.182339 0.0261702 
v 0.134375 0.182235 0.0271225 
v 0.134375 0.182506 0.0277078 
v 0.134375 0.182339 0.0274298 
v 0.134375 0.184542 0.0280415 
v 0.134375 0.184255 0.0281935 
v 0.134375 0.1822 0.0268 
v 0.134375 0.184682 0.027922 
v 0.134375 0.183299 0.0253547 
v 0.134375 0.183327 0.02535 
v 0.134375 0.183619 0.0253022 
v 0.134375 0.183943 0.0253198 
v 0.134375 0.184052 0.02535 
v 0.134375 0.184255 0.0254065 
v 0.134375 0.184542 0.0255585 
v 0.134375 0.152327 0.02535 
v 0.134375 0.152943 0.0253198 
v 0.134375 0.153052 0.02535 
v 0.134375 0.152619 0.0253022 
v 0.134375 0.154191 0.0269622 
v 0.134375 0.154121 0.027279 
v 0.134375 0.154191 0.0266378 
v 0.134375 0.1542 0.0268 
v 0.134375 0.154121 0.026321 
v 0.134375 0.153789 0.0257685 
v 0.134375 0.153985 0.0260267 
v 0.134375 0.151997 0.0281253 
v 0.134375 0.151729 0.0279432 
v 0.134375 0.152619 0.0282978 
v 0.134375 0.153542 0.0280415 
v 0.134375 0.153255 0.0281935 
v 0.134375 0.151506 0.0258922 
v 0.134375 0.151729 0.0256568 
v 0.134375 0.152299 0.0282453 
v 0.134375 0.152943 0.0282802 
v 0.134375 0.153789 0.0278315 
v 0.134375 0.153985 0.0275733 
v 0.134375 0.153255 0.0254065 
v 0.134375 0.153542 0.0255585 
v 0.134375 0.151997 0.0254747 
v 0.134375 0.151235 0.0264775 
v 0.134375 0.151339 0.0261702 
v 0.134375 0.151235 0.0271225 
v 0.134375 0.151506 0.0277078 
v 0.134375 0.151339 0.0274298 
v 0.134375 0.1512 0.0268 
v 0.134375 0.152299 0.0253547 
v 0.134375 0.13811 0.06985 
v 0.134375 0.13055 0.0762 
v 0.134375 0.13811 0.0762 
v 0.134375 0.145025 0.06985 
v 0.134375 0.156575 0.06985 
v 0.134375 0.162075 0.06985 
v 0.134375 0.16748 0.06985 
v 0.134375 0.19685 0.0762 
v 0.134375 0.19685 0.0609125 
v 0.134375 0.19685 0.0508 
v 0.134375 0.185191 0.0266378 
v 0.134375 0.1852 0.0268 
v 0.134375 0.19685 0.0254 
v 0.134375 0.19685 0.02535 
v 0.134375 0.185191 0.0269622 
v 0.134375 0.185121 0.026321 
v 0.134375 0.185121 0.027279 
v 0.134375 0.184789 0.0257685 
v 0.134375 0.184985 0.0260267 
v 0.134375 0.184985 0.0275733 
v 0.134375 0.184789 0.0278315 
v 0.134375 0.184682 0.025678 
v 0.134375 0.2032 0.0254 
v 0.134375 0.19685 0.0200883 
v 0.134375 0.19685 0.0085258 
v 0.134375 0.19685 0.0005875 
v 0.134375 0.19685 0 
v 0.134375 0.16748 0.0005875 
v 0.134375 0.174325 0 
v 0.134375 0.16748 0.00635 
v 0.134375 0.162075 0.00635 
v 0.134375 0.156575 0.00635 
v 0.134375 0.13811 0.00635 
v 0.134375 0.145025 0.00635 
v 0.134375 0.13811 0.0005875 
v 0.134375 0.13811 0 
v 0.134375 0.10874 0.0005875 
v 0.134375 0.13055 0 
v 0.134375 0.123209 0.00118672 
v 0.134375 0.123425 0.001175 
v 0.134375 0.10874 0.00635 
v 0.134375 0.121498 0.00371006 
v 0.134375 0.121428 0.00328328 
v 0.134375 0.121658 0.00411182 
v 0.134375 0.122215 0.00476719 
v 0.134375 0.121901 0.00446977 
v 0.134375 0.122995 0.00512824 
v 0.134375 0.122585 0.00499015 
v 0.134375 0.123425 0.005175 
v 0.134375 0.124635 0.00476719 
v 0.134375 0.124265 0.00499015 
v 0.134375 0.1248 0.00172301 
v 0.134375 0.12508 0.00205263 
v 0.134375 0.124064 0.00127969 
v 0.134375 0.124456 0.00146129 
v 0.134375 0.123641 0.00118672 
v 0.134375 0.12177 0.00205263 
v 0.134375 0.12205 0.00172301 
v 0.134375 0.123855 0.00512824 
v 0.134375 0.122786 0.00127969 
v 0.134375 0.122394 0.00146129 
v 0.134375 0.121451 0.00285144 
v 0.134375 0.121567 0.00243472 
v 0.134375 0.124949 0.00446977 
v 0.134375 0.125352 0.00371006 
v 0.134375 0.125192 0.00411182 
v 0.134375 0.125422 0.00328328 
v 0.134375 0.125283 0.00243472 
v 0.134375 0.125399 0.00285144 
v 0.134375 0.0644688 0.00118672 
v 0.134375 0.064685 0.001175 
v 0.134375 0.07937 0.0005875 
v 0.134375 0.0657161 0.00146129 
v 0.134375 0.0660604 0.00172301 
v 0.134375 0.0653236 0.00127969 
v 0.134375 0.0649012 0.00118672 
v 0.134375 0.0630296 0.00205263 
v 0.134375 0.0633096 0.00172301 
v 0.134375 0.0627579 0.00371006 
v 0.134375 0.0626879 0.00328328 
v 0.134375 0.07937 0.00635 
v 0.134375 0.0666821 0.00328328 
v 0.134375 0.0666121 0.00371006 
v 0.134375 0.0666587 0.00285144 
v 0.134375 0.0663404 0.00205263 
v 0.134375 0.0640464 0.00127969 
v 0.134375 0.0636539 0.00146129 
v 0.134375 0.0627113 0.00285144 
v 0.134375 0.062827 0.00243472 
v 0.134375 0.062918 0.00411182 
v 0.134375 0.0634747 0.00476719 
v 0.134375 0.0631607 0.00446977 
v 0.134375 0.0642551 0.00512824 
v 0.134375 0.0638452 0.00499015 
v 0.134375 0.0651149 0.00512824 
v 0.134375 0.0658953 0.00476719 
v 0.134375 0.0655248 0.00499015 
v 0.134375 0.064685 0.005175 
v 0.134375 0.066452 0.00411182 
v 0.134375 0.0662093 0.00446977 
v 0.134375 0.066543 0.00243472 
v 0.134375 0.094055 0.00635 
v 0.134375 0.07937 0 
v 0.134375 0.0644688 0.0710367 
v 0.134375 0.064685 0.071025 
v 0.134375 0.07937 0.0762 
v 0.134375 0.0666121 0.0735601 
v 0.134375 0.066452 0.0739618 
v 0.134375 0.0649012 0.0710367 
v 0.134375 0.0651149 0.0749782 
v 0.134375 0.064685 0.075025 
v 0.134375 0.0666821 0.0731333 
v 0.134375 0.07937 0.06985 
v 0.134375 0.0666587 0.0727014 
v 0.134375 0.0653236 0.0711297 
v 0.134375 0.0640464 0.0711297 
v 0.134375 0.0655248 0.0748402 
v 0.134375 0.0657161 0.0713113 
v 0.134375 0.0660604 0.071573 
v 0.134375 0.0642551 0.0749782 
v 0.134375 0.0658953 0.0746172 
v 0.134375 0.066543 0.0722847 
v 0.134375 0.0663404 0.0719026 
v 0.134375 0.0636539 0.0713113 
v 0.134375 0.0630296 0.0719026 
v 0.134375 0.0633096 0.071573 
v 0.134375 0.0662093 0.0743198 
v 0.134375 0.062827 0.0722847 
v 0.134375 0.0631607 0.0743198 
v 0.134375 0.062918 0.0739618 
v 0.134375 0.0627113 0.0727014 
v 0.134375 0.0627579 0.0735601 
v 0.134375 0.0638452 0.0748402 
v 0.134375 0.0634747 0.0746172 
v 0.134375 0.0626879 0.0731333 
v 0.134375 0.123209 0.0710367 
v 0.134375 0.123425 0.071025 
v 0.134375 0.123641 0.0710367 
v 0.134375 0.10874 0.0762 
v 0.134375 0.123425 0.075025 
v 0.134375 0.124265 0.0748402 
v 0.134375 0.123855 0.0749782 
v 0.134375 0.125283 0.0722847 
v 0.134375 0.125399 0.0727014 
v 0.134375 0.124456 0.0713113 
v 0.134375 0.1248 0.071573 
v 0.134375 0.122786 0.0711297 
v 0.134375 0.122995 0.0749782 
v 0.134375 0.124635 0.0746172 
v 0.134375 0.125352 0.0735601 
v 0.134375 0.125192 0.0739618 
v 0.134375 0.12508 0.0719026 
v 0.134375 0.124064 0.0711297 
v 0.134375 0.10874 0.06985 
v 0.134375 0.122394 0.0713113 
v 0.134375 0.121498 0.0735601 
v 0.134375 0.121428 0.0731333 
v 0.134375 0.121901 0.0743198 
v 0.134375 0.121658 0.0739618 
v 0.134375 0.124949 0.0743198 
v 0.134375 0.12177 0.0719026 
v 0.134375 0.12205 0.071573 
v 0.134375 0.122585 0.0748402 
v 0.134375 0.122215 0.0746172 
v 0.134375 0.121567 0.0722847 
v 0.134375 0.125422 0.0731333 
v 0.134375 0.121451 0.0727014 
v 0.134375 0.094055 0.06985 
v 0.134375 0.10874 0 
v 0.134375 0.16748 0 
v 0.134375 0.2032 0.0508 
v 0.134375 0.16748 0.0762 
v 0.134375 0.13885 0.0322 
v 0.134375 0.05 0 
v 0.134375 0.0563425 0.0609125 
v 0.134375 0.178808 0.0609125 
v 0.134375 0.0563425 0.0409117 
v 0.134375 0.094055 0.0609125 
v 0.134375 0.094055 0.0409117 
v 0.134375 0.13055 0.0609125 
v 0.134375 0.13055 0.0409117 
v 0.134375 0.145025 0.0609125 
v 0.134375 0.156575 0.0609125 
v 0.134375 0.156575 0.0409117 
v 0.134375 0.162075 0.0609125 
v 0.134375 0.174325 0.0609125 
v 0.134375 0.174325 0.0409117 
v 0.134375 0.181183 0.0609125 
v 0.134375 0.181183 0.0409117 
v 0.134375 0.184683 0.0609125 
v 0.134375 0.184683 0.0409117 
v 0.134375 0.0563425 0.0374117 
v 0.134375 0.094055 0.0374117 
v 0.134375 0.13055 0.0374117 
v 0.134375 0.145025 0.0409117 
v 0.134375 0.156575 0.0374117 
v 0.134375 0.162075 0.0409117 
v 0.134375 0.174325 0.0374117 
v 0.134375 0.178808 0.0409117 
v 0.134375 0.181183 0.0374117 
v 0.134375 0.184683 0.0374117 
v 0.134375 0.0563425 0.0322 
v 0.134375 0.094055 0.0322 
v 0.134375 0.13055 0.0322 
v 0.134375 0.145025 0.0374117 
v 0.134375 0.156575 0.0322 
v 0.134375 0.162075 0.0374117 
v 0.134375 0.162075 0.0322 
v 0.134375 0.174325 0.0322 
v 0.134375 0.178808 0.0374117 
v 0.134375 0.178808 0.0322 
v 0.134375 0.181183 0.0322 
v 0.134375 0.184683 0.0322 
v 0.134375 0.0563425 0.02535 
v 0.134375 0.094055 0.02535 
v 0.134375 0.13055 0.02535 
v 0.134375 0.162075 0.02535 
v 0.134375 0.178808 0.02535 
v 0.134375 0.181183 0.02535 
v 0.134375 0.0563425 0.0200883 
v 0.134375 0.094055 0.0200883 
v 0.134375 0.13055 0.0200883 
v 0.134375 0.145025 0.02535 
v 0.134375 0.145025 0.0200883 
v 0.134375 0.156575 0.02535 
v 0.134375 0.162075 0.0200883 
v 0.134375 0.174325 0.02535 
v 0.134375 0.178808 0.0200883 
v 0.134375 0.181183 0.0200883 
v 0.134375 0.0563425 0.0085258 
v 0.134375 0.094055 0.0085258 
v 0.134375 0.13055 0.0085258 
v 0.134375 0.145025 0.0085258 
v 0.134375 0.156575 0.0200883 
v 0.134375 0.156575 0.0085258 
v 0.134375 0.162075 0.0085258 
v 0.134375 0.178808 0.0085258 
v 0.134375 0.174325 0.0085258 
v 0.134375 0.174325 0.0200883 
v 0.134375 0.181183 0.0085258 
v 0.134375 0.184683 0.0200883 
v 0.134375 0.184683 0.0085258 
v 0.134375 0.0563425 0.0005875 
v 0.134375 0.178808 0.0005875 
v 0.134375 0.174325 0.0005875 
v 0.134375 0.181183 0.0005875 
v 0.134375 0.184683 0.0005875 
v 0.134375 0.145025 0.0322 
v 0.134375 0.184683 0.02535 
v 0.134375 0.13055 0.0005875 
v 0.13755 0.05 0.0005875 
v 0.13755 0.05 0 
v 0.13755 0.0563425 0 
v 0.13755 0.174325 0 
v 0.13755 0.178808 0 
v 0.13755 0.181182 0 
v 0.13755 0.184682 0 
v 0.13755 0.05 0.0085258 
v 0.13755 0.05 0.0200883 
v 0.13755 0.159747 0.0120513 
v 0.13755 0.159479 0.0122334 
v 0.13755 0.160369 0.0118788 
v 0.13755 0.161005 0.0119831 
v 0.13755 0.160693 0.0118964 
v 0.13755 0.160369 0.0148744 
v 0.13755 0.160693 0.0148568 
v 0.13755 0.160049 0.0119313 
v 0.13755 0.16195 0.0133766 
v 0.13755 0.161941 0.0132144 
v 0.13755 0.161941 0.0135388 
v 0.13755 0.161005 0.0147701 
v 0.13755 0.160049 0.0148219 
v 0.13755 0.159256 0.0142844 
v 0.13755 0.159479 0.0145198 
v 0.13755 0.161871 0.0128977 
v 0.13755 0.161871 0.0138556 
v 0.13755 0.161539 0.0144082 
v 0.13755 0.161735 0.0141499 
v 0.13755 0.159747 0.0147019 
v 0.13755 0.159256 0.0124688 
v 0.13755 0.159089 0.0127468 
v 0.13755 0.161292 0.0121351 
v 0.13755 0.161735 0.0126033 
v 0.13755 0.158985 0.0136991 
v 0.13755 0.159089 0.0140064 
v 0.13755 0.15895 0.0133766 
v 0.13755 0.161539 0.0123451 
v 0.13755 0.161292 0.0146181 
v 0.13755 0.158985 0.0130542 
v 0.13755 0.176193 0.0118964 
v 0.13755 0.175869 0.0148744 
v 0.13755 0.176193 0.0148568 
v 0.13755 0.175247 0.0120513 
v 0.13755 0.174979 0.0122334 
v 0.13755 0.176505 0.0119831 
v 0.13755 0.175549 0.0119313 
v 0.13755 0.175869 0.0118788 
v 0.13755 0.17745 0.0133766 
v 0.13755 0.177441 0.0132144 
v 0.13755 0.177441 0.0135388 
v 0.13755 0.176505 0.0147701 
v 0.13755 0.174756 0.0142844 
v 0.13755 0.174979 0.0145198 
v 0.13755 0.177371 0.0128977 
v 0.13755 0.177371 0.0138556 
v 0.13755 0.177039 0.0144082 
v 0.13755 0.177235 0.0141499 
v 0.13755 0.175549 0.0148219 
v 0.13755 0.175247 0.0147019 
v 0.13755 0.174756 0.0124688 
v 0.13755 0.174589 0.0127468 
v 0.13755 0.176792 0.0121351 
v 0.13755 0.177235 0.0126033 
v 0.13755 0.174485 0.0136991 
v 0.13755 0.174589 0.0140064 
v 0.13755 0.17445 0.0133766 
v 0.13755 0.177039 0.0123451 
v 0.13755 0.176792 0.0146181 
v 0.13755 0.174485 0.0130542 
v 0.13755 0.05 0.02535 
v 0.13755 0.05 0.0322 
v 0.13755 0.05 0.0374117 
v 0.13755 0.05 0.0409117 
v 0.13755 0.05 0.0609125 
v 0.13755 0.05 0.0762 
v 0.13755 0.174325 0.0762 
v 0.13755 0.178808 0.0762 
v 0.13755 0.180955 0.0746172 
v 0.13755 0.181182 0.0747543 
v 0.13755 0.181182 0.0712888 
v 0.13755 0.180641 0.0743198 
v 0.13755 0.180238 0.0735601 
v 0.13755 0.180398 0.0739618 
v 0.13755 0.180191 0.0727014 
v 0.13755 0.18079 0.071573 
v 0.13755 0.18051 0.0719026 
v 0.13755 0.181134 0.0713113 
v 0.13755 0.180307 0.0722847 
v 0.13755 0.180168 0.0731333 
v 0.13755 0.182381 0.0710367 
v 0.13755 0.182165 0.071025 
v 0.13755 0.181182 0.0762 
v 0.13755 0.182165 0.075025 
v 0.13755 0.182595 0.0749782 
v 0.13755 0.181949 0.0710367 
v 0.13755 0.184682 0.0762 
v 0.13755 0.181325 0.0748402 
v 0.13755 0.182804 0.0711297 
v 0.13755 0.184023 0.0722847 
v 0.13755 0.18382 0.0719026 
v 0.13755 0.184162 0.0731333 
v 0.13755 0.184139 0.0727014 
v 0.13755 0.183689 0.0743198 
v 0.13755 0.183932 0.0739618 
v 0.13755 0.183005 0.0748402 
v 0.13755 0.181735 0.0749782 
v 0.13755 0.181526 0.0711297 
v 0.13755 0.18354 0.071573 
v 0.13755 0.183375 0.0746172 
v 0.13755 0.183196 0.0713113 
v 0.13755 0.184092 0.0735601 
v 0.13755 0.199595 0.0400532 
v 0.13755 0.200025 0.0401 
v 0.13755 0.2032 0.0409117 
v 0.13755 0.200455 0.0400532 
v 0.13755 0.200865 0.0399152 
v 0.13755 0.201549 0.0393948 
v 0.13755 0.201792 0.0390368 
v 0.13755 0.198815 0.0396922 
v 0.13755 0.199185 0.0399152 
v 0.13755 0.201235 0.0396922 
v 0.13755 0.198098 0.0386351 
v 0.13755 0.198258 0.0390368 
v 0.13755 0.198501 0.0393948 
v 0.13755 0.2032 0.0374117 
v 0.13755 0.201952 0.0386351 
v 0.13755 0.198028 0.0382083 
v 0.13755 0.202022 0.0382083 
v 0.13755 0.201999 0.0377764 
v 0.13755 0.198153 0.0374117 
v 0.13755 0.198051 0.0377764 
v 0.13755 0.2032 0.0322 
v 0.13755 0.199809 0.0361117 
v 0.13755 0.199386 0.0362047 
v 0.13755 0.200241 0.0361117 
v 0.13755 0.200025 0.0361 
v 0.13755 0.198994 0.0363863 
v 0.13755 0.200664 0.0362047 
v 0.13755 0.201883 0.0373597 
v 0.13755 0.20168 0.0369776 
v 0.13755 0.2014 0.036648 
v 0.13755 0.201056 0.0363863 
v 0.13755 0.201897 0.0374117 
v 0.13755 0.198167 0.0373597 
v 0.13755 0.19865 0.036648 
v 0.13755 0.19837 0.0369776 
v 0.13755 0.180238 0.00371006 
v 0.13755 0.180398 0.00411182 
v 0.13755 0.181134 0.00146129 
v 0.13755 0.180955 0.00476719 
v 0.13755 0.181182 0.00490428 
v 0.13755 0.180641 0.00446977 
v 0.13755 0.18079 0.00172301 
v 0.13755 0.18051 0.00205263 
v 0.13755 0.181182 0.0014388 
v 0.13755 0.180168 0.00328328 
v 0.13755 0.180307 0.00243472 
v 0.13755 0.180191 0.00285144 
v 0.13755 0.182381 0.00118672 
v 0.13755 0.182165 0.001175 
v 0.13755 0.181949 0.00118672 
v 0.13755 0.182595 0.00512824 
v 0.13755 0.183005 0.00499015 
v 0.13755 0.182165 0.005175 
v 0.13755 0.182804 0.00127969 
v 0.13755 0.18354 0.00172301 
v 0.13755 0.183196 0.00146129 
v 0.13755 0.183375 0.00476719 
v 0.13755 0.181735 0.00512824 
v 0.13755 0.181325 0.00499015 
v 0.13755 0.181526 0.00127969 
v 0.13755 0.184023 0.00243472 
v 0.13755 0.18382 0.00205263 
v 0.13755 0.184162 0.00328328 
v 0.13755 0.183689 0.00446977 
v 0.13755 0.183932 0.00411182 
v 0.13755 0.184139 0.00285144 
v 0.13755 0.184092 0.00371006 
v 0.13755 0.135675 0.0322 
v 0.13755 0.135675 0.0374117 
v 0.13755 0.13885 0.0508 
v 0.13755 0.135675 0.0508 
v 0.13755 0.135675 0.0409117 
v 0.13755 0.13885 0.0409117 
v 0.13755 0.13885 0.0374117 
v 0.13755 0.13885 0.0322 
v 0.13755 0.135675 0.0254 
v 0.13755 0.13885 0.0254 
v 0.13755 0.152327 0.02535 
v 0.13755 0.152619 0.0253022 
v 0.13755 0.152943 0.0253198 
v 0.13755 0.153052 0.02535 
v 0.13755 0.154191 0.0269622 
v 0.13755 0.1542 0.0268 
v 0.13755 0.154191 0.0266378 
v 0.13755 0.154121 0.027279 
v 0.13755 0.154121 0.026321 
v 0.13755 0.153985 0.0260267 
v 0.13755 0.153985 0.0275733 
v 0.13755 0.152943 0.0282802 
v 0.13755 0.153255 0.0281935 
v 0.13755 0.152299 0.0282453 
v 0.13755 0.152619 0.0282978 
v 0.13755 0.151506 0.0277078 
v 0.13755 0.151729 0.0279432 
v 0.13755 0.153789 0.0257685 
v 0.13755 0.153542 0.0255585 
v 0.13755 0.153789 0.0278315 
v 0.13755 0.153542 0.0280415 
v 0.13755 0.151997 0.0281253 
v 0.13755 0.153255 0.0254065 
v 0.13755 0.151235 0.0271225 
v 0.13755 0.151339 0.0274298 
v 0.13755 0.1512 0.0268 
v 0.13755 0.151235 0.0264775 
v 0.13755 0.151506 0.0258922 
v 0.13755 0.151339 0.0261702 
v 0.13755 0.151997 0.0254747 
v 0.13755 0.151729 0.0256568 
v 0.13755 0.152299 0.0253547 
v 0.13755 0.184542 0.0255585 
v 0.13755 0.184255 0.0254065 
v 0.13755 0.184682 0.025678 
v 0.13755 0.183619 0.0253022 
v 0.13755 0.183327 0.02535 
v 0.13755 0.183943 0.0253198 
v 0.13755 0.184052 0.02535 
v 0.13755 0.183299 0.0282453 
v 0.13755 0.183619 0.0282978 
v 0.13755 0.182506 0.0277078 
v 0.13755 0.182729 0.0279432 
v 0.13755 0.182997 0.0281253 
v 0.13755 0.183943 0.0282802 
v 0.13755 0.184255 0.0281935 
v 0.13755 0.182235 0.0271225 
v 0.13755 0.182339 0.0274298 
v 0.13755 0.184542 0.0280415 
v 0.13755 0.1822 0.0268 
v 0.13755 0.182235 0.0264775 
v 0.13755 0.182506 0.0258922 
v 0.13755 0.182339 0.0261702 
v 0.13755 0.182997 0.0254747 
v 0.13755 0.182729 0.0256568 
v 0.13755 0.183299 0.0253547 
v 0.13755 0.175869 0.0417212 
v 0.13755 0.177039 0.0412549 
v 0.13755 0.176193 0.0417036 
v 0.13755 0.177235 0.0409967 
v 0.13755 0.176505 0.0416169 
v 0.13755 0.176792 0.0414649 
v 0.13755 0.175549 0.0416687 
v 0.13755 0.175247 0.0415487 
v 0.13755 0.174756 0.0411312 
v 0.13755 0.174979 0.0413666 
v 0.13755 0.174624 0.0409117 
v 0.13755 0.177441 0.0400612 
v 0.13755 0.177371 0.0397444 
v 0.13755 0.177441 0.0403856 
v 0.13755 0.17745 0.0402234 
v 0.13755 0.177371 0.0407023 
v 0.13755 0.176193 0.0387432 
v 0.13755 0.177275 0.0409117 
v 0.13755 0.176505 0.0388299 
v 0.13755 0.175869 0.0387256 
v 0.13755 0.177039 0.0391918 
v 0.13755 0.176792 0.0389819 
v 0.13755 0.177235 0.0394501 
v 0.13755 0.175549 0.0387781 
v 0.13755 0.174485 0.0399009 
v 0.13755 0.17445 0.0402234 
v 0.13755 0.175247 0.0388981 
v 0.13755 0.174979 0.0390802 
v 0.13755 0.174756 0.0393156 
v 0.13755 0.174589 0.0395936 
v 0.13755 0.174485 0.0405458 
v 0.13755 0.174589 0.0408532 
v 0.13755 0.164316 0.024373 
v 0.13755 0.16539 0.0251011 
v 0.13755 0.162755 0.0223193 
v 0.13755 0.163423 0.023431 
v 0.13755 0.162231 0.0200883 
v 0.13755 0.16234 0.0210898 
v 0.13755 0.170421 0.0253739 
v 0.13755 0.170466 0.02535 
v 0.13755 0.167875 0.0257912 
v 0.13755 0.169171 0.025721 
v 0.13755 0.166595 0.0255813 
v 0.13755 0.166014 0.02535 
v 0.13755 0.173886 0.0217158 
v 0.13755 0.174165 0.0204487 
v 0.13755 0.173341 0.0228933 
v 0.13755 0.171567 0.0247661 
v 0.13755 0.172556 0.0239262 
v 0.13755 0.1742 0.0198 
v 0.13755 0.174165 0.0191513 
v 0.13755 0.174184 0.0200883 
v 0.13755 0.169171 0.013879 
v 0.13755 0.167875 0.0138088 
v 0.13755 0.166595 0.0140187 
v 0.13755 0.16539 0.0144989 
v 0.13755 0.171567 0.0148339 
v 0.13755 0.170421 0.0142261 
v 0.13755 0.173886 0.0178842 
v 0.13755 0.16234 0.0185102 
v 0.13755 0.164316 0.015227 
v 0.13755 0.163423 0.016169 
v 0.13755 0.172556 0.0156738 
v 0.13755 0.173341 0.0167067 
v 0.13755 0.1622 0.0198 
v 0.13755 0.162755 0.0172807 
v 0.13755 0.123641 0.0710367 
v 0.13755 0.123425 0.071025 
v 0.13755 0.123209 0.0710367 
v 0.13755 0.10874 0.0762 
v 0.13755 0.121498 0.0735601 
v 0.13755 0.121658 0.0739618 
v 0.13755 0.10874 0.06985 
v 0.13755 0.122786 0.0711297 
v 0.13755 0.124064 0.0711297 
v 0.13755 0.13055 0.0762 
v 0.13755 0.124949 0.0743198 
v 0.13755 0.125192 0.0739618 
v 0.13755 0.123425 0.075025 
v 0.13755 0.123855 0.0749782 
v 0.13755 0.121428 0.0731333 
v 0.13755 0.121451 0.0727014 
v 0.13755 0.122394 0.0713113 
v 0.13755 0.12205 0.071573 
v 0.13755 0.12508 0.0719026 
v 0.13755 0.1248 0.071573 
v 0.13755 0.125399 0.0727014 
v 0.13755 0.124635 0.0746172 
v 0.13755 0.124265 0.0748402 
v 0.13755 0.122995 0.0749782 
v 0.13755 0.12177 0.0719026 
v 0.13755 0.124456 0.0713113 
v 0.13755 0.125283 0.0722847 
v 0.13755 0.125422 0.0731333 
v 0.13755 0.122585 0.0748402 
v 0.13755 0.121901 0.0743198 
v 0.13755 0.122215 0.0746172 
v 0.13755 0.121567 0.0722847 
v 0.13755 0.125352 0.0735601 
v 0.13755 0.0649012 0.0710367 
v 0.13755 0.064685 0.071025 
v 0.13755 0.0644688 0.0710367 
v 0.13755 0.0563425 0.0762 
v 0.13755 0.0627579 0.0735601 
v 0.13755 0.062918 0.0739618 
v 0.13755 0.0653236 0.0711297 
v 0.13755 0.0626879 0.0731333 
v 0.13755 0.0636539 0.0713113 
v 0.13755 0.0633096 0.071573 
v 0.13755 0.0640464 0.0711297 
v 0.13755 0.07937 0.06985 
v 0.13755 0.0657161 0.0713113 
v 0.13755 0.07937 0.0762 
v 0.13755 0.0666121 0.0735601 
v 0.13755 0.0666821 0.0731333 
v 0.13755 0.0662093 0.0743198 
v 0.13755 0.066452 0.0739618 
v 0.13755 0.064685 0.075025 
v 0.13755 0.0627113 0.0727014 
v 0.13755 0.062827 0.0722847 
v 0.13755 0.0630296 0.0719026 
v 0.13755 0.0663404 0.0719026 
v 0.13755 0.0660604 0.071573 
v 0.13755 0.0651149 0.0749782 
v 0.13755 0.0631607 0.0743198 
v 0.13755 0.0634747 0.0746172 
v 0.13755 0.066543 0.0722847 
v 0.13755 0.0658953 0.0746172 
v 0.13755 0.0655248 0.0748402 
v 0.13755 0.0638452 0.0748402 
v 0.13755 0.0642551 0.0749782 
v 0.13755 0.0666587 0.0727014 
v 0.13755 0.094055 0.06985 
v 0.13755 0.07937 0 
v 0.13755 0.07937 0.0005875 
v 0.13755 0.0649012 0.00118672 
v 0.13755 0.064685 0.001175 
v 0.13755 0.0636539 0.00146129 
v 0.13755 0.0633096 0.00172301 
v 0.13755 0.07937 0.00635 
v 0.13755 0.0651149 0.00512824 
v 0.13755 0.0655248 0.00499015 
v 0.13755 0.064685 0.005175 
v 0.13755 0.0626879 0.00328328 
v 0.13755 0.0630296 0.00205263 
v 0.13755 0.062827 0.00243472 
v 0.13755 0.0640464 0.00127969 
v 0.13755 0.0644688 0.00118672 
v 0.13755 0.0663404 0.00205263 
v 0.13755 0.0660604 0.00172301 
v 0.13755 0.0658953 0.00476719 
v 0.13755 0.0662093 0.00446977 
v 0.13755 0.0634747 0.00476719 
v 0.13755 0.0638452 0.00499015 
v 0.13755 0.0627579 0.00371006 
v 0.13755 0.0653236 0.00127969 
v 0.13755 0.0657161 0.00146129 
v 0.13755 0.0642551 0.00512824 
v 0.13755 0.062918 0.00411182 
v 0.13755 0.0631607 0.00446977 
v 0.13755 0.0627113 0.00285144 
v 0.13755 0.066543 0.00243472 
v 0.13755 0.0666821 0.00328328 
v 0.13755 0.0666587 0.00285144 
v 0.13755 0.0666121 0.00371006 
v 0.13755 0.066452 0.00411182 
v 0.13755 0.123855 0.00512824 
v 0.13755 0.124265 0.00499015 
v 0.13755 0.123425 0.005175 
v 0.13755 0.10874 0.00635 
v 0.13755 0.122995 0.00512824 
v 0.13755 0.122215 0.00476719 
v 0.13755 0.122585 0.00499015 
v 0.13755 0.121428 0.00328328 
v 0.13755 0.121498 0.00371006 
v 0.13755 0.10874 0.0005875 
v 0.13755 0.121451 0.00285144 
v 0.13755 0.123641 0.00118672 
v 0.13755 0.123425 0.001175 
v 0.13755 0.124635 0.00476719 
v 0.13755 0.121658 0.00411182 
v 0.13755 0.121901 0.00446977 
v 0.13755 0.122394 0.00146129 
v 0.13755 0.12205 0.00172301 
v 0.13755 0.12177 0.00205263 
v 0.13755 0.121567 0.00243472 
v 0.13755 0.122786 0.00127969 
v 0.13755 0.123209 0.00118672 
v 0.13755 0.124949 0.00446977 
v 0.13755 0.125192 0.00411182 
v 0.13755 0.124064 0.00127969 
v 0.13755 0.1248 0.00172301 
v 0.13755 0.124456 0.00146129 
v 0.13755 0.125283 0.00243472 
v 0.13755 0.12508 0.00205263 
v 0.13755 0.125352 0.00371006 
v 0.13755 0.125422 0.00328328 
v 0.13755 0.125399 0.00285144 
v 0.13755 0.094055 0.00635 
v 0.13755 0.10874 0 
v 0.13755 0.13055 0 
v 0.13755 0.13811 0 
v 0.13755 0.13811 0.00635 
v 0.13755 0.13811 0.0005875 
v 0.13755 0.145025 0.00635 
v 0.13755 0.156575 0.00635 
v 0.13755 0.162075 0.00635 
v 0.13755 0.16748 0.00635 
v 0.13755 0.16748 0.0005875 
v 0.13755 0.16748 0 
v 0.13755 0.19685 0 
v 0.13755 0.19685 0.0005875 
v 0.13755 0.19685 0.0085258 
v 0.13755 0.19685 0.0200883 
v 0.13755 0.185191 0.0266378 
v 0.13755 0.19685 0.02535 
v 0.13755 0.19685 0.0254 
v 0.13755 0.185191 0.0269622 
v 0.13755 0.1852 0.0268 
v 0.13755 0.185121 0.027279 
v 0.13755 0.185121 0.026321 
v 0.13755 0.184985 0.0260267 
v 0.13755 0.184985 0.0275733 
v 0.13755 0.184789 0.0278315 
v 0.13755 0.184789 0.0257685 
v 0.13755 0.184682 0.027922 
v 0.13755 0.19685 0.0508 
v 0.13755 0.2032 0.0508 
v 0.13755 0.19685 0.0609125 
v 0.13755 0.16748 0.06985 
v 0.13755 0.16748 0.0762 
v 0.13755 0.156575 0.06985 
v 0.13755 0.145025 0.06985 
v 0.13755 0.13811 0.06985 
v 0.13755 0.13811 0.0762 
v 0.13755 0.162075 0.06985 
v 0.13755 0.19685 0.0762 
v 0.13755 0.2032 0.0254 
v 0.13755 0.174325 0.0005875 
v 0.13755 0.178808 0.0005875 
v 0.13755 0.181183 0.0005875 
v 0.13755 0.0563425 0.0005875 
v 0.13755 0.174325 0.0085258 
v 0.13755 0.0563425 0.0085258 
v 0.13755 0.0563425 0.0200883 
v 0.13755 0.094055 0.0085258 
v 0.13755 0.094055 0.0200883 
v 0.13755 0.13055 0.0085258 
v 0.13755 0.13055 0.0200883 
v 0.13755 0.145025 0.0085258 
v 0.13755 0.145025 0.0200883 
v 0.13755 0.156575 0.0085258 
v 0.13755 0.162075 0.0085258 
v 0.13755 0.162075 0.0200883 
v 0.13755 0.156575 0.0200883 
v 0.13755 0.178808 0.0085258 
v 0.13755 0.174325 0.0200883 
v 0.13755 0.178808 0.0200883 
v 0.13755 0.181183 0.0085258 
v 0.13755 0.181183 0.0200883 
v 0.13755 0.184683 0.0085258 
v 0.13755 0.0563425 0.02535 
v 0.13755 0.094055 0.02535 
v 0.13755 0.13055 0.02535 
v 0.13755 0.156575 0.02535 
v 0.13755 0.174325 0.02535 
v 0.13755 0.178808 0.02535 
v 0.13755 0.0563425 0.0322 
v 0.13755 0.094055 0.0322 
v 0.13755 0.156575 0.0322 
v 0.13755 0.162075 0.02535 
v 0.13755 0.174325 0.0322 
v 0.13755 0.178808 0.0322 
v 0.13755 0.181183 0.02535 
v 0.13755 0.0563425 0.0374117 
v 0.13755 0.094055 0.0374117 
v 0.13755 0.13055 0.0322 
v 0.13755 0.145025 0.0374117 
v 0.13755 0.145025 0.0322 
v 0.13755 0.156575 0.0374117 
v 0.13755 0.162075 0.0322 
v 0.13755 0.162075 0.0374117 
v 0.13755 0.174325 0.0374117 
v 0.13755 0.178808 0.0374117 
v 0.13755 0.181183 0.0322 
v 0.13755 0.181183 0.0374117 
v 0.13755 0.184683 0.0322 
v 0.13755 0.0563425 0.0409117 
v 0.13755 0.094055 0.0409117 
v 0.13755 0.13055 0.0374117 
v 0.13755 0.145025 0.0409117 
v 0.13755 0.162075 0.0409117 
v 0.13755 0.178808 0.0409117 
v 0.13755 0.181183 0.0409117 
v 0.13755 0.184683 0.0374117 
v 0.13755 0.0563425 0.0609125 
v 0.13755 0.094055 0.0609125 
v 0.13755 0.13055 0.0409117 
v 0.13755 0.145025 0.0609125 
v 0.13755 0.156575 0.0409117 
v 0.13755 0.162075 0.0609125 
v 0.13755 0.174325 0.0409117 
v 0.13755 0.178808 0.0609125 
v 0.13755 0.181183 0.0609125 
v 0.13755 0.184683 0.0409117 
v 0.13755 0.174325 0.0609125 
v 0.13755 0.184683 0.0609125 
v 0.13755 0.184683 0.0005875 
v 0.13755 0.13055 0.0609125 
v 0.13755 0.145025 0.02535 
v 0.13755 0.184683 0.02535 
v 0.13755 0.184683 0.0200883 
v 0.13755 0.156575 0.0609125 
v 0.13755 0.13055 0.0005875 
vn -1.76936e-16 0.976621 0.21497 
vn -1.81172e-16 1 2.44929e-16 
vn -1.64427e-16 0.907575 0.419889 
vn -1.76936e-16 0.976621 0.21497 
vn -1.4423e-16 0.796093 0.605174 
vn -1.64427e-16 0.907575 0.419889 
vn -1.17288e-16 0.647386 0.762162 
vn -1.4423e-16 0.796093 0.605174 
vn -8.48626e-17 0.468408 0.883512 
vn -1.17288e-16 0.647386 0.762162 
vn -4.84687e-17 0.267528 0.96355 
vn -8.48626e-17 0.468408 0.883512 
vn -9.80846e-18 0.0541389 0.998533 
vn -4.84687e-17 0.267528 0.96355 
vn 2.93104e-17 -0.161782 0.986827 
vn -9.80846e-18 0.0541389 0.998533 
vn 6.70587e-17 -0.370138 0.928977 
vn 2.93104e-17 -0.161782 0.986827 
vn 1.01671e-16 -0.561187 0.827689 
vn 6.70587e-17 -0.370138 0.928977 
vn 1.3153e-16 -0.725995 0.687699 
vn 1.01671e-16 -0.561187 0.827689 
vn 1.55239e-16 -0.856857 0.515554 
vn 1.3153e-16 -0.725995 0.687699 
vn 1.71688e-16 -0.947653 0.319302 
vn 1.55239e-16 -0.856857 0.515554 
vn 1.8011e-16 -0.994138 0.108119 
vn 1.71688e-16 -0.947653 0.319302 
vn 1.8011e-16 -0.994138 -0.108119 
vn 1.81172e-16 -1 -3.67394e-16 
vn 1.8011e-16 -0.994138 0.108119 
vn 1.71688e-16 -0.947653 -0.319302 
vn 1.8011e-16 -0.994138 -0.108119 
vn 0 -0.887354 -0.461088 
vn 1.55239e-16 -0.856857 -0.515554 
vn 1.71688e-16 -0.947653 -0.319302 
vn 1.3153e-16 -0.725995 -0.687699 
vn 1.01671e-16 -0.561187 -0.827689 
vn 6.70587e-17 -0.370138 -0.928977 
vn 2.93104e-17 -0.161782 -0.986827 
vn -9.80846e-18 0.0541389 -0.998533 
vn -4.84687e-17 0.267528 -0.96355 
vn -8.48626e-17 0.468408 -0.883512 
vn -1.17288e-16 0.647386 -0.762162 
vn -1.4423e-16 0.796093 -0.605174 
vn 0 0.887576 -0.460661 
vn -1.64427e-16 0.907575 -0.419889 
vn -1.4423e-16 0.796093 -0.605174 
vn -1.76936e-16 0.976621 -0.21497 
vn -1 -1.81172e-16 0 
vn 1 1.81172e-16 0 
vn 3.28234e-32 -1.81172e-16 1 
vn -1.81172e-16 1 0 
vn 0 0 -1 
vn 1.81172e-16 -1 -1.82123e-16 
vn -1.81172e-16 1 0 
vn 0 0 -1 
vn 1.81172e-16 -1 0 
vn -1.81172e-16 1 0 
vn 0 0 1 
vn 1.81172e-16 -1 0 
vn 0 0 -1 
vn -1.81172e-16 1 0 
vn 1.81172e-16 -1 0 
vn 0 0 1 
vn -1.81172e-16 1 0 
vn -1.76936e-16 0.976621 0.21497 
vn -1.64427e-16 0.907575 0.419889 
vn -1.4423e-16 0.796093 0.605174 
vn -1.17288e-16 0.647386 0.762162 
vn -8.48626e-17 0.468408 0.883512 
vn -4.84687e-17 0.267528 0.96355 
vn -9.80846e-18 0.0541389 0.998533 
vn 2.93104e-17 -0.161782 0.986827 
vn 6.70587e-17 -0.370138 0.928977 
vn 1.01671e-16 -0.561187 0.827689 
vn 1.3153e-16 -0.725995 0.687699 
vn 1.55239e-16 -0.856857 0.515554 
vn 1.71688e-16 -0.947653 0.319302 
vn 1.8011e-16 -0.994138 0.108119 
vn 1.81172e-16 -1 -1.22465e-16 
vn 0 -0.998842 -0.0481202 
vn 1.8011e-16 -0.994138 -0.108119 
vn 1.81172e-16 -1 -3.67394e-16 
vn 1.71688e-16 -0.947653 -0.319302 
vn 1.55239e-16 -0.856857 -0.515554 
vn 1.3153e-16 -0.725995 -0.687699 
vn 1.01671e-16 -0.561187 -0.827689 
vn 0 -0.377973 -0.925817 
vn 6.70587e-17 -0.370138 -0.928977 
vn 1.01671e-16 -0.561187 -0.827689 
vn 2.93104e-17 -0.161782 -0.986827 
vn -9.80846e-18 0.0541389 -0.998533 
vn -4.84687e-17 0.267528 -0.96355 
vn 0 0.366427 -0.930447 
vn -8.48626e-17 0.468408 -0.883512 
vn -4.84687e-17 0.267528 -0.96355 
vn -1.17288e-16 0.647386 -0.762162 
vn -1.4423e-16 0.796093 -0.605174 
vn -1.64427e-16 0.907575 -0.419889 
vn -1.76936e-16 0.976621 -0.21497 
vn 0 0.998835 -0.0482467 
vn -1.76936e-16 0.976621 0.21497 
vn -1.81172e-16 1 2.44929e-16 
vn -1.64427e-16 0.907575 0.419889 
vn -1.76936e-16 0.976621 0.21497 
vn -1.4423e-16 0.796093 0.605174 
vn -1.64427e-16 0.907575 0.419889 
vn -1.17288e-16 0.647386 0.762162 
vn -1.4423e-16 0.796093 0.605174 
vn -8.48626e-17 0.468408 0.883512 
vn -1.17288e-16 0.647386 0.762162 
vn -4.84687e-17 0.267528 0.96355 
vn -8.48626e-17 0.468408 0.883512 
vn -9.80846e-18 0.0541389 0.998533 
vn -4.84687e-17 0.267528 0.96355 
vn 2.93104e-17 -0.161782 0.986827 
vn -9.80846e-18 0.0541389 0.998533 
vn 6.70587e-17 -0.370138 0.928977 
vn 2.93104e-17 -0.161782 0.986827 
vn 1.01671e-16 -0.561187 0.827689 
vn 6.70587e-17 -0.370138 0.928977 
vn 1.3153e-16 -0.725995 0.687699 
vn 1.01671e-16 -0.561187 0.827689 
vn 1.55239e-16 -0.856857 0.515554 
vn 1.3153e-16 -0.725995 0.687699 
vn 1.71688e-16 -0.947653 0.319302 
vn 1.55239e-16 -0.856857 0.515554 
vn 1.8011e-16 -0.994138 0.108119 
vn 1.71688e-16 -0.947653 0.319302 
vn 1.8011e-16 -0.994138 -0.108119 
vn 1.81172e-16 -1 -3.67394e-16 
vn 1.8011e-16 -0.994138 0.108119 
vn 1.71688e-16 -0.947653 -0.319302 
vn 1.8011e-16 -0.994138 -0.108119 
vn 0 -0.887354 -0.461088 
vn 1.55239e-16 -0.856857 -0.515554 
vn 1.71688e-16 -0.947653 -0.319302 
vn 1.3153e-16 -0.725995 -0.687699 
vn 1.01671e-16 -0.561187 -0.827689 
vn 6.70587e-17 -0.370138 -0.928977 
vn 2.93104e-17 -0.161782 -0.986827 
vn -9.80846e-18 0.0541389 -0.998533 
vn -4.84687e-17 0.267528 -0.96355 
vn -8.48626e-17 0.468408 -0.883512 
vn -1.17288e-16 0.647386 -0.762162 
vn -1.4423e-16 0.796093 -0.605174 
vn 0 0.887576 -0.460661 
vn -1.64427e-16 0.907575 -0.419889 
vn -1.4423e-16 0.796093 -0.605174 
vn -1.76936e-16 0.976621 -0.21497 
vn -1.76936e-16 0.976621 0.21497 
vn -1.81172e-16 1 2.44929e-16 
vn -1.64427e-16 0.907575 0.419889 
vn -1.76936e-16 0.976621 0.21497 
vn -1.4423e-16 0.796093 0.605174 
vn -1.64427e-16 0.907575 0.419889 
vn -1.17288e-16 0.647386 0.762162 
vn -1.4423e-16 0.796093 0.605174 
vn -8.48626e-17 0.468408 0.883512 
vn -1.17288e-16 0.647386 0.762162 
vn -4.84687e-17 0.267528 0.96355 
vn -8.48626e-17 0.468408 0.883512 
vn 0 0.24899 0.968506 
vn -9.80846e-18 0.0541389 0.998533 
vn -4.84687e-17 0.267528 0.96355 
vn 2.93104e-17 -0.161782 0.986827 
vn 0 -0.235645 0.971839 
vn 6.70587e-17 -0.370138 0.928977 
vn 2.93104e-17 -0.161782 0.986827 
vn 1.01671e-16 -0.561187 0.827689 
vn 0 -0.658788 0.752329 
vn 1.3153e-16 -0.725995 0.687699 
vn 1.01671e-16 -0.561187 0.827689 
vn 1.55239e-16 -0.856857 0.515554 
vn 1.71688e-16 -0.947653 0.319302 
vn 1.8011e-16 -0.994138 0.108119 
vn 1.8011e-16 -0.994138 -0.108119 
vn 1.81172e-16 -1 -3.67394e-16 
vn 1.8011e-16 -0.994138 0.108119 
vn 1.71688e-16 -0.947653 -0.319302 
vn 1.8011e-16 -0.994138 -0.108119 
vn 1.55239e-16 -0.856857 -0.515554 
vn 1.71688e-16 -0.947653 -0.319302 
vn 1.3153e-16 -0.725995 -0.687699 
vn 1.55239e-16 -0.856857 -0.515554 
vn 0 -0.658788 -0.752329 
vn 1.01671e-16 -0.561187 -0.827689 
vn 1.3153e-16 -0.725995 -0.687699 
vn 6.70587e-17 -0.370138 -0.928977 
vn 2.93104e-17 -0.161782 -0.986827 
vn -9.80846e-18 0.0541389 -0.998533 
vn -4.84687e-17 0.267528 -0.96355 
vn -8.48626e-17 0.468408 -0.883512 
vn -1.17288e-16 0.647386 -0.762162 
vn -1.4423e-16 0.796093 -0.605174 
vn -1.64427e-16 0.907575 -0.419889 
vn -1.76936e-16 0.976621 -0.21497 
vn -1.76936e-16 0.976621 0.21497 
vn -1.81172e-16 1 2.44929e-16 
vn -1.64427e-16 0.907575 0.419889 
vn -1.76936e-16 0.976621 0.21497 
vn -1.4423e-16 0.796093 0.605174 
vn -1.64427e-16 0.907575 0.419889 
vn -1.17288e-16 0.647386 0.762162 
vn -1.4423e-16 0.796093 0.605174 
vn -8.48626e-17 0.468408 0.883512 
vn -1.17288e-16 0.647386 0.762162 
vn -4.84687e-17 0.267528 0.96355 
vn -8.48626e-17 0.468408 0.883512 
vn -9.80846e-18 0.0541389 0.998533 
vn -4.84687e-17 0.267528 0.96355 
vn 2.93104e-17 -0.161782 0.986827 
vn -9.80846e-18 0.0541389 0.998533 
vn 6.70587e-17 -0.370138 0.928977 
vn 2.93104e-17 -0.161782 0.986827 
vn 1.01671e-16 -0.561187 0.827689 
vn 6.70587e-17 -0.370138 0.928977 
vn 1.3153e-16 -0.725995 0.687699 
vn 1.01671e-16 -0.561187 0.827689 
vn 1.55239e-16 -0.856857 0.515554 
vn 1.3153e-16 -0.725995 0.687699 
vn 1.71688e-16 -0.947653 0.319302 
vn 1.55239e-16 -0.856857 0.515554 
vn 1.8011e-16 -0.994138 0.108119 
vn 1.71688e-16 -0.947653 0.319302 
vn 1.8011e-16 -0.994138 -0.108119 
vn 1.81172e-16 -1 -3.67394e-16 
vn 1.8011e-16 -0.994138 0.108119 
vn 1.71688e-16 -0.947653 -0.319302 
vn 1.8011e-16 -0.994138 -0.108119 
vn 1.55239e-16 -0.856857 -0.515554 
vn 1.71688e-16 -0.947653 -0.319302 
vn 1.3153e-16 -0.725995 -0.687699 
vn 1.55239e-16 -0.856857 -0.515554 
vn 1.01671e-16 -0.561187 -0.827689 
vn 1.3153e-16 -0.725995 -0.687699 
vn 6.70587e-17 -0.370138 -0.928977 
vn 1.01671e-16 -0.561187 -0.827689 
vn 2.93104e-17 -0.161782 -0.986827 
vn 6.70587e-17 -0.370138 -0.928977 
vn -9.80846e-18 0.0541389 -0.998533 
vn 2.93104e-17 -0.161782 -0.986827 
vn -4.84687e-17 0.267528 -0.96355 
vn -9.80846e-18 0.0541389 -0.998533 
vn -8.48626e-17 0.468408 -0.883512 
vn -4.84687e-17 0.267528 -0.96355 
vn -1.17288e-16 0.647386 -0.762162 
vn -8.48626e-17 0.468408 -0.883512 
vn -1.4423e-16 0.796093 -0.605174 
vn -1.17288e-16 0.647386 -0.762162 
vn -1.64427e-16 0.907575 -0.419889 
vn -1.4423e-16 0.796093 -0.605174 
vn -1.76936e-16 0.976621 -0.21497 
vn -1.64427e-16 0.907575 -0.419889 
vn -1.76936e-16 0.976621 0.21497 
vn -1.81172e-16 1 2.44929e-16 
vn -1.64427e-16 0.907575 0.419889 
vn -1.76936e-16 0.976621 0.21497 
vn -1.4423e-16 0.796093 0.605174 
vn -1.64427e-16 0.907575 0.419889 
vn -1.17288e-16 0.647386 0.762162 
vn -1.4423e-16 0.796093 0.605174 
vn -8.48626e-17 0.468408 0.883512 
vn -1.17288e-16 0.647386 0.762162 
vn -4.84687e-17 0.267528 0.96355 
vn -8.48626e-17 0.468408 0.883512 
vn -9.80846e-18 0.0541389 0.998533 
vn -4.84687e-17 0.267528 0.96355 
vn 2.93104e-17 -0.161782 0.986827 
vn -9.80846e-18 0.0541389 0.998533 
vn 6.70587e-17 -0.370138 0.928977 
vn 2.93104e-17 -0.161782 0.986827 
vn 1.01671e-16 -0.561187 0.827689 
vn 6.70587e-17 -0.370138 0.928977 
vn 1.3153e-16 -0.725995 0.687699 
vn 1.01671e-16 -0.561187 0.827689 
vn 1.55239e-16 -0.856857 0.515554 
vn 1.3153e-16 -0.725995 0.687699 
vn 1.71688e-16 -0.947653 0.319302 
vn 1.55239e-16 -0.856857 0.515554 
vn 1.8011e-16 -0.994138 0.108119 
vn 1.71688e-16 -0.947653 0.319302 
vn 1.8011e-16 -0.994138 -0.108119 
vn 1.81172e-16 -1 -3.67394e-16 
vn 1.8011e-16 -0.994138 0.108119 
vn 1.71688e-16 -0.947653 -0.319302 
vn 1.8011e-16 -0.994138 -0.108119 
vn 1.55239e-16 -0.856857 -0.515554 
vn 1.71688e-16 -0.947653 -0.319302 
vn 1.3153e-16 -0.725995 -0.687699 
vn 1.55239e-16 -0.856857 -0.515554 
vn 1.01671e-16 -0.561187 -0.827689 
vn 1.3153e-16 -0.725995 -0.687699 
vn 6.70587e-17 -0.370138 -0.928977 
vn 1.01671e-16 -0.561187 -0.827689 
vn 2.93104e-17 -0.161782 -0.986827 
vn 6.70587e-17 -0.370138 -0.928977 
vn -9.80846e-18 0.0541389 -0.998533 
vn 2.93104e-17 -0.161782 -0.986827 
vn -4.84687e-17 0.267528 -0.96355 
vn -9.80846e-18 0.0541389 -0.998533 
vn -8.48626e-17 0.468408 -0.883512 
vn -4.84687e-17 0.267528 -0.96355 
vn -1.17288e-16 0.647386 -0.762162 
vn -8.48626e-17 0.468408 -0.883512 
vn -1.4423e-16 0.796093 -0.605174 
vn -1.17288e-16 0.647386 -0.762162 
vn -1.64427e-16 0.907575 -0.419889 
vn -1.4423e-16 0.796093 -0.605174 
vn -1.76936e-16 0.976621 -0.21497 
vn -1.64427e-16 0.907575 -0.419889 
vn -1.76936e-16 0.976621 0.21497 
vn -1.81172e-16 1 2.44929e-16 
vn -1.64427e-16 0.907575 0.419889 
vn -1.76936e-16 0.976621 0.21497 
vn -1.4423e-16 0.796093 0.605174 
vn -1.64427e-16 0.907575 0.419889 
vn -1.17288e-16 0.647386 0.762162 
vn -1.4423e-16 0.796093 0.605174 
vn -8.48626e-17 0.468408 0.883512 
vn -1.17288e-16 0.647386 0.762162 
vn -4.84687e-17 0.267528 0.96355 
vn -8.48626e-17 0.468408 0.883512 
vn 0 0.24899 0.968506 
vn -9.80846e-18 0.0541389 0.998533 
vn -4.84687e-17 0.267528 0.96355 
vn 2.93104e-17 -0.161782 0.986827 
vn 0 -0.235645 0.971839 
vn 6.70587e-17 -0.370138 0.928977 
vn 2.93104e-17 -0.161782 0.986827 
vn 1.01671e-16 -0.561187 0.827689 
vn 1.3153e-16 -0.725995 0.687699 
vn 1.55239e-16 -0.856857 0.515554 
vn 1.71688e-16 -0.947653 0.319302 
vn 1.8011e-16 -0.994138 0.108119 
vn 1.8011e-16 -0.994138 -0.108119 
vn 1.81172e-16 -1 -3.67394e-16 
vn 1.8011e-16 -0.994138 0.108119 
vn 1.71688e-16 -0.947653 -0.319302 
vn 1.8011e-16 -0.994138 -0.108119 
vn 1.55239e-16 -0.856857 -0.515554 
vn 1.71688e-16 -0.947653 -0.319302 
vn 1.3153e-16 -0.725995 -0.687699 
vn 1.55239e-16 -0.856857 -0.515554 
vn 1.01671e-16 -0.561187 -0.827689 
vn 1.3153e-16 -0.725995 -0.687699 
vn 6.70587e-17 -0.370138 -0.928977 
vn 1.01671e-16 -0.561187 -0.827689 
vn 2.93104e-17 -0.161782 -0.986827 
vn 6.70587e-17 -0.370138 -0.928977 
vn -9.80846e-18 0.0541389 -0.998533 
vn 2.93104e-17 -0.161782 -0.986827 
vn -4.84687e-17 0.267528 -0.96355 
vn -9.80846e-18 0.0541389 -0.998533 
vn -8.48626e-17 0.468408 -0.883512 
vn -4.84687e-17 0.267528 -0.96355 
vn -1.17288e-16 0.647386 -0.762162 
vn -8.48626e-17 0.468408 -0.883512 
vn -1.4423e-16 0.796093 -0.605174 
vn -1.17288e-16 0.647386 -0.762162 
vn -1.64427e-16 0.907575 -0.419889 
vn -1.4423e-16 0.796093 -0.605174 
vn -1.76936e-16 0.976621 -0.21497 
vn -1.64427e-16 0.907575 -0.419889 
vn 0 0.21497 -0.976621 
vn 0 2.44929e-16 -1 
vn 0 0.419889 -0.907575 
vn 0 0.21497 -0.976621 
vn 0 0.605174 -0.796093 
vn 0 0.493993 -0.869466 
vn 0 0.419889 -0.907575 
vn 0 0.762162 -0.647386 
vn 0 0.605174 -0.796093 
vn 0 0.883512 -0.468408 
vn 0 0.762162 -0.647386 
vn 0 0.96355 -0.267528 
vn 0 0.883512 -0.468408 
vn 0 0.998533 -0.0541389 
vn 0 0.96355 -0.267528 
vn 0 0.986827 0.161782 
vn 0 0.998533 -0.0541389 
vn 0 0.928977 0.370138 
vn 0 0.986827 0.161782 
vn 0 0.827689 0.561187 
vn 0 0.928977 0.370138 
vn 0 0.687699 0.725995 
vn 0 0.827689 0.561187 
vn 0 0.515554 0.856857 
vn 0 0.687699 0.725995 
vn 0 0.319302 0.947653 
vn 0 0.492501 0.870312 
vn 0 0.515554 0.856857 
vn 0 0.108119 0.994138 
vn 0 0.319302 0.947653 
vn 0 -0.108119 0.994138 
vn 0 -3.67394e-16 1 
vn 0 0.108119 0.994138 
vn 0 -0.319302 0.947653 
vn 0 -0.108119 0.994138 
vn 0 -0.515554 0.856857 
vn 0 -0.319302 0.947653 
vn 0 -0.687699 0.725995 
vn 0 -0.515554 0.856857 
vn 0 -0.827689 0.561187 
vn 0 -0.687699 0.725995 
vn 0 -0.928977 0.370138 
vn 0 -0.827689 0.561187 
vn 0 -0.986827 0.161782 
vn 0 -0.928977 0.370138 
vn 0 -0.998533 -0.0541389 
vn 0 -0.986827 0.161782 
vn 0 -0.96355 -0.267528 
vn 0 -0.998533 -0.0541389 
vn 0 -0.883512 -0.468408 
vn 0 -0.96355 -0.267528 
vn 0 -0.762162 -0.647386 
vn 0 -0.883512 -0.468408 
vn 0 -0.605174 -0.796093 
vn 0 -0.762162 -0.647386 
vn 0 -0.419889 -0.907575 
vn 0 -0.605174 -0.796093 
vn 0 -0.21497 -0.976621 
vn 0 -0.419889 -0.907575 
vn 0 0.21497 -0.976621 
vn 0 2.44929e-16 -1 
vn 0 0.419889 -0.907575 
vn 0 0.21497 -0.976621 
vn 0 0.605174 -0.796093 
vn 0 0.419889 -0.907575 
vn 0 0.762162 -0.647386 
vn 0 0.605174 -0.796093 
vn 0 0.883512 -0.468408 
vn 0 0.762162 -0.647386 
vn 0 0.96355 -0.267528 
vn 0 0.883512 -0.468408 
vn 0 0.998533 -0.0541389 
vn 0 0.96355 -0.267528 
vn 0 0.986827 0.161782 
vn 0 0.998533 -0.0541389 
vn 0 0.928977 0.370138 
vn 0 0.986827 0.161782 
vn 0 0.827689 0.561187 
vn 0 0.928977 0.370138 
vn 0 0.687699 0.725995 
vn 0 0.827689 0.561187 
vn 0 0.515554 0.856857 
vn 0 0.687699 0.725995 
vn 0 0.319302 0.947653 
vn 0 0.515554 0.856857 
vn 0 0.108119 0.994138 
vn 0 0.319302 0.947653 
vn 0 -0.108119 0.994138 
vn 0 -3.67394e-16 1 
vn 0 0.108119 0.994138 
vn 0 -0.319302 0.947653 
vn 0 -0.108119 0.994138 
vn 0 -0.515554 0.856857 
vn 0 -0.319302 0.947653 
vn 0 -0.687699 0.725995 
vn 0 -0.515554 0.856857 
vn 0 -0.827689 0.561187 
vn 0 -0.687699 0.725995 
vn 0 -0.928977 0.370138 
vn 0 -0.827689 0.561187 
vn 0 -0.986827 0.161782 
vn 0 -0.928977 0.370138 
vn 0 -0.998533 -0.0541389 
vn 0 -0.986827 0.161782 
vn 0 -0.96355 -0.267528 
vn 0 -0.998533 -0.0541389 
vn 0 -0.883512 -0.468408 
vn 0 -0.96355 -0.267528 
vn 0 -0.762162 -0.647386 
vn 0 -0.883512 -0.468408 
vn 0 -0.605174 -0.796093 
vn 0 -0.762162 -0.647386 
vn 0 -0.419889 -0.907575 
vn 0 -0.605174 -0.796093 
vn 0 -0.21497 -0.976621 
vn 0 -0.419889 -0.907575 
vn 0 0.21497 -0.976621 
vn 0 2.44929e-16 -1 
vn 0 0.419889 -0.907575 
vn 0 0.21497 -0.976621 
vn 0 0.605174 -0.796093 
vn 0 0.419889 -0.907575 
vn 0 0.762162 -0.647386 
vn 0 0.605174 -0.796093 
vn 0 0.883512 -0.468408 
vn 0 0.762162 -0.647386 
vn 0 0.96355 -0.267528 
vn 0 0.883512 -0.468408 
vn 0 0.998533 -0.0541389 
vn 0 0.96355 -0.267528 
vn 0 0.986827 0.161782 
vn 0 0.998533 -0.0541389 
vn 0 0.928977 0.370138 
vn 0 0.986827 0.161782 
vn 0 0.827689 0.561187 
vn 0 0.928977 0.370138 
vn 0 0.687699 0.725995 
vn 0 0.827689 0.561187 
vn 0 0.515554 0.856857 
vn 0 0.687699 0.725995 
vn 0 0.319302 0.947653 
vn 0 0.515554 0.856857 
vn 0 0.108119 0.994138 
vn 0 0.319302 0.947653 
vn 0 -0.108119 0.994138 
vn 0 -3.67394e-16 1 
vn 0 0.108119 0.994138 
vn 0 -0.319302 0.947653 
vn 0 -0.108119 0.994138 
vn 0 -0.515554 0.856857 
vn 0 -0.319302 0.947653 
vn 0 -0.687699 0.725995 
vn 0 -0.515554 0.856857 
vn 0 -0.827689 0.561187 
vn 0 -0.687699 0.725995 
vn 0 -0.928977 0.370138 
vn 0 -0.827689 0.561187 
vn 0 -0.986827 0.161782 
vn 0 -0.928977 0.370138 
vn 0 -0.998533 -0.0541389 
vn 0 -0.986827 0.161782 
vn 0 -0.96355 -0.267528 
vn 0 -0.998533 -0.0541389 
vn 0 -0.883512 -0.468408 
vn 0 -0.96355 -0.267528 
vn 0 -0.762162 -0.647386 
vn 0 -0.883512 -0.468408 
vn 0 -0.605174 -0.796093 
vn 0 -0.762162 -0.647386 
vn 0 -0.419889 -0.907575 
vn 0 -0.605174 -0.796093 
vn 0 -0.21497 -0.976621 
vn 0 -0.419889 -0.907575 
vn 0 0.21497 -0.976621 
vn 0 2.44929e-16 -1 
vn 0 0.419889 -0.907575 
vn 0 0.21497 -0.976621 
vn 0 0.605174 -0.796093 
vn 0 0.419889 -0.907575 
vn 0 0.762162 -0.647386 
vn 0 0.605174 -0.796093 
vn 0 0.883512 -0.468408 
vn 0 0.762162 -0.647386 
vn 0 0.96355 -0.267528 
vn 0 0.883512 -0.468408 
vn 0 0.998533 -0.0541389 
vn 0 0.96355 -0.267528 
vn 0 0.986827 0.161782 
vn 0 0.998533 -0.0541389 
vn 0 0.928977 0.370138 
vn 0 0.93859 0.345033 
vn 0 0.986827 0.161782 
vn 0 0.827689 0.561187 
vn 0 0.928977 0.370138 
vn 0 0.687699 0.725995 
vn 0 0.827689 0.561187 
vn 0 0.515554 0.856857 
vn 0 0.687699 0.725995 
vn 0 0.319302 0.947653 
vn 0 0.515554 0.856857 
vn 0 0.108119 0.994138 
vn 0 0.319302 0.947653 
vn 0 -0.108119 0.994138 
vn 0 -3.67394e-16 1 
vn 0 0.108119 0.994138 
vn 0 -0.319302 0.947653 
vn 0 -0.108119 0.994138 
vn 0 -0.515554 0.856857 
vn 0 -0.319302 0.947653 
vn 0 -0.687699 0.725995 
vn 0 -0.515554 0.856857 
vn 0 -0.827689 0.561187 
vn 0 -0.687699 0.725995 
vn 0 -0.928977 0.370138 
vn 0 -0.827689 0.561187 
vn 0 -0.986827 0.161782 
vn 0 -0.93859 0.345033 
vn 0 -0.928977 0.370138 
vn 0 -0.998533 -0.0541389 
vn 0 -0.96355 -0.267528 
vn 0 -0.883512 -0.468408 
vn 0 -0.762162 -0.647386 
vn 0 -0.605174 -0.796093 
vn 0 -0.419889 -0.907575 
vn 0 -0.21497 -0.976621 
vn 0 0.21497 -0.976621 
vn 0 2.44929e-16 -1 
vn 0 0.419889 -0.907575 
vn 0 0.21497 -0.976621 
vn 0 0.605174 -0.796093 
vn 0 0.419889 -0.907575 
vn 0 0.762162 -0.647386 
vn 0 0.605174 -0.796093 
vn 0 0.883512 -0.468408 
vn 0 0.762162 -0.647386 
vn 0 0.96355 -0.267528 
vn 0 0.883512 -0.468408 
vn 0 0.998533 -0.0541389 
vn 0 0.96355 -0.267528 
vn 0 0.986827 0.161782 
vn 0 0.998533 -0.0541389 
vn 0 0.928977 0.370138 
vn 0 0.986827 0.161782 
vn 0 0.827689 0.561187 
vn 0 0.928977 0.370138 
vn 0 0.687699 0.725995 
vn 0 0.827689 0.561187 
vn 0 0.515554 0.856857 
vn 0 0.687699 0.725995 
vn 0 0.319302 0.947653 
vn 0 0.515554 0.856857 
vn 0 0.108119 0.994138 
vn 0 0.319302 0.947653 
vn 0 -0.108119 0.994138 
vn 0 -3.67394e-16 1 
vn 0 0.108119 0.994138 
vn 0 -0.319302 0.947653 
vn 0 -0.108119 0.994138 
vn 0 -0.515554 0.856857 
vn 0 -0.319302 0.947653 
vn 0 -0.687699 0.725995 
vn 0 -0.515554 0.856857 
vn 0 -0.827689 0.561187 
vn 0 -0.687699 0.725995 
vn 0 -0.928977 0.370138 
vn 0 -0.827689 0.561187 
vn 0 -0.986827 0.161782 
vn 0 -0.928977 0.370138 
vn 0 -0.998533 -0.0541389 
vn 0 -0.986827 0.161782 
vn 0 -0.96355 -0.267528 
vn 0 -0.998533 -0.0541389 
vn 0 -0.883512 -0.468408 
vn 0 -0.96355 -0.267528 
vn 0 -0.762162 -0.647386 
vn 0 -0.883512 -0.468408 
vn 0 -0.605174 -0.796093 
vn 0 -0.762162 -0.647386 
vn 0 -0.419889 -0.907575 
vn 0 -0.605174 -0.796093 
vn 0 -0.21497 -0.976621 
vn 0 -0.419889 -0.907575 
vn 0 0.21497 -0.976621 
vn 0 2.44929e-16 -1 
vn 0 0.419889 -0.907575 
vn 0 0.21497 -0.976621 
vn 0 0.605174 -0.796093 
vn 0 0.419889 -0.907575 
vn 0 0.762162 -0.647386 
vn 0 0.605174 -0.796093 
vn 0 0.883512 -0.468408 
vn 0 0.762162 -0.647386 
vn 0 0.96355 -0.267528 
vn 0 0.883512 -0.468408 
vn 0 0.998533 -0.0541389 
vn 0 0.96355 -0.267528 
vn 0 0.986827 0.161782 
vn 0 0.998533 -0.0541389 
vn 0 0.928977 0.370138 
vn 0 0.986827 0.161782 
vn 0 0.827689 0.561187 
vn 0 0.928977 0.370138 
vn 0 0.687699 0.725995 
vn 0 0.827689 0.561187 
vn 0 0.515554 0.856857 
vn 0 0.687699 0.725995 
vn 0 0.319302 0.947653 
vn 0 0.515554 0.856857 
vn 0 0.108119 0.994138 
vn 0 0.319302 0.947653 
vn 0 -0.108119 0.994138 
vn 0 -3.67394e-16 1 
vn 0 0.108119 0.994138 
vn 0 -0.319302 0.947653 
vn 0 -0.108119 0.994138 
vn 0 -0.515554 0.856857 
vn 0 -0.319302 0.947653 
vn 0 -0.687699 0.725995 
vn 0 -0.515554 0.856857 
vn 0 -0.827689 0.561187 
vn 0 -0.687699 0.725995 
vn 0 -0.928977 0.370138 
vn 0 -0.827689 0.561187 
vn 0 -0.986827 0.161782 
vn 0 -0.928977 0.370138 
vn 0 -0.998533 -0.0541389 
vn 0 -0.986827 0.161782 
vn 0 -0.96355 -0.267528 
vn 0 -0.998533 -0.0541389 
vn 0 -0.883512 -0.468408 
vn 0 -0.96355 -0.267528 
vn 0 -0.762162 -0.647386 
vn 0 -0.883512 -0.468408 
vn 0 -0.605174 -0.796093 
vn 0 -0.762162 -0.647386 
vn 0 -0.419889 -0.907575 
vn 0 -0.605174 -0.796093 
vn 0 -0.21497 -0.976621 
vn 0 -0.419889 -0.907575 
vn 0 0.21497 -0.976621 
vn 0 2.44929e-16 -1 
vn 0 0.419889 -0.907575 
vn 0 0.21497 -0.976621 
vn 0 0.605174 -0.796093 
vn 0 0.493993 -0.869466 
vn 0 0.419889 -0.907575 
vn 0 0.762162 -0.647386 
vn 0 0.605174 -0.796093 
vn 0 0.883512 -0.468408 
vn 0 0.762162 -0.647386 
vn 0 0.96355 -0.267528 
vn 0 0.883512 -0.468408 
vn 0 0.998533 -0.0541389 
vn 0 0.96355 -0.267528 
vn 0 0.986827 0.161782 
vn 0 0.998533 -0.0541389 
vn 0 0.928977 0.370138 
vn 0 0.986827 0.161782 
vn 0 0.827689 0.561187 
vn 0 0.928977 0.370138 
vn 0 0.687699 0.725995 
vn 0 0.827689 0.561187 
vn 0 0.515554 0.856857 
vn 0 0.687699 0.725995 
vn 0 0.319302 0.947653 
vn 0 0.492501 0.870312 
vn 0 0.515554 0.856857 
vn 0 0.108119 0.994138 
vn 0 0.319302 0.947653 
vn 0 -0.108119 0.994138 
vn 0 -3.67394e-16 1 
vn 0 0.108119 0.994138 
vn 0 -0.319302 0.947653 
vn 0 -0.108119 0.994138 
vn 0 -0.515554 0.856857 
vn 0 -0.319302 0.947653 
vn 0 -0.687699 0.725995 
vn 0 -0.515554 0.856857 
vn 0 -0.827689 0.561187 
vn 0 -0.687699 0.725995 
vn 0 -0.928977 0.370138 
vn 0 -0.827689 0.561187 
vn 0 -0.986827 0.161782 
vn 0 -0.928977 0.370138 
vn 0 -0.998533 -0.0541389 
vn 0 -0.986827 0.161782 
vn 0 -0.96355 -0.267528 
vn 0 -0.998533 -0.0541389 
vn 0 -0.883512 -0.468408 
vn 0 -0.96355 -0.267528 
vn 0 -0.762162 -0.647386 
vn 0 -0.883512 -0.468408 
vn 0 -0.605174 -0.796093 
vn 0 -0.762162 -0.647386 
vn 0 -0.419889 -0.907575 
vn 0 -0.605174 -0.796093 
vn 0 -0.21497 -0.976621 
vn 0 -0.419889 -0.907575 
usemtl 0.647059_0.647059_0.647059_0.000000_0.000000
o mesh0
f 1//1 2//2 3//2 
f 4//3 1//1 5//4 
f 6//5 4//3 7//6 
f 8//7 6//5 9//8 
f 10//9 8//7 11//10 
f 12//11 10//9 13//12 
f 14//13 12//11 15//14 
f 16//15 14//13 17//16 
f 18//17 16//15 19//18 
f 20//19 18//17 21//20 
f 22//21 20//19 23//22 
f 24//23 22//21 25//24 
f 26//25 24//23 27//26 
f 28//27 26//25 29//28 
f 30//29 31//30 32//30 
f 33//31 32//30 31//30 
f 31//30 28//27 33//31 
f 34//32 30//29 35//33 
f 36//34 37//35 38//35 
f 36//34 39//34 34//32 
f 34//32 40//36 36//34 
f 41//37 38//35 37//35 
f 42//38 41//37 43//37 
f 44//39 42//38 45//38 
f 46//40 44//39 47//39 
f 48//41 46//40 49//40 
f 50//42 48//41 51//41 
f 52//43 50//42 53//42 
f 54//44 52//43 55//43 
f 56//45 54//44 57//44 
f 58//46 59//47 60//47 
f 58//46 61//46 56//45 
f 56//45 62//48 58//46 
f 63//49 60//47 59//47 
f 2//2 63//49 64//49 
f 64//49 3//2 2//2 
f 59//47 64//49 63//49 
f 60//47 61//46 58//46 
f 57//44 62//48 56//45 
f 55//43 57//44 54//44 
f 53//42 55//43 52//43 
f 51//41 53//42 50//42 
f 49//40 51//41 48//41 
f 47//39 49//40 46//40 
f 45//38 47//39 44//39 
f 43//37 45//38 42//38 
f 37//35 43//37 41//37 
f 38//35 39//34 36//34 
f 35//33 40//36 34//32 
f 32//30 35//33 30//29 
f 29//28 33//31 28//27 
f 27//26 29//28 26//25 
f 25//24 27//26 24//23 
f 23//22 25//24 22//21 
f 21//20 23//22 20//19 
f 19//18 21//20 18//17 
f 17//16 19//18 16//15 
f 15//14 17//16 14//13 
f 13//12 15//14 12//11 
f 11//10 13//12 10//9 
f 9//8 11//10 8//7 
f 7//6 9//8 6//5 
f 5//4 7//6 4//3 
f 3//2 5//4 1//1 
o mesh1
f 65//50 66//50 547//50 
f 67//50 68//50 548//50 
f 69//50 547//50 549//50 
f 547//50 550//50 551//50 
f 550//50 552//50 553//50 
f 554//50 555//50 556//50 
f 557//50 558//50 559//50 
f 548//50 560//50 561//50 
f 560//50 562//50 563//50 
f 70//50 549//50 564//50 
f 549//50 551//50 565//50 
f 551//50 553//50 566//50 
f 567//50 556//50 568//50 
f 569//50 559//50 570//50 
f 571//50 561//50 572//50 
f 561//50 563//50 573//50 
f 71//50 564//50 574//50 
f 564//50 565//50 575//50 
f 565//50 566//50 576//50 
f 577//50 568//50 578//50 
f 568//50 579//50 580//50 
f 579//50 570//50 581//50 
f 570//50 582//50 583//50 
f 582//50 572//50 584//50 
f 572//50 573//50 585//50 
f 72//50 574//50 586//50 
f 574//50 575//50 587//50 
f 575//50 576//50 588//50 
f 578//50 580//50 589//50 
f 581//50 583//50 590//50 
f 583//50 584//50 591//50 
f 73//50 586//50 592//50 
f 586//50 587//50 593//50 
f 587//50 588//50 594//50 
f 588//50 595//50 596//50 
f 597//50 589//50 598//50 
f 599//50 590//50 600//50 
f 590//50 591//50 601//50 
f 74//50 592//50 602//50 
f 592//50 593//50 603//50 
f 593//50 594//50 604//50 
f 594//50 596//50 605//50 
f 596//50 606//50 607//50 
f 608//50 75//50 76//50 
f 76//50 598//50 608//50 
f 76//50 77//50 598//50 
f 598//50 78//50 79//50 
f 608//50 80//50 75//50 
f 77//50 78//50 598//50 
f 608//50 81//50 82//50 
f 607//50 83//50 81//50 
f 598//50 84//50 85//50 
f 608//50 86//50 80//50 
f 81//50 608//50 607//50 
f 607//50 87//50 88//50 
f 606//50 89//50 90//50 
f 606//50 598//50 91//50 
f 598//50 92//50 84//50 
f 608//50 93//50 86//50 
f 82//50 94//50 608//50 
f 88//50 95//50 607//50 
f 606//50 96//50 89//50 
f 85//50 91//50 598//50 
f 608//50 97//50 93//50 
f 95//50 83//50 607//50 
f 607//50 98//50 99//50 
f 606//50 100//50 101//50 
f 91//50 96//50 606//50 
f 79//50 102//50 598//50 
f 99//50 87//50 607//50 
f 90//50 100//50 606//50 
f 94//50 97//50 608//50 
f 102//50 92//50 598//50 
f 606//50 103//50 104//50 
f 607//50 104//50 98//50 
f 101//50 103//50 606//50 
f 600//50 609//50 105//50 
f 609//50 106//50 105//50 
f 105//50 107//50 600//50 
f 600//50 108//50 109//50 
f 609//50 110//50 106//50 
f 610//50 111//50 112//50 
f 611//50 600//50 113//50 
f 107//50 108//50 600//50 
f 112//50 609//50 610//50 
f 600//50 114//50 113//50 
f 609//50 115//50 110//50 
f 610//50 116//50 111//50 
f 610//50 117//50 118//50 
f 611//50 119//50 120//50 
f 600//50 121//50 114//50 
f 609//50 122//50 115//50 
f 112//50 123//50 609//50 
f 118//50 124//50 610//50 
f 611//50 125//50 119//50 
f 113//50 126//50 611//50 
f 609//50 127//50 122//50 
f 124//50 116//50 610//50 
f 610//50 128//50 129//50 
f 611//50 130//50 131//50 
f 126//50 125//50 611//50 
f 109//50 132//50 600//50 
f 129//50 117//50 610//50 
f 120//50 130//50 611//50 
f 123//50 127//50 609//50 
f 132//50 121//50 600//50 
f 611//50 133//50 134//50 
f 610//50 134//50 128//50 
f 131//50 133//50 611//50 
f 600//50 601//50 612//50 
f 601//50 613//50 614//50 
f 135//50 602//50 615//50 
f 610//50 609//50 616//50 
f 136//50 615//50 137//50 
f 617//50 616//50 138//50 
f 616//50 618//50 139//50 
f 618//50 619//50 140//50 
f 548//50 141//50 142//50 
f 68//50 143//50 144//50 
f 548//50 145//50 141//50 
f 548//50 146//50 147//50 
f 68//50 148//50 149//50 
f 68//50 150//50 151//50 
f 144//50 152//50 68//50 
f 147//50 145//50 548//50 
f 149//50 548//50 68//50 
f 152//50 150//50 68//50 
f 149//50 146//50 548//50 
f 151//50 153//50 68//50 
f 153//50 148//50 68//50 
f 560//50 154//50 155//50 
f 143//50 156//50 157//50 
f 560//50 158//50 154//50 
f 143//50 159//50 160//50 
f 156//50 161//50 157//50 
f 155//50 562//50 560//50 
f 143//50 162//50 159//50 
f 156//50 163//50 161//50 
f 156//50 164//50 165//50 
f 156//50 562//50 166//50 
f 562//50 167//50 168//50 
f 560//50 169//50 158//50 
f 157//50 162//50 143//50 
f 165//50 170//50 156//50 
f 562//50 171//50 166//50 
f 562//50 172//50 167//50 
f 560//50 142//50 169//50 
f 170//50 163//50 156//50 
f 168//50 171//50 562//50 
f 155//50 173//50 562//50 
f 156//50 174//50 164//50 
f 173//50 172//50 562//50 
f 166//50 174//50 156//50 
f 563//50 175//50 176//50 
f 563//50 177//50 178//50 
f 175//50 179//50 176//50 
f 563//50 180//50 181//50 
f 176//50 177//50 563//50 
f 175//50 182//50 183//50 
f 563//50 184//50 180//50 
f 183//50 179//50 175//50 
f 175//50 185//50 186//50 
f 178//50 184//50 563//50 
f 186//50 187//50 175//50 
f 563//50 188//50 189//50 
f 187//50 182//50 175//50 
f 181//50 188//50 563//50 
f 190//50 191//50 185//50 
f 573//50 189//50 192//50 
f 185//50 175//50 190//50 
f 189//50 573//50 563//50 
f 190//50 193//50 194//50 
f 194//50 191//50 190//50 
f 195//50 196//50 197//50 
f 197//50 198//50 195//50 
f 195//50 585//50 199//50 
f 195//50 200//50 201//50 
f 199//50 196//50 195//50 
f 585//50 573//50 202//50 
f 190//50 195//50 203//50 
f 198//50 200//50 195//50 
f 585//50 204//50 205//50 
f 202//50 206//50 585//50 
f 203//50 207//50 190//50 
f 205//50 199//50 585//50 
f 206//50 208//50 585//50 
f 195//50 209//50 203//50 
f 208//50 204//50 585//50 
f 201//50 209//50 195//50 
f 616//50 210//50 211//50 
f 609//50 212//50 213//50 
f 211//50 618//50 616//50 
f 616//50 214//50 215//50 
f 609//50 216//50 212//50 
f 609//50 612//50 217//50 
f 215//50 210//50 616//50 
f 616//50 218//50 219//50 
f 609//50 220//50 218//50 
f 217//50 216//50 609//50 
f 219//50 214//50 616//50 
f 213//50 220//50 609//50 
f 218//50 616//50 609//50 
f 618//50 221//50 222//50 
f 618//50 223//50 221//50 
f 612//50 614//50 224//50 
f 222//50 619//50 618//50 
f 612//50 225//50 226//50 
f 224//50 227//50 612//50 
f 614//50 228//50 229//50 
f 619//50 230//50 231//50 
f 618//50 232//50 223//50 
f 227//50 225//50 612//50 
f 614//50 233//50 228//50 
f 222//50 230//50 619//50 
f 229//50 224//50 614//50 
f 614//50 234//50 235//50 
f 619//50 236//50 237//50 
f 619//50 238//50 239//50 
f 618//50 240//50 232//50 
f 235//50 233//50 614//50 
f 619//50 241//50 236//50 
f 231//50 238//50 619//50 
f 614//50 237//50 234//50 
f 239//50 241//50 619//50 
f 237//50 614//50 619//50 
f 553//50 242//50 243//50 
f 566//50 243//50 244//50 
f 620//50 595//50 245//50 
f 588//50 246//50 245//50 
f 245//50 595//50 588//50 
f 576//50 244//50 246//50 
f 246//50 588//50 576//50 
f 247//50 577//50 620//50 
f 248//50 567//50 577//50 
f 552//50 554//50 249//50 
f 567//50 248//50 249//50 
f 553//50 552//50 250//50 
f 249//50 554//50 567//50 
f 249//50 250//50 552//50 
f 557//50 46//50 48//50 
f 557//50 44//50 46//50 
f 557//50 569//50 38//50 
f 555//50 54//50 56//50 
f 48//50 555//50 557//50 
f 557//50 41//50 42//50 
f 569//50 39//50 38//50 
f 555//50 52//50 54//50 
f 48//50 50//50 555//50 
f 38//50 41//50 557//50 
f 56//50 556//50 555//50 
f 42//50 44//50 557//50 
f 50//50 52//50 555//50 
f 569//50 579//50 28//50 
f 28//50 31//50 569//50 
f 31//50 30//50 569//50 
f 579//50 26//50 28//50 
f 30//50 34//50 569//50 
f 579//50 24//50 26//50 
f 579//50 14//50 16//50 
f 568//50 12//50 14//50 
f 579//50 22//50 24//50 
f 579//50 18//50 20//50 
f 14//50 579//50 568//50 
f 20//50 22//50 579//50 
f 568//50 10//50 12//50 
f 16//50 18//50 579//50 
f 568//50 6//50 8//50 
f 556//50 2//50 1//50 
f 8//50 10//50 568//50 
f 568//50 1//50 4//50 
f 556//50 63//50 2//50 
f 556//50 61//50 60//50 
f 4//50 6//50 568//50 
f 60//50 63//50 556//50 
f 1//50 568//50 556//50 
f 599//50 611//50 251//50 
f 599//50 252//50 253//50 
f 611//50 254//50 251//50 
f 253//50 255//50 599//50 
f 251//50 256//50 599//50 
f 256//50 252//50 599//50 
f 581//50 257//50 258//50 
f 581//50 599//50 259//50 
f 258//50 580//50 581//50 
f 259//50 260//50 581//50 
f 580//50 261//50 262//50 
f 260//50 257//50 581//50 
f 258//50 261//50 580//50 
f 598//50 589//50 263//50 
f 589//50 264//50 265//50 
f 589//50 262//50 266//50 
f 589//50 267//50 263//50 
f 266//50 264//50 589//50 
f 265//50 267//50 589//50 
f 611//50 610//50 268//50 
f 268//50 269//50 611//50 
f 610//50 270//50 268//50 
f 610//50 271//50 270//50 
f 610//50 608//50 272//50 
f 610//50 273//50 271//50 
f 608//50 274//50 272//50 
f 608//50 275//50 276//50 
f 610//50 277//50 273//50 
f 610//50 278//50 279//50 
f 276//50 274//50 608//50 
f 608//50 280//50 281//50 
f 598//50 282//50 283//50 
f 279//50 277//50 610//50 
f 281//50 275//50 608//50 
f 598//50 284//50 282//50 
f 272//50 278//50 610//50 
f 283//50 608//50 598//50 
f 283//50 280//50 608//50 
f 548//50 285//50 286//50 
f 548//50 287//50 285//50 
f 571//50 288//50 289//50 
f 286//50 558//50 548//50 
f 548//50 289//50 290//50 
f 571//50 291//50 288//50 
f 559//50 558//50 292//50 
f 558//50 293//50 294//50 
f 286//50 295//50 558//50 
f 289//50 548//50 571//50 
f 294//50 292//50 558//50 
f 290//50 287//50 548//50 
f 295//50 293//50 558//50 
f 571//50 296//50 297//50 
f 297//50 298//50 571//50 
f 571//50 582//50 299//50 
f 299//50 296//50 571//50 
f 298//50 300//50 571//50 
f 570//50 301//50 302//50 
f 582//50 303//50 299//50 
f 302//50 582//50 570//50 
f 582//50 304//50 303//50 
f 582//50 305//50 306//50 
f 570//50 307//50 301//50 
f 306//50 304//50 582//50 
f 570//50 308//50 307//50 
f 302//50 305//50 582//50 
f 570//50 309//50 310//50 
f 310//50 308//50 570//50 
f 570//50 311//50 312//50 
f 570//50 559//50 313//50 
f 312//50 309//50 570//50 
f 559//50 314//50 313//50 
f 313//50 311//50 570//50 
f 559//50 315//50 316//50 
f 316//50 314//50 559//50 
f 584//50 317//50 318//50 
f 584//50 585//50 319//50 
f 591//50 320//50 321//50 
f 584//50 322//50 317//50 
f 585//50 323//50 319//50 
f 321//50 324//50 591//50 
f 591//50 325//50 326//50 
f 591//50 584//50 327//50 
f 584//50 328//50 329//50 
f 319//50 322//50 584//50 
f 585//50 330//50 331//50 
f 326//50 320//50 591//50 
f 327//50 332//50 591//50 
f 318//50 328//50 584//50 
f 585//50 333//50 330//50 
f 332//50 325//50 591//50 
f 331//50 323//50 585//50 
f 329//50 327//50 584//50 
f 324//50 334//50 591//50 
f 601//50 335//50 336//50 
f 601//50 591//50 335//50 
f 613//50 337//50 338//50 
f 336//50 613//50 601//50 
f 336//50 337//50 613//50 
f 621//50 338//50 339//50 
f 339//50 340//50 621//50 
f 596//50 595//50 341//50 
f 341//50 606//50 596//50 
f 606//50 342//50 343//50 
f 341//50 344//50 606//50 
f 344//50 342//50 606//50 
f 597//50 345//50 346//50 
f 597//50 347//50 348//50 
f 348//50 345//50 597//50 
f 597//50 349//50 347//50 
f 346//50 578//50 597//50 
f 597//50 350//50 351//50 
f 620//50 352//50 353//50 
f 620//50 578//50 354//50 
f 578//50 355//50 356//50 
f 351//50 349//50 597//50 
f 595//50 357//50 358//50 
f 620//50 359//50 352//50 
f 578//50 360//50 354//50 
f 578//50 361//50 355//50 
f 346//50 362//50 578//50 
f 597//50 363//50 364//50 
f 358//50 365//50 595//50 
f 595//50 366//50 367//50 
f 595//50 620//50 368//50 
f 620//50 369//50 370//50 
f 354//50 359//50 620//50 
f 362//50 361//50 578//50 
f 597//50 343//50 363//50 
f 367//50 357//50 595//50 
f 368//50 371//50 595//50 
f 353//50 369//50 620//50 
f 364//50 350//50 597//50 
f 371//50 366//50 595//50 
f 356//50 360//50 578//50 
f 370//50 368//50 620//50 
f 365//50 372//50 595//50 
f 554//50 552//50 373//50 
f 374//50 375//50 373//50 
f 373//50 552//50 374//50 
f 376//50 377//50 555//50 
f 377//50 378//50 557//50 
f 67//50 558//50 379//50 
f 557//50 378//50 379//50 
f 379//50 558//50 557//50 
f 156//50 380//50 381//50 
f 175//50 563//50 382//50 
f 562//50 381//50 382//50 
f 382//50 563//50 562//50 
f 383//50 384//50 385//50 
f 385//50 386//50 383//50 
f 384//50 387//50 385//50 
f 386//50 388//50 383//50 
f 387//50 389//50 385//50 
f 386//50 390//50 391//50 
f 385//50 392//50 393//50 
f 391//50 388//50 386//50 
f 389//50 392//50 385//50 
f 393//50 585//50 385//50 
f 621//50 394//50 390//50 
f 390//50 386//50 621//50 
f 195//50 395//50 385//50 
f 385//50 585//50 195//50 
f 621//50 386//50 396//50 
f 613//50 396//50 397//50 
f 614//50 397//50 398//50 
f 619//50 398//50 399//50 
f 400//50 617//50 401//50 
f 608//50 610//50 402//50 
f 617//50 400//50 402//50 
f 402//50 610//50 617//50 
f 607//50 608//50 403//50 
f 605//50 607//50 404//50 
f 622//50 604//50 405//50 
f 605//50 406//50 405//50 
f 405//50 604//50 605//50 
f 622//50 407//50 408//50 
f 409//50 622//50 410//50 
f 409//50 411//50 412//50 
f 413//50 414//50 415//50 
f 412//50 622//50 409//50 
f 413//50 416//50 414//50 
f 413//50 417//50 418//50 
f 413//50 419//50 420//50 
f 604//50 421//50 419//50 
f 604//50 422//50 423//50 
f 622//50 424//50 425//50 
f 622//50 426//50 427//50 
f 412//50 428//50 622//50 
f 409//50 429//50 430//50 
f 418//50 416//50 413//50 
f 419//50 413//50 604//50 
f 423//50 431//50 604//50 
f 427//50 424//50 622//50 
f 409//50 432//50 411//50 
f 430//50 433//50 409//50 
f 409//50 434//50 435//50 
f 420//50 417//50 413//50 
f 604//50 436//50 422//50 
f 428//50 426//50 622//50 
f 435//50 429//50 409//50 
f 431//50 421//50 604//50 
f 604//50 437//50 438//50 
f 433//50 432//50 409//50 
f 438//50 436//50 604//50 
f 604//50 622//50 439//50 
f 622//50 440//50 441//50 
f 409//50 415//50 434//50 
f 439//50 437//50 604//50 
f 425//50 440//50 622//50 
f 603//50 604//50 413//50 
f 441//50 439//50 622//50 
f 415//50 409//50 413//50 
f 615//50 442//50 443//50 
f 444//50 445//50 446//50 
f 443//50 444//50 615//50 
f 444//50 447//50 445//50 
f 443//50 448//50 444//50 
f 615//50 449//50 450//50 
f 602//50 451//50 452//50 
f 453//50 454//50 455//50 
f 444//50 456//50 454//50 
f 446//50 457//50 444//50 
f 615//50 458//50 442//50 
f 450//50 459//50 615//50 
f 615//50 460//50 461//50 
f 602//50 462//50 451//50 
f 602//50 463//50 464//50 
f 602//50 465//50 466//50 
f 602//50 453//50 467//50 
f 453//50 468//50 469//50 
f 454//50 453//50 444//50 
f 448//50 447//50 444//50 
f 461//50 449//50 615//50 
f 464//50 462//50 602//50 
f 602//50 470//50 465//50 
f 469//50 467//50 453//50 
f 453//50 471//50 472//50 
f 444//50 473//50 456//50 
f 459//50 458//50 615//50 
f 466//50 463//50 602//50 
f 472//50 468//50 453//50 
f 457//50 473//50 444//50 
f 467//50 470//50 602//50 
f 615//50 452//50 460//50 
f 455//50 471//50 453//50 
f 603//50 474//50 453//50 
f 453//50 602//50 603//50 
f 615//50 444//50 475//50 
f 547//50 476//50 477//50 
f 478//50 479//50 480//50 
f 477//50 481//50 547//50 
f 478//50 482//50 483//50 
f 478//50 484//50 479//50 
f 485//50 486//50 484//50 
f 485//50 547//50 487//50 
f 547//50 488//50 476//50 
f 478//50 489//50 482//50 
f 484//50 478//50 485//50 
f 485//50 490//50 491//50 
f 481//50 487//50 547//50 
f 66//50 483//50 492//50 
f 478//50 493//50 489//50 
f 485//50 494//50 486//50 
f 491//50 495//50 485//50 
f 547//50 496//50 488//50 
f 547//50 497//50 498//50 
f 483//50 66//50 478//50 
f 480//50 499//50 478//50 
f 487//50 490//50 485//50 
f 547//50 500//50 497//50 
f 66//50 501//50 502//50 
f 499//50 493//50 478//50 
f 498//50 496//50 547//50 
f 66//50 503//50 500//50 
f 502//50 504//50 66//50 
f 66//50 505//50 506//50 
f 495//50 494//50 485//50 
f 66//50 507//50 503//50 
f 506//50 501//50 66//50 
f 500//50 547//50 66//50 
f 550//50 547//50 485//50 
f 492//50 505//50 66//50 
f 504//50 507//50 66//50 
f 552//50 508//50 509//50 
f 509//50 510//50 552//50 
f 511//50 374//50 512//50 
f 374//50 513//50 514//50 
f 552//50 515//50 516//50 
f 552//50 517//50 518//50 
f 552//50 519//50 508//50 
f 512//50 520//50 511//50 
f 374//50 521//50 513//50 
f 374//50 522//50 523//50 
f 516//50 374//50 552//50 
f 518//50 524//50 552//50 
f 510//50 525//50 552//50 
f 526//50 527//50 519//50 
f 511//50 528//50 529//50 
f 511//50 530//50 531//50 
f 514//50 512//50 374//50 
f 523//50 532//50 374//50 
f 524//50 515//50 552//50 
f 519//50 552//50 526//50 
f 526//50 533//50 534//50 
f 531//50 528//50 511//50 
f 511//50 535//50 536//50 
f 532//50 521//50 374//50 
f 525//50 517//50 552//50 
f 526//50 537//50 533//50 
f 536//50 530//50 511//50 
f 374//50 538//50 522//50 
f 534//50 527//50 526//50 
f 526//50 529//50 539//50 
f 520//50 535//50 511//50 
f 539//50 537//50 526//50 
f 516//50 538//50 374//50 
f 550//50 540//50 526//50 
f 526//50 552//50 550//50 
f 529//50 526//50 511//50 
f 485//50 540//50 550//50 
f 475//50 137//50 615//50 
f 452//50 615//50 602//50 
f 413//50 474//50 603//50 
f 410//50 541//50 409//50 
f 408//50 410//50 622//50 
f 405//50 407//50 622//50 
f 404//50 406//50 605//50 
f 403//50 404//50 607//50 
f 402//50 403//50 608//50 
f 401//50 542//50 400//50 
f 399//50 140//50 619//50 
f 398//50 619//50 614//50 
f 397//50 614//50 613//50 
f 396//50 613//50 621//50 
f 393//50 333//50 585//50 
f 382//50 543//50 175//50 
f 381//50 562//50 156//50 
f 379//50 544//50 67//50 
f 557//50 555//50 377//50 
f 555//50 554//50 376//50 
f 373//50 376//50 554//50 
f 372//50 341//50 595//50 
f 343//50 597//50 606//50 
f 340//50 394//50 621//50 
f 338//50 621//50 613//50 
f 334//50 335//50 591//50 
f 300//50 291//50 571//50 
f 292//50 315//50 559//50 
f 269//50 254//50 611//50 
f 263//50 284//50 598//50 
f 262//50 589//50 580//50 
f 255//50 259//50 599//50 
f 34//50 39//50 569//50 
f 56//50 61//50 556//50 
f 250//50 242//50 553//50 
f 577//50 247//50 248//50 
f 620//50 545//50 247//50 
f 245//50 545//50 620//50 
f 244//50 576//50 566//50 
f 243//50 566//50 553//50 
f 226//50 217//50 612//50 
f 211//50 240//50 618//50 
f 207//50 193//50 190//50 
f 192//50 202//50 573//50 
f 160//50 144//50 143//50 
f 142//50 560//50 548//50 
f 140//50 139//50 618//50 
f 139//50 138//50 616//50 
f 138//50 401//50 617//50 
f 137//50 546//50 136//50 
f 616//50 617//50 610//50 
f 615//50 136//50 135//50 
f 614//50 612//50 601//50 
f 612//50 609//50 600//50 
f 134//50 610//50 611//50 
f 104//50 607//50 606//50 
f 607//50 605//50 596//50 
f 605//50 604//50 594//50 
f 604//50 603//50 593//50 
f 603//50 602//50 592//50 
f 602//50 135//50 74//50 
f 601//50 600//50 590//50 
f 600//50 611//50 599//50 
f 598//50 606//50 597//50 
f 596//50 594//50 588//50 
f 594//50 593//50 587//50 
f 593//50 592//50 586//50 
f 592//50 74//50 73//50 
f 591//50 590//50 583//50 
f 590//50 599//50 581//50 
f 589//50 597//50 578//50 
f 588//50 587//50 575//50 
f 587//50 586//50 574//50 
f 586//50 73//50 72//50 
f 585//50 584//50 572//50 
f 584//50 583//50 582//50 
f 583//50 581//50 570//50 
f 581//50 580//50 579//50 
f 580//50 578//50 568//50 
f 578//50 620//50 577//50 
f 576//50 575//50 565//50 
f 575//50 574//50 564//50 
f 574//50 72//50 71//50 
f 573//50 572//50 561//50 
f 572//50 582//50 571//50 
f 570//50 579//50 569//50 
f 568//50 577//50 567//50 
f 566//50 565//50 551//50 
f 565//50 564//50 549//50 
f 564//50 71//50 70//50 
f 563//50 561//50 560//50 
f 561//50 571//50 548//50 
f 559//50 569//50 557//50 
f 556//50 567//50 554//50 
f 553//50 551//50 550//50 
f 551//50 549//50 547//50 
f 549//50 70//50 69//50 
f 548//50 558//50 67//50 
f 547//50 69//50 65//50 
o mesh2
f 623//51 624//51 625//51 
f 1105//51 626//51 627//51 
f 1106//51 627//51 628//51 
f 1107//51 628//51 629//51 
f 630//51 623//51 1108//51 
f 1109//51 1105//51 1106//51 
f 631//51 630//51 1110//51 
f 1111//51 1110//51 1112//51 
f 1113//51 1112//51 1114//51 
f 1115//51 1114//51 1116//51 
f 1117//51 1116//51 1118//51 
f 1118//51 632//51 633//51 
f 1118//51 1119//51 634//51 
f 1119//51 635//51 636//51 
f 1120//51 637//51 638//51 
f 1118//51 639//51 632//51 
f 636//51 634//51 1119//51 
f 1119//51 640//51 641//51 
f 1120//51 642//51 640//51 
f 638//51 643//51 1120//51 
f 1121//51 644//51 637//51 
f 1121//51 645//51 646//51 
f 634//51 639//51 1118//51 
f 641//51 647//51 1119//51 
f 1120//51 648//51 642//51 
f 1120//51 649//51 650//51 
f 637//51 1120//51 1121//51 
f 646//51 651//51 1121//51 
f 1118//51 652//51 653//51 
f 1119//51 654//51 635//51 
f 647//51 655//51 1119//51 
f 650//51 648//51 1120//51 
f 651//51 644//51 1121//51 
f 1121//51 656//51 657//51 
f 1121//51 1118//51 658//51 
f 633//51 652//51 1118//51 
f 655//51 659//51 1119//51 
f 1120//51 660//51 649//51 
f 657//51 645//51 1121//51 
f 1118//51 661//51 658//51 
f 659//51 654//51 1119//51 
f 643//51 660//51 1120//51 
f 653//51 661//51 1118//51 
f 658//51 656//51 1121//51 
f 1109//51 1122//51 662//51 
f 1123//51 663//51 664//51 
f 1109//51 665//51 666//51 
f 1122//51 667//51 662//51 
f 664//51 1124//51 1123//51 
f 1109//51 668//51 665//51 
f 662//51 669//51 1109//51 
f 1122//51 670//51 671//51 
f 1124//51 672//51 670//51 
f 664//51 673//51 1124//51 
f 1123//51 674//51 675//51 
f 669//51 668//51 1109//51 
f 671//51 676//51 1122//51 
f 1124//51 677//51 672//51 
f 1124//51 678//51 679//51 
f 1123//51 680//51 663//51 
f 675//51 681//51 1123//51 
f 1109//51 682//51 683//51 
f 1122//51 684//51 667//51 
f 676//51 685//51 1122//51 
f 679//51 677//51 1124//51 
f 681//51 680//51 1123//51 
f 1123//51 686//51 687//51 
f 1123//51 1109//51 688//51 
f 666//51 682//51 1109//51 
f 685//51 689//51 1122//51 
f 1124//51 690//51 678//51 
f 687//51 674//51 1123//51 
f 1109//51 691//51 688//51 
f 689//51 684//51 1122//51 
f 673//51 690//51 1124//51 
f 683//51 691//51 1109//51 
f 688//51 686//51 1123//51 
f 1124//51 1122//51 1125//51 
f 1126//51 1125//51 1127//51 
f 692//51 631//51 1111//51 
f 1128//51 1111//51 1113//51 
f 1129//51 1113//51 1115//51 
f 1130//51 1115//51 1117//51 
f 1131//51 1121//51 1120//51 
f 1132//51 1123//51 1124//51 
f 1133//51 1124//51 1126//51 
f 693//51 692//51 1128//51 
f 1134//51 1128//51 1129//51 
f 1135//51 1129//51 1130//51 
f 1136//51 1131//51 1137//51 
f 1138//51 1132//51 1133//51 
f 1139//51 1133//51 1140//51 
f 694//51 693//51 1134//51 
f 1141//51 1134//51 1135//51 
f 1142//51 1135//51 1143//51 
f 1144//51 1145//51 1136//51 
f 1146//51 1136//51 1147//51 
f 1148//51 1147//51 1138//51 
f 1149//51 1138//51 1139//51 
f 1150//51 1139//51 1151//51 
f 1152//51 1151//51 1153//51 
f 695//51 694//51 1141//51 
f 1154//51 1141//51 1142//51 
f 1155//51 1142//51 1156//51 
f 1157//51 1144//51 1146//51 
f 1158//51 1148//51 1149//51 
f 1159//51 1150//51 1152//51 
f 1160//51 1152//51 1161//51 
f 696//51 695//51 1154//51 
f 1162//51 1154//51 1155//51 
f 1163//51 1155//51 1164//51 
f 1165//51 1157//51 1166//51 
f 1167//51 1158//51 1168//51 
f 1169//51 1159//51 1160//51 
f 1170//51 1160//51 1171//51 
f 697//51 696//51 1162//51 
f 698//51 1172//51 1169//51 
f 699//51 700//51 701//51 
f 1169//51 1170//51 702//51 
f 699//51 703//51 700//51 
f 699//51 704//51 705//51 
f 699//51 1169//51 706//51 
f 1169//51 707//51 708//51 
f 702//51 709//51 1169//51 
f 705//51 703//51 699//51 
f 1169//51 710//51 706//51 
f 709//51 707//51 1169//51 
f 699//51 711//51 704//51 
f 708//51 710//51 1169//51 
f 706//51 711//51 699//51 
f 1170//51 1173//51 712//51 
f 712//51 713//51 1170//51 
f 714//51 715//51 716//51 
f 713//51 717//51 1170//51 
f 716//51 718//51 714//51 
f 714//51 701//51 719//51 
f 1173//51 720//51 712//51 
f 1173//51 721//51 722//51 
f 718//51 723//51 724//51 
f 718//51 725//51 726//51 
f 716//51 727//51 718//51 
f 719//51 728//51 714//51 
f 717//51 729//51 1170//51 
f 722//51 730//51 1173//51 
f 724//51 1173//51 718//51 
f 718//51 731//51 725//51 
f 728//51 715//51 714//51 
f 1173//51 732//51 720//51 
f 724//51 721//51 1173//51 
f 727//51 731//51 718//51 
f 730//51 732//51 1173//51 
f 726//51 733//51 718//51 
f 733//51 723//51 718//51 
f 1171//51 734//51 735//51 
f 736//51 737//51 738//51 
f 735//51 736//51 1171//51 
f 736//51 739//51 740//51 
f 735//51 737//51 736//51 
f 1171//51 741//51 742//51 
f 736//51 743//51 739//51 
f 742//51 734//51 1171//51 
f 1171//51 744//51 745//51 
f 738//51 743//51 736//51 
f 745//51 746//51 1171//51 
f 747//51 736//51 748//51 
f 746//51 741//51 1171//51 
f 740//51 748//51 736//51 
f 1171//51 1161//51 749//51 
f 747//51 750//51 751//51 
f 749//51 744//51 1171//51 
f 748//51 750//51 747//51 
f 1161//51 752//51 753//51 
f 753//51 749//51 1161//51 
f 754//51 755//51 756//51 
f 754//51 757//51 758//51 
f 758//51 755//51 754//51 
f 1153//51 756//51 759//51 
f 754//51 760//51 757//51 
f 747//51 761//51 762//51 
f 756//51 1153//51 754//51 
f 754//51 763//51 764//51 
f 747//51 765//51 761//51 
f 1153//51 766//51 752//51 
f 1153//51 767//51 768//51 
f 764//51 760//51 754//51 
f 762//51 754//51 747//51 
f 768//51 766//51 1153//51 
f 762//51 763//51 754//51 
f 759//51 767//51 1153//51 
f 1122//51 769//51 770//51 
f 1106//51 1107//51 771//51 
f 1122//51 772//51 773//51 
f 770//51 774//51 1122//51 
f 1106//51 775//51 776//51 
f 1107//51 777//51 771//51 
f 774//51 772//51 1122//51 
f 1122//51 1106//51 778//51 
f 1106//51 779//51 780//51 
f 771//51 775//51 1106//51 
f 778//51 769//51 1122//51 
f 776//51 779//51 1106//51 
f 780//51 778//51 1106//51 
f 1107//51 1174//51 781//51 
f 781//51 782//51 1107//51 
f 782//51 783//51 1107//51 
f 1127//51 784//51 785//51 
f 1125//51 786//51 784//51 
f 1174//51 787//51 781//51 
f 1174//51 788//51 789//51 
f 785//51 790//51 1127//51 
f 1125//51 791//51 786//51 
f 789//51 787//51 1174//51 
f 784//51 1127//51 1125//51 
f 1125//51 773//51 792//51 
f 783//51 793//51 1107//51 
f 1174//51 794//51 795//51 
f 1174//51 1127//51 796//51 
f 1127//51 797//51 798//51 
f 792//51 791//51 1125//51 
f 795//51 788//51 1174//51 
f 796//51 799//51 1174//51 
f 790//51 797//51 1127//51 
f 799//51 794//51 1174//51 
f 798//51 800//51 1127//51 
f 800//51 796//51 1127//51 
f 1156//51 1143//51 801//51 
f 1164//51 1156//51 802//51 
f 1157//51 1165//51 803//51 
f 1175//51 804//51 803//51 
f 803//51 1165//51 1175//51 
f 1164//51 805//51 804//51 
f 804//51 1175//51 1164//51 
f 806//51 807//51 1144//51 
f 807//51 808//51 1145//51 
f 1143//51 1130//51 809//51 
f 1130//51 1176//51 810//51 
f 810//51 809//51 1130//51 
f 1145//51 808//51 810//51 
f 810//51 1176//51 1145//51 
f 1117//51 1121//51 811//51 
f 1121//51 812//51 811//51 
f 1121//51 813//51 812//51 
f 1121//51 1131//51 814//51 
f 814//51 813//51 1121//51 
f 1131//51 815//51 816//51 
f 816//51 817//51 1131//51 
f 1131//51 1136//51 818//51 
f 818//51 815//51 1131//51 
f 1131//51 819//51 820//51 
f 1136//51 821//51 818//51 
f 817//51 819//51 1131//51 
f 1136//51 822//51 823//51 
f 1145//51 824//51 825//51 
f 1145//51 826//51 827//51 
f 1131//51 828//51 829//51 
f 1136//51 830//51 821//51 
f 823//51 831//51 1136//51 
f 825//51 1136//51 1145//51 
f 827//51 832//51 1145//51 
f 829//51 833//51 1131//51 
f 831//51 830//51 1136//51 
f 832//51 824//51 1145//51 
f 1145//51 834//51 835//51 
f 820//51 828//51 1131//51 
f 835//51 826//51 1145//51 
f 1176//51 836//51 834//51 
f 825//51 822//51 1136//51 
f 1176//51 837//51 836//51 
f 1176//51 838//51 839//51 
f 1176//51 840//51 841//51 
f 834//51 1145//51 1176//51 
f 841//51 838//51 1176//51 
f 839//51 837//51 1176//51 
f 1176//51 811//51 842//51 
f 842//51 840//51 1176//51 
f 1177//51 843//51 844//51 
f 1177//51 845//51 843//51 
f 1126//51 1178//51 846//51 
f 846//51 847//51 1126//51 
f 1178//51 848//51 846//51 
f 1178//51 1177//51 849//51 
f 849//51 848//51 1178//51 
f 1151//51 850//51 851//51 
f 1151//51 852//51 853//51 
f 851//51 1153//51 1151//51 
f 853//51 854//51 1151//51 
f 1153//51 855//51 856//51 
f 854//51 850//51 1151//51 
f 1151//51 857//51 858//51 
f 856//51 859//51 1153//51 
f 858//51 852//51 1151//51 
f 1140//51 860//51 857//51 
f 851//51 855//51 1153//51 
f 1140//51 861//51 860//51 
f 1140//51 862//51 863//51 
f 1140//51 864//51 865//51 
f 857//51 1151//51 1140//51 
f 865//51 862//51 1140//51 
f 863//51 861//51 1140//51 
f 1140//51 847//51 866//51 
f 866//51 864//51 1140//51 
f 1169//51 1172//51 867//51 
f 1159//51 1169//51 868//51 
f 867//51 869//51 1169//51 
f 868//51 870//51 1159//51 
f 1169//51 871//51 872//51 
f 1172//51 873//51 867//51 
f 872//51 868//51 1169//51 
f 1172//51 874//51 873//51 
f 869//51 871//51 1169//51 
f 1172//51 875//51 876//51 
f 876//51 874//51 1172//51 
f 1168//51 877//51 875//51 
f 875//51 1172//51 1168//51 
f 1159//51 878//51 879//51 
f 1159//51 880//51 881//51 
f 881//51 878//51 1159//51 
f 1159//51 882//51 880//51 
f 1149//51 1150//51 883//51 
f 1159//51 884//51 882//51 
f 1150//51 885//51 883//51 
f 879//51 1150//51 1159//51 
f 883//51 886//51 1149//51 
f 1150//51 887//51 888//51 
f 879//51 889//51 1150//51 
f 886//51 890//51 1149//51 
f 889//51 887//51 1150//51 
f 1149//51 891//51 892//51 
f 1149//51 893//51 894//51 
f 888//51 885//51 1150//51 
f 892//51 1168//51 1149//51 
f 1149//51 895//51 896//51 
f 890//51 893//51 1149//51 
f 892//51 897//51 1168//51 
f 894//51 895//51 1149//51 
f 896//51 891//51 1149//51 
f 897//51 898//51 1168//51 
f 1137//51 899//51 900//51 
f 1137//51 901//51 902//51 
f 1120//51 903//51 904//51 
f 902//51 899//51 1137//51 
f 904//51 1137//51 1120//51 
f 904//51 901//51 1137//51 
f 1138//51 905//51 906//51 
f 1138//51 1147//51 907//51 
f 1138//51 908//51 905//51 
f 1147//51 909//51 907//51 
f 907//51 908//51 1138//51 
f 1147//51 1137//51 910//51 
f 910//51 909//51 1147//51 
f 1132//51 911//51 912//51 
f 912//51 1123//51 1132//51 
f 1132//51 913//51 911//51 
f 1132//51 914//51 915//51 
f 915//51 913//51 1132//51 
f 1132//51 906//51 914//51 
f 1123//51 916//51 917//51 
f 1123//51 918//51 916//51 
f 1109//51 919//51 920//51 
f 917//51 1109//51 1123//51 
f 1119//51 921//51 922//51 
f 920//51 1119//51 1109//51 
f 1109//51 923//51 924//51 
f 917//51 925//51 1109//51 
f 1120//51 1119//51 926//51 
f 1119//51 927//51 928//51 
f 920//51 921//51 1119//51 
f 1109//51 929//51 923//51 
f 925//51 930//51 1109//51 
f 926//51 931//51 1120//51 
f 922//51 927//51 1119//51 
f 930//51 929//51 1109//51 
f 1119//51 932//51 926//51 
f 924//51 919//51 1109//51 
f 928//51 932//51 1119//51 
f 1167//51 1179//51 51//51 
f 51//51 49//51 1167//51 
f 1167//51 43//51 37//51 
f 1167//51 47//51 45//51 
f 1179//51 53//51 51//51 
f 1179//51 1166//51 62//51 
f 45//51 43//51 1167//51 
f 1179//51 55//51 53//51 
f 62//51 57//51 1179//51 
f 49//51 47//51 1167//51 
f 1166//51 58//51 62//51 
f 57//51 55//51 1179//51 
f 37//51 1158//51 1167//51 
f 1158//51 32//51 33//51 
f 1158//51 35//51 32//51 
f 33//51 1148//51 1158//51 
f 1158//51 40//51 35//51 
f 33//51 29//51 1148//51 
f 1146//51 1148//51 17//51 
f 1148//51 21//51 19//51 
f 1158//51 36//51 40//51 
f 19//51 17//51 1148//51 
f 1148//51 25//51 23//51 
f 29//51 27//51 1148//51 
f 17//51 15//51 1146//51 
f 27//51 25//51 1148//51 
f 1166//51 1146//51 5//51 
f 1146//51 13//51 11//51 
f 23//51 21//51 1148//51 
f 1166//51 64//51 59//51 
f 5//51 3//51 1166//51 
f 1146//51 9//51 7//51 
f 15//51 13//51 1146//51 
f 3//51 64//51 1166//51 
f 11//51 9//51 1146//51 
f 7//51 5//51 1146//51 
f 1175//51 933//51 934//51 
f 934//51 935//51 1175//51 
f 936//51 937//51 938//51 
f 939//51 1175//51 940//51 
f 1175//51 941//51 933//51 
f 942//51 943//51 944//51 
f 942//51 945//51 946//51 
f 936//51 947//51 937//51 
f 939//51 948//51 947//51 
f 939//51 949//51 950//51 
f 935//51 940//51 1175//51 
f 1175//51 951//51 952//51 
f 1175//51 942//51 953//51 
f 942//51 954//51 943//51 
f 946//51 955//51 942//51 
f 936//51 956//51 945//51 
f 947//51 936//51 939//51 
f 950//51 957//51 939//51 
f 1175//51 958//51 941//51 
f 1175//51 959//51 951//51 
f 942//51 960//51 953//51 
f 955//51 954//51 942//51 
f 936//51 961//51 956//51 
f 936//51 962//51 963//51 
f 939//51 964//51 948//51 
f 940//51 949//51 939//51 
f 953//51 959//51 1175//51 
f 945//51 942//51 936//51 
f 938//51 962//51 936//51 
f 952//51 958//51 1175//51 
f 944//51 965//51 942//51 
f 957//51 964//51 939//51 
f 1163//51 1175//51 939//51 
f 963//51 961//51 936//51 
f 965//51 960//51 942//51 
f 1162//51 966//51 967//51 
f 967//51 968//51 1162//51 
f 969//51 970//51 971//51 
f 1162//51 972//51 966//51 
f 969//51 973//51 970//51 
f 1162//51 974//51 975//51 
f 968//51 976//51 1162//51 
f 977//51 978//51 972//51 
f 979//51 980//51 981//51 
f 979//51 982//51 983//51 
f 979//51 969//51 984//51 
f 969//51 985//51 973//51 
f 969//51 1162//51 986//51 
f 975//51 987//51 1162//51 
f 972//51 1162//51 977//51 
f 977//51 988//51 989//51 
f 983//51 980//51 979//51 
f 984//51 990//51 979//51 
f 969//51 991//51 992//51 
f 986//51 985//51 969//51 
f 976//51 974//51 1162//51 
f 977//51 993//51 988//51 
f 979//51 994//51 982//51 
f 990//51 995//51 979//51 
f 971//51 991//51 969//51 
f 989//51 978//51 977//51 
f 995//51 994//51 979//51 
f 969//51 996//51 997//51 
f 987//51 986//51 1162//51 
f 977//51 981//51 998//51 
f 997//51 984//51 969//51 
f 998//51 993//51 977//51 
f 992//51 996//51 969//51 
f 1163//51 999//51 977//51 
f 977//51 1162//51 1163//51 
f 1108//51 625//51 1000//51 
f 1001//51 1002//51 1003//51 
f 1108//51 1004//51 1005//51 
f 1003//51 1108//51 1001//51 
f 1006//51 1007//51 1008//51 
f 1110//51 1009//51 1007//51 
f 1110//51 1108//51 1010//51 
f 1108//51 1011//51 1012//51 
f 1108//51 1013//51 1004//51 
f 1003//51 1014//51 1108//51 
f 1001//51 1015//51 1016//51 
f 1006//51 1017//51 1018//51 
f 1007//51 1006//51 1110//51 
f 1110//51 1019//51 1020//51 
f 1010//51 1021//51 1110//51 
f 1005//51 1011//51 1108//51 
f 1001//51 1022//51 1002//51 
f 1016//51 1023//51 1001//51 
f 1008//51 1017//51 1006//51 
f 1020//51 1024//51 1110//51 
f 1110//51 1025//51 1026//51 
f 1108//51 1027//51 1010//51 
f 1014//51 1013//51 1108//51 
f 1001//51 1028//51 1015//51 
f 1024//51 1009//51 1110//51 
f 1021//51 1025//51 1110//51 
f 1023//51 1022//51 1001//51 
f 1001//51 1029//51 1030//51 
f 1006//51 1031//51 1029//51 
f 1026//51 1019//51 1110//51 
f 1030//51 1028//51 1001//51 
f 1006//51 1032//51 1031//51 
f 1012//51 1027//51 1108//51 
f 1112//51 1110//51 1006//51 
f 1018//51 1032//51 1006//51 
f 1029//51 1001//51 1006//51 
f 1114//51 1033//51 1034//51 
f 1114//51 1035//51 1033//51 
f 1114//51 1036//51 1037//51 
f 1036//51 1038//51 1039//51 
f 1036//51 1040//51 1041//51 
f 1042//51 1043//51 1040//51 
f 1180//51 1044//51 1045//51 
f 1034//51 1046//51 1114//51 
f 1039//51 1037//51 1036//51 
f 1036//51 1047//51 1048//51 
f 1040//51 1036//51 1042//51 
f 1042//51 1049//51 1050//51 
f 1045//51 1042//51 1180//51 
f 1037//51 1035//51 1114//51 
f 1041//51 1047//51 1036//51 
f 1042//51 1051//51 1052//51 
f 1042//51 1053//51 1049//51 
f 1045//51 1054//51 1042//51 
f 1114//51 1055//51 1056//51 
f 1048//51 1038//51 1036//51 
f 1050//51 1051//51 1042//51 
f 1180//51 1057//51 1044//51 
f 1180//51 1058//51 1059//51 
f 1180//51 1060//51 1061//51 
f 1114//51 1062//51 1063//51 
f 1046//51 1055//51 1114//51 
f 1054//51 1053//51 1042//51 
f 1061//51 1058//51 1180//51 
f 1056//51 1062//51 1114//51 
f 1059//51 1057//51 1180//51 
f 1052//51 1043//51 1042//51 
f 1180//51 1063//51 1064//51 
f 1064//51 1060//51 1180//51 
f 1112//51 1065//51 1036//51 
f 1036//51 1114//51 1112//51 
f 1042//51 1066//51 1067//51 
f 1180//51 1067//51 1068//51 
f 1116//51 1114//51 1069//51 
f 1180//51 1070//51 1069//51 
f 1069//51 1114//51 1180//51 
f 1116//51 1071//51 1072//51 
f 1118//51 1072//51 1073//51 
f 1105//51 1109//51 1074//51 
f 1119//51 1073//51 1074//51 
f 1074//51 1109//51 1119//51 
f 1075//51 1076//51 626//51 
f 1174//51 629//51 1077//51 
f 1127//51 1174//51 1078//51 
f 1178//51 1127//51 1079//51 
f 1177//51 1178//51 1080//51 
f 1081//51 1082//51 1083//51 
f 1083//51 1084//51 1085//51 
f 1083//51 1085//51 1081//51 
f 1083//51 1086//51 1084//51 
f 1082//51 1087//51 1088//51 
f 1083//51 1089//51 1086//51 
f 1081//51 1087//51 1082//51 
f 1083//51 1153//51 1090//51 
f 1090//51 1089//51 1083//51 
f 1177//51 1082//51 1091//51 
f 1153//51 1092//51 1090//51 
f 754//51 1153//51 1083//51 
f 1088//51 1091//51 1082//51 
f 1091//51 845//51 1177//51 
f 1173//51 1171//51 1093//51 
f 736//51 1094//51 1093//51 
f 1093//51 1171//51 736//51 
f 718//51 1173//51 1095//51 
f 1167//51 1172//51 1096//51 
f 698//51 1097//51 1096//51 
f 1096//51 1172//51 698//51 
f 1098//51 1179//51 1167//51 
f 1099//51 1165//51 1179//51 
f 942//51 1175//51 1100//51 
f 1165//51 1099//51 1100//51 
f 1100//51 1175//51 1165//51 
f 1100//51 1101//51 942//51 
f 1179//51 1098//51 1099//51 
f 1167//51 1102//51 1098//51 
f 1096//51 1102//51 1167//51 
f 1095//51 1103//51 718//51 
f 1093//51 1095//51 1173//51 
f 1083//51 1104//51 754//51 
f 1080//51 1082//51 1177//51 
f 1079//51 1080//51 1178//51 
f 1078//51 1079//51 1127//51 
f 1077//51 1078//51 1174//51 
f 626//51 1105//51 1075//51 
f 1074//51 1075//51 1105//51 
f 1073//51 1119//51 1118//51 
f 1072//51 1118//51 1116//51 
f 1069//51 1071//51 1116//51 
f 1068//51 1070//51 1180//51 
f 1067//51 1180//51 1042//51 
f 1063//51 1180//51 1114//51 
f 1006//51 1065//51 1112//51 
f 1000//51 1001//51 1108//51 
f 981//51 977//51 979//51 
f 939//51 999//51 1163//51 
f 59//51 58//51 1166//51 
f 37//51 36//51 1158//51 
f 931//51 903//51 1120//51 
f 912//51 918//51 1123//51 
f 906//51 1132//51 1138//51 
f 900//51 910//51 1137//51 
f 898//51 877//51 1168//51 
f 870//51 884//51 1159//51 
f 859//51 1092//51 1153//51 
f 847//51 1140//51 1126//51 
f 844//51 849//51 1177//51 
f 833//51 814//51 1131//51 
f 811//51 1176//51 1117//51 
f 809//51 801//51 1143//51 
f 1145//51 1144//51 807//51 
f 1144//51 1157//51 806//51 
f 803//51 806//51 1157//51 
f 802//51 805//51 1164//51 
f 801//51 802//51 1156//51 
f 793//51 777//51 1107//51 
f 773//51 1125//51 1122//51 
f 752//51 1161//51 1153//51 
f 751//51 765//51 747//51 
f 729//51 702//51 1170//51 
f 701//51 714//51 699//51 
f 1169//51 699//51 698//51 
f 1162//51 969//51 697//51 
f 1171//51 1173//51 1170//51 
f 1160//51 1170//51 1169//51 
f 1168//51 1172//51 1167//51 
f 1166//51 1179//51 1165//51 
f 1164//51 1175//51 1163//51 
f 1155//51 1163//51 1162//51 
f 1154//51 1162//51 696//51 
f 1161//51 1171//51 1160//51 
f 1152//51 1160//51 1159//51 
f 1149//51 1168//51 1158//51 
f 1146//51 1166//51 1157//51 
f 1156//51 1164//51 1155//51 
f 1142//51 1155//51 1154//51 
f 1141//51 1154//51 695//51 
f 1153//51 1161//51 1152//51 
f 1151//51 1152//51 1150//51 
f 1139//51 1150//51 1149//51 
f 1138//51 1149//51 1148//51 
f 1147//51 1148//51 1146//51 
f 1136//51 1146//51 1144//51 
f 1143//51 1156//51 1142//51 
f 1135//51 1142//51 1141//51 
f 1134//51 1141//51 694//51 
f 1140//51 1151//51 1139//51 
f 1133//51 1139//51 1138//51 
f 1137//51 1147//51 1136//51 
f 1130//51 1143//51 1135//51 
f 1129//51 1135//51 1134//51 
f 1128//51 1134//51 693//51 
f 1126//51 1140//51 1133//51 
f 1124//51 1133//51 1132//51 
f 1120//51 1137//51 1131//51 
f 1117//51 1176//51 1130//51 
f 1115//51 1130//51 1129//51 
f 1113//51 1129//51 1128//51 
f 1111//51 1128//51 692//51 
f 1127//51 1178//51 1126//51 
f 1125//51 1126//51 1124//51 
f 670//51 1122//51 1124//51 
f 640//51 1119//51 1120//51 
f 1118//51 1121//51 1117//51 
f 1116//51 1117//51 1115//51 
f 1114//51 1115//51 1113//51 
f 1112//51 1113//51 1111//51 
f 1110//51 1111//51 631//51 
f 1106//51 1122//51 1109//51 
f 1108//51 1110//51 630//51 
f 629//51 1174//51 1107//51 
f 628//51 1107//51 1106//51 
f 627//51 1106//51 1105//51 
f 625//51 1108//51 623//51 
o mesh3
f 478//52 66//52 969//52 
f 697//52 969//52 66//52 
f 66//52 65//52 697//52 
f 969//52 979//52 478//52 
o mesh4
f 375//52 374//52 942//52 
f 936//52 942//52 374//52 
f 374//52 511//52 936//52 
f 942//52 1101//52 375//52 
o mesh5
f 395//53 195//53 754//53 
f 195//53 190//53 747//53 
f 747//53 754//53 195//53 
f 736//53 747//53 190//53 
f 190//53 175//53 736//53 
f 1094//53 736//53 175//53 
f 175//53 543//53 1094//53 
f 754//53 1104//53 395//53 
o mesh6
f 380//52 156//52 718//52 
f 714//52 718//52 156//52 
f 156//52 143//52 714//52 
f 699//52 714//52 143//52 
f 143//52 68//52 699//52 
f 698//52 699//52 68//52 
f 68//52 67//52 698//52 
f 1097//52 698//52 67//52 
f 67//52 544//52 1097//52 
f 718//52 1103//52 380//52 
o mesh7
f 542//54 401//54 626//54 
f 627//54 626//54 401//54 
f 401//54 138//54 627//54 
f 628//54 627//54 138//54 
f 138//54 139//54 628//54 
f 629//54 628//54 139//54 
f 139//54 140//54 629//54 
f 1077//54 629//54 140//54 
f 140//54 399//54 1077//54 
f 626//54 1076//54 542//54 
o mesh8
f 541//54 410//54 1067//54 
f 1068//54 1067//54 410//54 
f 410//54 408//54 1068//54 
f 1067//54 1066//54 541//54 
o mesh9
f 65//55 69//55 696//55 
f 696//55 69//55 70//55 
f 70//55 695//55 696//55 
f 695//55 70//55 71//55 
f 71//55 694//55 695//55 
f 72//55 693//55 694//55 
f 694//55 71//55 72//55 
f 692//55 693//55 72//55 
f 72//55 73//55 692//55 
f 73//55 74//55 631//55 
f 631//55 692//55 73//55 
f 74//55 135//55 630//55 
f 630//55 631//55 74//55 
f 623//55 630//55 135//55 
f 135//55 136//55 623//55 
f 624//55 623//55 136//55 
f 136//55 546//55 624//55 
f 696//55 697//55 65//55 
o mesh10
f 546//54 137//54 625//54 
f 1000//54 625//54 137//54 
f 137//54 475//54 1000//54 
f 625//54 624//54 546//54 
o mesh11
f 1001//56 444//56 453//56 
f 475//56 444//56 1001//56 
f 1001//56 1000//56 475//56 
f 453//56 1006//56 1001//56 
o mesh12
f 1066//55 1042//55 409//55 
f 413//55 409//55 1042//55 
f 1042//55 1036//55 413//55 
f 409//55 541//55 1066//55 
o mesh13
f 1036//57 1065//57 474//57 
f 453//57 474//57 1065//57 
f 1065//57 1006//57 453//57 
f 474//57 413//57 1036//57 
o mesh14
f 1070//56 407//56 405//56 
f 408//56 407//56 1070//56 
f 1070//56 1068//56 408//56 
f 405//56 1069//56 1070//56 
o mesh15
f 1076//58 1075//58 400//58 
f 402//58 400//58 1075//58 
f 1075//58 1074//58 402//58 
f 400//58 542//58 1076//58 
o mesh16
f 1074//57 1073//57 403//57 
f 404//57 403//57 1073//57 
f 1073//57 1072//57 404//57 
f 406//57 404//57 1072//57 
f 1072//57 1071//57 406//57 
f 405//57 406//57 1071//57 
f 1071//57 1069//57 405//57 
f 403//57 402//57 1074//57 
o mesh17
f 385//57 395//57 1104//57 
f 1104//57 1083//57 385//57 
o mesh18
f 1083//59 1082//59 386//59 
f 386//59 1082//59 1080//59 
f 1080//59 396//59 386//59 
f 396//59 1080//59 1079//59 
f 1079//59 397//59 396//59 
f 1078//59 398//59 397//59 
f 397//59 1079//59 1078//59 
f 399//59 398//59 1078//59 
f 1078//59 1077//59 399//59 
f 386//59 385//59 1083//59 
o mesh19
f 1103//59 1095//59 381//59 
f 382//59 381//59 1095//59 
f 1095//59 1093//59 382//59 
f 381//59 380//59 1103//59 
o mesh20
f 1094//60 543//60 382//60 
f 382//60 1093//60 1094//60 
o mesh21
f 810//60 245//60 246//60 
f 246//60 809//60 810//60 
o mesh22
f 810//61 808//61 545//61 
f 545//61 808//61 807//61 
f 807//61 247//61 545//61 
f 247//61 807//61 806//61 
f 806//61 248//61 247//61 
f 803//61 249//61 248//61 
f 248//61 806//61 803//61 
f 545//61 245//61 810//61 
o mesh23
f 804//62 250//62 249//62 
f 249//62 803//62 804//62 
o mesh24
f 804//63 805//63 242//63 
f 243//63 242//63 805//63 
f 805//63 802//63 243//63 
f 244//63 243//63 802//63 
f 802//63 801//63 244//63 
f 246//63 244//63 801//63 
f 801//63 809//63 246//63 
f 242//63 250//63 804//63 
o mesh25
f 1097//64 544//64 379//64 
f 379//64 1096//64 1097//64 
o mesh26
f 1100//63 373//63 375//63 
f 375//63 1101//63 1100//63 
o mesh27
f 1100//65 1099//65 376//65 
f 377//65 376//65 1099//65 
f 1099//65 1098//65 377//65 
f 378//65 377//65 1098//65 
f 1098//65 1102//65 378//65 
f 379//65 378//65 1102//65 
f 1102//65 1096//65 379//65 
f 376//65 373//65 1100//65 
o mesh28
f 936//64 511//64 526//64 
f 526//64 939//64 936//64 
o mesh29
f 977//66 485//66 478//66 
f 478//66 979//66 977//66 
o mesh30
f 977//65 999//65 540//65 
f 526//65 540//65 999//65 
f 999//65 939//65 526//65 
f 540//65 485//65 977//65 
o mesh31
f 283//67 282//66 931//66 
f 280//68 283//67 926//67 
f 281//69 280//68 932//68 
f 275//70 281//69 928//69 
f 276//71 275//70 927//70 
f 274//72 276//71 922//71 
f 272//73 274//72 921//72 
f 278//74 272//73 920//73 
f 279//75 278//74 919//74 
f 277//76 279//75 924//75 
f 273//77 277//76 923//76 
f 271//78 273//77 929//77 
f 270//79 271//78 930//78 
f 268//80 270//79 925//79 
f 268//80 917//80 916//81 
f 918//82 912//83 251//83 
f 918//82 254//82 269//84 
f 269//84 916//81 918//82 
f 251//83 254//82 918//82 
f 256//85 251//83 912//83 
f 252//86 256//85 911//85 
f 253//87 252//86 913//86 
f 255//88 253//87 915//87 
f 906//89 905//90 260//90 
f 906//89 259//89 255//88 
f 255//88 914//91 906//89 
f 257//92 260//90 905//90 
f 258//93 257//92 908//92 
f 261//94 258//93 907//93 
f 910//95 900//96 266//96 
f 910//95 262//95 261//94 
f 261//94 909//97 910//95 
f 264//98 266//96 900//96 
f 265//99 264//98 899//98 
f 267//100 265//99 902//99 
f 263//101 267//100 901//100 
f 903//102 931//66 282//66 
f 903//102 284//102 263//101 
f 263//101 904//101 903//102 
f 282//66 284//102 903//102 
f 901//100 904//101 263//101 
f 902//99 901//100 267//100 
f 899//98 902//99 265//99 
f 900//96 899//98 264//98 
f 266//96 262//95 910//95 
f 907//93 909//97 261//94 
f 908//92 907//93 258//93 
f 905//90 908//92 257//92 
f 260//90 259//89 906//89 
f 915//87 914//91 255//88 
f 913//86 915//87 253//87 
f 911//85 913//86 252//86 
f 912//83 911//85 256//85 
f 916//81 269//84 268//80 
f 925//79 917//80 268//80 
f 930//78 925//79 270//79 
f 929//77 930//78 271//78 
f 923//76 929//77 273//77 
f 924//75 923//76 277//76 
f 919//74 924//75 279//75 
f 920//73 919//74 278//74 
f 921//72 920//73 272//73 
f 922//71 921//72 274//72 
f 927//70 922//71 276//71 
f 928//69 927//70 275//70 
f 932//68 928//69 281//69 
f 926//67 932//68 280//68 
f 931//66 926//67 283//67 
o mesh32
f 311//103 313//104 892//104 
f 312//105 311//103 891//106 
f 309//107 312//105 896//108 
f 310//109 309//107 895//110 
f 308//111 310//109 894//112 
f 307//113 308//111 893//114 
f 301//115 307//113 890//116 
f 302//117 301//115 886//118 
f 305//119 302//117 883//120 
f 306//121 305//119 885//122 
f 304//123 306//121 888//124 
f 303//125 304//123 887//126 
f 299//127 303//125 889//128 
f 296//129 299//127 879//130 
f 298//131 297//132 881//132 
f 878//133 881//132 297//132 
f 297//132 296//129 878//133 
f 300//134 298//131 880//135 
f 884//136 870//137 288//137 
f 884//136 291//136 300//134 
f 300//134 882//138 884//136 
f 289//139 288//137 870//137 
f 290//140 289//139 868//139 
f 287//141 290//140 872//140 
f 285//142 287//141 871//141 
f 286//143 285//142 869//142 
f 295//144 286//143 867//143 
f 293//145 295//144 873//144 
f 294//146 293//145 874//145 
f 292//147 294//146 876//146 
f 877//148 898//149 316//149 
f 877//148 315//148 292//147 
f 292//147 875//150 877//148 
f 314//151 316//149 898//149 
f 313//104 314//151 897//151 
f 897//151 892//104 313//104 
f 898//149 897//151 314//151 
f 316//149 315//148 877//148 
f 876//146 875//150 292//147 
f 874//145 876//146 294//146 
f 873//144 874//145 293//145 
f 867//143 873//144 295//144 
f 869//142 867//143 286//143 
f 871//141 869//142 285//142 
f 872//140 871//141 287//141 
f 868//139 872//140 290//140 
f 870//137 868//139 289//139 
f 288//137 291//136 884//136 
f 880//135 882//138 300//134 
f 881//132 880//135 298//131 
f 879//130 878//133 296//129 
f 889//128 879//130 299//127 
f 887//126 889//128 303//125 
f 888//124 887//126 304//123 
f 885//122 888//124 306//121 
f 883//120 885//122 305//119 
f 886//118 883//120 302//117 
f 890//116 886//118 301//115 
f 893//114 890//116 307//113 
f 894//112 893//114 308//111 
f 895//110 894//112 310//109 
f 896//108 895//110 309//107 
f 891//106 896//108 312//105 
f 892//104 891//106 311//103 
o mesh33
f 325//152 332//153 860//153 
f 326//154 325//152 861//155 
f 320//156 326//154 863//157 
f 321//158 320//156 862//159 
f 324//160 321//158 865//161 
f 334//162 324//160 864//163 
f 847//164 846//165 336//165 
f 847//164 335//164 334//162 
f 334//162 866//166 847//164 
f 337//167 336//165 846//165 
f 849//168 844//169 339//169 
f 849//168 338//168 337//167 
f 337//167 848//170 849//168 
f 340//171 339//169 844//169 
f 845//172 1091//173 390//173 
f 845//172 394//172 340//171 
f 340//171 843//174 845//172 
f 391//175 390//173 1091//173 
f 388//176 391//175 1088//175 
f 383//177 388//176 1087//176 
f 387//178 384//179 1085//179 
f 1081//180 1085//179 384//179 
f 384//179 383//177 1081//180 
f 389//181 387//178 1084//182 
f 392//183 389//181 1086//184 
f 393//185 392//183 1089//186 
f 1092//187 859//188 330//188 
f 1092//187 333//187 393//185 
f 393//185 1090//189 1092//187 
f 331//190 330//188 859//188 
f 323//191 331//190 856//190 
f 319//192 323//191 855//191 
f 322//193 319//192 851//192 
f 317//194 322//193 850//193 
f 318//195 317//194 854//194 
f 328//196 318//195 853//195 
f 329//197 328//196 852//196 
f 327//198 329//197 858//197 
f 332//153 327//198 857//198 
f 857//198 860//153 332//153 
f 858//197 857//198 327//198 
f 852//196 858//197 329//197 
f 853//195 852//196 328//196 
f 854//194 853//195 318//195 
f 850//193 854//194 317//194 
f 851//192 850//193 322//193 
f 855//191 851//192 319//192 
f 856//190 855//191 323//191 
f 859//188 856//190 331//190 
f 330//188 333//187 1092//187 
f 1089//186 1090//189 393//185 
f 1086//184 1089//186 392//183 
f 1084//182 1086//184 389//181 
f 1085//179 1084//182 387//178 
f 1087//176 1081//180 383//177 
f 1088//175 1087//176 388//176 
f 1091//173 1088//175 391//175 
f 390//173 394//172 845//172 
f 844//169 843//174 340//171 
f 339//169 338//168 849//168 
f 846//165 848//170 337//167 
f 336//165 335//164 847//164 
f 864//163 866//166 334//162 
f 865//161 864//163 324//160 
f 862//159 865//161 321//158 
f 863//157 862//159 320//156 
f 861//155 863//157 326//154 
f 860//153 861//155 325//152 
o mesh34
f 128//199 134//200 688//200 
f 129//201 128//199 691//202 
f 117//203 129//201 683//204 
f 118//205 117//203 682//206 
f 124//207 118//205 666//208 
f 116//209 124//207 665//210 
f 111//211 116//209 668//212 
f 112//213 111//211 669//214 
f 123//215 112//213 662//216 
f 127//217 123//215 667//218 
f 122//219 127//217 684//220 
f 115//221 122//219 689//222 
f 110//223 115//221 685//224 
f 106//225 110//223 676//226 
f 107//227 105//228 670//228 
f 671//229 670//228 105//228 
f 105//228 106//225 671//229 
f 108//230 107//227 672//231 
f 109//232 108//230 677//233 
f 132//234 109//232 679//235 
f 121//236 132//234 678//237 
f 114//238 121//236 690//239 
f 113//240 114//238 673//241 
f 126//242 113//240 664//243 
f 125//244 126//242 663//245 
f 119//246 125//244 680//247 
f 120//248 119//246 681//249 
f 130//250 120//248 675//251 
f 131//252 130//250 674//253 
f 133//254 131//252 687//255 
f 134//200 133//254 686//254 
f 686//254 688//200 134//200 
f 687//255 686//254 133//254 
f 674//253 687//255 131//252 
f 675//251 674//253 130//250 
f 681//249 675//251 120//248 
f 680//247 681//249 119//246 
f 663//245 680//247 125//244 
f 664//243 663//245 126//242 
f 673//241 664//243 113//240 
f 690//239 673//241 114//238 
f 678//237 690//239 121//236 
f 679//235 678//237 132//234 
f 677//233 679//235 109//232 
f 672//231 677//233 108//230 
f 670//228 672//231 107//227 
f 676//226 671//229 106//225 
f 685//224 676//226 110//223 
f 689//222 685//224 115//221 
f 684//220 689//222 122//219 
f 667//218 684//220 127//217 
f 662//216 667//218 123//215 
f 669//214 662//216 112//213 
f 668//212 669//214 111//211 
f 665//210 668//212 116//209 
f 666//208 665//210 124//207 
f 682//206 666//208 118//205 
f 683//204 682//206 117//203 
f 691//202 683//204 129//201 
f 688//200 691//202 128//199 
o mesh35
f 98//256 104//257 658//257 
f 99//258 98//256 661//259 
f 87//260 99//258 653//261 
f 88//262 87//260 652//263 
f 95//264 88//262 633//265 
f 83//266 95//264 632//267 
f 81//268 83//266 639//269 
f 82//270 81//268 634//271 
f 94//272 82//270 636//273 
f 97//274 94//272 635//275 
f 93//276 97//274 654//277 
f 86//278 93//276 659//279 
f 80//280 86//278 655//281 
f 75//282 80//280 647//283 
f 77//284 76//285 640//285 
f 641//286 640//285 76//285 
f 76//285 75//282 641//286 
f 78//287 77//284 642//288 
f 79//289 78//287 648//290 
f 102//291 79//289 650//292 
f 92//293 102//291 649//294 
f 84//295 92//293 660//296 
f 85//297 84//295 643//298 
f 91//299 85//297 638//300 
f 96//301 91//299 637//302 
f 89//303 96//301 644//304 
f 90//305 89//303 651//306 
f 100//307 90//305 646//308 
f 101//309 100//307 645//310 
f 103//311 101//309 657//312 
f 104//257 103//311 656//311 
f 656//311 658//257 104//257 
f 657//312 656//311 103//311 
f 645//310 657//312 101//309 
f 646//308 645//310 100//307 
f 651//306 646//308 90//305 
f 644//304 651//306 89//303 
f 637//302 644//304 96//301 
f 638//300 637//302 91//299 
f 643//298 638//300 85//297 
f 660//296 643//298 84//295 
f 649//294 660//296 92//293 
f 650//292 649//294 102//291 
f 648//290 650//292 79//289 
f 642//288 648//290 78//287 
f 640//285 642//288 77//284 
f 647//283 641//286 75//282 
f 655//281 647//283 80//280 
f 659//279 655//281 86//278 
f 654//277 659//279 93//276 
f 635//275 654//277 97//274 
f 636//273 635//275 94//272 
f 634//271 636//273 82//270 
f 639//269 634//271 81//268 
f 632//267 639//269 83//266 
f 633//265 632//267 95//264 
f 652//263 633//265 88//262 
f 653//261 652//263 87//260 
f 661//259 653//261 99//258 
f 658//257 661//259 98//256 
o mesh36
f 366//313 371//314 836//314 
f 367//315 366//313 837//316 
f 357//317 367//315 839//318 
f 358//319 357//317 838//320 
f 365//321 358//319 841//322 
f 372//323 365//321 840//324 
f 811//325 812//326 344//326 
f 811//325 341//325 372//323 
f 372//323 842//327 811//325 
f 342//328 344//326 812//326 
f 814//329 833//330 363//330 
f 814//329 343//329 342//328 
f 342//328 813//331 814//329 
f 364//332 363//330 833//330 
f 350//333 364//332 829//332 
f 351//334 350//333 828//333 
f 349//335 351//334 820//334 
f 347//336 349//335 819//335 
f 345//337 348//338 816//338 
f 817//339 816//338 348//338 
f 348//338 347//336 817//339 
f 346//340 345//337 815//341 
f 362//342 346//340 818//343 
f 361//344 362//342 821//345 
f 355//346 361//344 830//347 
f 356//348 355//346 831//349 
f 360//350 356//348 823//351 
f 354//352 360//350 822//353 
f 359//354 354//352 825//355 
f 352//356 359//354 824//357 
f 353//358 352//356 832//359 
f 369//360 353//358 827//361 
f 370//362 369//360 826//363 
f 368//364 370//362 835//365 
f 371//314 368//364 834//364 
f 834//364 836//314 371//314 
f 835//365 834//364 368//364 
f 826//363 835//365 370//362 
f 827//361 826//363 369//360 
f 832//359 827//361 353//358 
f 824//357 832//359 352//356 
f 825//355 824//357 359//354 
f 822//353 825//355 354//352 
f 823//351 822//353 360//350 
f 831//349 823//351 356//348 
f 830//347 831//349 355//346 
f 821//345 830//347 361//344 
f 818//343 821//345 362//342 
f 815//341 818//343 346//340 
f 816//338 815//341 345//337 
f 819//335 817//339 347//336 
f 820//334 819//335 349//335 
f 828//333 820//334 351//334 
f 829//332 828//333 350//333 
f 833//330 829//332 364//332 
f 363//330 343//329 814//329 
f 812//326 813//331 342//328 
f 344//326 341//325 811//325 
f 840//324 842//327 372//323 
f 841//322 840//324 365//321 
f 838//320 841//322 358//319 
f 839//318 838//320 357//317 
f 837//316 839//318 367//315 
f 836//314 837//316 366//313 
o mesh37
f 225//366 227//367 786//367 
f 226//368 225//366 791//369 
f 216//370 217//371 773//371 
f 792//372 773//371 217//371 
f 217//371 226//368 792//372 
f 212//373 216//370 772//374 
f 213//375 212//373 774//376 
f 220//377 213//375 770//378 
f 218//379 220//377 769//380 
f 219//381 218//379 778//382 
f 214//383 219//381 780//384 
f 215//385 214//383 779//386 
f 210//387 215//385 776//388 
f 211//389 210//387 775//390 
f 232//391 240//392 777//392 
f 771//393 777//392 240//392 
f 240//392 211//389 771//393 
f 223//394 232//391 793//395 
f 222//396 221//397 782//397 
f 783//398 782//397 221//397 
f 221//397 223//394 783//398 
f 230//399 222//396 781//400 
f 231//401 230//399 787//402 
f 238//403 231//401 789//404 
f 239//405 238//403 788//406 
f 241//407 239//405 795//408 
f 236//409 241//407 794//410 
f 237//411 236//409 799//412 
f 234//413 237//411 796//414 
f 235//415 234//413 800//416 
f 233//417 235//415 798//418 
f 228//419 233//417 797//420 
f 229//421 228//419 790//422 
f 224//423 229//421 785//424 
f 227//367 224//423 784//423 
f 784//423 786//367 227//367 
f 785//424 784//423 224//423 
f 790//422 785//424 229//421 
f 797//420 790//422 228//419 
f 798//418 797//420 233//417 
f 800//416 798//418 235//415 
f 796//414 800//416 234//413 
f 799//412 796//414 237//411 
f 794//410 799//412 236//409 
f 795//408 794//410 241//407 
f 788//406 795//408 239//405 
f 789//404 788//406 238//403 
f 787//402 789//404 231//401 
f 781//400 787//402 230//399 
f 782//397 781//400 222//396 
f 793//395 783//398 223//394 
f 777//392 793//395 232//391 
f 775//390 771//393 211//389 
f 776//388 775//390 210//387 
f 779//386 776//388 215//385 
f 780//384 779//386 214//383 
f 778//382 780//384 219//381 
f 769//380 778//382 218//379 
f 770//378 769//380 220//377 
f 774//376 770//378 213//375 
f 772//374 774//376 212//373 
f 773//371 772//374 216//370 
f 791//369 792//372 226//368 
f 786//367 791//369 225//366 
o mesh38
f 419//425 421//426 1035//426 
f 420//427 419//425 1037//428 
f 417//429 420//427 1039//430 
f 418//431 417//429 1038//432 
f 416//433 418//431 1048//434 
f 414//435 416//433 1047//436 
f 415//437 414//435 1041//438 
f 434//439 415//437 1040//440 
f 435//441 434//439 1043//442 
f 429//443 435//441 1052//444 
f 430//445 429//443 1051//446 
f 433//447 430//445 1050//448 
f 432//449 433//447 1049//450 
f 411//451 432//449 1053//452 
f 428//453 412//454 1045//454 
f 1054//455 1045//454 412//454 
f 412//454 411//451 1054//455 
f 426//456 428//453 1044//457 
f 427//458 426//456 1057//459 
f 424//460 427//458 1059//461 
f 425//462 424//460 1058//463 
f 440//464 425//462 1061//465 
f 441//466 440//464 1060//467 
f 439//468 441//466 1064//469 
f 437//470 439//468 1063//471 
f 438//472 437//470 1062//473 
f 436//474 438//472 1056//475 
f 422//476 436//474 1055//477 
f 423//478 422//476 1046//479 
f 431//480 423//478 1034//481 
f 421//426 431//480 1033//480 
f 1033//480 1035//426 421//426 
f 1034//481 1033//480 431//480 
f 1046//479 1034//481 423//478 
f 1055//477 1046//479 422//476 
f 1056//475 1055//477 436//474 
f 1062//473 1056//475 438//472 
f 1063//471 1062//473 437//470 
f 1064//469 1063//471 439//468 
f 1060//467 1064//469 441//466 
f 1061//465 1060//467 440//464 
f 1058//463 1061//465 425//462 
f 1059//461 1058//463 424//460 
f 1057//459 1059//461 427//458 
f 1044//457 1057//459 426//456 
f 1045//454 1044//457 428//453 
f 1053//452 1054//455 411//451 
f 1049//450 1053//452 432//449 
f 1050//448 1049//450 433//447 
f 1051//446 1050//448 430//445 
f 1052//444 1051//446 429//443 
f 1043//442 1052//444 435//441 
f 1040//440 1043//442 434//439 
f 1041//438 1040//440 415//437 
f 1047//436 1041//438 414//435 
f 1048//434 1047//436 416//433 
f 1038//432 1048//434 418//431 
f 1039//430 1038//432 417//429 
f 1037//428 1039//430 420//427 
f 1035//426 1037//428 419//425 
o mesh39
f 465//482 470//483 1009//483 
f 466//484 465//482 1024//485 
f 463//486 466//484 1020//487 
f 464//488 463//486 1019//489 
f 462//490 464//488 1026//491 
f 451//492 462//490 1025//493 
f 452//494 451//492 1021//495 
f 460//496 452//494 1010//497 
f 461//498 460//496 1027//499 
f 449//500 461//498 1012//501 
f 450//502 449//500 1011//503 
f 459//504 450//502 1005//505 
f 458//506 459//504 1004//507 
f 442//508 458//506 1013//509 
f 448//510 443//511 1003//511 
f 1014//512 1003//511 443//511 
f 443//511 442//508 1014//512 
f 447//513 448//510 1002//514 
f 445//515 447//513 1022//516 
f 446//517 445//515 1023//518 
f 457//519 446//517 1016//520 
f 473//521 457//519 1015//522 
f 456//523 473//521 1028//524 
f 454//525 456//523 1030//526 
f 455//527 454//525 1029//528 
f 471//529 455//527 1031//530 
f 472//531 471//529 1032//532 
f 468//533 472//531 1018//534 
f 469//535 468//533 1017//536 
f 467//537 469//535 1008//538 
f 470//483 467//537 1007//537 
f 1007//537 1009//483 470//483 
f 1008//538 1007//537 467//537 
f 1017//536 1008//538 469//535 
f 1018//534 1017//536 468//533 
f 1032//532 1018//534 472//531 
f 1031//530 1032//532 471//529 
f 1029//528 1031//530 455//527 
f 1030//526 1029//528 454//525 
f 1028//524 1030//526 456//523 
f 1015//522 1028//524 473//521 
f 1016//520 1015//522 457//519 
f 1023//518 1016//520 446//517 
f 1022//516 1023//518 445//515 
f 1002//514 1022//516 447//513 
f 1003//511 1002//514 448//510 
f 1013//509 1014//512 442//508 
f 1004//507 1013//509 458//506 
f 1005//505 1004//507 459//504 
f 1011//503 1005//505 450//502 
f 1012//501 1011//503 449//500 
f 1027//499 1012//501 461//498 
f 1010//497 1027//499 460//496 
f 1021//495 1010//497 452//494 
f 1025//493 1021//495 451//492 
f 1026//491 1025//493 462//490 
f 1019//489 1026//491 464//488 
f 1020//487 1019//489 463//486 
f 1024//485 1020//487 466//484 
f 1009//483 1024//485 465//482 
o mesh40
f 177//539 176//540 735//540 
f 178//541 177//539 734//542 
f 184//543 178//541 742//544 
f 180//545 184//543 741//546 
f 181//547 180//545 746//548 
f 188//549 181//547 745//550 
f 189//551 188//549 744//552 
f 192//553 189//551 749//554 
f 206//555 202//556 752//556 
f 753//557 752//556 202//556 
f 202//556 192//553 753//557 
f 208//558 206//555 766//559 
f 204//560 208//558 768//561 
f 205//562 204//560 767//563 
f 199//564 205//562 759//565 
f 196//566 199//564 756//567 
f 198//568 197//569 758//569 
f 755//570 758//569 197//569 
f 197//569 196//566 755//570 
f 200//571 198//568 757//572 
f 201//573 200//571 760//574 
f 209//575 201//573 764//576 
f 203//577 209//575 763//578 
f 207//579 203//577 762//580 
f 751//581 194//581 193//582 
f 207//579 761//583 765//582 
f 765//582 193//582 207//579 
f 191//584 194//581 751//581 
f 185//585 191//584 750//584 
f 186//586 185//585 748//585 
f 187//587 186//586 740//586 
f 182//588 187//587 739//587 
f 183//589 182//588 743//588 
f 179//590 183//589 738//589 
f 176//540 179//590 737//590 
f 737//590 735//540 176//540 
f 738//589 737//590 179//590 
f 743//588 738//589 183//589 
f 739//587 743//588 182//588 
f 740//586 739//587 187//587 
f 748//585 740//586 186//586 
f 750//584 748//585 185//585 
f 751//581 750//584 191//584 
f 193//582 765//582 751//581 
f 762//580 761//583 207//579 
f 763//578 762//580 203//577 
f 764//576 763//578 209//575 
f 760//574 764//576 201//573 
f 757//572 760//574 200//571 
f 758//569 757//572 198//568 
f 756//567 755//570 196//566 
f 759//565 756//567 199//564 
f 767//563 759//565 205//562 
f 768//561 767//563 204//560 
f 766//559 768//561 208//558 
f 752//556 766//559 206//555 
f 749//554 753//557 192//553 
f 744//552 749//554 189//551 
f 745//550 744//552 188//549 
f 746//548 745//550 181//547 
f 741//546 746//548 180//545 
f 742//544 741//546 184//543 
f 734//542 742//544 178//541 
f 735//540 734//542 177//539 
o mesh41
f 492//591 483//592 984//592 
f 505//593 492//591 997//594 
f 506//595 505//593 996//596 
f 501//597 506//595 992//598 
f 502//599 501//597 991//600 
f 504//601 502//599 971//602 
f 507//603 504//601 970//604 
f 503//605 507//603 973//606 
f 500//607 503//605 985//608 
f 497//609 500//607 986//610 
f 498//611 497//609 987//612 
f 496//613 498//611 975//614 
f 488//615 496//613 974//616 
f 476//617 488//615 976//618 
f 481//619 477//620 967//620 
f 968//621 967//620 477//620 
f 477//620 476//617 968//621 
f 487//622 481//619 966//623 
f 490//624 487//622 972//625 
f 491//626 490//624 978//627 
f 495//628 491//626 989//629 
f 494//630 495//628 988//631 
f 486//632 494//630 993//633 
f 484//634 486//632 998//635 
f 479//636 484//634 981//637 
f 480//638 479//636 980//639 
f 499//640 480//638 983//641 
f 493//642 499//640 982//643 
f 489//644 493//642 994//645 
f 482//646 489//644 995//647 
f 483//592 482//646 990//646 
f 990//646 984//592 483//592 
f 995//647 990//646 482//646 
f 994//645 995//647 489//644 
f 982//643 994//645 493//642 
f 983//641 982//643 499//640 
f 980//639 983//641 480//638 
f 981//637 980//639 479//636 
f 998//635 981//637 484//634 
f 993//633 998//635 486//632 
f 988//631 993//633 494//630 
f 989//629 988//631 495//628 
f 978//627 989//629 491//626 
f 972//625 978//627 490//624 
f 966//623 972//625 487//622 
f 967//620 966//623 481//619 
f 976//618 968//621 476//617 
f 974//616 976//618 488//615 
f 975//614 974//616 496//613 
f 987//612 975//614 498//611 
f 986//610 987//612 497//609 
f 985//608 986//610 500//607 
f 973//606 985//608 503//605 
f 970//604 973//606 507//603 
f 971//602 970//604 504//601 
f 991//600 971//602 502//599 
f 992//598 991//600 501//597 
f 996//596 992//598 506//595 
f 997//594 996//596 505//593 
f 984//592 997//594 492//591 
o mesh42
f 520//648 512//649 945//649 
f 535//650 520//648 956//651 
f 536//652 535//650 961//653 
f 530//654 536//652 963//655 
f 531//656 530//654 962//657 
f 528//658 531//656 938//659 
f 529//660 528//658 937//661 
f 539//662 529//660 947//663 
f 537//664 539//662 948//665 
f 533//666 537//664 964//667 
f 534//668 533//666 957//669 
f 527//670 534//668 950//671 
f 519//672 527//670 949//673 
f 508//674 519//672 940//675 
f 510//676 509//677 934//677 
f 935//678 934//677 509//677 
f 509//677 508//674 935//678 
f 525//679 510//676 933//680 
f 517//681 525//679 941//682 
f 518//683 517//681 958//684 
f 524//685 518//683 952//686 
f 515//687 524//685 951//688 
f 516//689 515//687 959//690 
f 538//691 516//689 953//692 
f 522//693 538//691 960//694 
f 523//695 522//693 965//696 
f 532//697 523//695 944//698 
f 521//699 532//697 943//700 
f 513//701 521//699 954//702 
f 514//703 513//701 955//704 
f 512//649 514//703 946//703 
f 946//703 945//649 512//649 
f 955//704 946//703 514//703 
f 954//702 955//704 513//701 
f 943//700 954//702 521//699 
f 944//698 943//700 532//697 
f 965//696 944//698 523//695 
f 960//694 965//696 522//693 
f 953//692 960//694 538//691 
f 959//690 953//692 516//689 
f 951//688 959//690 515//687 
f 952//686 951//688 524//685 
f 958//684 952//686 518//683 
f 941//682 958//684 517//681 
f 933//680 941//682 525//679 
f 934//677 933//680 510//676 
f 940//675 935//678 508//674 
f 949//673 940//675 519//672 
f 950//671 949//673 527//670 
f 957//669 950//671 534//668 
f 964//667 957//669 533//666 
f 948//665 964//667 537//664 
f 947//663 948//665 539//662 
f 937//661 947//663 529//660 
f 938//659 937//661 528//658 
f 962//657 938//659 531//656 
f 963//655 962//657 530//654 
f 961//653 963//655 536//652 
f 956//651 961//653 535//650 
f 945//649 956//651 520//648 
o mesh43
f 159//705 162//706 715//706 
f 160//707 159//705 728//708 
f 152//709 144//710 701//710 
f 719//711 701//710 144//710 
f 144//710 160//707 719//711 
f 150//712 152//709 700//713 
f 151//714 150//712 703//715 
f 153//716 151//714 705//717 
f 148//718 153//716 704//719 
f 149//720 148//718 711//721 
f 146//722 149//720 706//723 
f 147//724 146//722 710//725 
f 145//726 147//724 708//727 
f 141//728 145//726 707//729 
f 169//730 142//731 702//731 
f 709//732 702//731 142//731 
f 142//731 141//728 709//732 
f 158//733 169//730 729//734 
f 155//735 154//736 713//736 
f 717//737 713//736 154//736 
f 154//736 158//733 717//737 
f 173//738 155//735 712//739 
f 172//740 173//738 720//741 
f 167//742 172//740 732//743 
f 168//744 167//742 730//745 
f 171//746 168//744 722//747 
f 166//748 171//746 721//749 
f 174//750 166//748 724//751 
f 164//752 174//750 723//753 
f 165//754 164//752 733//755 
f 170//756 165//754 726//757 
f 163//758 170//756 725//759 
f 161//760 163//758 731//761 
f 157//762 161//760 727//763 
f 162//706 157//762 716//762 
f 716//762 715//706 162//706 
f 727//763 716//762 157//762 
f 731//761 727//763 161//760 
f 725//759 731//761 163//758 
f 726//757 725//759 170//756 
f 733//755 726//757 165//754 
f 723//753 733//755 164//752 
f 724//751 723//753 174//750 
f 721//749 724//751 166//748 
f 722//747 721//749 171//746 
f 730//745 722//747 168//744 
f 732//743 730//745 167//742 
f 720//741 732//743 172//740 
f 712//739 720//741 173//738 
f 713//736 712//739 155//735 
f 729//734 717//737 158//733 
f 702//731 729//734 169//730 
f 707//729 709//732 141//728 
f 708//727 707//729 145//726 
f 710//725 708//727 147//724 
f 706//723 710//725 146//722 
f 711//721 706//723 149//720 
f 704//719 711//721 148//718 
f 705//717 704//719 153//716 
f 703//715 705//717 151//714 
f 700//713 703//715 150//712 
f 701//710 700//713 152//709 
f 728//708 719//711 160//707 
f 715//706 728//708 159//705 
