# OBJ generated by ONSHAPE BY PTC INC, 1.219 Units = meters
mtllib Assembly 2 - Part 10.mtl
g Part 10
v 0.0874176 0.0741776 0.127 
v 0.0873805 0.0745188 0.127 
v 0.0873805 0.0745188 0.13335 
v 0.0875272 0.0738523 0.127 
v 0.0874176 0.0741776 0.13335 
v 0.0877042 0.0735581 0.127 
v 0.0875272 0.0738523 0.13335 
v 0.0879403 0.0733089 0.127 
v 0.0877042 0.0735581 0.13335 
v 0.0882244 0.0731162 0.127 
v 0.0879403 0.0733089 0.13335 
v 0.0885433 0.0729892 0.127 
v 0.0882244 0.0731162 0.13335 
v 0.0888821 0.0729337 0.127 
v 0.0886258 0.0729757 0.127 
v 0.0886258 0.0729757 0.13335 
v 0.0885433 0.0729892 0.13335 
v 0.0892248 0.0729522 0.127 
v 0.0888821 0.0729337 0.13335 
v 0.0895556 0.0730441 0.127 
v 0.0893092 0.0729757 0.127 
v 0.0893092 0.0729757 0.13335 
v 0.0892248 0.0729522 0.13335 
v 0.0898589 0.0732049 0.127 
v 0.0898465 0.0731983 0.127 
v 0.0898465 0.0731983 0.13335 
v 0.0895556 0.0730441 0.13335 
v 0.0901205 0.0734271 0.127 
v 0.0898589 0.0732049 0.13335 
v 0.0903283 0.0737004 0.127 
v 0.0901205 0.0734271 0.13335 
v 0.0904724 0.0740119 0.127 
v 0.0903283 0.0737004 0.13335 
v 0.0905462 0.0743472 0.127 
v 0.0904724 0.0740119 0.13335 
v 0.0905462 0.0746905 0.127 
v 0.0905555 0.0745188 0.127 
v 0.0905555 0.0745188 0.13335 
v 0.0905462 0.0743472 0.13335 
v 0.0904724 0.0750257 0.127 
v 0.0905462 0.0746905 0.13335 
v 0.0903283 0.0753373 0.127 
v 0.0904724 0.0750257 0.13335 
v 0.0901205 0.0756105 0.127 
v 0.0903283 0.0753373 0.13335 
v 0.0898589 0.0758328 0.127 
v 0.0901205 0.0756105 0.13335 
v 0.0895556 0.0759936 0.127 
v 0.0898465 0.0758393 0.127 
v 0.0898465 0.0758393 0.13335 
v 0.0898589 0.0758328 0.13335 
v 0.0892248 0.0760854 0.127 
v 0.0895556 0.0759936 0.13335 
v 0.0888821 0.076104 0.127 
v 0.0892248 0.0760854 0.13335 
v 0.0885433 0.0760485 0.127 
v 0.0888821 0.076104 0.13335 
v 0.0882244 0.0759214 0.127 
v 0.0885433 0.0760485 0.13335 
v 0.0879403 0.0757288 0.127 
v 0.0882244 0.0759214 0.13335 
v 0.0877042 0.0754795 0.127 
v 0.0879403 0.0757288 0.13335 
v 0.0875272 0.0751854 0.127 
v 0.0877042 0.0754795 0.13335 
v 0.0874176 0.0748601 0.127 
v 0.0875272 0.0751854 0.13335 
v 0.0874176 0.0748601 0.13335 
v 0.0693472 0 0.13335 
v 0.0866715 0 0.13335 
v 0.105113 0.0265505 0.13335 
v 0.105206 0.0261281 0.13335 
v 0.10311 0.0279089 0.13335 
v 0.103542 0.0278855 0.13335 
v 0.101403 0.0267517 0.13335 
v 0.101626 0.0271222 0.13335 
v 0.101218 0.0259119 0.13335 
v 0.101265 0.0263418 0.13335 
v 0.101265 0.0254819 0.13335 
v 0.104932 0.026943 0.13335 
v 0.10434 0.0275673 0.13335 
v 0.10467 0.0272873 0.13335 
v 0.102683 0.027839 0.13335 
v 0.101923 0.0274362 0.13335 
v 0.102281 0.0276789 0.13335 
v 0.101403 0.0250721 0.13335 
v 0.105218 0.0259119 0.13335 
v 0.103958 0.0277698 0.13335 
v 0.10311 0.0239148 0.13335 
v 0.102683 0.0239848 0.13335 
v 0.103542 0.0239382 0.13335 
v 0.105113 0.0252733 0.13335 
v 0.104932 0.0248808 0.13335 
v 0.105206 0.0256956 0.13335 
v 0.101923 0.0243875 0.13335 
v 0.101626 0.0247015 0.13335 
v 0.10467 0.0245365 0.13335 
v 0.10434 0.0242565 0.13335 
v 0.102281 0.0241448 0.13335 
v 0.103958 0.0240539 0.13335 
v 0.003175 0.0729757 0.13335 
v 0.003175 0.0709953 0.13335 
v 0.00635 0.0746075 0.13335 
v 0.00638711 0.0749488 0.13335 
v 0.003175 0.07937 0.13335 
v 0.0066737 0.0755682 0.13335 
v 0.00690977 0.0758174 0.13335 
v 0.00649672 0.0739409 0.13335 
v 0.00638711 0.0742662 0.13335 
v 0.0129749 0.07937 0.13335 
v 0.00785155 0.0761927 0.13335 
v 0.00649672 0.0752741 0.13335 
v 0.0071939 0.0732049 0.13335 
v 0.00690977 0.0733976 0.13335 
v 0.00909002 0.0756992 0.13335 
v 0.00929776 0.0754259 0.13335 
v 0.00819433 0.0761741 0.13335 
v 0.0066737 0.0736468 0.13335 
v 0.00819433 0.0730409 0.13335 
v 0.00785155 0.0730223 0.13335 
v 0.0094419 0.0751144 0.13335 
v 0.00951569 0.0747791 0.13335 
v 0.00882838 0.0759215 0.13335 
v 0.00852509 0.0760823 0.13335 
v 0.0071939 0.0760101 0.13335 
v 0.0075128 0.0761371 0.13335 
v 0.00852509 0.0731327 0.13335 
v 0.0094419 0.0741006 0.13335 
v 0.00929776 0.0737891 0.13335 
v 0.0075128 0.0730779 0.13335 
v 0.00882838 0.0732935 0.13335 
v 0.00909002 0.0735158 0.13335 
v 0.009525 0.0746075 0.13335 
v 0.00951569 0.0744359 0.13335 
v 0.0693472 0.07937 0.13335 
v 0.100196 0.07937 0.13335 
v 0.111584 0.07937 0.13335 
v 0.0693472 0.0690593 0.13335 
v 0.0866715 0.0690593 0.13335 
v 0.0878419 0.0512143 0.13335 
v 0.0878419 0.0690593 0.13335 
v 0.0693472 0.0512143 0.13335 
v 0.0497081 0.0690593 0.13335 
v 0.0497081 0.0512143 0.13335 
v 0.0129749 0.066685 0.13335 
v 0.012 0.068285 0.13335 
v 0.0088 0.068285 0.13335 
v 0.003175 0.066685 0.13335 
v 0.0088 0.066685 0.13335 
v 0.0132 0.062685 0.13335 
v 0.0132 0.066685 0.13335 
v 0.012 0.061085 0.13335 
v 0.0088 0.061085 0.13335 
v 0.003175 0.062685 0.13335 
v 0.003175 0.05 0.13335 
v 0.0129749 0.062685 0.13335 
v 0.012 0.062685 0.13335 
v -2.50951e-17 0.05 0.13335 
v 0.000759612 0.0413176 0.13335 
v 0.000827803 0.0410631 0.13335 
v 0.00301537 0.032899 0.13335 
v 0.003175 0.0325567 0.13335 
v 0.00464144 0.0294119 0.13335 
v 0.00669873 0.025 0.13335 
v 0.00897033 0.0217558 0.13335 
v 0.0116978 0.0178606 0.13335 
v 0.0143901 0.0151683 0.13335 
v 0.0182691 0.0164457 0.13335 
v 0.0189031 0.0193262 0.13335 
v 0.0191648 0.019104 0.13335 
v 0.0179263 0.0164271 0.13335 
v 0.0185999 0.019487 0.13335 
v 0.0179263 0.0195974 0.13335 
v 0.0182691 0.0195788 0.13335 
v 0.0129749 0.0165835 0.13335 
v 0.0164248 0.0180123 0.13335 
v 0.0164619 0.0183535 0.13335 
v 0.0175876 0.0164826 0.13335 
v 0.0189031 0.0166983 0.13335 
v 0.0185999 0.0165375 0.13335 
v 0.0195998 0.0180123 0.13335 
v 0.0195905 0.0178406 0.13335 
v 0.0195905 0.0181839 0.13335 
v 0.0193725 0.0188307 0.13335 
v 0.0172687 0.0194148 0.13335 
v 0.0175876 0.0195419 0.13335 
v 0.0165715 0.0186788 0.13335 
v 0.0164619 0.017671 0.13335 
v 0.0167485 0.0170515 0.13335 
v 0.0165715 0.0173457 0.13335 
v 0.0172687 0.0166097 0.13335 
v 0.0169845 0.0168023 0.13335 
v 0.0193725 0.0171938 0.13335 
v 0.0191648 0.0169205 0.13335 
v 0.0195167 0.0175054 0.13335 
v 0.0195167 0.0185191 0.13335 
v 0.0169845 0.0192222 0.13335 
v 0.0167485 0.018973 0.13335 
v 0.0171465 0.0124119 0.13335 
v 0.0178606 0.0116978 0.13335 
v 0.0222405 0.00863094 0.13335 
v 0.032899 0.00301537 0.13335 
v 0.0382279 0.0015875 0.13335 
v 0.025 0.00669873 0.13335 
v 0.0413176 0.000759612 0.13335 
v 0.0477035 0.000200918 0.13335 
v 0.05 0 0.13335 
v 0.0490603 8.22133e-05 0.13335 
v 0.08755 0 0.13335 
v 0.0898465 0.000200918 0.13335 
v 0.0962324 0.000759612 0.13335 
v 0.0993221 0.0015875 0.13335 
v 0.104651 0.00301537 0.13335 
v 0.111584 0.00624833 0.13335 
v 0.100196 0.00182179 0.13335 
v 0.11255 0.00669873 0.13335 
v 0.115309 0.00863094 0.13335 
v 0.119689 0.0116978 0.13335 
v 0.120403 0.0124119 0.13335 
v 0.12316 0.0151683 0.13335 
v 0.119452 0.0164271 0.13335 
v 0.119795 0.0164457 0.13335 
v 0.119113 0.0195419 0.13335 
v 0.119452 0.0195974 0.13335 
v 0.120125 0.0165375 0.13335 
v 0.118794 0.0194148 0.13335 
v 0.118794 0.0166097 0.13335 
v 0.11851 0.0168023 0.13335 
v 0.119113 0.0164826 0.13335 
v 0.12069 0.019104 0.13335 
v 0.120898 0.0188307 0.13335 
v 0.11851 0.0192222 0.13335 
v 0.120429 0.0193262 0.13335 
v 0.119795 0.0195788 0.13335 
v 0.118274 0.018973 0.13335 
v 0.11795 0.0180123 0.13335 
v 0.118097 0.0173457 0.13335 
v 0.117987 0.017671 0.13335 
v 0.118274 0.0170515 0.13335 
v 0.120125 0.019487 0.13335 
v 0.117987 0.0183535 0.13335 
v 0.12069 0.0169205 0.13335 
v 0.120429 0.0166983 0.13335 
v 0.124575 0.0165835 0.13335 
v 0.121042 0.0175054 0.13335 
v 0.120898 0.0171938 0.13335 
v 0.118097 0.0186788 0.13335 
v 0.121042 0.0185191 0.13335 
v 0.121116 0.0181839 0.13335 
v 0.121125 0.0180123 0.13335 
v 0.121116 0.0178406 0.13335 
v 0.125852 0.0178606 0.13335 
v 0.12858 0.0217558 0.13335 
v 0.130851 0.025 0.13335 
v 0.132909 0.0294119 0.13335 
v 0.134535 0.032899 0.13335 
v 0.124575 0.062685 0.13335 
v 0.12555 0.061085 0.13335 
v 0.134375 0.05 0.13335 
v 0.12875 0.061085 0.13335 
v 0.134375 0.062685 0.13335 
v 0.12875 0.062685 0.13335 
v 0.13679 0.0413176 0.13335 
v 0.13755 0.05 0.13335 
v 0.136722 0.0410631 0.13335 
v 0.12435 0.066685 0.13335 
v 0.12435 0.062685 0.13335 
v 0.134375 0.066685 0.13335 
v 0.134375 0.0709953 0.13335 
v 0.12875 0.068285 0.13335 
v 0.12555 0.068285 0.13335 
v 0.124575 0.066685 0.13335 
v 0.12555 0.066685 0.13335 
v 0.134375 0.07937 0.13335 
v 0.131117 0.0751144 0.13335 
v 0.131191 0.0747791 0.13335 
v 0.134375 0.0729757 0.13335 
v 0.130503 0.0759215 0.13335 
v 0.130765 0.0756992 0.13335 
v 0.130973 0.0754259 0.13335 
v 0.1302 0.0760823 0.13335 
v 0.124575 0.07937 0.13335 
v 0.129527 0.0761927 0.13335 
v 0.128869 0.0760101 0.13335 
v 0.129188 0.0761371 0.13335 
v 0.128349 0.0755682 0.13335 
v 0.128585 0.0758174 0.13335 
v 0.130973 0.0737891 0.13335 
v 0.130765 0.0735158 0.13335 
v 0.1312 0.0746075 0.13335 
v 0.131191 0.0744359 0.13335 
v 0.129869 0.0761741 0.13335 
v 0.128062 0.0749488 0.13335 
v 0.128172 0.0752741 0.13335 
v 0.128869 0.0732049 0.13335 
v 0.128585 0.0733976 0.13335 
v 0.129527 0.0730223 0.13335 
v 0.129188 0.0730779 0.13335 
v 0.129869 0.0730409 0.13335 
v 0.130503 0.0732935 0.13335 
v 0.131117 0.0741006 0.13335 
v 0.128025 0.0746075 0.13335 
v 0.128349 0.0736468 0.13335 
v 0.128172 0.0739409 0.13335 
v 0.1302 0.0731327 0.13335 
v 0.128062 0.0742662 0.13335 
v 0.058775 0.0309119 0.13335 
v 0.058775 0.0294119 0.13335 
v 0.0693472 0.0309119 0.13335 
v 0.0866715 0.0309119 0.13335 
v 0.0898465 0.0309119 0.13335 
v 0.099175 0.0309119 0.13335 
v 0.099175 0.0294119 0.13335 
v 0.099175 0.0217558 0.13335 
v 0.099175 0.0151683 0.13335 
v 0.099175 0.0124119 0.13335 
v 0.099175 0.0109119 0.13335 
v 0.0866715 0.0109119 0.13335 
v 0.0693472 0.0109119 0.13335 
v 0.058775 0.0109119 0.13335 
v 0.058775 0.0151683 0.13335 
v 0.058775 0.0159119 0.13335 
v 0.056732 0.0159119 0.13335 
v 0.0566883 0.0154961 0.13335 
v 0.0533937 0.0144256 0.13335 
v 0.053114 0.0147363 0.13335 
v 0.0545229 0.0139228 0.13335 
v 0.054114 0.0140098 0.13335 
v 0.058775 0.0124119 0.13335 
v 0.0549411 0.0139228 0.13335 
v 0.0565591 0.0150984 0.13335 
v 0.053732 0.0141798 0.13335 
v 0.05635 0.0147363 0.13335 
v 0.055732 0.0141798 0.13335 
v 0.05535 0.0140098 0.13335 
v 0.0565818 0.0151683 0.13335 
v 0.0560703 0.0144256 0.13335 
v 0.0529049 0.0150984 0.13335 
v 0.0528822 0.0151683 0.13335 
v 0.052732 0.0159119 0.13335 
v 0.0527757 0.0154961 0.13335 
v 0.052732 0.0217558 0.13335 
v 0.052732 0.0259119 0.13335 
v 0.0529049 0.0267253 0.13335 
v 0.053114 0.0270874 0.13335 
v 0.0533937 0.0273982 0.13335 
v 0.0527757 0.0263277 0.13335 
v 0.0545229 0.0279009 0.13335 
v 0.053732 0.0276439 0.13335 
v 0.054114 0.027814 0.13335 
v 0.058775 0.0259119 0.13335 
v 0.0565591 0.0267253 0.13335 
v 0.055732 0.0276439 0.13335 
v 0.0560703 0.0273982 0.13335 
v 0.0549411 0.0279009 0.13335 
v 0.05635 0.0270874 0.13335 
v 0.05535 0.027814 0.13335 
v 0.0566883 0.0263277 0.13335 
v 0.101626 0.0147015 0.13335 
v 0.101403 0.0150721 0.13335 
v 0.101923 0.0143875 0.13335 
v 0.103542 0.0139382 0.13335 
v 0.10311 0.0139148 0.13335 
v 0.10467 0.0145365 0.13335 
v 0.10434 0.0142565 0.13335 
v 0.102281 0.0141448 0.13335 
v 0.103958 0.0140539 0.13335 
v 0.104932 0.0148808 0.13335 
v 0.102683 0.0139848 0.13335 
v 0.105065 0.0151683 0.13335 
v 0.105206 0.0161281 0.13335 
v 0.105218 0.0159119 0.13335 
v 0.105113 0.0165505 0.13335 
v 0.101265 0.0163418 0.13335 
v 0.105206 0.0156956 0.13335 
v 0.103542 0.0178855 0.13335 
v 0.101923 0.0174362 0.13335 
v 0.102281 0.0176789 0.13335 
v 0.101218 0.0159119 0.13335 
v 0.10137 0.0151683 0.13335 
v 0.101265 0.0154819 0.13335 
v 0.104932 0.016943 0.13335 
v 0.10434 0.0175673 0.13335 
v 0.10467 0.0172873 0.13335 
v 0.10311 0.0179089 0.13335 
v 0.102683 0.017839 0.13335 
v 0.103958 0.0177698 0.13335 
v 0.101626 0.0171222 0.13335 
v 0.101403 0.0167517 0.13335 
v 0.105113 0.0152733 0.13335 
v 0.0865223 0.00597243 0.13335 
v 0.0862862 0.00572321 0.13335 
v 0.0859625 0.0047625 0.13335 
v 0.0861092 0.00409593 0.13335 
v 0.0859996 0.00442123 0.13335 
v 0.0865223 0.00355257 0.13335 
v 0.0862862 0.00380179 0.13335 
v 0.0861092 0.00542907 0.13335 
v 0.0859996 0.00510377 0.13335 
v 0.0866715 0.00345139 0.13335 
v 0.0891282 0.00493414 0.13335 
v 0.0891375 0.0047625 0.13335 
v 0.0889103 0.00394406 0.13335 
v 0.0887025 0.00367078 0.13335 
v 0.0890544 0.00526939 0.13335 
v 0.0874641 0.00634767 0.13335 
v 0.0878068 0.00632909 0.13335 
v 0.0890544 0.00425561 0.13335 
v 0.0891282 0.00459086 0.13335 
v 0.0871253 0.00629214 0.13335 
v 0.0878068 0.00319591 0.13335 
v 0.0884409 0.00344854 0.13335 
v 0.0881376 0.00328775 0.13335 
v 0.0874641 0.00317733 0.13335 
v 0.0887025 0.00585422 0.13335 
v 0.0889103 0.00558094 0.13335 
v 0.0881376 0.00623725 0.13335 
v 0.0866715 0.00607361 0.13335 
v 0.0868064 0.00616508 0.13335 
v 0.0871253 0.00323286 0.13335 
v 0.0868064 0.00335992 0.13335 
v 0.0884409 0.00607646 0.13335 
v 0.0489723 0.00597243 0.13335 
v 0.0490603 0.00603211 0.13335 
v 0.0484125 0.0047625 0.13335 
v 0.0487362 0.00572321 0.13335 
v 0.0484496 0.00510377 0.13335 
v 0.0485592 0.00409593 0.13335 
v 0.0484496 0.00442123 0.13335 
v 0.0485592 0.00542907 0.13335 
v 0.0489723 0.00355257 0.13335 
v 0.0487362 0.00380179 0.13335 
v 0.0490603 0.00349289 0.13335 
v 0.0515782 0.00493414 0.13335 
v 0.0515875 0.0047625 0.13335 
v 0.0505876 0.00623725 0.13335 
v 0.0492564 0.00616508 0.13335 
v 0.0495753 0.00629214 0.13335 
v 0.0515044 0.00526939 0.13335 
v 0.0502568 0.00632909 0.13335 
v 0.0499141 0.00634767 0.13335 
v 0.0505876 0.00328775 0.13335 
v 0.0515044 0.00425561 0.13335 
v 0.0513603 0.00394406 0.13335 
v 0.0515782 0.00459086 0.13335 
v 0.0508909 0.00607646 0.13335 
v 0.0511525 0.00585422 0.13335 
v 0.0508909 0.00344854 0.13335 
v 0.0511525 0.00367078 0.13335 
v 0.0513603 0.00558094 0.13335 
v 0.0495753 0.00323286 0.13335 
v 0.0492564 0.00335992 0.13335 
v 0.0502568 0.00319591 0.13335 
v 0.0499141 0.00317733 0.13335 
v 0.0866715 0.07937 0.13335 
v 0.0898465 0.07937 0.13335 
v 0.0488388 0.0729522 0.13335 
v 0.0484961 0.0729337 0.13335 
v 0.0489232 0.0729757 0.13335 
v 0.0482398 0.0729757 0.13335 
v 0.0481573 0.0729892 0.13335 
v 0.0478384 0.0731162 0.13335 
v 0.0473182 0.0754795 0.13335 
v 0.0475543 0.0757288 0.13335 
v 0.0469945 0.0745188 0.13335 
v 0.0471412 0.0751854 0.13335 
v 0.0470316 0.0748601 0.13335 
v 0.0471412 0.0738523 0.13335 
v 0.0470316 0.0741776 0.13335 
v 0.0477035 0.07937 0.13335 
v 0.0475543 0.0733089 0.13335 
v 0.0473182 0.0735581 0.13335 
v 0.0477035 0.0732077 0.13335 
v 0.0490603 0.07937 0.13335 
v 0.0484961 0.076104 0.13335 
v 0.0478384 0.0759214 0.13335 
v 0.0481573 0.0760485 0.13335 
v 0.0488388 0.0760854 0.13335 
v 0.0477035 0.0758299 0.13335 
v 0.0501602 0.0746905 0.13335 
v 0.0501695 0.0745188 0.13335 
v 0.0500864 0.0750257 0.13335 
v 0.0501602 0.0743472 0.13335 
v 0.0494729 0.0758328 0.13335 
v 0.0491696 0.0730441 0.13335 
v 0.0500864 0.0740119 0.13335 
v 0.0497345 0.0756105 0.13335 
v 0.0490603 0.0760239 0.13335 
v 0.0491696 0.0759936 0.13335 
v 0.0494729 0.0732049 0.13335 
v 0.0499423 0.0737004 0.13335 
v 0.0497345 0.0734271 0.13335 
v 0.0499423 0.0753373 0.13335 
v 0.0490603 0.0730137 0.13335 
v 0.056732 0.0259119 0.13335 
v 0.0898465 0.0109119 0.13335 
v 0.12875 0.066685 0.13335 
v 0.12555 0.062685 0.13335 
v 0.0088 0.062685 0.13335 
v 0.012 0.066685 0.13335 
v 0.0866715 0.0512143 0.13335 
v 0.0693472 0.0015875 0.13335 
v 0.0477035 0.0124119 0.13335 
v 0.0477035 0.00863094 0.13335 
v 0.0490603 0.00863094 0.13335 
v 0.100196 0.0124119 0.13335 
v 0.100196 0.00863094 0.13335 
v 0.111584 0.00863094 0.13335 
v 0.0477035 0.0151683 0.13335 
v 0.0490603 0.0124119 0.13335 
v 0.0477035 0.0217558 0.13335 
v 0.0490603 0.0151683 0.13335 
v 0.0129749 0.0294119 0.13335 
v 0.0129749 0.0217558 0.13335 
v 0.0477035 0.0294119 0.13335 
v 0.0490603 0.0217558 0.13335 
v 0.111584 0.0294119 0.13335 
v 0.100196 0.0294119 0.13335 
v 0.100196 0.0217558 0.13335 
v 0.111584 0.0217558 0.13335 
v 0.124575 0.0217558 0.13335 
v 0.0129749 0.0410631 0.13335 
v 0.0477035 0.0410631 0.13335 
v 0.0490603 0.0294119 0.13335 
v 0.100196 0.0410631 0.13335 
v 0.111584 0.0410631 0.13335 
v 0.124575 0.0294119 0.13335 
v 0.0477035 0.0709953 0.13335 
v 0.0490603 0.0410631 0.13335 
v 0.0898465 0.0709953 0.13335 
v 0.0898465 0.0410631 0.13335 
v 0.100196 0.0709953 0.13335 
v 0.0129749 0.0709953 0.13335 
v 0.0129749 0.0729757 0.13335 
v 0.0490603 0.0729757 0.13335 
v 0.0490603 0.0709953 0.13335 
v 0.0693472 0.0709953 0.13335 
v 0.0693472 0.0729757 0.13335 
v 0.0866715 0.0709953 0.13335 
v 0.0898465 0.0729757 0.13335 
v 0.100196 0.0729757 0.13335 
v 0.111584 0.0709953 0.13335 
v 0.111584 0.0729757 0.13335 
v 0.124575 0.0709953 0.13335 
v 0.0866715 0.0729757 0.13335 
v 0.124575 0.0729757 0.13335 
v 0.0866715 0.0410631 0.13335 
v 0.0693472 0.0410631 0.13335 
v 0.003175 0.0410631 0.13335 
v 0.0477035 0.0015875 0.13335 
v 0.0490603 0.0015875 0.13335 
v 0.0898465 0.0015875 0.13335 
v 0.0866715 0.0015875 0.13335 
v 0.0898465 0.00863094 0.13335 
v 0.111584 0.0124119 0.13335 
v 0.111584 0.0151683 0.13335 
v 0.124575 0.0410631 0.13335 
v 0.100196 0.0151683 0.13335 
v 0.0866715 0.00863094 0.13335 
v 0.0693472 0.00863094 0.13335 
v 0.0477035 0.0729757 0.13335 
v 0.003175 0.0729757 0.127 
v 0.00785155 0.0730223 0.127 
v 0.0129749 0.07937 0.127 
v 0.00819433 0.0761741 0.127 
v 0.00785155 0.0761927 0.127 
v 0.00951569 0.0747791 0.127 
v 0.00951569 0.0744359 0.127 
v 0.009525 0.0746075 0.127 
v 0.00909002 0.0735158 0.127 
v 0.00929776 0.0737891 0.127 
v 0.00819433 0.0730409 0.127 
v 0.00852509 0.0760823 0.127 
v 0.0094419 0.0751144 0.127 
v 0.00929776 0.0754259 0.127 
v 0.00882838 0.0732935 0.127 
v 0.00852509 0.0731327 0.127 
v 0.0066737 0.0736468 0.127 
v 0.00690977 0.0733976 0.127 
v 0.003175 0.07937 0.127 
v 0.00638711 0.0749488 0.127 
v 0.0071939 0.0760101 0.127 
v 0.00690977 0.0758174 0.127 
v 0.00882838 0.0759215 0.127 
v 0.00909002 0.0756992 0.127 
v 0.0094419 0.0741006 0.127 
v 0.00649672 0.0739409 0.127 
v 0.00635 0.0746075 0.127 
v 0.00638711 0.0742662 0.127 
v 0.00649672 0.0752741 0.127 
v 0.0066737 0.0755682 0.127 
v 0.0071939 0.0732049 0.127 
v 0.0075128 0.0730779 0.127 
v 0.0075128 0.0761371 0.127 
v 0.0693472 0.07937 0.127 
v 0.0866715 0.07937 0.127 
v 0.100196 0.07937 0.127 
v 0.111584 0.07937 0.127 
v 0.124575 0.07937 0.127 
v 0.105206 0.0256956 0.127 
v 0.105218 0.0259119 0.127 
v 0.105206 0.0261281 0.127 
v 0.105113 0.0252733 0.127 
v 0.105113 0.0265505 0.127 
v 0.10467 0.0245365 0.127 
v 0.104932 0.0248808 0.127 
v 0.104932 0.026943 0.127 
v 0.10467 0.0272873 0.127 
v 0.102683 0.027839 0.127 
v 0.102281 0.0276789 0.127 
v 0.103958 0.0240539 0.127 
v 0.10434 0.0242565 0.127 
v 0.10311 0.0239148 0.127 
v 0.103542 0.0239382 0.127 
v 0.102281 0.0241448 0.127 
v 0.102683 0.0239848 0.127 
v 0.101403 0.0267517 0.127 
v 0.101265 0.0263418 0.127 
v 0.101923 0.0274362 0.127 
v 0.101626 0.0271222 0.127 
v 0.10311 0.0279089 0.127 
v 0.103542 0.0278855 0.127 
v 0.10434 0.0275673 0.127 
v 0.103958 0.0277698 0.127 
v 0.101403 0.0250721 0.127 
v 0.101626 0.0247015 0.127 
v 0.101218 0.0259119 0.127 
v 0.101923 0.0243875 0.127 
v 0.101265 0.0254819 0.127 
v 0.0866715 0 0.127 
v 0.0693472 0.0512143 0.127 
v 0.0866715 0.0512143 0.127 
v 0.0878419 0.0690593 0.127 
v 0.0878419 0.0512143 0.127 
v 0.0866715 0.0690593 0.127 
v 0.0497081 0.0512143 0.127 
v 0.0497081 0.0690593 0.127 
v 0.0693472 0.0690593 0.127 
v 0.134375 0.07937 0.127 
v 0.134375 0.0729757 0.127 
v 0.131191 0.0747791 0.127 
v 0.131191 0.0744359 0.127 
v 0.1312 0.0746075 0.127 
v 0.131117 0.0741006 0.127 
v 0.130973 0.0754259 0.127 
v 0.130765 0.0756992 0.127 
v 0.130973 0.0737891 0.127 
v 0.130503 0.0759215 0.127 
v 0.131117 0.0751144 0.127 
v 0.130503 0.0732935 0.127 
v 0.130765 0.0735158 0.127 
v 0.129869 0.0761741 0.127 
v 0.129527 0.0761927 0.127 
v 0.1302 0.0731327 0.127 
v 0.128869 0.0760101 0.127 
v 0.128585 0.0758174 0.127 
v 0.129188 0.0761371 0.127 
v 0.1302 0.0760823 0.127 
v 0.129527 0.0730223 0.127 
v 0.128349 0.0755682 0.127 
v 0.128172 0.0752741 0.127 
v 0.129869 0.0730409 0.127 
v 0.128869 0.0732049 0.127 
v 0.129188 0.0730779 0.127 
v 0.128349 0.0736468 0.127 
v 0.128585 0.0733976 0.127 
v 0.128062 0.0742662 0.127 
v 0.128172 0.0739409 0.127 
v 0.128062 0.0749488 0.127 
v 0.128025 0.0746075 0.127 
v 0.134375 0.0709953 0.127 
v 0.124575 0.066685 0.127 
v 0.12555 0.068285 0.127 
v 0.12875 0.068285 0.127 
v 0.134375 0.066685 0.127 
v 0.12875 0.066685 0.127 
v 0.12435 0.062685 0.127 
v 0.12435 0.066685 0.127 
v 0.134375 0.062685 0.127 
v 0.134375 0.05 0.127 
v 0.12875 0.061085 0.127 
v 0.12555 0.061085 0.127 
v 0.13679 0.0413176 0.127 
v 0.124575 0.062685 0.127 
v 0.12555 0.062685 0.127 
v 0.13755 0.05 0.127 
v 0.12875 0.062685 0.127 
v 0.134535 0.032899 0.127 
v 0.132909 0.0294119 0.127 
v 0.136722 0.0410631 0.127 
v 0.130851 0.025 0.127 
v 0.12858 0.0217558 0.127 
v 0.125852 0.0178606 0.127 
v 0.119113 0.0164826 0.127 
v 0.119452 0.0164271 0.127 
v 0.12316 0.0151683 0.127 
v 0.119795 0.0164457 0.127 
v 0.119452 0.0195974 0.127 
v 0.118794 0.0166097 0.127 
v 0.118274 0.0170515 0.127 
v 0.11851 0.0168023 0.127 
v 0.119113 0.0195419 0.127 
v 0.118794 0.0194148 0.127 
v 0.120898 0.0188307 0.127 
v 0.12069 0.019104 0.127 
v 0.118097 0.0173457 0.127 
v 0.11795 0.0180123 0.127 
v 0.117987 0.017671 0.127 
v 0.117987 0.0183535 0.127 
v 0.11851 0.0192222 0.127 
v 0.120125 0.019487 0.127 
v 0.119795 0.0195788 0.127 
v 0.121042 0.0185191 0.127 
v 0.124575 0.0165835 0.127 
v 0.121116 0.0178406 0.127 
v 0.121125 0.0180123 0.127 
v 0.120898 0.0171938 0.127 
v 0.120125 0.0165375 0.127 
v 0.120429 0.0166983 0.127 
v 0.118097 0.0186788 0.127 
v 0.120429 0.0193262 0.127 
v 0.121116 0.0181839 0.127 
v 0.121042 0.0175054 0.127 
v 0.12069 0.0169205 0.127 
v 0.118274 0.018973 0.127 
v 0.120403 0.0124119 0.127 
v 0.119689 0.0116978 0.127 
v 0.115309 0.00863094 0.127 
v 0.11255 0.00669873 0.127 
v 0.111584 0.00624833 0.127 
v 0.104651 0.00301537 0.127 
v 0.0993221 0.0015875 0.127 
v 0.100196 0.00182179 0.127 
v 0.0962324 0.000759612 0.127 
v 0.0898465 0.000200918 0.127 
v 0.08755 0 0.127 
v 0.0693472 0 0.127 
v 0.05 0 0.127 
v 0.0490603 8.22133e-05 0.127 
v 0.0477035 0.000200918 0.127 
v 0.0413176 0.000759612 0.127 
v 0.032899 0.00301537 0.127 
v 0.025 0.00669873 0.127 
v 0.0382279 0.0015875 0.127 
v 0.0222405 0.00863094 0.127 
v 0.0178606 0.0116978 0.127 
v 0.0171465 0.0124119 0.127 
v 0.0195998 0.0180123 0.127 
v 0.0195905 0.0178406 0.127 
v 0.0143901 0.0151683 0.127 
v 0.0179263 0.0164271 0.127 
v 0.0182691 0.0164457 0.127 
v 0.0195167 0.0175054 0.127 
v 0.0175876 0.0164826 0.127 
v 0.0193725 0.0188307 0.127 
v 0.0191648 0.019104 0.127 
v 0.0195905 0.0181839 0.127 
v 0.0185999 0.0165375 0.127 
v 0.0172687 0.0166097 0.127 
v 0.0179263 0.0195974 0.127 
v 0.0175876 0.0195419 0.127 
v 0.0185999 0.019487 0.127 
v 0.0182691 0.0195788 0.127 
v 0.0189031 0.0193262 0.127 
v 0.0193725 0.0171938 0.127 
v 0.0189031 0.0166983 0.127 
v 0.0191648 0.0169205 0.127 
v 0.0167485 0.0170515 0.127 
v 0.0169845 0.0168023 0.127 
v 0.0129749 0.0165835 0.127 
v 0.0165715 0.0173457 0.127 
v 0.0172687 0.0194148 0.127 
v 0.0195167 0.0185191 0.127 
v 0.0164619 0.017671 0.127 
v 0.0169845 0.0192222 0.127 
v 0.0164248 0.0180123 0.127 
v 0.0164619 0.0183535 0.127 
v 0.0167485 0.018973 0.127 
v 0.0165715 0.0186788 0.127 
v 0.0116978 0.0178606 0.127 
v 0.00897033 0.0217558 0.127 
v 0.00669873 0.025 0.127 
v 0.00464144 0.0294119 0.127 
v 0.003175 0.0325567 0.127 
v 0.00301537 0.032899 0.127 
v 0.003175 0.05 0.127 
v 0.000759612 0.0413176 0.127 
v 0.000827803 0.0410631 0.127 
v 0.0088 0.061085 0.127 
v 0.0129749 0.062685 0.127 
v 0.012 0.061085 0.127 
v 0.003175 0.062685 0.127 
v 0.0088 0.062685 0.127 
v 0.0132 0.066685 0.127 
v 0.0132 0.062685 0.127 
v 0.003175 0.066685 0.127 
v 0.003175 0.0709953 0.127 
v 0.0088 0.068285 0.127 
v 0.012 0.068285 0.127 
v 0.0129749 0.066685 0.127 
v 0.012 0.066685 0.127 
v 0.052732 0.0217558 0.127 
v 0.052732 0.0159119 0.127 
v 0.0527757 0.0154961 0.127 
v 0.058775 0.0151683 0.127 
v 0.0566883 0.0154961 0.127 
v 0.056732 0.0159119 0.127 
v 0.0565818 0.0151683 0.127 
v 0.058775 0.0124119 0.127 
v 0.05635 0.0147363 0.127 
v 0.0565591 0.0150984 0.127 
v 0.0545229 0.0139228 0.127 
v 0.053732 0.0141798 0.127 
v 0.054114 0.0140098 0.127 
v 0.0529049 0.0150984 0.127 
v 0.053114 0.0147363 0.127 
v 0.0560703 0.0144256 0.127 
v 0.0533937 0.0144256 0.127 
v 0.0549411 0.0139228 0.127 
v 0.05535 0.0140098 0.127 
v 0.055732 0.0141798 0.127 
v 0.0528822 0.0151683 0.127 
v 0.058775 0.0109119 0.127 
v 0.0693472 0.0109119 0.127 
v 0.0866715 0.0109119 0.127 
v 0.0898465 0.0109119 0.127 
v 0.099175 0.0109119 0.127 
v 0.099175 0.0151683 0.127 
v 0.099175 0.0217558 0.127 
v 0.099175 0.0294119 0.127 
v 0.099175 0.0309119 0.127 
v 0.0898465 0.0309119 0.127 
v 0.0866715 0.0309119 0.127 
v 0.058775 0.0309119 0.127 
v 0.0693472 0.0309119 0.127 
v 0.052732 0.0259119 0.127 
v 0.0527757 0.0263277 0.127 
v 0.0533937 0.0273982 0.127 
v 0.053114 0.0270874 0.127 
v 0.0529049 0.0267253 0.127 
v 0.053732 0.0276439 0.127 
v 0.0545229 0.0279009 0.127 
v 0.054114 0.027814 0.127 
v 0.058775 0.0294119 0.127 
v 0.0549411 0.0279009 0.127 
v 0.05535 0.027814 0.127 
v 0.05635 0.0270874 0.127 
v 0.0560703 0.0273982 0.127 
v 0.058775 0.0259119 0.127 
v 0.0566883 0.0263277 0.127 
v 0.0565591 0.0267253 0.127 
v 0.055732 0.0276439 0.127 
v 0.056732 0.0259119 0.127 
v 0.101403 0.0150721 0.127 
v 0.10311 0.0139148 0.127 
v 0.103542 0.0139382 0.127 
v 0.101626 0.0147015 0.127 
v 0.103958 0.0140539 0.127 
v 0.10434 0.0142565 0.127 
v 0.102683 0.0139848 0.127 
v 0.10137 0.0151683 0.127 
v 0.10467 0.0145365 0.127 
v 0.101923 0.0143875 0.127 
v 0.102281 0.0141448 0.127 
v 0.104932 0.0148808 0.127 
v 0.105065 0.0151683 0.127 
v 0.105206 0.0161281 0.127 
v 0.105113 0.0165505 0.127 
v 0.105206 0.0156956 0.127 
v 0.105218 0.0159119 0.127 
v 0.101403 0.0167517 0.127 
v 0.101265 0.0163418 0.127 
v 0.101218 0.0159119 0.127 
v 0.101265 0.0154819 0.127 
v 0.102683 0.017839 0.127 
v 0.102281 0.0176789 0.127 
v 0.103958 0.0177698 0.127 
v 0.103542 0.0178855 0.127 
v 0.105113 0.0152733 0.127 
v 0.10311 0.0179089 0.127 
v 0.104932 0.016943 0.127 
v 0.10467 0.0172873 0.127 
v 0.101626 0.0171222 0.127 
v 0.101923 0.0174362 0.127 
v 0.10434 0.0175673 0.127 
v 0.0866715 0.00607361 0.127 
v 0.0865223 0.00597243 0.127 
v 0.0861092 0.00409593 0.127 
v 0.0862862 0.00380179 0.127 
v 0.0859625 0.0047625 0.127 
v 0.0859996 0.00442123 0.127 
v 0.0859996 0.00510377 0.127 
v 0.0865223 0.00355257 0.127 
v 0.0861092 0.00542907 0.127 
v 0.0862862 0.00572321 0.127 
v 0.0891375 0.0047625 0.127 
v 0.0891282 0.00459086 0.127 
v 0.0878068 0.00632909 0.127 
v 0.0891282 0.00493414 0.127 
v 0.0884409 0.00344854 0.127 
v 0.0887025 0.00367078 0.127 
v 0.0874641 0.00634767 0.127 
v 0.0890544 0.00425561 0.127 
v 0.0889103 0.00394406 0.127 
v 0.0881376 0.00623725 0.127 
v 0.0878068 0.00319591 0.127 
v 0.0881376 0.00328775 0.127 
v 0.0874641 0.00317733 0.127 
v 0.0871253 0.00629214 0.127 
v 0.0868064 0.00616508 0.127 
v 0.0884409 0.00607646 0.127 
v 0.0890544 0.00526939 0.127 
v 0.0889103 0.00558094 0.127 
v 0.0871253 0.00323286 0.127 
v 0.0887025 0.00585422 0.127 
v 0.0866715 0.00345139 0.127 
v 0.0868064 0.00335992 0.127 
v 0.0484496 0.00510377 0.127 
v 0.0484125 0.0047625 0.127 
v 0.0484496 0.00442123 0.127 
v 0.0485592 0.00542907 0.127 
v 0.0490603 0.00603211 0.127 
v 0.0485592 0.00409593 0.127 
v 0.0487362 0.00380179 0.127 
v 0.0489723 0.00597243 0.127 
v 0.0487362 0.00572321 0.127 
v 0.0489723 0.00355257 0.127 
v 0.0490603 0.00349289 0.127 
v 0.0499141 0.00634767 0.127 
v 0.0495753 0.00629214 0.127 
v 0.0515875 0.0047625 0.127 
v 0.0502568 0.00632909 0.127 
v 0.0515782 0.00459086 0.127 
v 0.0505876 0.00623725 0.127 
v 0.0508909 0.00607646 0.127 
v 0.0515782 0.00493414 0.127 
v 0.0513603 0.00558094 0.127 
v 0.0511525 0.00585422 0.127 
v 0.0515044 0.00425561 0.127 
v 0.0511525 0.00367078 0.127 
v 0.0513603 0.00394406 0.127 
v 0.0502568 0.00319591 0.127 
v 0.0505876 0.00328775 0.127 
v 0.0515044 0.00526939 0.127 
v 0.0508909 0.00344854 0.127 
v 0.0495753 0.00323286 0.127 
v 0.0499141 0.00317733 0.127 
v 0.0492564 0.00335992 0.127 
v 0.0492564 0.00616508 0.127 
v 0.0898465 0.07937 0.127 
v 0.0477035 0.07937 0.127 
v 0.0484961 0.076104 0.127 
v 0.0481573 0.0760485 0.127 
v 0.0490603 0.07937 0.127 
v 0.0488388 0.0760854 0.127 
v 0.0478384 0.0759214 0.127 
v 0.0490603 0.0760239 0.127 
v 0.0470316 0.0748601 0.127 
v 0.0469945 0.0745188 0.127 
v 0.0475543 0.0733089 0.127 
v 0.0471412 0.0738523 0.127 
v 0.0473182 0.0735581 0.127 
v 0.0470316 0.0741776 0.127 
v 0.0471412 0.0751854 0.127 
v 0.0475543 0.0757288 0.127 
v 0.0473182 0.0754795 0.127 
v 0.0477035 0.0758299 0.127 
v 0.0478384 0.0731162 0.127 
v 0.0481573 0.0729892 0.127 
v 0.0477035 0.0732077 0.127 
v 0.0488388 0.0729522 0.127 
v 0.0489232 0.0729757 0.127 
v 0.0484961 0.0729337 0.127 
v 0.0482398 0.0729757 0.127 
v 0.0501695 0.0745188 0.127 
v 0.0501602 0.0746905 0.127 
v 0.0501602 0.0743472 0.127 
v 0.0500864 0.0740119 0.127 
v 0.0491696 0.0730441 0.127 
v 0.0497345 0.0756105 0.127 
v 0.0494729 0.0758328 0.127 
v 0.0499423 0.0737004 0.127 
v 0.0494729 0.0732049 0.127 
v 0.0497345 0.0734271 0.127 
v 0.0490603 0.0730137 0.127 
v 0.0491696 0.0759936 0.127 
v 0.0499423 0.0753373 0.127 
v 0.0500864 0.0750257 0.127 
v 0.099175 0.0124119 0.127 
v 0.058775 0.0159119 0.127 
v 0.0088 0.066685 0.127 
v 0.012 0.062685 0.127 
v -2.50951e-17 0.05 0.127 
v 0.12555 0.066685 0.127 
v 0.0129749 0.0729757 0.127 
v 0.0866715 0.0729757 0.127 
v 0.111584 0.0729757 0.127 
v 0.124575 0.0729757 0.127 
v 0.0129749 0.0709953 0.127 
v 0.0477035 0.0729757 0.127 
v 0.0477035 0.0709953 0.127 
v 0.0490603 0.0729757 0.127 
v 0.0693472 0.0729757 0.127 
v 0.0693472 0.0709953 0.127 
v 0.0866715 0.0709953 0.127 
v 0.0898465 0.0729757 0.127 
v 0.100196 0.0729757 0.127 
v 0.100196 0.0709953 0.127 
v 0.111584 0.0709953 0.127 
v 0.124575 0.0709953 0.127 
v 0.0490603 0.0709953 0.127 
v 0.0490603 0.0410631 0.127 
v 0.0898465 0.0709953 0.127 
v 0.100196 0.0410631 0.127 
v 0.111584 0.0410631 0.127 
v 0.0129749 0.0410631 0.127 
v 0.0477035 0.0410631 0.127 
v 0.0477035 0.0294119 0.127 
v 0.0490603 0.0294119 0.127 
v 0.111584 0.0294119 0.127 
v 0.124575 0.0410631 0.127 
v 0.124575 0.0294119 0.127 
v 0.0129749 0.0294119 0.127 
v 0.0477035 0.0217558 0.127 
v 0.0490603 0.0217558 0.127 
v 0.111584 0.0217558 0.127 
v 0.100196 0.0294119 0.127 
v 0.100196 0.0217558 0.127 
v 0.124575 0.0217558 0.127 
v 0.0490603 0.0151683 0.127 
v 0.0477035 0.0151683 0.127 
v 0.0490603 0.0124119 0.127 
v 0.0477035 0.0124119 0.127 
v 0.0490603 0.00863094 0.127 
v 0.100196 0.0124119 0.127 
v 0.111584 0.0124119 0.127 
v 0.111584 0.00863094 0.127 
v 0.0693472 0.0015875 0.127 
v 0.0866715 0.0015875 0.127 
v 0.0866715 0.0410631 0.127 
v 0.0898465 0.0410631 0.127 
v 0.0693472 0.0410631 0.127 
v 0.111584 0.0151683 0.127 
v 0.100196 0.00863094 0.127 
v 0.0898465 0.00863094 0.127 
v 0.0898465 0.0015875 0.127 
v 0.0490603 0.0015875 0.127 
v 0.0477035 0.0015875 0.127 
v 0.0477035 0.00863094 0.127 
v 0.0129749 0.0217558 0.127 
v 0.003175 0.0410631 0.127 
v 0.0693472 0.00863094 0.127 
v 0.0866715 0.00863094 0.127 
v 0.100196 0.0151683 0.127 
vn 0.976621 0.21497 0 
vn 1 2.44929e-16 0 
vn 0.907575 0.419889 0 
vn 0.976621 0.21497 0 
vn 0.796093 0.605174 0 
vn 0.907575 0.419889 0 
vn 0.647386 0.762162 0 
vn 0.796093 0.605174 0 
vn 0.468408 0.883512 0 
vn 0.647386 0.762162 0 
vn 0.267528 0.96355 0 
vn 0.468408 0.883512 0 
vn 0.0541389 0.998533 0 
vn 0.216487 0.976285 0 
vn 0.267528 0.96355 0 
vn -0.161782 0.986827 0 
vn 0.0541389 0.998533 0 
vn -0.370138 0.928977 0 
vn -0.215888 0.976418 0 
vn -0.161782 0.986827 0 
vn -0.561187 0.827689 0 
vn -0.553893 0.832588 0 
vn -0.370138 0.928977 0 
vn -0.725995 0.687699 0 
vn -0.561187 0.827689 0 
vn -0.856857 0.515554 0 
vn -0.725995 0.687699 0 
vn -0.947653 0.319302 0 
vn -0.856857 0.515554 0 
vn -0.994138 0.108119 0 
vn -0.947653 0.319302 0 
vn -0.994138 -0.108119 0 
vn -1 -3.67394e-16 0 
vn -0.994138 0.108119 0 
vn -0.947653 -0.319302 0 
vn -0.994138 -0.108119 0 
vn -0.856857 -0.515554 0 
vn -0.947653 -0.319302 0 
vn -0.725995 -0.687699 0 
vn -0.856857 -0.515554 0 
vn -0.561187 -0.827689 0 
vn -0.725995 -0.687699 0 
vn -0.370138 -0.928977 0 
vn -0.553893 -0.832588 0 
vn -0.561187 -0.827689 0 
vn -0.161782 -0.986827 0 
vn -0.370138 -0.928977 0 
vn 0.0541389 -0.998533 0 
vn -0.161782 -0.986827 0 
vn 0.267528 -0.96355 0 
vn 0.0541389 -0.998533 0 
vn 0.468408 -0.883512 0 
vn 0.267528 -0.96355 0 
vn 0.647386 -0.762162 0 
vn 0.468408 -0.883512 0 
vn 0.796093 -0.605174 0 
vn 0.647386 -0.762162 0 
vn 0.907575 -0.419889 0 
vn 0.796093 -0.605174 0 
vn 0.976621 -0.21497 0 
vn 0.907575 -0.419889 0 
vn 0 0 1 
vn 0 0 -1 
vn -0.978148 -0.207912 0 
vn -1 -1.22465e-16 0 
vn -0.913545 -0.406737 0 
vn -0.978148 -0.207912 0 
vn -0.809017 -0.587785 0 
vn -0.913545 -0.406737 0 
vn -0.669131 -0.743145 0 
vn -0.809017 -0.587785 0 
vn -0.5 -0.866025 0 
vn -0.669131 -0.743145 0 
vn -0.309017 -0.951057 0 
vn -0.5 -0.866025 0 
vn -0.104528 -0.994522 0 
vn -0.309017 -0.951057 0 
vn 0.104528 -0.994522 0 
vn -0.104528 -0.994522 0 
vn 0.309017 -0.951057 0 
vn 0.104528 -0.994522 0 
vn 0.5 -0.866025 0 
vn 0.309017 -0.951057 0 
vn 0.669131 -0.743145 0 
vn 0.5 -0.866025 0 
vn 0.809017 -0.587785 0 
vn 0.669131 -0.743145 0 
vn 0.913545 -0.406737 0 
vn 0.809017 -0.587785 0 
vn 0.978148 -0.207912 0 
vn 0.913545 -0.406737 0 
vn 1 2.39808e-14 0 
vn 0.978148 -0.207912 0 
vn 0 -1 0 
vn 1 0 0 
vn -1 0 0 
vn 0 1 0 
vn 1 0 0 
vn 0.978148 0.207912 0 
vn 0.913545 0.406737 0 
vn 0.927847 0.372962 0 
vn 0.978148 0.207912 0 
vn 0.809017 0.587785 0 
vn 0.913545 0.406737 0 
vn 0.669131 0.743145 0 
vn 0.809017 0.587785 0 
vn 0.5 0.866025 0 
vn 0.669131 0.743145 0 
vn 0.309017 0.951057 0 
vn 0.5 0.866025 0 
vn 0.104528 0.994522 0 
vn 0.309017 0.951057 0 
vn -0.104528 0.994522 0 
vn 0.104528 0.994522 0 
vn -0.309017 0.951057 0 
vn -0.104528 0.994522 0 
vn -0.5 0.866025 0 
vn -0.309017 0.951057 0 
vn -0.669131 0.743145 0 
vn -0.5 0.866025 0 
vn -0.809017 0.587785 0 
vn -0.669131 0.743145 0 
vn -0.913545 0.406737 0 
vn -0.809017 0.587785 0 
vn -0.978148 0.207912 0 
vn -0.927847 0.372962 0 
vn -0.913545 0.406737 0 
vn -1 -1.22465e-16 0 
vn -0.978148 0.207912 0 
vn -2.01785e-16 1 0 
vn -1 -1.77193e-16 0 
vn 0 -1 0 
vn 1 4.63225e-63 0 
vn -1 -4.63225e-63 0 
vn 0 -1 0 
vn 0 1 0 
vn -1 -4.63225e-63 0 
vn 1 4.63225e-63 0 
vn 0 1 0 
vn -1 -1.77193e-16 0 
vn -0.173648 -0.984808 0 
vn -0.0460664 -0.998938 0 
vn -0.0188217 -0.999823 0 
vn 1.83697e-16 -1 0 
vn -0.34202 -0.939693 0 
vn -0.236278 -0.971686 0 
vn -0.173648 -0.984808 0 
vn -0.34202 -0.939693 0 
vn -0.5 -0.866025 0 
vn -0.642788 -0.766044 0 
vn -0.5572 -0.830378 0 
vn -0.5 -0.866025 0 
vn -0.766044 -0.642788 0 
vn -0.742358 -0.670004 0 
vn -0.714875 -0.699252 0 
vn -0.658095 -0.752935 0 
vn -0.642788 -0.766044 0 
vn -0.866025 -0.5 0 
vn -0.823702 -0.567023 0 
vn -0.766044 -0.642788 0 
vn -0.939693 -0.34202 0 
vn -0.93709 -0.349087 0 
vn -0.910589 -0.413314 0 
vn -0.866025 -0.5 0 
vn -0.984808 -0.173648 0 
vn -0.983882 -0.178818 0 
vn -0.939693 -0.34202 0 
vn -0.984808 -0.173648 0 
vn -1 -2.44929e-16 0 
vn 0 -1 0 
vn 1 1.22465e-16 0 
vn 0.984808 -0.173648 0 
vn 0.939693 -0.34202 0 
vn 0.983882 -0.178818 0 
vn 0.984808 -0.173648 0 
vn 0.866025 -0.5 0 
vn 0.910589 -0.413314 0 
vn 0.939693 -0.34202 0 
vn 0.766044 -0.642788 0 
vn 0.823702 -0.567023 0 
vn 0.866025 -0.5 0 
vn 0.642788 -0.766044 0 
vn 0.658095 -0.752935 0 
vn 0.714875 -0.699252 0 
vn 0.742358 -0.670004 0 
vn 0.766044 -0.642788 0 
vn 0.5 -0.866025 0 
vn 0.5572 -0.830378 0 
vn 0.642788 -0.766044 0 
vn 0.34202 -0.939693 0 
vn 0.481468 -0.876464 0 
vn 0.5 -0.866025 0 
vn 0.173648 -0.984808 0 
vn 0.236278 -0.971686 0 
vn 0.253893 -0.967232 0 
vn 0.34202 -0.939693 0 
vn 1.83697e-16 -1 0 
vn 0.0460664 -0.998938 0 
vn 0.173648 -0.984808 0 
vn 1.83697e-16 -1 0 
vn 0 1 0 
vn 1 0 0 
vn -1 0 0 
vn 0 1 0 
vn 1 0 0 
vn 0 -1 0 
vn -1 0 0 
vn 1 0 0 
vn 0 -1 0 
vn -1 0 0 
vn 1 0 0 
vn 0 1 0 
vn 0.976621 0.21497 0 
vn 1 2.44929e-16 0 
vn 0.907575 0.419889 0 
vn 0.976621 0.21497 0 
vn 0.796093 0.605174 0 
vn 0.907575 0.419889 0 
vn 0.647386 0.762162 0 
vn 0.796093 0.605174 0 
vn 0.468408 0.883512 0 
vn 0.647386 0.762162 0 
vn 0.267528 0.96355 0 
vn 0.468408 0.883512 0 
vn 0.0541389 0.998533 0 
vn 0.267528 0.96355 0 
vn -0.161782 0.986827 0 
vn 0.0541389 0.998533 0 
vn -0.370138 0.928977 0 
vn -0.161782 0.986827 0 
vn -0.561187 0.827689 0 
vn -0.370138 0.928977 0 
vn -0.725995 0.687699 0 
vn -0.561187 0.827689 0 
vn -0.856857 0.515554 0 
vn -0.725995 0.687699 0 
vn -0.947653 0.319302 0 
vn -0.856857 0.515554 0 
vn -0.994138 0.108119 0 
vn -0.947653 0.319302 0 
vn -0.994138 -0.108119 0 
vn -1 -3.67394e-16 0 
vn -0.994138 0.108119 0 
vn -0.947653 -0.319302 0 
vn -0.994138 -0.108119 0 
vn -0.856857 -0.515554 0 
vn -0.947653 -0.319302 0 
vn -0.725995 -0.687699 0 
vn -0.856857 -0.515554 0 
vn -0.561187 -0.827689 0 
vn -0.725995 -0.687699 0 
vn -0.370138 -0.928977 0 
vn -0.561187 -0.827689 0 
vn -0.161782 -0.986827 0 
vn -0.370138 -0.928977 0 
vn 0.0541389 -0.998533 0 
vn -0.161782 -0.986827 0 
vn 0.267528 -0.96355 0 
vn 0.0541389 -0.998533 0 
vn 0.468408 -0.883512 0 
vn 0.267528 -0.96355 0 
vn 0.647386 -0.762162 0 
vn 0.468408 -0.883512 0 
vn 0.796093 -0.605174 0 
vn 0.647386 -0.762162 0 
vn 0.907575 -0.419889 0 
vn 0.796093 -0.605174 0 
vn 0.976621 -0.21497 0 
vn 0.907575 -0.419889 0 
vn 0.976621 0.21497 0 
vn 1 2.44929e-16 0 
vn 0.907575 0.419889 0 
vn 0.976621 0.21497 0 
vn 0.796093 0.605174 0 
vn 0.907575 0.419889 0 
vn 0.647386 0.762162 0 
vn 0.796093 0.605174 0 
vn 0.468408 0.883512 0 
vn 0.647386 0.762162 0 
vn 0.267528 0.96355 0 
vn 0.468408 0.883512 0 
vn 0.0541389 0.998533 0 
vn 0.267528 0.96355 0 
vn -0.161782 0.986827 0 
vn 0.0541389 0.998533 0 
vn -0.370138 0.928977 0 
vn -0.161782 0.986827 0 
vn -0.561187 0.827689 0 
vn -0.370138 0.928977 0 
vn -0.725995 0.687699 0 
vn -0.561187 0.827689 0 
vn -0.856857 0.515554 0 
vn -0.725995 0.687699 0 
vn -0.947653 0.319302 0 
vn -0.856857 0.515554 0 
vn -0.994138 0.108119 0 
vn -0.947653 0.319302 0 
vn -0.994138 -0.108119 0 
vn -1 -3.67394e-16 0 
vn -0.994138 0.108119 0 
vn -0.947653 -0.319302 0 
vn -0.994138 -0.108119 0 
vn -0.856857 -0.515554 0 
vn -0.947653 -0.319302 0 
vn -0.725995 -0.687699 0 
vn -0.856857 -0.515554 0 
vn -0.561187 -0.827689 0 
vn -0.725995 -0.687699 0 
vn -0.370138 -0.928977 0 
vn -0.561187 -0.827689 0 
vn -0.161782 -0.986827 0 
vn -0.370138 -0.928977 0 
vn 0.0541389 -0.998533 0 
vn -0.161782 -0.986827 0 
vn 0.267528 -0.96355 0 
vn 0.0541389 -0.998533 0 
vn 0.468408 -0.883512 0 
vn 0.267528 -0.96355 0 
vn 0.647386 -0.762162 0 
vn 0.468408 -0.883512 0 
vn 0.796093 -0.605174 0 
vn 0.647386 -0.762162 0 
vn 0.907575 -0.419889 0 
vn 0.796093 -0.605174 0 
vn 0.976621 -0.21497 0 
vn 0.907575 -0.419889 0 
vn 0.976621 0.21497 0 
vn 1 2.44929e-16 0 
vn 0.907575 0.419889 0 
vn 0.976621 0.21497 0 
vn 0.796093 0.605174 0 
vn 0.907575 0.419889 0 
vn 0.647386 0.762162 0 
vn 0.796093 0.605174 0 
vn 0.468408 0.883512 0 
vn 0.647386 0.762162 0 
vn 0.267528 0.96355 0 
vn 0.468408 0.883512 0 
vn 0.0541389 0.998533 0 
vn 0.267528 0.96355 0 
vn -0.161782 0.986827 0 
vn 0.0541389 0.998533 0 
vn -0.370138 0.928977 0 
vn -0.161782 0.986827 0 
vn -0.561187 0.827689 0 
vn -0.370138 0.928977 0 
vn -0.725995 0.687699 0 
vn -0.561187 0.827689 0 
vn -0.856857 0.515554 0 
vn -0.725995 0.687699 0 
vn -0.947653 0.319302 0 
vn -0.856857 0.515554 0 
vn -0.994138 0.108119 0 
vn -0.947653 0.319302 0 
vn -0.994138 -0.108119 0 
vn -1 -3.67394e-16 0 
vn -0.994138 0.108119 0 
vn -0.947653 -0.319302 0 
vn -0.994138 -0.108119 0 
vn -0.856857 -0.515554 0 
vn -0.947653 -0.319302 0 
vn -0.725995 -0.687699 0 
vn -0.856857 -0.515554 0 
vn -0.561187 -0.827689 0 
vn -0.725995 -0.687699 0 
vn -0.370138 -0.928977 0 
vn -0.561187 -0.827689 0 
vn -0.161782 -0.986827 0 
vn -0.370138 -0.928977 0 
vn 0.0541389 -0.998533 0 
vn -0.161782 -0.986827 0 
vn 0.267528 -0.96355 0 
vn 0.0541389 -0.998533 0 
vn 0.468408 -0.883512 0 
vn 0.267528 -0.96355 0 
vn 0.647386 -0.762162 0 
vn 0.468408 -0.883512 0 
vn 0.796093 -0.605174 0 
vn 0.647386 -0.762162 0 
vn 0.907575 -0.419889 0 
vn 0.796093 -0.605174 0 
vn 0.976621 -0.21497 0 
vn 0.907575 -0.419889 0 
vn 0.976621 0.21497 0 
vn 1 2.44929e-16 0 
vn 0.907575 0.419889 0 
vn 0.976621 0.21497 0 
vn 0.796093 0.605174 0 
vn 0.907575 0.419889 0 
vn 0.647386 0.762162 0 
vn 0.796093 0.605174 0 
vn 0.468408 0.883512 0 
vn 0.59492 0.803785 0 
vn 0.647386 0.762162 0 
vn 0.267528 0.96355 0 
vn 0.468408 0.883512 0 
vn 0.0541389 0.998533 0 
vn 0.267528 0.96355 0 
vn -0.161782 0.986827 0 
vn 0.0541389 0.998533 0 
vn -0.370138 0.928977 0 
vn -0.161782 0.986827 0 
vn -0.561187 0.827689 0 
vn -0.370138 0.928977 0 
vn -0.725995 0.687699 0 
vn -0.561187 0.827689 0 
vn -0.856857 0.515554 0 
vn -0.725995 0.687699 0 
vn -0.947653 0.319302 0 
vn -0.856857 0.515554 0 
vn -0.994138 0.108119 0 
vn -0.947653 0.319302 0 
vn -0.994138 -0.108119 0 
vn -1 -3.67394e-16 0 
vn -0.994138 0.108119 0 
vn -0.947653 -0.319302 0 
vn -0.856857 -0.515554 0 
vn -0.725995 -0.687699 0 
vn -0.561187 -0.827689 0 
vn -0.370138 -0.928977 0 
vn -0.161782 -0.986827 0 
vn 0.0541389 -0.998533 0 
vn 0.267528 -0.96355 0 
vn 0.468408 -0.883512 0 
vn 0.647386 -0.762162 0 
vn 0.59492 -0.803785 0 
vn 0.468408 -0.883512 0 
vn 0.796093 -0.605174 0 
vn 0.647386 -0.762162 0 
vn 0.907575 -0.419889 0 
vn 0.796093 -0.605174 0 
vn 0.976621 -0.21497 0 
vn 0.907575 -0.419889 0 
vn 0.976621 0.21497 0 
vn 1 2.44929e-16 0 
vn 0.907575 0.419889 0 
vn 0.976621 0.21497 0 
vn 0.796093 0.605174 0 
vn 0.907575 0.419889 0 
vn 0.647386 0.762162 0 
vn 0.796093 0.605174 0 
vn 0.468408 0.883512 0 
vn 0.647386 0.762162 0 
vn 0.267528 0.96355 0 
vn 0.468408 0.883512 0 
vn 0.0541389 0.998533 0 
vn 0.267528 0.96355 0 
vn -0.161782 0.986827 0 
vn 0.0541389 0.998533 0 
vn -0.370138 0.928977 0 
vn -0.161782 0.986827 0 
vn -0.561187 0.827689 0 
vn -0.370138 0.928977 0 
vn -0.725995 0.687699 0 
vn -0.561187 0.827689 0 
vn -0.856857 0.515554 0 
vn -0.725995 0.687699 0 
vn -0.947653 0.319302 0 
vn -0.856857 0.515554 0 
vn -0.994138 0.108119 0 
vn -0.947653 0.319302 0 
vn -0.994138 -0.108119 0 
vn -1 -3.67394e-16 0 
vn -0.994138 0.108119 0 
vn -0.947653 -0.319302 0 
vn -0.994138 -0.108119 0 
vn -0.856857 -0.515554 0 
vn -0.947653 -0.319302 0 
vn -0.725995 -0.687699 0 
vn -0.856857 -0.515554 0 
vn -0.561187 -0.827689 0 
vn -0.725995 -0.687699 0 
vn -0.370138 -0.928977 0 
vn -0.561187 -0.827689 0 
vn -0.161782 -0.986827 0 
vn -0.370138 -0.928977 0 
vn 0.0541389 -0.998533 0 
vn -0.161782 -0.986827 0 
vn 0.267528 -0.96355 0 
vn 0.0541389 -0.998533 0 
vn 0.468408 -0.883512 0 
vn 0.267528 -0.96355 0 
vn 0.647386 -0.762162 0 
vn 0.468408 -0.883512 0 
vn 0.796093 -0.605174 0 
vn 0.647386 -0.762162 0 
vn 0.907575 -0.419889 0 
vn 0.796093 -0.605174 0 
vn 0.976621 -0.21497 0 
vn 0.907575 -0.419889 0 
vn 0.976621 0.21497 0 
vn 1 2.44929e-16 0 
vn 0.907575 0.419889 0 
vn 0.976621 0.21497 0 
vn 0.796093 0.605174 0 
vn 0.907575 0.419889 0 
vn 0.647386 0.762162 0 
vn 0.796093 0.605174 0 
vn 0.468408 0.883512 0 
vn 0.647386 0.762162 0 
vn 0.267528 0.96355 0 
vn 0.468408 0.883512 0 
vn 0.0541389 0.998533 0 
vn 0.267528 0.96355 0 
vn -0.161782 0.986827 0 
vn 0.0541389 0.998533 0 
vn -0.370138 0.928977 0 
vn -0.161782 0.986827 0 
vn -0.561187 0.827689 0 
vn -0.370138 0.928977 0 
vn -0.725995 0.687699 0 
vn -0.561187 0.827689 0 
vn -0.856857 0.515554 0 
vn -0.725995 0.687699 0 
vn -0.947653 0.319302 0 
vn -0.856857 0.515554 0 
vn -0.994138 0.108119 0 
vn -0.947653 0.319302 0 
vn -0.994138 -0.108119 0 
vn -1 -3.67394e-16 0 
vn -0.994138 0.108119 0 
vn -0.947653 -0.319302 0 
vn -0.994138 -0.108119 0 
vn -0.856857 -0.515554 0 
vn -0.947653 -0.319302 0 
vn -0.725995 -0.687699 0 
vn -0.856857 -0.515554 0 
vn -0.561187 -0.827689 0 
vn -0.725995 -0.687699 0 
vn -0.370138 -0.928977 0 
vn -0.561187 -0.827689 0 
vn -0.161782 -0.986827 0 
vn -0.370138 -0.928977 0 
vn 0.0541389 -0.998533 0 
vn -0.161782 -0.986827 0 
vn 0.267528 -0.96355 0 
vn 0.0541389 -0.998533 0 
vn 0.468408 -0.883512 0 
vn 0.267528 -0.96355 0 
vn 0.647386 -0.762162 0 
vn 0.468408 -0.883512 0 
vn 0.796093 -0.605174 0 
vn 0.647386 -0.762162 0 
vn 0.907575 -0.419889 0 
vn 0.796093 -0.605174 0 
vn 0.976621 -0.21497 0 
vn 0.907575 -0.419889 0 
vn 0.976621 0.21497 0 
vn 1 2.44929e-16 0 
vn 0.907575 0.419889 0 
vn 0.976621 0.21497 0 
vn 0.796093 0.605174 0 
vn 0.907575 0.419889 0 
vn 0.647386 0.762162 0 
vn 0.796093 0.605174 0 
vn 0.468408 0.883512 0 
vn 0.556641 0.830753 0 
vn 0.647386 0.762162 0 
vn 0.267528 0.96355 0 
vn 0.468408 0.883512 0 
vn 0.0541389 0.998533 0 
vn 0.267528 0.96355 0 
vn -0.161782 0.986827 0 
vn 0.0541389 0.998533 0 
vn -0.370138 0.928977 0 
vn -0.161782 0.986827 0 
vn -0.561187 0.827689 0 
vn -0.370138 0.928977 0 
vn -0.725995 0.687699 0 
vn -0.561187 0.827689 0 
vn -0.856857 0.515554 0 
vn -0.725995 0.687699 0 
vn -0.947653 0.319302 0 
vn -0.856857 0.515554 0 
vn -0.994138 0.108119 0 
vn -0.947653 0.319302 0 
vn -0.994138 -0.108119 0 
vn -1 -3.67394e-16 0 
vn -0.994138 0.108119 0 
vn -0.947653 -0.319302 0 
vn -0.856857 -0.515554 0 
vn -0.725995 -0.687699 0 
vn -0.561187 -0.827689 0 
vn -0.370138 -0.928977 0 
vn -0.161782 -0.986827 0 
vn 0.0541389 -0.998533 0 
vn 0.267528 -0.96355 0 
vn 0.468408 -0.883512 0 
vn 0.647386 -0.762162 0 
vn 0.556641 -0.830753 0 
vn 0.468408 -0.883512 0 
vn 0.796093 -0.605174 0 
vn 0.647386 -0.762162 0 
vn 0.907575 -0.419889 0 
vn 0.796093 -0.605174 0 
vn 0.976621 -0.21497 0 
vn 0.907575 -0.419889 0 
vn 0.976621 0.21497 0 
vn 1 2.44929e-16 0 
vn 0.907575 0.419889 0 
vn 0.92769 0.373351 0 
vn 0.976621 0.21497 0 
vn 0.796093 0.605174 0 
vn 0.907575 0.419889 0 
vn 0.647386 0.762162 0 
vn 0.796093 0.605174 0 
vn 0.468408 0.883512 0 
vn 0.647386 0.762162 0 
vn 0.267528 0.96355 0 
vn 0.468408 0.883512 0 
vn 0.0541389 0.998533 0 
vn 0.267528 0.96355 0 
vn -0.161782 0.986827 0 
vn 0.0541389 0.998533 0 
vn -0.370138 0.928977 0 
vn -0.161782 0.986827 0 
vn -0.561187 0.827689 0 
vn -0.370138 0.928977 0 
vn -0.725995 0.687699 0 
vn -0.561187 0.827689 0 
vn -0.856857 0.515554 0 
vn -0.725995 0.687699 0 
vn -0.947653 0.319302 0 
vn -0.927633 0.373494 0 
vn -0.856857 0.515554 0 
vn -0.994138 0.108119 0 
vn -0.947653 0.319302 0 
vn -0.994138 -0.108119 0 
vn -1 -3.67394e-16 0 
vn -0.994138 0.108119 0 
vn -0.947653 -0.319302 0 
vn -0.994138 -0.108119 0 
vn -0.856857 -0.515554 0 
vn -0.947653 -0.319302 0 
vn -0.725995 -0.687699 0 
vn -0.856857 -0.515554 0 
vn -0.561187 -0.827689 0 
vn -0.725995 -0.687699 0 
vn -0.370138 -0.928977 0 
vn -0.561187 -0.827689 0 
vn -0.161782 -0.986827 0 
vn -0.370138 -0.928977 0 
vn 0.0541389 -0.998533 0 
vn -0.161782 -0.986827 0 
vn 0.267528 -0.96355 0 
vn 0.0541389 -0.998533 0 
vn 0.468408 -0.883512 0 
vn 0.267528 -0.96355 0 
vn 0.647386 -0.762162 0 
vn 0.468408 -0.883512 0 
vn 0.796093 -0.605174 0 
vn 0.647386 -0.762162 0 
vn 0.907575 -0.419889 0 
vn 0.796093 -0.605174 0 
vn 0.976621 -0.21497 0 
vn 0.907575 -0.419889 0 
vn 0.976621 0.21497 0 
vn 1 2.44929e-16 0 
vn 0.907575 0.419889 0 
vn 0.976621 0.21497 0 
vn 0.796093 0.605174 0 
vn 0.907575 0.419889 0 
vn 0.647386 0.762162 0 
vn 0.796093 0.605174 0 
vn 0.468408 0.883512 0 
vn 0.556641 0.830753 0 
vn 0.647386 0.762162 0 
vn 0.267528 0.96355 0 
vn 0.468408 0.883512 0 
vn 0.0541389 0.998533 0 
vn 0.216487 0.976285 0 
vn 0.267528 0.96355 0 
vn -0.161782 0.986827 0 
vn 0.0541389 0.998533 0 
vn -0.370138 0.928977 0 
vn -0.302861 0.953035 0 
vn -0.215888 0.976418 0 
vn -0.161782 0.986827 0 
vn -0.561187 0.827689 0 
vn -0.370138 0.928977 0 
vn -0.725995 0.687699 0 
vn -0.561187 0.827689 0 
vn -0.856857 0.515554 0 
vn -0.725995 0.687699 0 
vn -0.947653 0.319302 0 
vn -0.856857 0.515554 0 
vn -0.994138 0.108119 0 
vn -0.947653 0.319302 0 
vn -0.994138 -0.108119 0 
vn -1 -3.67394e-16 0 
vn -0.994138 0.108119 0 
vn -0.947653 -0.319302 0 
vn -0.994138 -0.108119 0 
vn -0.856857 -0.515554 0 
vn -0.947653 -0.319302 0 
vn -0.725995 -0.687699 0 
vn -0.856857 -0.515554 0 
vn -0.561187 -0.827689 0 
vn -0.725995 -0.687699 0 
vn -0.370138 -0.928977 0 
vn -0.561187 -0.827689 0 
vn -0.161782 -0.986827 0 
vn -0.302861 -0.953035 0 
vn -0.370138 -0.928977 0 
vn 0.0541389 -0.998533 0 
vn -0.161782 -0.986827 0 
vn 0.267528 -0.96355 0 
vn 0.0541389 -0.998533 0 
vn 0.468408 -0.883512 0 
vn 0.267528 -0.96355 0 
vn 0.647386 -0.762162 0 
vn 0.556641 -0.830753 0 
vn 0.468408 -0.883512 0 
vn 0.796093 -0.605174 0 
vn 0.647386 -0.762162 0 
vn 0.907575 -0.419889 0 
vn 0.796093 -0.605174 0 
vn 0.976621 -0.21497 0 
vn 0.907575 -0.419889 0 
usemtl 0.647059_0.647059_0.647059_0.000000_0.000000
o mesh0
f 1//1 2//2 3//2 
f 4//3 1//1 5//4 
f 6//5 4//3 7//6 
f 8//7 6//5 9//8 
f 10//9 8//7 11//10 
f 12//11 10//9 13//12 
f 14//13 15//14 16//14 
f 17//15 16//14 15//14 
f 15//14 12//11 17//15 
f 18//16 14//13 19//17 
f 20//18 21//19 22//19 
f 23//20 22//19 21//19 
f 21//19 18//16 23//20 
f 24//21 25//22 26//22 
f 27//23 26//22 25//22 
f 25//22 20//18 27//23 
f 28//24 24//21 29//25 
f 30//26 28//24 31//27 
f 32//28 30//26 33//29 
f 34//30 32//28 35//31 
f 36//32 37//33 38//33 
f 39//34 38//33 37//33 
f 37//33 34//30 39//34 
f 40//35 36//32 41//36 
f 42//37 40//35 43//38 
f 44//39 42//37 45//40 
f 46//41 44//39 47//42 
f 48//43 49//44 50//44 
f 51//45 50//44 49//44 
f 49//44 46//41 51//45 
f 52//46 48//43 53//47 
f 54//48 52//46 55//49 
f 56//50 54//48 57//51 
f 58//52 56//50 59//53 
f 60//54 58//52 61//55 
f 62//56 60//54 63//57 
f 64//58 62//56 65//59 
f 66//60 64//58 67//61 
f 2//2 66//60 68//60 
f 68//60 3//2 2//2 
f 67//61 68//60 66//60 
f 65//59 67//61 64//58 
f 63//57 65//59 62//56 
f 61//55 63//57 60//54 
f 59//53 61//55 58//52 
f 57//51 59//53 56//50 
f 55//49 57//51 54//48 
f 53//47 55//49 52//46 
f 50//44 53//47 48//43 
f 47//42 51//45 46//41 
f 45//40 47//42 44//39 
f 43//38 45//40 42//37 
f 41//36 43//38 40//35 
f 38//33 41//36 36//32 
f 35//31 39//34 34//30 
f 33//29 35//31 32//28 
f 31//27 33//29 30//26 
f 29//25 31//27 28//24 
f 26//22 29//25 24//21 
f 22//19 27//23 20//18 
f 19//17 23//20 18//16 
f 16//14 19//17 14//13 
f 13//12 17//15 12//11 
f 11//10 13//12 10//9 
f 9//8 11//10 8//7 
f 7//6 9//8 6//5 
f 5//4 7//6 4//3 
f 3//2 5//4 1//1 
o mesh1
f 502//62 69//62 70//62 
f 503//62 504//62 505//62 
f 506//62 507//62 508//62 
f 509//62 503//62 510//62 
f 511//62 509//62 512//62 
f 513//62 514//62 511//62 
f 515//62 511//62 516//62 
f 517//62 71//62 72//62 
f 518//62 73//62 74//62 
f 518//62 75//62 76//62 
f 518//62 77//62 78//62 
f 519//62 79//62 77//62 
f 517//62 80//62 71//62 
f 517//62 81//62 82//62 
f 518//62 83//62 73//62 
f 518//62 84//62 85//62 
f 78//62 75//62 518//62 
f 519//62 86//62 79//62 
f 520//62 517//62 87//62 
f 82//62 80//62 517//62 
f 517//62 74//62 88//62 
f 85//62 83//62 518//62 
f 77//62 518//62 519//62 
f 519//62 89//62 90//62 
f 519//62 520//62 91//62 
f 520//62 92//62 93//62 
f 87//62 94//62 520//62 
f 88//62 81//62 517//62 
f 76//62 84//62 518//62 
f 519//62 95//62 96//62 
f 91//62 89//62 519//62 
f 520//62 97//62 98//62 
f 94//62 92//62 520//62 
f 74//62 517//62 518//62 
f 519//62 99//62 95//62 
f 520//62 100//62 91//62 
f 93//62 97//62 520//62 
f 96//62 86//62 519//62 
f 98//62 100//62 520//62 
f 90//62 99//62 519//62 
f 517//62 520//62 521//62 
f 522//62 513//62 515//62 
f 523//62 515//62 524//62 
f 525//62 518//62 517//62 
f 526//62 517//62 527//62 
f 528//62 523//62 529//62 
f 530//62 531//62 525//62 
f 532//62 525//62 526//62 
f 101//62 102//62 533//62 
f 534//62 533//62 528//62 
f 535//62 536//62 537//62 
f 538//62 537//62 539//62 
f 540//62 530//62 532//62 
f 541//62 532//62 542//62 
f 543//62 542//62 544//62 
f 101//62 103//62 104//62 
f 105//62 106//62 107//62 
f 104//62 105//62 101//62 
f 101//62 108//62 109//62 
f 110//62 105//62 111//62 
f 105//62 112//62 106//62 
f 109//62 103//62 101//62 
f 101//62 113//62 114//62 
f 110//62 115//62 116//62 
f 111//62 117//62 110//62 
f 104//62 112//62 105//62 
f 114//62 118//62 101//62 
f 534//62 119//62 120//62 
f 110//62 121//62 122//62 
f 110//62 123//62 115//62 
f 117//62 124//62 110//62 
f 105//62 125//62 126//62 
f 118//62 108//62 101//62 
f 534//62 127//62 119//62 
f 534//62 128//62 129//62 
f 122//62 534//62 110//62 
f 124//62 123//62 110//62 
f 107//62 125//62 105//62 
f 101//62 120//62 130//62 
f 534//62 131//62 127//62 
f 129//62 132//62 534//62 
f 116//62 121//62 110//62 
f 130//62 113//62 101//62 
f 132//62 131//62 534//62 
f 534//62 133//62 134//62 
f 126//62 111//62 105//62 
f 134//62 128//62 534//62 
f 120//62 101//62 534//62 
f 135//62 538//62 545//62 
f 136//62 541//62 543//62 
f 137//62 543//62 546//62 
f 537//62 138//62 139//62 
f 547//62 531//62 140//62 
f 530//62 141//62 140//62 
f 140//62 531//62 530//62 
f 539//62 139//62 141//62 
f 141//62 530//62 539//62 
f 142//62 548//62 547//62 
f 537//62 536//62 143//62 
f 536//62 529//62 144//62 
f 144//62 143//62 536//62 
f 548//62 142//62 144//62 
f 144//62 529//62 548//62 
f 145//62 533//62 146//62 
f 533//62 102//62 147//62 
f 147//62 146//62 533//62 
f 148//62 149//62 147//62 
f 147//62 102//62 148//62 
f 522//62 523//62 150//62 
f 528//62 151//62 150//62 
f 150//62 523//62 528//62 
f 533//62 145//62 151//62 
f 151//62 528//62 533//62 
f 522//62 152//62 153//62 
f 154//62 155//62 153//62 
f 153//62 155//62 522//62 
f 155//62 549//62 522//62 
f 156//62 157//62 152//62 
f 152//62 522//62 156//62 
f 155//62 158//62 159//62 
f 159//62 549//62 155//62 
f 549//62 160//62 161//62 
f 522//62 162//62 163//62 
f 522//62 549//62 162//62 
f 513//62 164//62 165//62 
f 513//62 163//62 164//62 
f 514//62 165//62 166//62 
f 167//62 509//62 168//62 
f 511//62 169//62 170//62 
f 168//62 171//62 167//62 
f 511//62 172//62 169//62 
f 514//62 173//62 174//62 
f 175//62 176//62 177//62 
f 171//62 178//62 167//62 
f 509//62 179//62 180//62 
f 509//62 181//62 182//62 
f 511//62 183//62 181//62 
f 170//62 184//62 511//62 
f 174//62 511//62 514//62 
f 514//62 185//62 186//62 
f 514//62 177//62 187//62 
f 175//62 188//62 176//62 
f 167//62 189//62 190//62 
f 167//62 191//62 192//62 
f 180//62 168//62 509//62 
f 509//62 193//62 194//62 
f 182//62 195//62 509//62 
f 511//62 196//62 183//62 
f 174//62 172//62 511//62 
f 514//62 197//62 185//62 
f 177//62 514//62 175//62 
f 190//62 175//62 167//62 
f 178//62 191//62 167//62 
f 195//62 193//62 509//62 
f 184//62 196//62 511//62 
f 514//62 198//62 197//62 
f 190//62 188//62 175//62 
f 194//62 179//62 509//62 
f 186//62 173//62 514//62 
f 192//62 189//62 167//62 
f 187//62 198//62 514//62 
f 509//62 167//62 199//62 
f 503//62 200//62 201//62 
f 503//62 199//62 200//62 
f 504//62 202//62 203//62 
f 504//62 201//62 204//62 
f 204//62 202//62 504//62 
f 550//62 203//62 205//62 
f 551//62 550//62 206//62 
f 502//62 551//62 207//62 
f 551//62 208//62 207//62 
f 552//62 553//62 209//62 
f 553//62 70//62 209//62 
f 552//62 210//62 211//62 
f 554//62 552//62 212//62 
f 212//62 507//62 554//62 
f 507//62 213//62 214//62 
f 507//62 215//62 213//62 
f 508//62 214//62 216//62 
f 555//62 508//62 217//62 
f 217//62 218//62 555//62 
f 556//62 555//62 219//62 
f 556//62 220//62 221//62 
f 220//62 222//62 221//62 
f 520//62 223//62 224//62 
f 220//62 225//62 222//62 
f 520//62 226//62 223//62 
f 556//62 227//62 228//62 
f 221//62 229//62 556//62 
f 521//62 230//62 231//62 
f 520//62 232//62 226//62 
f 229//62 227//62 556//62 
f 521//62 233//62 230//62 
f 521//62 224//62 234//62 
f 520//62 235//62 232//62 
f 520//62 556//62 236//62 
f 556//62 237//62 238//62 
f 228//62 239//62 556//62 
f 521//62 240//62 233//62 
f 224//62 521//62 520//62 
f 236//62 241//62 520//62 
f 239//62 237//62 556//62 
f 220//62 242//62 243//62 
f 244//62 245//62 246//62 
f 234//62 240//62 521//62 
f 241//62 247//62 520//62 
f 243//62 225//62 220//62 
f 246//62 220//62 244//62 
f 521//62 248//62 249//62 
f 247//62 235//62 520//62 
f 246//62 242//62 220//62 
f 249//62 244//62 521//62 
f 238//62 236//62 556//62 
f 231//62 248//62 521//62 
f 244//62 250//62 251//62 
f 251//62 245//62 244//62 
f 521//62 244//62 252//62 
f 527//62 521//62 253//62 
f 253//62 254//62 527//62 
f 557//62 527//62 255//62 
f 255//62 256//62 557//62 
f 257//62 557//62 258//62 
f 557//62 259//62 260//62 
f 260//62 258//62 557//62 
f 261//62 262//62 260//62 
f 263//62 264//62 259//62 
f 260//62 259//62 261//62 
f 557//62 265//62 263//62 
f 259//62 557//62 263//62 
f 544//62 542//62 266//62 
f 542//62 526//62 267//62 
f 267//62 266//62 542//62 
f 557//62 257//62 267//62 
f 267//62 526//62 557//62 
f 268//62 269//62 270//62 
f 544//62 271//62 270//62 
f 270//62 269//62 544//62 
f 272//62 273//62 271//62 
f 271//62 544//62 272//62 
f 546//62 544//62 269//62 
f 274//62 275//62 276//62 
f 276//62 277//62 274//62 
f 274//62 278//62 279//62 
f 274//62 280//62 275//62 
f 274//62 281//62 278//62 
f 274//62 282//62 283//62 
f 282//62 284//62 285//62 
f 282//62 286//62 287//62 
f 277//62 288//62 289//62 
f 277//62 290//62 291//62 
f 279//62 280//62 274//62 
f 283//62 292//62 274//62 
f 287//62 284//62 282//62 
f 282//62 293//62 294//62 
f 546//62 295//62 296//62 
f 546//62 297//62 298//62 
f 277//62 299//62 297//62 
f 289//62 300//62 277//62 
f 291//62 301//62 277//62 
f 292//62 281//62 274//62 
f 294//62 286//62 282//62 
f 546//62 302//62 293//62 
f 546//62 303//62 304//62 
f 298//62 295//62 546//62 
f 277//62 305//62 299//62 
f 301//62 288//62 277//62 
f 285//62 283//62 282//62 
f 546//62 306//62 302//62 
f 296//62 303//62 546//62 
f 300//62 305//62 277//62 
f 293//62 282//62 546//62 
f 297//62 546//62 277//62 
f 304//62 306//62 546//62 
f 548//62 529//62 307//62 
f 524//62 308//62 307//62 
f 307//62 529//62 524//62 
f 548//62 309//62 310//62 
f 547//62 310//62 311//62 
f 518//62 525//62 312//62 
f 531//62 311//62 312//62 
f 312//62 525//62 531//62 
f 313//62 314//62 519//62 
f 314//62 315//62 558//62 
f 315//62 316//62 506//62 
f 554//62 507//62 317//62 
f 506//62 316//62 317//62 
f 317//62 507//62 506//62 
f 318//62 559//62 554//62 
f 319//62 560//62 559//62 
f 510//62 505//62 320//62 
f 560//62 319//62 320//62 
f 320//62 505//62 560//62 
f 321//62 322//62 323//62 
f 323//62 324//62 321//62 
f 510//62 325//62 326//62 
f 510//62 327//62 328//62 
f 329//62 330//62 327//62 
f 329//62 321//62 331//62 
f 510//62 332//62 325//62 
f 327//62 510//62 329//62 
f 331//62 333//62 329//62 
f 328//62 332//62 510//62 
f 329//62 334//62 335//62 
f 321//62 336//62 331//62 
f 335//62 330//62 329//62 
f 333//62 337//62 329//62 
f 510//62 338//62 339//62 
f 337//62 334//62 329//62 
f 326//62 338//62 510//62 
f 516//62 512//62 340//62 
f 512//62 341//62 340//62 
f 512//62 339//62 341//62 
f 516//62 342//62 343//62 
f 524//62 344//62 345//62 
f 343//62 524//62 516//62 
f 345//62 346//62 524//62 
f 343//62 347//62 524//62 
f 308//62 524//62 348//62 
f 524//62 349//62 350//62 
f 347//62 344//62 524//62 
f 351//62 308//62 352//62 
f 308//62 353//62 354//62 
f 348//62 355//62 308//62 
f 346//62 349//62 524//62 
f 308//62 356//62 352//62 
f 308//62 357//62 353//62 
f 350//62 348//62 524//62 
f 352//62 358//62 351//62 
f 355//62 357//62 308//62 
f 354//62 356//62 308//62 
f 506//62 359//62 360//62 
f 506//62 361//62 359//62 
f 506//62 555//62 362//62 
f 360//62 558//62 506//62 
f 362//62 363//62 506//62 
f 555//62 364//62 365//62 
f 506//62 366//62 361//62 
f 555//62 367//62 362//62 
f 555//62 368//62 364//62 
f 506//62 369//62 366//62 
f 365//62 367//62 555//62 
f 363//62 369//62 506//62 
f 555//62 556//62 370//62 
f 370//62 368//62 555//62 
f 556//62 371//62 372//62 
f 556//62 520//62 373//62 
f 373//62 371//62 556//62 
f 519//62 558//62 374//62 
f 372//62 375//62 556//62 
f 520//62 519//62 376//62 
f 519//62 377//62 378//62 
f 558//62 379//62 374//62 
f 558//62 380//62 381//62 
f 520//62 382//62 373//62 
f 520//62 383//62 384//62 
f 519//62 385//62 376//62 
f 378//62 386//62 519//62 
f 381//62 379//62 558//62 
f 384//62 382//62 520//62 
f 376//62 387//62 520//62 
f 519//62 388//62 377//62 
f 374//62 389//62 519//62 
f 387//62 383//62 520//62 
f 389//62 388//62 519//62 
f 386//62 385//62 519//62 
f 375//62 390//62 556//62 
f 559//62 560//62 391//62 
f 560//62 392//62 391//62 
f 560//62 502//62 393//62 
f 502//62 394//62 395//62 
f 502//62 396//62 397//62 
f 560//62 398//62 392//62 
f 393//62 399//62 560//62 
f 397//62 394//62 502//62 
f 553//62 400//62 396//62 
f 399//62 398//62 560//62 
f 396//62 502//62 553//62 
f 395//62 393//62 502//62 
f 554//62 401//62 402//62 
f 402//62 552//62 554//62 
f 552//62 403//62 404//62 
f 554//62 405//62 401//62 
f 559//62 406//62 407//62 
f 552//62 408//62 403//62 
f 402//62 409//62 552//62 
f 559//62 410//62 406//62 
f 553//62 552//62 411//62 
f 552//62 412//62 413//62 
f 409//62 408//62 552//62 
f 407//62 554//62 559//62 
f 411//62 414//62 553//62 
f 404//62 412//62 552//62 
f 554//62 415//62 416//62 
f 407//62 417//62 554//62 
f 559//62 418//62 419//62 
f 553//62 420//62 421//62 
f 413//62 411//62 552//62 
f 554//62 422//62 415//62 
f 419//62 410//62 559//62 
f 414//62 420//62 553//62 
f 417//62 422//62 554//62 
f 416//62 405//62 554//62 
f 504//62 423//62 424//62 
f 504//62 550//62 425//62 
f 504//62 426//62 423//62 
f 425//62 427//62 504//62 
f 550//62 428//62 429//62 
f 504//62 430//62 426//62 
f 429//62 425//62 550//62 
f 427//62 430//62 504//62 
f 550//62 431//62 432//62 
f 432//62 428//62 550//62 
f 550//62 551//62 433//62 
f 433//62 431//62 550//62 
f 560//62 434//62 435//62 
f 435//62 502//62 560//62 
f 560//62 505//62 436//62 
f 505//62 437//62 438//62 
f 560//62 439//62 434//62 
f 505//62 440//62 436//62 
f 438//62 441//62 505//62 
f 551//62 502//62 442//62 
f 502//62 443//62 444//62 
f 435//62 445//62 502//62 
f 560//62 446//62 447//62 
f 441//62 440//62 505//62 
f 502//62 448//62 442//62 
f 444//62 449//62 502//62 
f 560//62 450//62 439//62 
f 436//62 446//62 560//62 
f 449//62 448//62 502//62 
f 447//62 450//62 560//62 
f 551//62 451//62 452//62 
f 551//62 453//62 454//62 
f 445//62 443//62 502//62 
f 454//62 451//62 551//62 
f 505//62 424//62 437//62 
f 442//62 453//62 551//62 
f 540//62 26//62 27//62 
f 539//62 530//62 16//62 
f 530//62 540//62 22//62 
f 530//62 19//62 16//62 
f 22//62 23//62 530//62 
f 23//62 19//62 530//62 
f 455//62 59//62 57//62 
f 455//62 61//62 59//62 
f 455//62 65//62 63//62 
f 545//62 13//62 11//62 
f 545//62 16//62 17//62 
f 63//62 61//62 455//62 
f 545//62 3//62 68//62 
f 17//62 13//62 545//62 
f 455//62 67//62 65//62 
f 68//62 455//62 545//62 
f 545//62 7//62 5//62 
f 11//62 9//62 545//62 
f 456//62 57//62 55//62 
f 68//62 67//62 455//62 
f 9//62 7//62 545//62 
f 55//62 53//62 456//62 
f 5//62 3//62 545//62 
f 57//62 456//62 455//62 
f 540//62 541//62 31//62 
f 541//62 41//62 38//62 
f 136//62 43//62 41//62 
f 31//62 29//62 540//62 
f 541//62 35//62 33//62 
f 41//62 541//62 136//62 
f 456//62 50//62 51//62 
f 33//62 31//62 541//62 
f 38//62 39//62 541//62 
f 136//62 47//62 45//62 
f 51//62 136//62 456//62 
f 39//62 35//62 541//62 
f 51//62 47//62 136//62 
f 45//62 43//62 136//62 
f 536//62 457//62 458//62 
f 536//62 535//62 459//62 
f 528//62 458//62 460//62 
f 459//62 457//62 536//62 
f 458//62 528//62 536//62 
f 561//62 460//62 461//62 
f 461//62 462//62 561//62 
f 110//62 463//62 464//62 
f 110//62 534//62 465//62 
f 110//62 466//62 463//62 
f 465//62 467//62 110//62 
f 534//62 468//62 469//62 
f 464//62 470//62 110//62 
f 469//62 465//62 534//62 
f 534//62 471//62 472//62 
f 561//62 473//62 471//62 
f 467//62 466//62 110//62 
f 471//62 534//62 561//62 
f 472//62 468//62 534//62 
f 474//62 470//62 475//62 
f 470//62 476//62 477//62 
f 475//62 478//62 474//62 
f 470//62 479//62 476//62 
f 477//62 475//62 470//62 
f 538//62 135//62 480//62 
f 480//62 481//62 538//62 
f 135//62 482//62 480//62 
f 481//62 483//62 538//62 
f 135//62 474//62 484//62 
f 535//62 538//62 485//62 
f 483//62 486//62 538//62 
f 484//62 487//62 135//62 
f 474//62 488//62 489//62 
f 538//62 490//62 485//62 
f 538//62 491//62 492//62 
f 135//62 493//62 482//62 
f 489//62 484//62 474//62 
f 492//62 490//62 538//62 
f 487//62 493//62 135//62 
f 486//62 491//62 538//62 
f 485//62 494//62 535//62 
f 478//62 488//62 474//62 
f 464//62 479//62 470//62 
f 462//62 473//62 561//62 
f 460//62 561//62 528//62 
f 459//62 535//62 494//62 
f 29//62 26//62 540//62 
f 53//62 50//62 456//62 
f 16//62 545//62 539//62 
f 27//62 22//62 540//62 
f 452//62 433//62 551//62 
f 424//62 505//62 504//62 
f 421//62 400//62 553//62 
f 391//62 418//62 559//62 
f 390//62 370//62 556//62 
f 360//62 380//62 558//62 
f 358//62 495//62 351//62 
f 340//62 342//62 516//62 
f 339//62 512//62 510//62 
f 324//62 336//62 321//62 
f 320//62 329//62 510//62 
f 559//62 318//62 319//62 
f 554//62 496//62 318//62 
f 317//62 496//62 554//62 
f 506//62 558//62 315//62 
f 558//62 519//62 314//62 
f 519//62 518//62 313//62 
f 312//62 313//62 518//62 
f 311//62 531//62 547//62 
f 310//62 547//62 548//62 
f 307//62 309//62 548//62 
f 276//62 290//62 277//62 
f 269//62 277//62 546//62 
f 270//62 497//62 268//62 
f 266//62 272//62 544//62 
f 258//62 498//62 257//62 
f 256//62 265//62 557//62 
f 254//62 255//62 527//62 
f 252//62 253//62 521//62 
f 249//62 250//62 244//62 
f 219//62 220//62 556//62 
f 218//62 219//62 555//62 
f 216//62 217//62 508//62 
f 214//62 508//62 507//62 
f 212//62 215//62 507//62 
f 211//62 212//62 552//62 
f 209//62 210//62 552//62 
f 207//62 69//62 502//62 
f 206//62 208//62 551//62 
f 205//62 206//62 550//62 
f 203//62 550//62 504//62 
f 201//62 504//62 503//62 
f 199//62 503//62 509//62 
f 181//62 509//62 511//62 
f 166//62 175//62 514//62 
f 165//62 514//62 513//62 
f 163//62 513//62 522//62 
f 161//62 162//62 549//62 
f 159//62 160//62 549//62 
f 153//62 499//62 154//62 
f 150//62 156//62 522//62 
f 146//62 500//62 145//62 
f 143//62 138//62 537//62 
f 547//62 501//62 142//62 
f 140//62 501//62 547//62 
f 139//62 539//62 537//62 
f 546//62 282//62 137//62 
f 543//62 137//62 136//62 
f 545//62 455//62 135//62 
f 122//62 133//62 534//62 
f 544//62 546//62 543//62 
f 542//62 543//62 541//62 
f 532//62 541//62 540//62 
f 539//62 545//62 538//62 
f 537//62 538//62 535//62 
f 528//62 561//62 534//62 
f 533//62 534//62 101//62 
f 526//62 542//62 532//62 
f 525//62 532//62 530//62 
f 529//62 536//62 528//62 
f 527//62 557//62 526//62 
f 517//62 526//62 525//62 
f 524//62 529//62 523//62 
f 515//62 523//62 522//62 
f 521//62 527//62 517//62 
f 72//62 87//62 517//62 
f 516//62 524//62 515//62 
f 511//62 515//62 513//62 
f 512//62 516//62 511//62 
f 510//62 512//62 509//62 
f 508//62 555//62 506//62 
f 505//62 510//62 503//62 
f 70//62 553//62 502//62 
o mesh2
f 995//63 562//63 563//63 
f 564//63 565//63 566//63 
f 564//63 995//63 567//63 
f 995//63 568//63 569//63 
f 995//63 570//63 571//63 
f 563//63 572//63 995//63 
f 564//63 573//63 565//63 
f 564//63 574//63 575//63 
f 569//63 567//63 995//63 
f 995//63 576//63 570//63 
f 572//63 577//63 995//63 
f 562//63 578//63 579//63 
f 562//63 580//63 581//63 
f 580//63 582//63 583//63 
f 564//63 584//63 573//63 
f 575//63 585//63 564//63 
f 995//63 586//63 568//63 
f 577//63 576//63 995//63 
f 562//63 587//63 578//63 
f 562//63 588//63 589//63 
f 580//63 590//63 581//63 
f 583//63 591//63 580//63 
f 585//63 584//63 564//63 
f 571//63 586//63 995//63 
f 562//63 592//63 593//63 
f 589//63 587//63 562//63 
f 591//63 590//63 580//63 
f 580//63 566//63 594//63 
f 567//63 574//63 564//63 
f 579//63 592//63 562//63 
f 594//63 582//63 580//63 
f 593//63 563//63 562//63 
f 566//63 580//63 564//63 
f 595//63 596//63 996//63 
f 597//63 598//63 997//63 
f 598//63 599//63 998//63 
f 562//63 995//63 999//63 
f 995//63 1000//63 1001//63 
f 1002//63 1003//63 1004//63 
f 1003//63 996//63 1005//63 
f 1006//63 1007//63 1008//63 
f 1007//63 997//63 1009//63 
f 997//63 998//63 1010//63 
f 1001//63 1011//63 1012//63 
f 1013//63 1008//63 1014//63 
f 1008//63 1009//63 1015//63 
f 1016//63 1017//63 1018//63 
f 1017//63 1012//63 1019//63 
f 1014//63 1015//63 1020//63 
f 1015//63 1021//63 1022//63 
f 1023//63 1018//63 1024//63 
f 1018//63 1019//63 1025//63 
f 1026//63 600//63 601//63 
f 601//63 1020//63 1026//63 
f 601//63 602//63 1020//63 
f 1026//63 603//63 600//63 
f 602//63 604//63 1020//63 
f 1026//63 605//63 606//63 
f 1020//63 607//63 608//63 
f 606//63 603//63 1026//63 
f 1027//63 609//63 610//63 
f 604//63 607//63 1020//63 
f 1026//63 611//63 612//63 
f 1028//63 613//63 614//63 
f 1028//63 615//63 616//63 
f 1027//63 617//63 618//63 
f 1027//63 619//63 620//63 
f 1027//63 621//63 609//63 
f 1027//63 1020//63 622//63 
f 1020//63 623//63 624//63 
f 612//63 605//63 1026//63 
f 616//63 613//63 1028//63 
f 620//63 617//63 1027//63 
f 622//63 621//63 1027//63 
f 608//63 623//63 1020//63 
f 614//63 1026//63 1028//63 
f 1028//63 625//63 626//63 
f 1028//63 1027//63 627//63 
f 610//63 619//63 1027//63 
f 614//63 611//63 1026//63 
f 626//63 628//63 1028//63 
f 627//63 629//63 1028//63 
f 624//63 622//63 1020//63 
f 629//63 625//63 1028//63 
f 628//63 615//63 1028//63 
f 1020//63 1022//63 1029//63 
f 1024//63 1025//63 1030//63 
f 1031//63 1030//63 1032//63 
f 1033//63 1032//63 1034//63 
f 1035//63 1036//63 1037//63 
f 1038//63 1039//63 630//63 
f 631//63 632//63 1040//63 
f 1005//63 1013//63 633//63 
f 1013//63 1041//63 634//63 
f 634//63 633//63 1013//63 
f 1040//63 632//63 634//63 
f 634//63 1041//63 1040//63 
f 1004//63 1005//63 635//63 
f 1042//63 1012//63 636//63 
f 1011//63 637//63 636//63 
f 636//63 1012//63 1011//63 
f 1004//63 638//63 637//63 
f 637//63 1011//63 1004//63 
f 639//63 640//63 641//63 
f 640//63 642//63 643//63 
f 643//63 641//63 640//63 
f 640//63 644//63 642//63 
f 639//63 645//63 646//63 
f 640//63 647//63 644//63 
f 646//63 648//63 639//63 
f 641//63 649//63 639//63 
f 640//63 650//63 651//63 
f 639//63 652//63 653//63 
f 649//63 645//63 639//63 
f 640//63 654//63 650//63 
f 599//63 655//63 656//63 
f 599//63 653//63 657//63 
f 639//63 658//63 652//63 
f 651//63 647//63 640//63 
f 640//63 998//63 659//63 
f 599//63 660//63 661//63 
f 657//63 655//63 599//63 
f 648//63 658//63 639//63 
f 659//63 662//63 640//63 
f 998//63 663//63 664//63 
f 998//63 665//63 666//63 
f 656//63 660//63 599//63 
f 662//63 654//63 640//63 
f 666//63 663//63 998//63 
f 998//63 667//63 668//63 
f 653//63 599//63 639//63 
f 668//63 665//63 998//63 
f 664//63 659//63 998//63 
f 998//63 599//63 669//63 
f 998//63 670//63 667//63 
f 661//63 669//63 599//63 
f 998//63 640//63 671//63 
f 672//63 1010//63 673//63 
f 1010//63 671//63 674//63 
f 674//63 673//63 1010//63 
f 675//63 676//63 674//63 
f 674//63 671//63 675//63 
f 1021//63 1015//63 677//63 
f 1009//63 678//63 677//63 
f 677//63 1015//63 1009//63 
f 1010//63 672//63 678//63 
f 678//63 1009//63 1010//63 
f 679//63 680//63 681//63 
f 1021//63 682//63 681//63 
f 683//63 1021//63 680//63 
f 681//63 680//63 1021//63 
f 684//63 685//63 682//63 
f 680//63 686//63 683//63 
f 682//63 1021//63 684//63 
f 681//63 687//63 679//63 
f 1021//63 688//63 689//63 
f 1021//63 690//63 688//63 
f 1022//63 691//63 692//63 
f 1022//63 689//63 691//63 
f 1029//63 692//63 693//63 
f 1043//63 694//63 695//63 
f 695//63 696//63 1043//63 
f 695//63 697//63 696//63 
f 1026//63 1029//63 698//63 
f 1043//63 699//63 694//63 
f 1043//63 700//63 701//63 
f 698//63 702//63 1026//63 
f 701//63 699//63 1043//63 
f 702//63 703//63 1026//63 
f 1029//63 704//63 705//63 
f 1043//63 706//63 700//63 
f 1043//63 707//63 708//63 
f 1026//63 709//63 707//63 
f 703//63 710//63 1026//63 
f 1029//63 711//63 712//63 
f 1029//63 713//63 704//63 
f 714//63 715//63 716//63 
f 714//63 696//63 717//63 
f 696//63 718//63 719//63 
f 708//63 706//63 1043//63 
f 1026//63 720//63 709//63 
f 712//63 698//63 1029//63 
f 705//63 721//63 1029//63 
f 1029//63 714//63 722//63 
f 714//63 723//63 715//63 
f 696//63 724//63 717//63 
f 697//63 718//63 696//63 
f 1026//63 725//63 720//63 
f 721//63 711//63 1029//63 
f 716//63 722//63 714//63 
f 719//63 724//63 696//63 
f 710//63 725//63 1026//63 
f 717//63 723//63 714//63 
f 722//63 713//63 1029//63 
f 1043//63 696//63 726//63 
f 1036//63 727//63 728//63 
f 1036//63 726//63 727//63 
f 1037//63 728//63 729//63 
f 1044//63 1037//63 730//63 
f 730//63 731//63 1044//63 
f 1045//63 1044//63 732//63 
f 1044//63 733//63 732//63 
f 1046//63 732//63 734//63 
f 1046//63 735//63 736//63 
f 736//63 1039//63 1046//63 
f 1038//63 737//63 738//63 
f 738//63 1047//63 1038//63 
f 1047//63 739//63 740//63 
f 1048//63 740//63 741//63 
f 1049//63 742//63 743//63 
f 1049//63 1048//63 744//63 
f 744//63 742//63 1049//63 
f 1033//63 1049//63 745//63 
f 745//63 746//63 1033//63 
f 1031//63 1033//63 747//63 
f 1024//63 1031//63 748//63 
f 1031//63 749//63 748//63 
f 750//63 751//63 752//63 
f 1031//63 753//63 749//63 
f 750//63 754//63 751//63 
f 1024//63 755//63 756//63 
f 748//63 757//63 1024//63 
f 1031//63 752//63 758//63 
f 750//63 759//63 754//63 
f 1050//63 760//63 761//63 
f 1024//63 762//63 763//63 
f 756//63 764//63 1024//63 
f 1031//63 765//63 753//63 
f 1031//63 766//63 767//63 
f 752//63 1031//63 750//63 
f 750//63 768//63 769//63 
f 750//63 770//63 771//63 
f 761//63 772//63 1050//63 
f 763//63 1050//63 1024//63 
f 1024//63 773//63 755//63 
f 767//63 765//63 1031//63 
f 769//63 759//63 750//63 
f 770//63 774//63 771//63 
f 772//63 775//63 1050//63 
f 764//63 762//63 1024//63 
f 758//63 766//63 1031//63 
f 770//63 776//63 774//63 
f 770//63 1050//63 777//63 
f 1050//63 778//63 779//63 
f 763//63 760//63 1050//63 
f 771//63 768//63 750//63 
f 779//63 777//63 1050//63 
f 757//63 773//63 1024//63 
f 775//63 778//63 1050//63 
f 1050//63 770//63 780//63 
f 1023//63 1050//63 781//63 
f 781//63 782//63 1023//63 
f 1016//63 1023//63 783//63 
f 783//63 784//63 1016//63 
f 1051//63 784//63 785//63 
f 786//63 1051//63 787//63 
f 1051//63 788//63 787//63 
f 1016//63 786//63 789//63 
f 790//63 1016//63 791//63 
f 1016//63 1051//63 786//63 
f 789//63 791//63 1016//63 
f 792//63 793//63 789//63 
f 789//63 786//63 792//63 
f 999//63 1001//63 794//63 
f 1001//63 1017//63 795//63 
f 795//63 794//63 1001//63 
f 1016//63 790//63 795//63 
f 795//63 1017//63 1016//63 
f 796//63 797//63 798//63 
f 999//63 799//63 798//63 
f 798//63 797//63 999//63 
f 800//63 801//63 799//63 
f 799//63 999//63 800//63 
f 1025//63 802//63 803//63 
f 803//63 1030//63 1025//63 
f 803//63 804//63 1030//63 
f 805//63 806//63 807//63 
f 805//63 808//63 806//63 
f 809//63 810//63 811//63 
f 809//63 1032//63 812//63 
f 1032//63 813//63 814//63 
f 1032//63 815//63 816//63 
f 809//63 817//63 810//63 
f 814//63 812//63 1032//63 
f 816//63 818//63 1032//63 
f 811//63 805//63 809//63 
f 809//63 819//63 820//63 
f 818//63 813//63 1032//63 
f 809//63 821//63 817//63 
f 812//63 819//63 809//63 
f 820//63 821//63 809//63 
f 1032//63 1030//63 822//63 
f 822//63 815//63 1032//63 
f 1052//63 1034//63 823//63 
f 1032//63 809//63 823//63 
f 823//63 1034//63 1032//63 
f 824//63 825//63 1053//63 
f 825//63 826//63 1045//63 
f 1035//63 1044//63 827//63 
f 1045//63 826//63 827//63 
f 827//63 1044//63 1045//63 
f 828//63 1054//63 1035//63 
f 829//63 1028//63 1054//63 
f 830//63 1027//63 1028//63 
f 1041//63 1014//63 831//63 
f 1027//63 830//63 831//63 
f 831//63 1014//63 1027//63 
f 1040//63 1041//63 832//63 
f 1042//63 1040//63 833//63 
f 1019//63 1012//63 834//63 
f 1042//63 835//63 834//63 
f 834//63 1012//63 1042//63 
f 1025//63 1019//63 836//63 
f 1019//63 837//63 836//63 
f 1019//63 838//63 839//63 
f 1019//63 840//63 837//63 
f 1019//63 841//63 838//63 
f 839//63 840//63 1019//63 
f 1019//63 842//63 843//63 
f 844//63 845//63 842//63 
f 843//63 841//63 1019//63 
f 844//63 846//63 845//63 
f 844//63 847//63 848//63 
f 849//63 850//63 851//63 
f 842//63 1019//63 844//63 
f 848//63 852//63 844//63 
f 851//63 844//63 849//63 
f 852//63 846//63 844//63 
f 849//63 853//63 850//63 
f 851//63 847//63 844//63 
f 1035//63 1054//63 854//63 
f 1035//63 855//63 856//63 
f 854//63 857//63 1035//63 
f 1036//63 858//63 859//63 
f 1035//63 860//63 855//63 
f 1054//63 861//63 854//63 
f 859//63 862//63 1036//63 
f 856//63 1036//63 1035//63 
f 857//63 863//63 1035//63 
f 856//63 858//63 1036//63 
f 863//63 864//63 1035//63 
f 1036//63 865//63 866//63 
f 864//63 860//63 1035//63 
f 862//63 865//63 1036//63 
f 1043//63 867//63 868//63 
f 1043//63 869//63 870//63 
f 1028//63 871//63 872//63 
f 870//63 867//63 1043//63 
f 1054//63 873//63 874//63 
f 872//63 1054//63 1028//63 
f 1028//63 875//63 876//63 
f 1026//63 877//63 878//63 
f 1043//63 879//63 869//63 
f 872//63 873//63 1054//63 
f 1028//63 880//63 875//63 
f 878//63 1028//63 1026//63 
f 1026//63 881//63 882//63 
f 868//63 1026//63 1043//63 
f 1028//63 883//63 871//63 
f 876//63 884//63 1028//63 
f 1026//63 885//63 877//63 
f 868//63 881//63 1026//63 
f 884//63 883//63 1028//63 
f 882//63 885//63 1026//63 
f 878//63 880//63 1028//63 
f 1043//63 866//63 879//63 
f 1053//63 886//63 887//63 
f 1038//63 888//63 889//63 
f 1038//63 890//63 891//63 
f 1052//63 892//63 890//63 
f 887//63 1052//63 1053//63 
f 1039//63 1038//63 893//63 
f 891//63 888//63 1038//63 
f 1052//63 894//63 892//63 
f 887//63 895//63 1052//63 
f 889//63 893//63 1038//63 
f 895//63 894//63 1052//63 
f 890//63 1038//63 1052//63 
f 1045//63 1046//63 896//63 
f 1046//63 897//63 896//63 
f 1053//63 1045//63 898//63 
f 896//63 899//63 1045//63 
f 1046//63 900//63 901//63 
f 898//63 902//63 1053//63 
f 1046//63 903//63 897//63 
f 901//63 904//63 1046//63 
f 1045//63 905//63 898//63 
f 904//63 903//63 1046//63 
f 1046//63 906//63 907//63 
f 1039//63 908//63 906//63 
f 1053//63 909//63 910//63 
f 1045//63 911//63 905//63 
f 1045//63 912//63 913//63 
f 907//63 900//63 1046//63 
f 1039//63 914//63 908//63 
f 902//63 909//63 1053//63 
f 913//63 915//63 1045//63 
f 906//63 1046//63 1039//63 
f 1039//63 916//63 917//63 
f 915//63 911//63 1045//63 
f 917//63 914//63 1039//63 
f 899//63 912//63 1045//63 
f 1049//63 918//63 919//63 
f 1048//63 919//63 920//63 
f 1049//63 921//63 918//63 
f 1049//63 1034//63 922//63 
f 1048//63 923//63 924//63 
f 919//63 1048//63 1049//63 
f 922//63 925//63 1049//63 
f 920//63 923//63 1048//63 
f 925//63 926//63 1049//63 
f 1048//63 927//63 928//63 
f 926//63 921//63 1049//63 
f 924//63 927//63 1048//63 
f 1034//63 929//63 930//63 
f 1052//63 1038//63 931//63 
f 1034//63 932//63 929//63 
f 1038//63 933//63 931//63 
f 1034//63 934//63 932//63 
f 1052//63 935//63 934//63 
f 931//63 936//63 1052//63 
f 934//63 1034//63 1052//63 
f 1052//63 937//63 938//63 
f 1038//63 939//63 933//63 
f 1038//63 940//63 941//63 
f 1047//63 942//63 943//63 
f 938//63 935//63 1052//63 
f 936//63 944//63 1052//63 
f 1038//63 945//63 940//63 
f 943//63 1038//63 1047//63 
f 944//63 937//63 1052//63 
f 943//63 945//63 1038//63 
f 941//63 939//63 1038//63 
f 1047//63 946//63 947//63 
f 1047//63 928//63 948//63 
f 930//63 949//63 1034//63 
f 948//63 946//63 1047//63 
f 947//63 942//63 1047//63 
f 596//63 950//63 54//63 
f 996//63 10//63 12//63 
f 996//63 6//63 8//63 
f 596//63 58//63 60//63 
f 54//63 56//63 596//63 
f 8//63 10//63 996//63 
f 996//63 596//63 66//63 
f 56//63 58//63 596//63 
f 996//63 4//63 6//63 
f 996//63 2//63 1//63 
f 596//63 64//63 66//63 
f 60//63 62//63 596//63 
f 1//63 4//63 996//63 
f 62//63 64//63 596//63 
f 950//63 48//63 52//63 
f 66//63 2//63 996//63 
f 950//63 49//63 48//63 
f 52//63 54//63 950//63 
f 1013//63 18//63 21//63 
f 1005//63 996//63 15//63 
f 1013//63 14//63 18//63 
f 15//63 1013//63 1005//63 
f 15//63 14//63 1013//63 
f 1006//63 21//63 20//63 
f 597//63 1007//63 36//63 
f 1007//63 34//63 37//63 
f 1006//63 24//63 28//63 
f 597//63 44//63 46//63 
f 37//63 36//63 1007//63 
f 1007//63 28//63 30//63 
f 1006//63 25//63 24//63 
f 46//63 950//63 597//63 
f 597//63 40//63 42//63 
f 1007//63 32//63 34//63 
f 28//63 1007//63 1006//63 
f 42//63 44//63 597//63 
f 30//63 32//63 1007//63 
f 36//63 40//63 597//63 
f 951//63 952//63 953//63 
f 954//63 955//63 952//63 
f 953//63 956//63 951//63 
f 954//63 957//63 955//63 
f 952//63 951//63 954//63 
f 564//63 958//63 959//63 
f 1000//63 995//63 960//63 
f 995//63 961//63 962//63 
f 995//63 959//63 963//63 
f 564//63 964//63 958//63 
f 564//63 951//63 965//63 
f 962//63 960//63 995//63 
f 959//63 995//63 564//63 
f 965//63 966//63 564//63 
f 963//63 961//63 995//63 
f 951//63 967//63 965//63 
f 966//63 964//63 564//63 
f 1000//63 968//63 969//63 
f 1000//63 970//63 968//63 
f 1011//63 971//63 972//63 
f 1011//63 1001//63 973//63 
f 973//63 971//63 1011//63 
f 1001//63 1000//63 974//63 
f 974//63 973//63 1001//63 
f 1003//63 975//63 976//63 
f 1003//63 977//63 975//63 
f 976//63 595//63 1003//63 
f 1003//63 978//63 977//63 
f 1003//63 1002//63 979//63 
f 595//63 980//63 981//63 
f 1003//63 982//63 978//63 
f 1003//63 983//63 984//63 
f 1002//63 985//63 979//63 
f 954//63 981//63 986//63 
f 595//63 987//63 980//63 
f 976//63 988//63 595//63 
f 979//63 983//63 1003//63 
f 981//63 954//63 595//63 
f 984//63 982//63 1003//63 
f 988//63 987//63 595//63 
f 986//63 957//63 954//63 
f 985//63 1002//63 972//63 
f 972//63 1002//63 1011//63 
f 969//63 974//63 1000//63 
f 960//63 970//63 1000//63 
f 956//63 967//63 951//63 
f 46//63 49//63 950//63 
f 20//63 25//63 1006//63 
f 21//63 1006//63 1013//63 
f 12//63 15//63 996//63 
f 949//63 922//63 1034//63 
f 928//63 1047//63 1048//63 
f 910//63 886//63 1053//63 
f 893//63 916//63 1039//63 
f 874//63 861//63 1054//63 
f 866//63 1043//63 1036//63 
f 836//63 802//63 1025//63 
f 834//63 844//63 1019//63 
f 833//63 835//63 1042//63 
f 832//63 833//63 1040//63 
f 831//63 832//63 1041//63 
f 1028//63 829//63 830//63 
f 1054//63 828//63 829//63 
f 1035//63 989//63 828//63 
f 827//63 989//63 1035//63 
f 1045//63 1053//63 825//63 
f 1053//63 1052//63 824//63 
f 823//63 824//63 1052//63 
f 811//63 808//63 805//63 
f 807//63 990//63 805//63 
f 804//63 822//63 1030//63 
f 798//63 991//63 796//63 
f 794//63 800//63 999//63 
f 791//63 992//63 790//63 
f 787//63 993//63 786//63 
f 785//63 788//63 1051//63 
f 784//63 1051//63 1016//63 
f 782//63 783//63 1023//63 
f 780//63 781//63 1050//63 
f 777//63 776//63 770//63 
f 747//63 750//63 1031//63 
f 746//63 747//63 1033//63 
f 743//63 745//63 1049//63 
f 741//63 744//63 1048//63 
f 740//63 1048//63 1047//63 
f 738//63 739//63 1047//63 
f 736//63 630//63 1039//63 
f 734//63 735//63 1046//63 
f 732//63 1046//63 1045//63 
f 731//63 733//63 1044//63 
f 729//63 730//63 1037//63 
f 728//63 1037//63 1036//63 
f 726//63 1036//63 1043//63 
f 707//63 1043//63 1026//63 
f 693//63 714//63 1029//63 
f 692//63 1029//63 1022//63 
f 689//63 1022//63 1021//63 
f 683//63 690//63 1021//63 
f 677//63 684//63 1021//63 
f 673//63 994//63 672//63 
f 671//63 1010//63 998//63 
f 669//63 670//63 998//63 
f 636//63 631//63 1042//63 
f 635//63 638//63 1004//63 
f 633//63 635//63 1005//63 
f 1040//63 1042//63 631//63 
f 630//63 737//63 1038//63 
f 1037//63 1044//63 1035//63 
f 1034//63 1049//63 1033//63 
f 1032//63 1033//63 1031//63 
f 1030//63 1031//63 1024//63 
f 1029//63 1026//63 1020//63 
f 618//63 627//63 1027//63 
f 1025//63 1024//63 1018//63 
f 1024//63 1050//63 1023//63 
f 1022//63 1020//63 1015//63 
f 1020//63 1027//63 1014//63 
f 1019//63 1018//63 1017//63 
f 1018//63 1023//63 1016//63 
f 1015//63 1014//63 1008//63 
f 1014//63 1041//63 1013//63 
f 1012//63 1017//63 1001//63 
f 1010//63 1009//63 997//63 
f 1009//63 1008//63 1007//63 
f 1008//63 1013//63 1006//63 
f 1005//63 1004//63 1003//63 
f 1004//63 1011//63 1002//63 
f 1001//63 999//63 995//63 
f 999//63 797//63 562//63 
f 998//63 997//63 598//63 
f 997//63 1007//63 597//63 
f 996//63 1003//63 595//63 
f 581//63 588//63 562//63 
o mesh3
f 850//64 853//65 495//65 
f 851//66 850//64 358//67 
f 847//68 851//66 352//69 
f 848//70 847//68 356//71 
f 852//72 848//70 354//73 
f 846//74 852//72 353//75 
f 845//76 846//74 357//77 
f 842//78 845//76 355//79 
f 843//80 842//78 348//81 
f 841//82 843//80 350//83 
f 838//84 841//82 349//85 
f 839//86 838//84 346//87 
f 840//88 839//86 345//89 
f 837//90 840//88 344//91 
f 836//92 837//90 347//93 
f 347//93 343//92 836//92 
f 344//91 347//93 837//90 
f 345//89 344//91 840//88 
f 346//87 345//89 839//86 
f 349//85 346//87 838//84 
f 350//83 349//85 841//82 
f 348//81 350//83 843//80 
f 355//79 348//81 842//78 
f 357//77 355//79 845//76 
f 353//75 357//77 846//74 
f 354//73 353//75 852//72 
f 356//71 354//73 848//70 
f 352//69 356//71 847//68 
f 358//67 352//69 851//66 
f 495//65 358//67 850//64 
o mesh4
f 495//94 853//94 849//94 
f 849//94 351//94 495//94 
o mesh5
f 844//95 834//95 307//95 
f 849//95 844//95 308//95 
f 308//95 351//95 849//95 
f 307//95 308//95 844//95 
o mesh6
f 312//94 311//94 832//94 
f 833//94 832//94 311//94 
f 311//94 310//94 833//94 
f 835//94 833//94 310//94 
f 310//94 309//94 835//94 
f 834//94 835//94 309//94 
f 309//94 307//94 834//94 
f 832//94 831//94 312//94 
o mesh7
f 989//96 827//96 317//96 
f 828//96 989//96 316//96 
f 316//96 315//96 828//96 
f 829//96 828//96 315//96 
f 315//96 314//96 829//96 
f 830//96 829//96 314//96 
f 314//96 313//96 830//96 
f 831//96 830//96 313//96 
f 313//96 312//96 831//96 
f 317//96 316//96 989//96 
o mesh8
f 320//97 319//97 824//97 
f 825//97 824//97 319//97 
f 319//97 318//97 825//97 
f 826//97 825//97 318//97 
f 318//97 496//97 826//97 
f 827//97 826//97 496//97 
f 496//97 317//97 827//97 
f 824//97 823//97 320//97 
o mesh9
f 321//98 805//98 990//98 
f 809//98 805//98 321//98 
f 321//98 329//98 809//98 
f 823//98 809//98 329//98 
f 329//98 320//98 823//98 
f 990//98 322//98 321//98 
o mesh10
f 322//97 990//97 807//97 
f 807//97 323//97 322//97 
o mesh11
f 804//99 803//98 340//98 
f 815//100 822//101 339//101 
f 341//102 339//101 822//101 
f 822//101 804//99 341//102 
f 816//103 815//100 338//104 
f 818//105 816//103 326//106 
f 813//107 818//105 325//108 
f 814//109 813//107 332//110 
f 812//111 814//109 328//112 
f 819//113 812//111 327//114 
f 820//115 819//113 330//116 
f 821//117 820//115 335//118 
f 817//119 821//117 334//120 
f 810//121 817//119 337//122 
f 811//123 810//121 333//124 
f 806//125 808//126 336//126 
f 331//127 336//126 808//126 
f 808//126 811//123 331//127 
f 807//128 806//125 324//129 
f 324//129 323//128 807//128 
f 336//126 324//129 806//125 
f 333//124 331//127 811//123 
f 337//122 333//124 810//121 
f 334//120 337//122 817//119 
f 335//118 334//120 821//117 
f 330//116 335//118 820//115 
f 327//114 330//116 819//113 
f 328//112 327//114 812//111 
f 332//110 328//112 814//109 
f 325//108 332//110 813//107 
f 326//106 325//108 818//105 
f 338//104 326//106 816//103 
f 339//101 338//104 815//100 
f 340//98 341//102 804//99 
o mesh12
f 105//130 110//130 564//130 
f 951//130 564//130 110//130 
f 110//130 470//130 951//130 
f 954//130 951//130 470//130 
f 470//130 474//130 954//130 
f 595//130 954//130 474//130 
f 474//130 135//130 595//130 
f 596//130 595//130 135//130 
f 135//130 455//130 596//130 
f 950//130 596//130 455//130 
f 455//130 456//130 950//130 
f 597//130 950//130 456//130 
f 456//130 136//130 597//130 
f 598//130 597//130 136//130 
f 136//130 137//130 598//130 
f 599//130 598//130 137//130 
f 137//130 282//130 599//130 
f 639//130 599//130 282//130 
f 282//130 274//130 639//130 
f 564//130 580//130 105//130 
o mesh13
f 148//131 102//131 797//131 
f 562//131 797//131 102//131 
f 102//131 101//131 562//131 
f 580//131 562//131 101//131 
f 101//131 105//131 580//131 
f 797//131 796//131 148//131 
o mesh14
f 148//132 796//132 991//132 
f 991//132 149//132 148//132 
o mesh15
f 149//133 991//133 798//133 
f 798//133 147//133 149//133 
o mesh16
f 147//132 798//132 799//132 
f 799//132 146//132 147//132 
o mesh17
f 146//134 799//134 801//134 
f 801//134 500//134 146//134 
o mesh18
f 151//135 145//135 800//135 
f 801//135 800//135 145//135 
f 145//135 500//135 801//135 
f 800//135 794//135 151//135 
o mesh19
f 151//134 794//134 795//134 
f 795//134 150//134 151//134 
o mesh20
f 157//136 156//136 790//136 
f 795//136 790//136 156//136 
f 156//136 150//136 795//136 
f 790//136 992//136 157//136 
o mesh21
f 157//137 992//137 791//137 
f 791//137 152//137 157//137 
o mesh22
f 152//136 791//136 789//136 
f 789//136 153//136 152//136 
o mesh23
f 153//138 789//138 793//138 
f 793//138 499//138 153//138 
o mesh24
f 499//139 793//139 792//139 
f 792//139 154//139 499//139 
o mesh25
f 154//140 792//140 786//140 
f 786//140 155//140 154//140 
o mesh26
f 155//139 786//139 993//139 
f 993//139 158//139 155//139 
o mesh27
f 741//141 740//142 206//142 
f 208//143 206//142 740//142 
f 740//142 739//143 208//143 
f 207//144 208//143 739//143 
f 739//143 738//144 207//144 
f 742//145 744//146 203//146 
f 205//147 203//146 744//146 
f 744//146 741//141 205//147 
f 742//145 202//148 204//149 
f 746//150 745//151 201//151 
f 204//149 201//151 745//151 
f 745//151 743//152 204//149 
f 780//153 770//154 175//154 
f 167//155 175//154 770//154 
f 770//154 750//155 167//155 
f 199//156 167//155 750//155 
f 750//155 747//156 199//156 
f 200//157 199//156 747//156 
f 747//156 746//150 200//157 
f 782//158 781//159 165//159 
f 166//160 165//159 781//159 
f 781//159 780//153 166//160 
f 785//161 784//162 162//162 
f 163//163 162//162 784//162 
f 784//162 783//163 163//163 
f 164//164 163//163 783//163 
f 783//163 782//158 164//164 
f 787//165 788//166 160//166 
f 161//167 160//166 788//166 
f 788//166 785//161 161//167 
f 787//165 159//168 158//169 
f 158//169 993//169 787//165 
f 160//166 159//168 787//165 
f 162//162 161//167 785//161 
f 165//159 164//164 782//158 
f 175//154 166//160 780//153 
f 201//151 200//157 746//150 
f 204//149 743//152 742//145 
f 203//146 202//148 742//145 
f 206//142 205//147 741//141 
o mesh28
f 630//170 736//170 209//170 
f 737//170 630//170 70//170 
f 70//170 69//170 737//170 
f 738//170 737//170 69//170 
f 69//170 207//170 738//170 
f 209//170 70//170 630//170 
o mesh29
f 686//171 264//171 263//172 
f 688//173 690//174 265//174 
f 263//172 265//174 690//174 
f 690//174 683//175 263//172 
f 691//176 689//177 255//177 
f 256//178 255//177 689//177 
f 689//177 688//173 256//178 
f 693//179 692//180 253//180 
f 254//181 253//180 692//180 
f 692//180 691//176 254//181 
f 727//182 726//183 219//183 
f 220//184 219//183 726//183 
f 726//183 696//184 220//184 
f 244//185 220//184 696//184 
f 696//184 714//185 244//185 
f 252//186 244//185 714//185 
f 714//185 693//179 252//186 
f 729//187 728//188 217//188 
f 218//189 217//188 728//188 
f 728//188 727//182 218//189 
f 731//190 730//191 214//191 
f 216//192 214//191 730//191 
f 730//191 729//187 216//192 
f 734//193 732//194 212//194 
f 215//195 212//194 732//194 
f 732//194 733//195 215//195 
f 213//196 215//195 733//195 
f 733//195 731//190 213//196 
f 736//197 735//198 210//198 
f 211//199 210//198 735//198 
f 735//198 734//193 211//199 
f 210//198 209//200 736//197 
f 212//194 211//199 734//193 
f 214//191 213//196 731//190 
f 217//188 216//192 729//187 
f 219//183 218//189 727//182 
f 253//180 252//186 693//179 
f 255//177 254//181 691//176 
f 265//174 256//178 688//173 
f 263//172 683//175 686//171 
o mesh30
f 264//201 686//201 680//201 
f 680//201 259//201 264//201 
o mesh31
f 259//202 680//202 679//202 
f 679//202 261//202 259//202 
o mesh32
f 261//201 679//201 687//201 
f 687//201 262//201 261//201 
o mesh33
f 262//203 687//203 681//203 
f 681//203 260//203 262//203 
o mesh34
f 260//204 681//204 682//204 
f 682//204 258//204 260//204 
o mesh35
f 258//205 682//205 685//205 
f 685//205 498//205 258//205 
o mesh36
f 267//204 257//204 684//204 
f 685//204 684//204 257//204 
f 257//204 498//204 685//204 
f 684//204 677//204 267//204 
o mesh37
f 267//205 677//205 678//205 
f 678//205 266//205 267//205 
o mesh38
f 273//206 272//206 672//206 
f 678//206 672//206 272//206 
f 272//206 266//206 678//206 
f 672//206 994//206 273//206 
o mesh39
f 273//205 994//205 673//205 
f 673//205 271//205 273//205 
o mesh40
f 271//206 673//206 674//206 
f 674//206 270//206 271//206 
o mesh41
f 270//207 674//207 676//207 
f 676//207 497//207 270//207 
o mesh42
f 497//206 676//206 675//206 
f 675//206 268//206 497//206 
o mesh43
f 144//208 636//208 637//208 
f 637//208 143//208 144//208 
o mesh44
f 141//209 139//209 635//209 
f 638//209 635//209 139//209 
f 139//209 138//209 638//209 
f 637//209 638//209 138//209 
f 138//209 143//209 637//209 
f 635//209 633//209 141//209 
o mesh45
f 141//210 633//210 634//210 
f 634//210 140//210 141//210 
o mesh46
f 802//211 836//211 343//211 
f 803//211 802//211 342//211 
f 342//211 340//211 803//211 
f 343//211 342//211 802//211 
o mesh47
f 274//211 277//211 640//211 
f 671//211 640//211 277//211 
f 277//211 269//211 671//211 
f 675//211 671//211 269//211 
f 269//211 268//211 675//211 
f 640//211 639//211 274//211 
o mesh48
f 144//212 142//212 631//212 
f 632//212 631//212 142//212 
f 142//212 501//212 632//212 
f 634//212 632//212 501//212 
f 501//212 140//212 634//212 
f 631//212 636//212 144//212 
o mesh49
f 629//213 627//214 77//214 
f 625//215 629//213 79//216 
f 626//217 625//215 86//218 
f 628//219 626//217 96//220 
f 615//221 628//219 95//222 
f 616//223 615//221 99//224 
f 613//225 616//223 90//226 
f 614//227 613//225 89//228 
f 611//229 614//227 91//230 
f 612//231 611//229 100//232 
f 605//233 612//231 98//234 
f 606//235 605//233 97//236 
f 603//237 606//235 93//238 
f 600//239 603//237 92//240 
f 602//241 601//242 87//242 
f 94//243 87//242 601//242 
f 601//242 600//239 94//243 
f 604//244 602//241 72//245 
f 607//246 604//244 71//247 
f 608//248 607//246 80//249 
f 623//250 608//248 82//251 
f 624//252 623//250 81//253 
f 622//254 624//252 88//255 
f 621//256 622//254 74//257 
f 609//258 621//256 73//259 
f 610//260 609//258 83//261 
f 619//262 610//260 85//263 
f 620//264 619//262 84//265 
f 617//266 620//264 76//267 
f 618//268 617//266 75//269 
f 627//214 618//268 78//268 
f 78//268 77//214 627//214 
f 75//269 78//268 618//268 
f 76//267 75//269 617//266 
f 84//265 76//267 620//264 
f 85//263 84//265 619//262 
f 83//261 85//263 610//260 
f 73//259 83//261 609//258 
f 74//257 73//259 621//256 
f 88//255 74//257 622//254 
f 81//253 88//255 624//252 
f 82//251 81//253 623//250 
f 80//249 82//251 608//248 
f 71//247 80//249 607//246 
f 72//245 71//247 604//244 
f 87//242 72//245 602//241 
f 92//240 94//243 600//239 
f 93//238 92//240 603//237 
f 97//236 93//238 606//235 
f 98//234 97//236 605//233 
f 100//232 98//234 612//231 
f 91//230 100//232 611//229 
f 89//228 91//230 614//227 
f 90//226 89//228 613//225 
f 99//224 90//226 616//223 
f 95//222 99//224 615//221 
f 96//220 95//222 628//219 
f 86//218 96//220 626//217 
f 79//216 86//218 625//215 
f 77//214 79//216 629//213 
o mesh50
f 589//270 588//271 103//271 
f 587//272 589//270 109//273 
f 578//274 587//272 108//275 
f 579//276 578//274 118//277 
f 592//278 579//276 114//279 
f 593//280 592//278 113//281 
f 563//282 593//280 130//283 
f 572//284 563//282 120//285 
f 577//286 572//284 119//287 
f 576//288 577//286 127//289 
f 570//290 576//288 131//291 
f 571//292 570//290 132//293 
f 586//294 571//292 129//295 
f 568//296 586//294 128//297 
f 567//298 569//299 133//299 
f 134//300 133//299 569//299 
f 569//299 568//296 134//300 
f 574//301 567//298 122//302 
f 575//303 574//301 121//304 
f 585//305 575//303 116//306 
f 584//307 585//305 115//308 
f 573//309 584//307 123//310 
f 565//311 573//309 124//312 
f 566//313 565//311 117//314 
f 594//315 566//313 111//316 
f 582//317 594//315 126//318 
f 583//319 582//317 125//320 
f 591//321 583//319 107//322 
f 590//323 591//321 106//324 
f 581//325 590//323 112//326 
f 588//271 581//325 104//325 
f 104//325 103//271 588//271 
f 112//326 104//325 581//325 
f 106//324 112//326 590//323 
f 107//322 106//324 591//321 
f 125//320 107//322 583//319 
f 126//318 125//320 582//317 
f 111//316 126//318 594//315 
f 117//314 111//316 566//313 
f 124//312 117//314 565//311 
f 123//310 124//312 573//309 
f 115//308 123//310 584//307 
f 116//306 115//308 585//305 
f 121//304 116//306 575//303 
f 122//302 121//304 574//301 
f 133//299 122//302 567//298 
f 128//297 134//300 568//296 
f 129//295 128//297 586//294 
f 132//293 129//295 571//292 
f 131//291 132//293 570//290 
f 127//289 131//291 576//288 
f 119//287 127//289 577//286 
f 120//285 119//287 572//284 
f 130//283 120//285 563//282 
f 113//281 130//283 593//280 
f 114//279 113//281 592//278 
f 118//277 114//279 579//276 
f 108//275 118//277 578//274 
f 109//273 108//275 587//272 
f 103//271 109//273 589//270 
o mesh51
f 774//327 776//328 176//328 
f 771//329 774//327 188//330 
f 768//331 771//329 190//332 
f 769//333 768//331 189//334 
f 759//335 769//333 192//336 
f 754//337 759//335 191//338 
f 751//339 754//337 178//340 
f 752//341 751//339 171//342 
f 758//343 752//341 168//344 
f 766//345 758//343 180//346 
f 767//347 766//345 179//348 
f 765//349 767//347 194//350 
f 753//351 765//349 193//352 
f 749//353 753//351 195//354 
f 757//355 748//356 181//356 
f 182//357 181//356 748//356 
f 748//356 749//353 182//357 
f 773//358 757//355 183//359 
f 755//360 773//358 196//361 
f 756//362 755//360 184//363 
f 764//364 756//362 170//365 
f 762//366 764//364 169//367 
f 763//368 762//366 172//369 
f 760//370 763//368 174//371 
f 761//372 760//370 173//373 
f 772//374 761//372 186//375 
f 775//376 772//374 185//377 
f 778//378 775//376 197//379 
f 779//380 778//378 198//381 
f 777//382 779//380 187//383 
f 776//328 777//382 177//382 
f 177//382 176//328 776//328 
f 187//383 177//382 777//382 
f 198//381 187//383 779//380 
f 197//379 198//381 778//378 
f 185//377 197//379 775//376 
f 186//375 185//377 772//374 
f 173//373 186//375 761//372 
f 174//371 173//373 760//370 
f 172//369 174//371 763//368 
f 169//367 172//369 762//366 
f 170//365 169//367 764//364 
f 184//363 170//365 756//362 
f 196//361 184//363 755//360 
f 183//359 196//361 773//358 
f 181//356 183//359 757//355 
f 195//354 182//357 749//353 
f 193//352 195//354 753//351 
f 194//350 193//352 765//349 
f 179//348 194//350 767//347 
f 180//346 179//348 766//345 
f 168//344 180//346 758//343 
f 171//342 168//344 752//341 
f 178//340 171//342 751//339 
f 191//338 178//340 754//337 
f 192//336 191//338 759//335 
f 189//334 192//336 769//333 
f 190//332 189//334 768//331 
f 188//330 190//332 771//329 
f 176//328 188//330 774//327 
o mesh52
f 920//384 919//385 425//385 
f 923//386 920//384 429//387 
f 924//388 923//386 428//389 
f 927//390 924//388 432//391 
f 948//392 928//393 433//393 
f 431//394 433//393 928//393 
f 928//393 927//390 431//394 
f 946//395 948//392 452//396 
f 947//397 946//395 451//398 
f 942//399 947//397 454//400 
f 943//401 942//399 453//402 
f 945//403 943//401 442//404 
f 940//405 945//403 448//406 
f 941//407 940//405 449//408 
f 939//409 941//407 444//410 
f 933//411 939//409 443//412 
f 434//413 936//413 931//414 
f 933//411 445//415 435//414 
f 435//414 931//414 933//411 
f 944//416 936//413 434//413 
f 937//417 944//416 439//416 
f 938//418 937//417 450//417 
f 935//419 938//418 447//418 
f 934//420 935//419 446//419 
f 932//421 934//420 436//420 
f 929//422 932//421 440//421 
f 930//423 929//422 441//422 
f 949//424 930//423 438//423 
f 925//425 922//426 424//426 
f 437//427 424//426 922//426 
f 922//426 949//424 437//427 
f 926//428 925//425 423//429 
f 921//430 926//428 426//431 
f 918//432 921//430 430//433 
f 919//385 918//432 427//432 
f 427//432 425//385 919//385 
f 430//433 427//432 918//432 
f 426//431 430//433 921//430 
f 423//429 426//431 926//428 
f 424//426 423//429 925//425 
f 438//423 437//427 949//424 
f 441//422 438//423 930//423 
f 440//421 441//422 929//422 
f 436//420 440//421 932//421 
f 446//419 436//420 934//420 
f 447//418 446//419 935//419 
f 450//417 447//418 938//418 
f 439//416 450//417 937//417 
f 434//413 439//416 944//416 
f 931//414 435//414 434//413 
f 443//412 445//415 933//411 
f 444//410 443//412 939//409 
f 449//408 444//410 941//407 
f 448//406 449//408 940//405 
f 442//404 448//406 945//403 
f 453//402 442//404 943//401 
f 454//400 453//402 942//399 
f 451//398 454//400 947//397 
f 452//396 451//398 946//395 
f 433//393 452//396 948//392 
f 432//391 431//394 927//390 
f 428//389 432//391 924//388 
f 429//387 428//389 923//386 
f 425//385 429//387 920//384 
o mesh53
f 708//434 707//435 236//435 
f 706//436 708//434 238//437 
f 700//438 706//436 237//439 
f 701//440 700//438 239//441 
f 699//442 701//440 228//443 
f 694//444 699//442 227//445 
f 695//446 694//444 229//447 
f 697//448 695//446 221//449 
f 718//450 697//448 222//451 
f 719//452 718//450 225//453 
f 724//454 719//452 243//455 
f 717//456 724//454 242//457 
f 723//458 717//456 246//459 
f 715//460 723//458 245//461 
f 722//462 716//463 250//463 
f 251//464 250//463 716//463 
f 716//463 715//460 251//464 
f 713//465 722//462 249//466 
f 704//467 713//465 248//468 
f 705//469 704//467 231//470 
f 721//471 705//469 230//472 
f 711//473 721//471 233//474 
f 712//475 711//473 240//476 
f 698//477 712//475 234//478 
f 702//479 698//477 224//480 
f 703//481 702//479 223//482 
f 710//483 703//481 226//484 
f 725//485 710//483 232//486 
f 720//487 725//485 235//488 
f 709//489 720//487 247//490 
f 707//435 709//489 241//489 
f 241//489 236//435 707//435 
f 247//490 241//489 709//489 
f 235//488 247//490 720//487 
f 232//486 235//488 725//485 
f 226//484 232//486 710//483 
f 223//482 226//484 703//481 
f 224//480 223//482 702//479 
f 234//478 224//480 698//477 
f 240//476 234//478 712//475 
f 233//474 240//476 711//473 
f 230//472 233//474 721//471 
f 231//470 230//472 705//469 
f 248//468 231//470 704//467 
f 249//466 248//468 713//465 
f 250//463 249//466 722//462 
f 245//461 251//464 715//460 
f 246//459 245//461 723//458 
f 242//457 246//459 717//456 
f 243//455 242//457 724//454 
f 225//453 243//455 719//452 
f 222//451 225//453 718//450 
f 221//449 222//451 697//448 
f 229//447 221//449 695//446 
f 227//445 229//447 694//444 
f 228//443 227//445 699//442 
f 239//441 228//443 701//440 
f 237//439 239//441 700//438 
f 238//437 237//439 706//436 
f 236//435 238//437 708//434 
o mesh54
f 667//491 670//492 302//492 
f 668//493 667//491 306//494 
f 665//495 668//493 304//496 
f 666//497 665//495 303//498 
f 663//499 666//497 296//500 
f 664//501 663//499 295//502 
f 659//503 664//501 298//504 
f 662//505 659//503 297//506 
f 654//507 662//505 299//508 
f 650//509 654//507 305//510 
f 651//511 650//509 300//512 
f 647//513 651//511 289//514 
f 644//515 647//513 288//516 
f 642//517 644//515 301//518 
f 641//519 643//520 290//520 
f 291//521 290//520 643//520 
f 643//520 642//517 291//521 
f 649//522 641//519 276//523 
f 645//524 649//522 275//525 
f 646//526 645//524 280//527 
f 648//528 646//526 279//529 
f 658//530 648//528 278//531 
f 652//532 658//530 281//533 
f 653//534 652//532 292//535 
f 657//536 653//534 283//537 
f 655//538 657//536 285//539 
f 656//540 655//538 284//541 
f 660//542 656//540 287//543 
f 661//544 660//542 286//545 
f 669//546 661//544 294//547 
f 670//492 669//546 293//546 
f 293//546 302//492 670//492 
f 294//547 293//546 669//546 
f 286//545 294//547 661//544 
f 287//543 286//545 660//542 
f 284//541 287//543 656//540 
f 285//539 284//541 655//538 
f 283//537 285//539 657//536 
f 292//535 283//537 653//534 
f 281//533 292//535 652//532 
f 278//531 281//533 658//530 
f 279//529 278//531 648//528 
f 280//527 279//529 646//526 
f 275//525 280//527 645//524 
f 276//523 275//525 649//522 
f 290//520 276//523 641//519 
f 301//518 291//521 642//517 
f 288//516 301//518 644//515 
f 289//514 288//516 647//513 
f 300//512 289//514 651//511 
f 305//510 300//512 650//509 
f 299//508 305//510 654//507 
f 297//506 299//508 662//505 
f 298//504 297//506 659//503 
f 295//502 298//504 664//501 
f 296//500 295//502 663//499 
f 303//498 296//500 666//497 
f 304//496 303//498 665//495 
f 306//494 304//496 668//493 
f 302//492 306//494 667//491 
o mesh55
f 891//548 890//549 393//549 
f 888//550 891//548 395//551 
f 889//552 888//550 394//553 
f 893//554 889//552 397//555 
f 917//556 916//557 400//557 
f 396//558 400//557 916//557 
f 916//557 893//554 396//558 
f 914//559 917//556 421//560 
f 908//561 914//559 420//562 
f 906//563 908//561 414//564 
f 907//565 906//563 411//566 
f 900//567 907//565 413//568 
f 901//569 900//567 412//570 
f 904//571 901//569 404//572 
f 903//573 904//571 403//574 
f 897//575 903//573 408//576 
f 401//577 899//577 896//578 
f 897//575 409//579 402//578 
f 402//578 896//578 897//575 
f 912//580 899//577 401//577 
f 913//581 912//580 405//580 
f 915//582 913//581 416//581 
f 911//583 915//582 415//582 
f 905//584 911//583 422//583 
f 898//585 905//584 417//584 
f 902//586 898//585 407//585 
f 909//587 902//586 406//586 
f 910//588 909//587 410//587 
f 887//589 886//590 418//590 
f 419//591 418//590 886//590 
f 886//590 910//588 419//591 
f 895//592 887//589 391//593 
f 894//594 895//592 392//595 
f 892//596 894//594 398//597 
f 890//549 892//596 399//596 
f 399//596 393//549 890//549 
f 398//597 399//596 892//596 
f 392//595 398//597 894//594 
f 391//593 392//595 895//592 
f 418//590 391//593 887//589 
f 410//587 419//591 910//588 
f 406//586 410//587 909//587 
f 407//585 406//586 902//586 
f 417//584 407//585 898//585 
f 422//583 417//584 905//584 
f 415//582 422//583 911//583 
f 416//581 415//582 915//582 
f 405//580 416//581 913//581 
f 401//577 405//580 912//580 
f 896//578 402//578 401//577 
f 408//576 409//579 897//575 
f 403//574 408//576 903//573 
f 404//572 403//574 904//571 
f 412//570 404//572 901//569 
f 413//568 412//570 900//567 
f 411//566 413//568 907//565 
f 414//564 411//566 906//563 
f 420//562 414//564 908//561 
f 421//560 420//562 914//559 
f 400//557 421//560 917//556 
f 397//555 396//558 893//554 
f 394//553 397//555 889//552 
f 395//551 394//553 888//550 
f 393//549 395//551 891//548 
o mesh56
f 874//598 873//599 379//599 
f 854//600 861//601 380//601 
f 381//602 380//601 861//601 
f 861//601 874//598 381//602 
f 857//603 854//600 360//604 
f 863//605 857//603 359//606 
f 864//607 863//605 361//608 
f 860//609 864//607 366//610 
f 855//611 860//609 369//612 
f 856//613 855//611 363//614 
f 858//615 856//613 362//616 
f 859//617 858//615 367//618 
f 862//619 859//617 365//620 
f 865//621 862//619 364//622 
f 879//623 866//624 370//624 
f 368//625 370//624 866//624 
f 866//624 865//621 368//625 
f 869//626 879//623 390//627 
f 867//628 870//629 372//629 
f 375//630 372//629 870//629 
f 870//629 869//626 375//630 
f 868//631 867//628 371//632 
f 881//633 868//631 373//634 
f 882//635 881//633 382//636 
f 885//637 882//635 384//638 
f 877//639 885//637 383//640 
f 878//641 877//639 387//642 
f 880//643 878//641 376//644 
f 875//645 880//643 385//646 
f 876//647 875//645 386//648 
f 884//649 876//647 378//650 
f 883//651 884//649 377//652 
f 871//653 883//651 388//654 
f 872//655 871//653 389//656 
f 873//599 872//655 374//655 
f 374//655 379//599 873//599 
f 389//656 374//655 872//655 
f 388//654 389//656 871//653 
f 377//652 388//654 883//651 
f 378//650 377//652 884//649 
f 386//648 378//650 876//647 
f 385//646 386//648 875//645 
f 376//644 385//646 880//643 
f 387//642 376//644 878//641 
f 383//640 387//642 877//639 
f 384//638 383//640 885//637 
f 382//636 384//638 882//635 
f 373//634 382//636 881//633 
f 371//632 373//634 868//631 
f 372//629 371//632 867//628 
f 390//627 375//630 869//626 
f 370//624 390//627 879//623 
f 364//622 368//625 865//621 
f 365//620 364//622 862//619 
f 367//618 365//620 859//617 
f 362//616 367//618 858//615 
f 363//614 362//616 856//613 
f 369//612 363//614 855//611 
f 366//610 369//612 860//609 
f 361//608 366//610 864//607 
f 359//606 361//608 863//605 
f 360//604 359//606 857//603 
f 380//601 360//604 854//600 
f 379//599 381//602 874//598 
o mesh57
f 963//657 959//658 465//658 
f 961//659 963//657 469//660 
f 962//661 961//659 468//662 
f 960//663 962//661 472//664 
f 968//665 970//666 473//666 
f 471//667 473//666 970//666 
f 970//666 960//663 471//667 
f 969//668 968//665 462//669 
f 973//670 974//671 460//671 
f 461//672 460//671 974//671 
f 974//671 969//668 461//672 
f 971//673 973//670 458//674 
f 979//675 985//676 494//676 
f 459//677 494//676 985//676 
f 985//676 972//677 459//677 
f 457//678 459//677 972//677 
f 972//677 971//673 457//678 
f 983//679 979//675 485//680 
f 984//681 983//679 490//682 
f 982//683 984//681 492//684 
f 978//685 982//683 491//686 
f 977//687 978//685 486//688 
f 976//689 975//690 481//690 
f 483//691 481//690 975//690 
f 975//690 977//687 483//691 
f 988//692 976//689 480//693 
f 987//694 988//692 482//695 
f 980//696 987//694 493//697 
f 981//698 980//696 487//699 
f 986//700 981//698 484//701 
f 955//702 957//703 488//703 
f 489//704 488//703 957//703 
f 957//703 986//700 489//704 
f 952//705 955//702 478//706 
f 953//707 952//705 475//708 
f 956//709 953//707 477//710 
f 965//711 967//712 479//712 
f 476//713 479//712 967//712 
f 967//712 956//709 476//713 
f 966//714 965//711 464//715 
f 964//716 966//714 463//717 
f 958//718 964//716 466//719 
f 959//658 958//718 467//718 
f 467//718 465//658 959//658 
f 466//719 467//718 958//718 
f 463//717 466//719 964//716 
f 464//715 463//717 966//714 
f 479//712 464//715 965//711 
f 477//710 476//713 956//709 
f 475//708 477//710 953//707 
f 478//706 475//708 952//705 
f 488//703 478//706 955//702 
f 484//701 489//704 986//700 
f 487//699 484//701 981//698 
f 493//697 487//699 980//696 
f 482//695 493//697 987//694 
f 480//693 482//695 988//692 
f 481//690 480//693 976//689 
f 486//688 483//691 977//687 
f 491//686 486//688 978//685 
f 492//684 491//686 982//683 
f 490//682 492//684 984//681 
f 485//680 490//682 983//679 
f 494//676 485//680 979//675 
f 458//674 457//678 971//673 
f 460//671 458//674 973//670 
f 462//669 461//672 969//668 
f 473//666 462//669 968//665 
f 472//664 471//667 960//663 
f 468//662 472//664 962//661 
f 469//660 468//662 961//659 
f 465//658 469//660 963//657 
