# OBJ generated by ONSHAPE BY PTC INC, 1.219 Units = meters
mtllib Assembly 2 - Side Right.mtl
g Side Right
v 5.57766e-17 0.158985 0.0399009 
v 5.57829e-17 0.15895 0.0402234 
v 0.003175 0.15895 0.0402234 
v 5.57578e-17 0.159089 0.0395936 
v 0.003175 0.158985 0.0399009 
v 5.57275e-17 0.159256 0.0393156 
v 0.003175 0.159089 0.0395936 
v 5.56871e-17 0.159479 0.0390802 
v 0.003175 0.159256 0.0393156 
v 5.56384e-17 0.159747 0.0388981 
v 0.003175 0.159479 0.0390802 
v 5.55839e-17 0.160049 0.0387781 
v 0.003175 0.159747 0.0388981 
v 5.55259e-17 0.160369 0.0387256 
v 0.003175 0.160049 0.0387781 
v 5.54672e-17 0.160693 0.0387432 
v 0.003175 0.160369 0.0387256 
v 5.54106e-17 0.161005 0.0388299 
v 0.003175 0.160693 0.0387432 
v 5.53586e-17 0.161292 0.0389819 
v 0.003175 0.161005 0.0388299 
v 5.53139e-17 0.161539 0.0391918 
v 0.003175 0.161292 0.0389819 
v 5.52783e-17 0.161735 0.0394501 
v 0.003175 0.161539 0.0391918 
v 5.52536e-17 0.161871 0.0397444 
v 0.003175 0.161735 0.0394501 
v 5.5241e-17 0.161941 0.0400612 
v 0.003175 0.161871 0.0397444 
v 0.003175 0.161941 0.0400612 
v 0.003175 0.16195 0.0402234 
v 5.52394e-17 0.16195 0.0402234 
v 0.003175 0.161941 0.0403856 
v 5.5241e-17 0.161941 0.0403856 
v 5.52536e-17 0.161871 0.0407023 
v 4.91385e-17 0.161775 0.0409117 
v 0.003175 0.161871 0.0407023 
v 0.003175 0.161775 0.0409117 
v 0.003175 0.161735 0.0409967 
v 5.52783e-17 0.161735 0.0409967 
v 5.53139e-17 0.161539 0.0412549 
v 5.53586e-17 0.161292 0.0414649 
v 0.003175 0.161539 0.0412549 
v 5.54106e-17 0.161005 0.0416169 
v 0.003175 0.161292 0.0414649 
v 5.54672e-17 0.160693 0.0417036 
v 0.003175 0.161005 0.0416169 
v 5.55259e-17 0.160369 0.0417212 
v 0.003175 0.160693 0.0417036 
v 5.55839e-17 0.160049 0.0416687 
v 0.003175 0.160369 0.0417212 
v 5.56384e-17 0.159747 0.0415487 
v 0.003175 0.160049 0.0416687 
v 5.56871e-17 0.159479 0.0413666 
v 0.003175 0.159747 0.0415487 
v 5.57275e-17 0.159256 0.0411312 
v 0.003175 0.159479 0.0413666 
v 4.96187e-17 0.159124 0.0409117 
v 0.003175 0.159256 0.0411312 
v 0.003175 0.159124 0.0409117 
v 0.003175 0.159089 0.0408532 
v 5.57578e-17 0.159089 0.0408532 
v 5.57766e-17 0.158985 0.0405458 
v 0.003175 0.158985 0.0405458 
v 0.003175 0.05 0.0005875 
v 0.003175 0.05 0 
v 0.003175 0.0563425 0 
v 0.003175 0.174325 0 
v 0.003175 0.178808 0 
v 0.003175 0.181182 0 
v 0.003175 0.184682 0 
v 0.003175 0.05 0.0085258 
v 0.003175 0.05 0.0200883 
v 0.003175 0.160049 0.0148219 
v 0.003175 0.160369 0.0148744 
v 0.003175 0.161941 0.0135388 
v 0.003175 0.16195 0.0133766 
v 0.003175 0.160693 0.0148568 
v 0.003175 0.159256 0.0142844 
v 0.003175 0.159479 0.0145198 
v 0.003175 0.161871 0.0138556 
v 0.003175 0.161005 0.0147701 
v 0.003175 0.159747 0.0147019 
v 0.003175 0.161735 0.0141499 
v 0.003175 0.159747 0.0120513 
v 0.003175 0.159479 0.0122334 
v 0.003175 0.161005 0.0119831 
v 0.003175 0.160693 0.0118964 
v 0.003175 0.161539 0.0144082 
v 0.003175 0.161292 0.0146181 
v 0.003175 0.159256 0.0124688 
v 0.003175 0.159089 0.0127468 
v 0.003175 0.160049 0.0119313 
v 0.003175 0.160369 0.0118788 
v 0.003175 0.161292 0.0121351 
v 0.003175 0.161941 0.0132144 
v 0.003175 0.158985 0.0136991 
v 0.003175 0.159089 0.0140064 
v 0.003175 0.15895 0.0133766 
v 0.003175 0.161735 0.0126033 
v 0.003175 0.161539 0.0123451 
v 0.003175 0.161871 0.0128977 
v 0.003175 0.158985 0.0130542 
v 0.003175 0.175869 0.0148744 
v 0.003175 0.176193 0.0148568 
v 0.003175 0.175549 0.0148219 
v 0.003175 0.177441 0.0135388 
v 0.003175 0.17745 0.0133766 
v 0.003175 0.174756 0.0142844 
v 0.003175 0.174979 0.0145198 
v 0.003175 0.177371 0.0138556 
v 0.003175 0.176505 0.0147701 
v 0.003175 0.175247 0.0147019 
v 0.003175 0.176193 0.0118964 
v 0.003175 0.177235 0.0141499 
v 0.003175 0.175247 0.0120513 
v 0.003175 0.174979 0.0122334 
v 0.003175 0.176505 0.0119831 
v 0.003175 0.177039 0.0144082 
v 0.003175 0.176792 0.0146181 
v 0.003175 0.174756 0.0124688 
v 0.003175 0.174589 0.0127468 
v 0.003175 0.175549 0.0119313 
v 0.003175 0.176792 0.0121351 
v 0.003175 0.177441 0.0132144 
v 0.003175 0.174485 0.0136991 
v 0.003175 0.174589 0.0140064 
v 0.003175 0.17445 0.0133766 
v 0.003175 0.175869 0.0118788 
v 0.003175 0.177235 0.0126033 
v 0.003175 0.177039 0.0123451 
v 0.003175 0.177371 0.0128977 
v 0.003175 0.174485 0.0130542 
v 0.003175 0.05 0.02535 
v 0.003175 0.05 0.0322 
v 0.003175 0.05 0.0374117 
v 0.003175 0.05 0.0409117 
v 0.003175 0.05 0.0609125 
v 0.003175 0.05 0.0762 
v 0.003175 0.174325 0.0762 
v 0.003175 0.1827 0.0710979 
v 0.003175 0.182273 0.0710279 
v 0.003175 0.183102 0.071258 
v 0.003175 0.184682 0.0762 
v 0.003175 0.184165 0.073025 
v 0.003175 0.181182 0.0762 
v 0.003175 0.182273 0.0750221 
v 0.003175 0.181841 0.0710513 
v 0.003175 0.181425 0.071167 
v 0.003175 0.184118 0.0725951 
v 0.003175 0.18398 0.0738648 
v 0.003175 0.184118 0.0734549 
v 0.003175 0.1827 0.0749521 
v 0.003175 0.183757 0.0718147 
v 0.003175 0.18346 0.0715007 
v 0.003175 0.18398 0.0721852 
v 0.003175 0.183757 0.0742353 
v 0.003175 0.181841 0.0749987 
v 0.003175 0.181182 0.0747545 
v 0.003175 0.181425 0.074883 
v 0.003175 0.183102 0.074792 
v 0.003175 0.18346 0.0745493 
v 0.003175 0.178808 0.0762 
v 0.003175 0.180177 0.0728088 
v 0.003175 0.180165 0.073025 
v 0.003175 0.180177 0.0732412 
v 0.003175 0.18027 0.0723864 
v 0.003175 0.18027 0.0736636 
v 0.003175 0.180713 0.0716496 
v 0.003175 0.180451 0.0719939 
v 0.003175 0.181043 0.0746804 
v 0.003175 0.180713 0.0744004 
v 0.003175 0.180451 0.0740561 
v 0.003175 0.181182 0.0712955 
v 0.003175 0.181043 0.0713696 
v 0.003175 0.2032 0.0322 
v 0.003175 0.199595 0.0361468 
v 0.003175 0.198258 0.0371632 
v 0.003175 0.198159 0.0374117 
v 0.003175 0.199185 0.0362848 
v 0.003175 0.200455 0.0361468 
v 0.003175 0.200025 0.0361 
v 0.003175 0.198501 0.0368052 
v 0.003175 0.201235 0.0365078 
v 0.003175 0.200865 0.0362848 
v 0.003175 0.2032 0.0374117 
v 0.003175 0.201792 0.0371632 
v 0.003175 0.198815 0.0365078 
v 0.003175 0.201891 0.0374117 
v 0.003175 0.201549 0.0368052 
v 0.003175 0.2032 0.0409117 
v 0.003175 0.199809 0.0400883 
v 0.003175 0.200025 0.0401 
v 0.003175 0.200241 0.0400883 
v 0.003175 0.201883 0.0388403 
v 0.003175 0.201999 0.0384236 
v 0.003175 0.200664 0.0399953 
v 0.003175 0.201056 0.0398137 
v 0.003175 0.199386 0.0399953 
v 0.003175 0.2014 0.039552 
v 0.003175 0.20168 0.0392224 
v 0.003175 0.19865 0.039552 
v 0.003175 0.198994 0.0398137 
v 0.003175 0.198167 0.0388403 
v 0.003175 0.19837 0.0392224 
v 0.003175 0.198028 0.0379917 
v 0.003175 0.198051 0.0384236 
v 0.003175 0.198098 0.0375649 
v 0.003175 0.202022 0.0379917 
v 0.003175 0.201952 0.0375649 
v 0.003175 0.1827 0.0012479 
v 0.003175 0.182273 0.00117793 
v 0.003175 0.184118 0.00360494 
v 0.003175 0.184165 0.003175 
v 0.003175 0.183102 0.00140798 
v 0.003175 0.184118 0.00274506 
v 0.003175 0.18398 0.00401478 
v 0.003175 0.182273 0.00517207 
v 0.003175 0.18346 0.00165068 
v 0.003175 0.18398 0.00233522 
v 0.003175 0.183757 0.00438535 
v 0.003175 0.183102 0.00494202 
v 0.003175 0.18346 0.00469932 
v 0.003175 0.1827 0.0051021 
v 0.003175 0.181182 0.00490453 
v 0.003175 0.181425 0.00503295 
v 0.003175 0.183757 0.00196465 
v 0.003175 0.181841 0.00514865 
v 0.003175 0.181841 0.00120135 
v 0.003175 0.181425 0.00131705 
v 0.003175 0.180165 0.003175 
v 0.003175 0.180177 0.00339124 
v 0.003175 0.180177 0.00295876 
v 0.003175 0.18027 0.0025364 
v 0.003175 0.18027 0.0038136 
v 0.003175 0.180713 0.0017996 
v 0.003175 0.180451 0.00214389 
v 0.003175 0.181043 0.00483038 
v 0.003175 0.180713 0.0045504 
v 0.003175 0.180451 0.00420611 
v 0.003175 0.181182 0.00144547 
v 0.003175 0.181043 0.00151962 
v 0.003175 0.10874 0.06985 
v 0.003175 0.121437 0.0728088 
v 0.003175 0.121425 0.073025 
v 0.003175 0.10874 0.0762 
v 0.003175 0.13055 0.0762 
v 0.003175 0.12396 0.0749521 
v 0.003175 0.124362 0.074792 
v 0.003175 0.121437 0.0732412 
v 0.003175 0.123533 0.0750221 
v 0.003175 0.123101 0.0749987 
v 0.003175 0.12153 0.0723864 
v 0.003175 0.121711 0.0740561 
v 0.003175 0.121973 0.0744004 
v 0.003175 0.12153 0.0736636 
v 0.003175 0.12396 0.0710979 
v 0.003175 0.123533 0.0710279 
v 0.003175 0.12472 0.0715007 
v 0.003175 0.124362 0.071258 
v 0.003175 0.12524 0.0738648 
v 0.003175 0.125378 0.0734549 
v 0.003175 0.122685 0.074883 
v 0.003175 0.122303 0.0746804 
v 0.003175 0.121711 0.0719939 
v 0.003175 0.122303 0.0713696 
v 0.003175 0.121973 0.0716496 
v 0.003175 0.122685 0.071167 
v 0.003175 0.125378 0.0725951 
v 0.003175 0.125017 0.0742353 
v 0.003175 0.12472 0.0745493 
v 0.003175 0.123101 0.0710513 
v 0.003175 0.125425 0.073025 
v 0.003175 0.125017 0.0718147 
v 0.003175 0.12524 0.0721852 
v 0.003175 0.0563425 0.0762 
v 0.003175 0.0626967 0.0728088 
v 0.003175 0.062685 0.073025 
v 0.003175 0.07937 0.0762 
v 0.003175 0.0652201 0.0749521 
v 0.003175 0.0656218 0.074792 
v 0.003175 0.0626967 0.0732412 
v 0.003175 0.0627897 0.0723864 
v 0.003175 0.0647933 0.0750221 
v 0.003175 0.0643614 0.0749987 
v 0.003175 0.0666382 0.0734549 
v 0.003175 0.066685 0.073025 
v 0.003175 0.0629713 0.0740561 
v 0.003175 0.063233 0.0744004 
v 0.003175 0.0627897 0.0736636 
v 0.003175 0.07937 0.06985 
v 0.003175 0.0656218 0.071258 
v 0.003175 0.0652201 0.0710979 
v 0.003175 0.0665002 0.0738648 
v 0.003175 0.0639447 0.074883 
v 0.003175 0.0635626 0.0746804 
v 0.003175 0.0629713 0.0719939 
v 0.003175 0.0635626 0.0713696 
v 0.003175 0.063233 0.0716496 
v 0.003175 0.0647933 0.0710279 
v 0.003175 0.0659798 0.0715007 
v 0.003175 0.0662772 0.0742353 
v 0.003175 0.0659798 0.0745493 
v 0.003175 0.0639447 0.071167 
v 0.003175 0.0643614 0.0710513 
v 0.003175 0.0665002 0.0721852 
v 0.003175 0.0662772 0.0718147 
v 0.003175 0.0666382 0.0725951 
v 0.003175 0.094055 0.06985 
v 0.003175 0.07937 0 
v 0.003175 0.062685 0.003175 
v 0.003175 0.0626967 0.00339124 
v 0.003175 0.0626967 0.00295876 
v 0.003175 0.07937 0.00635 
v 0.003175 0.0666382 0.00360494 
v 0.003175 0.066685 0.003175 
v 0.003175 0.0627897 0.0025364 
v 0.003175 0.0665002 0.00401478 
v 0.003175 0.0635626 0.00151962 
v 0.003175 0.063233 0.0017996 
v 0.003175 0.0643614 0.00120135 
v 0.003175 0.0639447 0.00131705 
v 0.003175 0.07937 0.0005875 
v 0.003175 0.0647933 0.00117793 
v 0.003175 0.0656218 0.00140798 
v 0.003175 0.0652201 0.0012479 
v 0.003175 0.0662772 0.00438535 
v 0.003175 0.0656218 0.00494202 
v 0.003175 0.0659798 0.00469932 
v 0.003175 0.0629713 0.00214389 
v 0.003175 0.0665002 0.00233522 
v 0.003175 0.0662772 0.00196465 
v 0.003175 0.0647933 0.00517207 
v 0.003175 0.0629713 0.00420611 
v 0.003175 0.063233 0.0045504 
v 0.003175 0.0627897 0.0038136 
v 0.003175 0.0659798 0.00165068 
v 0.003175 0.0652201 0.0051021 
v 0.003175 0.0643614 0.00514865 
v 0.003175 0.0635626 0.00483038 
v 0.003175 0.0639447 0.00503295 
v 0.003175 0.0666382 0.00274506 
v 0.003175 0.10874 0.00635 
v 0.003175 0.10874 0.0005875 
v 0.003175 0.121425 0.003175 
v 0.003175 0.125378 0.00360494 
v 0.003175 0.121437 0.00295876 
v 0.003175 0.12524 0.00401478 
v 0.003175 0.12153 0.0025364 
v 0.003175 0.125017 0.00438535 
v 0.003175 0.124362 0.00494202 
v 0.003175 0.12472 0.00469932 
v 0.003175 0.121437 0.00339124 
v 0.003175 0.122303 0.00151962 
v 0.003175 0.121973 0.0017996 
v 0.003175 0.123101 0.00120135 
v 0.003175 0.122685 0.00131705 
v 0.003175 0.123533 0.00117793 
v 0.003175 0.124362 0.00140798 
v 0.003175 0.12396 0.0012479 
v 0.003175 0.125425 0.003175 
v 0.003175 0.125378 0.00274506 
v 0.003175 0.121711 0.00214389 
v 0.003175 0.125017 0.00196465 
v 0.003175 0.12472 0.00165068 
v 0.003175 0.12524 0.00233522 
v 0.003175 0.12396 0.0051021 
v 0.003175 0.123101 0.00514865 
v 0.003175 0.123533 0.00517207 
v 0.003175 0.122685 0.00503295 
v 0.003175 0.121711 0.00420611 
v 0.003175 0.121973 0.0045504 
v 0.003175 0.12153 0.0038136 
v 0.003175 0.122303 0.00483038 
v 0.003175 0.094055 0.00635 
v 0.003175 0.10874 0 
v 0.003175 0.13055 0 
v 0.003175 0.13811 0 
v 0.003175 0.13811 0.00635 
v 0.003175 0.13811 0.0005875 
v 0.003175 0.145025 0.00635 
v 0.003175 0.156575 0.00635 
v 0.003175 0.162075 0.00635 
v 0.003175 0.16748 0.00635 
v 0.003175 0.16748 0.0005875 
v 0.003175 0.16748 0 
v 0.003175 0.19685 0 
v 0.003175 0.19685 0.0005875 
v 0.003175 0.19685 0.0085258 
v 0.003175 0.19685 0.0200883 
v 0.003175 0.19685 0.0508 
v 0.003175 0.2032 0.0508 
v 0.003175 0.19685 0.0609125 
v 0.003175 0.16748 0.06985 
v 0.003175 0.16748 0.0762 
v 0.003175 0.156575 0.06985 
v 0.003175 0.145025 0.06985 
v 0.003175 0.13811 0.06985 
v 0.003175 0.13885 0.0409117 
v 0.003175 0.13885 0.0374117 
v 0.003175 0.13885 0.0322 
v 0.003175 0.135675 0.0254 
v 0.003175 0.13885 0.0254 
v 0.003175 0.135675 0.0322 
v 0.003175 0.135675 0.0374117 
v 0.003175 0.13885 0.0508 
v 0.003175 0.135675 0.0508 
v 0.003175 0.135675 0.0409117 
v 0.003175 0.152327 0.02535 
v 0.003175 0.152619 0.0253022 
v 0.003175 0.152943 0.0253198 
v 0.003175 0.153052 0.02535 
v 0.003175 0.154191 0.0269622 
v 0.003175 0.1542 0.0268 
v 0.003175 0.154191 0.0266378 
v 0.003175 0.154121 0.027279 
v 0.003175 0.154121 0.026321 
v 0.003175 0.152299 0.0282453 
v 0.003175 0.152619 0.0282978 
v 0.003175 0.153985 0.0260267 
v 0.003175 0.153789 0.0257685 
v 0.003175 0.153985 0.0275733 
v 0.003175 0.151339 0.0274298 
v 0.003175 0.151506 0.0277078 
v 0.003175 0.1512 0.0268 
v 0.003175 0.151235 0.0271225 
v 0.003175 0.153542 0.0280415 
v 0.003175 0.153789 0.0278315 
v 0.003175 0.152943 0.0282802 
v 0.003175 0.151235 0.0264775 
v 0.003175 0.151506 0.0258922 
v 0.003175 0.151339 0.0261702 
v 0.003175 0.151997 0.0254747 
v 0.003175 0.151729 0.0256568 
v 0.003175 0.153542 0.0255585 
v 0.003175 0.153255 0.0254065 
v 0.003175 0.153255 0.0281935 
v 0.003175 0.151729 0.0279432 
v 0.003175 0.151997 0.0281253 
v 0.003175 0.152299 0.0253547 
v 0.003175 0.184542 0.0255585 
v 0.003175 0.184255 0.0254065 
v 0.003175 0.184682 0.025678 
v 0.003175 0.183619 0.0253022 
v 0.003175 0.183327 0.02535 
v 0.003175 0.183943 0.0253198 
v 0.003175 0.184052 0.02535 
v 0.003175 0.183299 0.0282453 
v 0.003175 0.183619 0.0282978 
v 0.003175 0.182339 0.0274298 
v 0.003175 0.182506 0.0277078 
v 0.003175 0.1822 0.0268 
v 0.003175 0.182235 0.0271225 
v 0.003175 0.183943 0.0282802 
v 0.003175 0.182235 0.0264775 
v 0.003175 0.182506 0.0258922 
v 0.003175 0.182339 0.0261702 
v 0.003175 0.182997 0.0254747 
v 0.003175 0.182729 0.0256568 
v 0.003175 0.184255 0.0281935 
v 0.003175 0.182729 0.0279432 
v 0.003175 0.182997 0.0281253 
v 0.003175 0.183299 0.0253547 
v 0.003175 0.184542 0.0280415 
v 0.003175 0.185191 0.0266378 
v 0.003175 0.19685 0.02535 
v 0.003175 0.19685 0.0254 
v 0.003175 0.185191 0.0269622 
v 0.003175 0.1852 0.0268 
v 0.003175 0.185121 0.027279 
v 0.003175 0.185121 0.026321 
v 0.003175 0.184985 0.0275733 
v 0.003175 0.184985 0.0260267 
v 0.003175 0.184789 0.0278315 
v 0.003175 0.184789 0.0257685 
v 0.003175 0.184682 0.027922 
v 0.003175 0.177039 0.0412549 
v 0.003175 0.175869 0.0417212 
v 0.003175 0.177235 0.0409967 
v 0.003175 0.176505 0.0416169 
v 0.003175 0.176792 0.0414649 
v 0.003175 0.176193 0.0417036 
v 0.003175 0.175549 0.0416687 
v 0.003175 0.174979 0.0413666 
v 0.003175 0.175247 0.0415487 
v 0.003175 0.174624 0.0409117 
v 0.003175 0.174756 0.0411312 
v 0.003175 0.177441 0.0400612 
v 0.003175 0.177371 0.0397444 
v 0.003175 0.177441 0.0403856 
v 0.003175 0.17745 0.0402234 
v 0.003175 0.177371 0.0407023 
v 0.003175 0.176193 0.0387432 
v 0.003175 0.177275 0.0409117 
v 0.003175 0.176505 0.0388299 
v 0.003175 0.175869 0.0387256 
v 0.003175 0.177039 0.0391918 
v 0.003175 0.176792 0.0389819 
v 0.003175 0.177235 0.0394501 
v 0.003175 0.174485 0.0399009 
v 0.003175 0.17445 0.0402234 
v 0.003175 0.174756 0.0393156 
v 0.003175 0.174589 0.0395936 
v 0.003175 0.175247 0.0388981 
v 0.003175 0.174979 0.0390802 
v 0.003175 0.175549 0.0387781 
v 0.003175 0.174485 0.0405458 
v 0.003175 0.174589 0.0408532 
v 0.003175 0.162755 0.0223193 
v 0.003175 0.163423 0.023431 
v 0.003175 0.164316 0.024373 
v 0.003175 0.162231 0.0200883 
v 0.003175 0.16234 0.0210898 
v 0.003175 0.16539 0.0251011 
v 0.003175 0.170421 0.0253739 
v 0.003175 0.170466 0.02535 
v 0.003175 0.169171 0.025721 
v 0.003175 0.167875 0.0257912 
v 0.003175 0.166595 0.0255813 
v 0.003175 0.166014 0.02535 
v 0.003175 0.173886 0.0217158 
v 0.003175 0.174165 0.0204487 
v 0.003175 0.173341 0.0228933 
v 0.003175 0.172556 0.0239262 
v 0.003175 0.171567 0.0247661 
v 0.003175 0.1742 0.0198 
v 0.003175 0.174165 0.0191513 
v 0.003175 0.169171 0.013879 
v 0.003175 0.167875 0.0138088 
v 0.003175 0.174184 0.0200883 
v 0.003175 0.164316 0.015227 
v 0.003175 0.163423 0.016169 
v 0.003175 0.16539 0.0144989 
v 0.003175 0.166595 0.0140187 
v 0.003175 0.173886 0.0178842 
v 0.003175 0.16234 0.0185102 
v 0.003175 0.172556 0.0156738 
v 0.003175 0.171567 0.0148339 
v 0.003175 0.173341 0.0167067 
v 0.003175 0.1622 0.0198 
v 0.003175 0.170421 0.0142261 
v 0.003175 0.162755 0.0172807 
v 0.003175 0.2032 0.0254 
v 0.003175 0.13811 0.0762 
v 0.003175 0.162075 0.06985 
v 0.003175 0.19685 0.0762 
v 0.003175 0.174325 0.0005875 
v 0.003175 0.178808 0.0005875 
v 0.003175 0.181183 0.0005875 
v 0.003175 0.0563425 0.0005875 
v 0.003175 0.174325 0.0085258 
v 0.003175 0.0563425 0.0085258 
v 0.003175 0.0563425 0.0200883 
v 0.003175 0.094055 0.0085258 
v 0.003175 0.094055 0.0200883 
v 0.003175 0.13055 0.0085258 
v 0.003175 0.13055 0.0200883 
v 0.003175 0.145025 0.0085258 
v 0.003175 0.145025 0.0200883 
v 0.003175 0.156575 0.0085258 
v 0.003175 0.156575 0.0200883 
v 0.003175 0.162075 0.0200883 
v 0.003175 0.162075 0.0085258 
v 0.003175 0.174325 0.0200883 
v 0.003175 0.178808 0.0200883 
v 0.003175 0.178808 0.0085258 
v 0.003175 0.181183 0.0085258 
v 0.003175 0.181183 0.0200883 
v 0.003175 0.184683 0.0085258 
v 0.003175 0.0563425 0.02535 
v 0.003175 0.094055 0.02535 
v 0.003175 0.13055 0.02535 
v 0.003175 0.156575 0.02535 
v 0.003175 0.174325 0.02535 
v 0.003175 0.178808 0.02535 
v 0.003175 0.0563425 0.0322 
v 0.003175 0.094055 0.0322 
v 0.003175 0.156575 0.0322 
v 0.003175 0.162075 0.02535 
v 0.003175 0.174325 0.0322 
v 0.003175 0.178808 0.0322 
v 0.003175 0.181183 0.02535 
v 0.003175 0.0563425 0.0374117 
v 0.003175 0.094055 0.0374117 
v 0.003175 0.13055 0.0322 
v 0.003175 0.145025 0.0374117 
v 0.003175 0.145025 0.0322 
v 0.003175 0.156575 0.0374117 
v 0.003175 0.162075 0.0322 
v 0.003175 0.162075 0.0374117 
v 0.003175 0.174325 0.0374117 
v 0.003175 0.178808 0.0374117 
v 0.003175 0.181183 0.0322 
v 0.003175 0.181183 0.0374117 
v 0.003175 0.184683 0.0322 
v 0.003175 0.0563425 0.0409117 
v 0.003175 0.094055 0.0409117 
v 0.003175 0.13055 0.0374117 
v 0.003175 0.145025 0.0409117 
v 0.003175 0.162075 0.0409117 
v 0.003175 0.178808 0.0409117 
v 0.003175 0.181183 0.0409117 
v 0.003175 0.184683 0.0374117 
v 0.003175 0.0563425 0.0609125 
v 0.003175 0.094055 0.0609125 
v 0.003175 0.13055 0.0409117 
v 0.003175 0.145025 0.0609125 
v 0.003175 0.156575 0.0409117 
v 0.003175 0.162075 0.0609125 
v 0.003175 0.174325 0.0409117 
v 0.003175 0.178808 0.0609125 
v 0.003175 0.181183 0.0609125 
v 0.003175 0.184683 0.0409117 
v 0.003175 0.174325 0.0609125 
v 0.003175 0.184683 0.0609125 
v 0.003175 0.184683 0.0005875 
v 0.003175 0.13055 0.0609125 
v 0.003175 0.13055 0.0005875 
v 0.003175 0.184683 0.0200883 
v 0.003175 0.184683 0.02535 
v 0.003175 0.156575 0.0609125 
v 0.003175 0.145025 0.02535 
v 8.32667e-17 0.05 0.0762 
v 6.82399e-17 0.0563425 0.0762 
v 4.68647e-17 0.174325 0.0762 
v 4.60526e-17 0.178808 0.0762 
v 6.93889e-17 0.05 0.0609125 
v 6.93889e-17 0.05 0.0409117 
v 6.93889e-17 0.05 0.0374117 
v 6.93889e-17 0.05 0.0322 
v 6.93889e-17 0.05 0.02535 
v 6.93889e-17 0.05 0.0200883 
v 5.5241e-17 0.161941 0.0132144 
v 5.52394e-17 0.16195 0.0133766 
v 5.55259e-17 0.160369 0.0148744 
v 5.52536e-17 0.161871 0.0128977 
v 5.56384e-17 0.159747 0.0147019 
v 5.56871e-17 0.159479 0.0145198 
v 5.54672e-17 0.160693 0.0148568 
v 5.5241e-17 0.161941 0.0135388 
v 5.55839e-17 0.160049 0.0148219 
v 5.54106e-17 0.161005 0.0147701 
v 5.52536e-17 0.161871 0.0138556 
v 5.52783e-17 0.161735 0.0126033 
v 5.53586e-17 0.161292 0.0146181 
v 5.52783e-17 0.161735 0.0141499 
v 5.53586e-17 0.161292 0.0121351 
v 5.53139e-17 0.161539 0.0123451 
v 5.55259e-17 0.160369 0.0118788 
v 5.54672e-17 0.160693 0.0118964 
v 5.57275e-17 0.159256 0.0124688 
v 5.56871e-17 0.159479 0.0122334 
v 5.53139e-17 0.161539 0.0144082 
v 5.54106e-17 0.161005 0.0119831 
v 5.55839e-17 0.160049 0.0119313 
v 5.56384e-17 0.159747 0.0120513 
v 5.57766e-17 0.158985 0.0130542 
v 5.57578e-17 0.159089 0.0127468 
v 5.57275e-17 0.159256 0.0142844 
v 5.57578e-17 0.159089 0.0140064 
v 5.57766e-17 0.158985 0.0136991 
v 5.57829e-17 0.15895 0.0133766 
v 5.52394e-17 0.17745 0.0133766 
v 5.5241e-17 0.177441 0.0132144 
v 5.54672e-17 0.176193 0.0148568 
v 5.52536e-17 0.177371 0.0128977 
v 5.56384e-17 0.175247 0.0147019 
v 5.56871e-17 0.174979 0.0145198 
v 5.55259e-17 0.175869 0.0148744 
v 5.5241e-17 0.177441 0.0135388 
v 5.55839e-17 0.175549 0.0148219 
v 5.54106e-17 0.176505 0.0147701 
v 5.52536e-17 0.177371 0.0138556 
v 5.52783e-17 0.177235 0.0126033 
v 5.55259e-17 0.175869 0.0118788 
v 5.54672e-17 0.176193 0.0118964 
v 5.53586e-17 0.176792 0.0146181 
v 5.52783e-17 0.177235 0.0141499 
v 5.53586e-17 0.176792 0.0121351 
v 5.53139e-17 0.177039 0.0123451 
v 5.57275e-17 0.174756 0.0124688 
v 5.56871e-17 0.174979 0.0122334 
v 5.53139e-17 0.177039 0.0144082 
v 5.54106e-17 0.176505 0.0119831 
v 5.56384e-17 0.175247 0.0120513 
v 5.57766e-17 0.174485 0.0130542 
v 5.57578e-17 0.174589 0.0127468 
v 5.57275e-17 0.174756 0.0142844 
v 5.57578e-17 0.174589 0.0140064 
v 5.55839e-17 0.175549 0.0119313 
v 5.57766e-17 0.174485 0.0136991 
v 5.57829e-17 0.17445 0.0133766 
v 6.93889e-17 0.05 0.0085258 
v 6.93889e-17 0.05 0.0005875 
v 6.82399e-17 0.0563425 0 
v 4.60526e-17 0.178808 0 
v 4.56223e-17 0.181182 0 
v 4.49882e-17 0.184682 0 
v 4.49882e-17 0.184682 0.0762 
v 4.54417e-17 0.1827 0.0749521 
v 4.55173e-17 0.182273 0.0750221 
v 4.53705e-17 0.183102 0.074792 
v 4.51904e-17 0.184118 0.0725951 
v 4.51821e-17 0.184165 0.073025 
v 4.55173e-17 0.182273 0.0710279 
v 4.56223e-17 0.181182 0.0762 
v 4.55938e-17 0.181841 0.0749987 
v 4.56677e-17 0.181425 0.074883 
v 4.51904e-17 0.184118 0.0734549 
v 4.52149e-17 0.18398 0.0721852 
v 4.54417e-17 0.1827 0.0710979 
v 4.52544e-17 0.183757 0.0742353 
v 4.53071e-17 0.18346 0.0745493 
v 4.52149e-17 0.18398 0.0738648 
v 4.52544e-17 0.183757 0.0718147 
v 4.55938e-17 0.181841 0.0710513 
v 4.56223e-17 0.181182 0.0712955 
v 4.56677e-17 0.181425 0.071167 
v 4.53705e-17 0.183102 0.071258 
v 4.53071e-17 0.18346 0.0715007 
v 4.58909e-17 0.180165 0.073025 
v 4.58888e-17 0.180177 0.0728088 
v 4.58888e-17 0.180177 0.0732412 
v 4.58723e-17 0.18027 0.0736636 
v 4.58723e-17 0.18027 0.0723864 
v 4.58402e-17 0.180451 0.0719939 
v 4.58402e-17 0.180451 0.0740561 
v 4.56223e-17 0.181182 0.0747545 
v 4.57354e-17 0.181043 0.0713696 
v 4.57938e-17 0.180713 0.0744004 
v 4.57354e-17 0.181043 0.0746804 
v 4.57938e-17 0.180713 0.0716496 
v 4.16334e-17 0.2032 0.0322 
v 4.2067e-17 0.201549 0.0368052 
v 4.2067e-17 0.201792 0.0371632 
v 4.2067e-17 0.200455 0.0361468 
v 4.2067e-17 0.200865 0.0362848 
v 4.2067e-17 0.199595 0.0361468 
v 4.2067e-17 0.200025 0.0361 
v 4.2067e-17 0.199185 0.0362848 
v 4.16334e-17 0.2032 0.0374117 
v 4.2067e-17 0.198815 0.0365078 
v 4.25467e-17 0.198159 0.0374117 
v 4.2067e-17 0.201235 0.0365078 
v 4.2067e-17 0.198258 0.0371632 
v 4.2067e-17 0.198501 0.0368052 
v 4.16334e-17 0.2032 0.0409117 
v 4.2067e-17 0.200025 0.0401 
v 4.2067e-17 0.199809 0.0400883 
v 4.2067e-17 0.200241 0.0400883 
v 4.2067e-17 0.199386 0.0399953 
v 4.2067e-17 0.198994 0.0398137 
v 4.2067e-17 0.200664 0.0399953 
v 4.2067e-17 0.2014 0.039552 
v 4.2067e-17 0.201056 0.0398137 
v 4.2067e-17 0.201999 0.0384236 
v 4.2067e-17 0.19865 0.039552 
v 4.2067e-17 0.19837 0.0392224 
v 4.2067e-17 0.201883 0.0388403 
v 4.2067e-17 0.20168 0.0392224 
v 4.2067e-17 0.202022 0.0379917 
v 4.2067e-17 0.198051 0.0384236 
v 4.2067e-17 0.198167 0.0388403 
v 4.18705e-17 0.201891 0.0374117 
v 4.2067e-17 0.201952 0.0375649 
v 4.2067e-17 0.198028 0.0379917 
v 4.2067e-17 0.198098 0.0375649 
v 4.54417e-17 0.1827 0.0051021 
v 4.55173e-17 0.182273 0.00517207 
v 4.51821e-17 0.184165 0.003175 
v 4.55938e-17 0.181841 0.00514865 
v 4.56677e-17 0.181425 0.00503295 
v 4.53705e-17 0.183102 0.00494202 
v 4.52544e-17 0.183757 0.00438535 
v 4.53071e-17 0.18346 0.00469932 
v 4.51904e-17 0.184118 0.00360494 
v 4.52149e-17 0.18398 0.00233522 
v 4.51904e-17 0.184118 0.00274506 
v 4.55173e-17 0.182273 0.00117793 
v 4.52149e-17 0.18398 0.00401478 
v 4.52544e-17 0.183757 0.00196465 
v 4.54417e-17 0.1827 0.0012479 
v 4.53705e-17 0.183102 0.00140798 
v 4.53071e-17 0.18346 0.00165068 
v 4.56677e-17 0.181425 0.00131705 
v 4.55938e-17 0.181841 0.00120135 
v 4.56223e-17 0.181182 0.00144547 
v 4.58888e-17 0.180177 0.00339124 
v 4.58909e-17 0.180165 0.003175 
v 4.58888e-17 0.180177 0.00295876 
v 4.58723e-17 0.18027 0.0038136 
v 4.58723e-17 0.18027 0.0025364 
v 4.58402e-17 0.180451 0.00214389 
v 4.58402e-17 0.180451 0.00420611 
v 4.56223e-17 0.181182 0.00490453 
v 4.57354e-17 0.181043 0.00151962 
v 4.57938e-17 0.180713 0.0045504 
v 4.57354e-17 0.181043 0.00483038 
v 4.57938e-17 0.180713 0.0017996 
v 5.32918e-17 0.13885 0.0374117 
v 5.32918e-17 0.13885 0.0409117 
v -4.15428e-17 0.135675 0.0508 
v -4.2118e-17 0.13885 0.0508 
v 5.3867e-17 0.135675 0.0409117 
v 5.3867e-17 0.135675 0.0374117 
v 5.3867e-17 0.135675 0.0322 
v 5.3867e-17 0.135675 0.0254 
v -4.2118e-17 0.13885 0.0254 
v 5.44305e-17 0.174165 0.0204487 
v 4.68902e-17 0.174184 0.0200883 
v 5.4481e-17 0.173886 0.0217158 
v 5.4722e-17 0.172556 0.0239262 
v 5.49011e-17 0.171567 0.0247661 
v 5.45797e-17 0.173341 0.0228933 
v 4.75639e-17 0.170466 0.02535 
v 5.53353e-17 0.169171 0.025721 
v 5.557e-17 0.167875 0.0257912 
v 5.51088e-17 0.170421 0.0253739 
v 5.5802e-17 0.166595 0.0255813 
v 4.83704e-17 0.166014 0.02535 
v 5.62149e-17 0.164316 0.024373 
v 5.63765e-17 0.163423 0.023431 
v 5.65728e-17 0.16234 0.0210898 
v 5.60203e-17 0.16539 0.0251011 
v 5.64977e-17 0.162755 0.0223193 
v 5.44305e-17 0.174165 0.0191513 
v 5.44241e-17 0.1742 0.0198 
v 5.557e-17 0.167875 0.0138088 
v 5.4481e-17 0.173886 0.0178842 
v 5.5802e-17 0.166595 0.0140187 
v 5.64977e-17 0.162755 0.0172807 
v 5.63765e-17 0.163423 0.016169 
v 5.45797e-17 0.173341 0.0167067 
v 5.60203e-17 0.16539 0.0144989 
v 5.62149e-17 0.164316 0.015227 
v 5.4722e-17 0.172556 0.0156738 
v 5.51088e-17 0.170421 0.0142261 
v 5.49011e-17 0.171567 0.0148339 
v 5.65982e-17 0.1622 0.0198 
v 5.65728e-17 0.16234 0.0185102 
v 5.53353e-17 0.169171 0.013879 
v 4.90557e-17 0.162231 0.0200883 
v 5.54672e-17 0.176193 0.0417036 
v 5.55259e-17 0.175869 0.0417212 
v 5.54106e-17 0.176505 0.0416169 
v 5.53139e-17 0.177039 0.0412549 
v 5.53586e-17 0.176792 0.0414649 
v 5.52783e-17 0.177235 0.0409967 
v 5.57275e-17 0.174756 0.0411312 
v 5.55839e-17 0.175549 0.0416687 
v 5.56384e-17 0.175247 0.0415487 
v 5.56871e-17 0.174979 0.0413666 
v 4.63303e-17 0.177275 0.0409117 
v 5.5241e-17 0.177441 0.0400612 
v 5.52394e-17 0.17745 0.0402234 
v 5.5241e-17 0.177441 0.0403856 
v 5.52536e-17 0.177371 0.0397444 
v 5.55259e-17 0.175869 0.0387256 
v 5.54672e-17 0.176193 0.0387432 
v 5.52783e-17 0.177235 0.0394501 
v 5.53139e-17 0.177039 0.0391918 
v 5.54106e-17 0.176505 0.0388299 
v 5.53586e-17 0.176792 0.0389819 
v 5.55839e-17 0.175549 0.0387781 
v 5.56384e-17 0.175247 0.0388981 
v 5.57275e-17 0.174756 0.0393156 
v 5.56871e-17 0.174979 0.0390802 
v 5.57766e-17 0.174485 0.0399009 
v 5.57578e-17 0.174589 0.0395936 
v 5.57829e-17 0.17445 0.0402234 
v 5.57766e-17 0.174485 0.0405458 
v 4.68106e-17 0.174624 0.0409117 
v 5.57578e-17 0.174589 0.0408532 
v 5.52536e-17 0.177371 0.0407023 
v 5.57275e-17 0.182506 0.0258922 
v 5.56871e-17 0.182729 0.0256568 
v 5.55259e-17 0.183619 0.0282978 
v 5.56384e-17 0.182997 0.0254747 
v 5.57766e-17 0.182235 0.0264775 
v 5.57578e-17 0.182339 0.0261702 
v 5.57766e-17 0.182235 0.0271225 
v 5.54672e-17 0.183943 0.0282802 
v 5.57829e-17 0.1822 0.0268 
v 5.56871e-17 0.182729 0.0279432 
v 5.57275e-17 0.182506 0.0277078 
v 5.55839e-17 0.183299 0.0282453 
v 5.56384e-17 0.182997 0.0281253 
v 5.54106e-17 0.184255 0.0281935 
v 5.57578e-17 0.182339 0.0274298 
v 5.53586e-17 0.184542 0.0280415 
v 5.55839e-17 0.183299 0.0253547 
v 4.49882e-17 0.184682 0.027922 
v 4.52338e-17 0.183327 0.02535 
v 5.55259e-17 0.183619 0.0253022 
v 5.54672e-17 0.183943 0.0253198 
v 4.51025e-17 0.184052 0.02535 
v 5.54106e-17 0.184255 0.0254065 
v 5.53586e-17 0.184542 0.0255585 
v 5.08501e-17 0.152327 0.02535 
v 5.54672e-17 0.152943 0.0253198 
v 5.07189e-17 0.153052 0.02535 
v 5.55259e-17 0.152619 0.0253022 
v 5.5241e-17 0.154191 0.0269622 
v 5.52536e-17 0.154121 0.027279 
v 5.5241e-17 0.154191 0.0266378 
v 5.52394e-17 0.1542 0.0268 
v 5.55259e-17 0.152619 0.0282978 
v 5.52536e-17 0.154121 0.026321 
v 5.57275e-17 0.151506 0.0258922 
v 5.56871e-17 0.151729 0.0256568 
v 5.54672e-17 0.152943 0.0282802 
v 5.56384e-17 0.151997 0.0254747 
v 5.57766e-17 0.151235 0.0264775 
v 5.57578e-17 0.151339 0.0261702 
v 5.57766e-17 0.151235 0.0271225 
v 5.55839e-17 0.152299 0.0282453 
v 5.56384e-17 0.151997 0.0281253 
v 5.54106e-17 0.153255 0.0281935 
v 5.52783e-17 0.153985 0.0275733 
v 5.53139e-17 0.153789 0.0278315 
v 5.52783e-17 0.153985 0.0260267 
v 5.57829e-17 0.1512 0.0268 
v 5.56871e-17 0.151729 0.0279432 
v 5.57275e-17 0.151506 0.0277078 
v 5.53586e-17 0.153542 0.0255585 
v 5.53139e-17 0.153789 0.0257685 
v 5.57578e-17 0.151339 0.0274298 
v 5.53586e-17 0.153542 0.0280415 
v 5.54106e-17 0.153255 0.0254065 
v 5.55839e-17 0.152299 0.0253547 
v -2.98409e-17 0.13811 0.06985 
v 5.47955e-17 0.13055 0.0762 
v -2.98409e-17 0.13811 0.0762 
v 5.21731e-17 0.145025 0.06985 
v 5.00805e-17 0.156575 0.06985 
v 4.90841e-17 0.162075 0.06985 
v 4.81048e-17 0.16748 0.06985 
v 5.55112e-17 0.19685 0.0762 
v 4.27838e-17 0.19685 0.0609125 
v 4.27838e-17 0.19685 0.0508 
v 5.5241e-17 0.185191 0.0266378 
v 5.52394e-17 0.1852 0.0268 
v 4.27838e-17 0.19685 0.0254 
v 4.27838e-17 0.19685 0.02535 
v 5.5241e-17 0.185191 0.0269622 
v 5.52536e-17 0.185121 0.026321 
v 5.52536e-17 0.185121 0.027279 
v 5.52783e-17 0.184985 0.0275733 
v 5.53139e-17 0.184789 0.0278315 
v 5.52783e-17 0.184985 0.0260267 
v 5.53139e-17 0.184789 0.0257685 
v 4.49882e-17 0.184682 0.025678 
v 5.55112e-17 0.2032 0.0254 
v 4.27838e-17 0.19685 0.0200883 
v 4.27838e-17 0.19685 0.0085258 
v 4.27838e-17 0.19685 0.0005875 
v 5.55112e-17 0.19685 0 
v 4.81048e-17 0.16748 0.0005875 
v 4.68647e-17 0.174325 0 
v -2.8223e-17 0.16748 0.00635 
v 4.90841e-17 0.162075 0.00635 
v 5.00805e-17 0.156575 0.00635 
v 5.34259e-17 0.13811 0.00635 
v 5.21731e-17 0.145025 0.00635 
v 5.34259e-17 0.13811 0.0005875 
v -2.2902e-17 0.13811 0 
v 5.87469e-17 0.10874 0.0005875 
v 5.47955e-17 0.13055 0 
v 5.55904e-17 0.125425 0.003175 
v 5.55987e-17 0.125378 0.00360494 
v 5.56627e-17 0.125017 0.00438535 
v 5.57154e-17 0.12472 0.00469932 
v 5.56232e-17 0.12524 0.00401478 
v 5.56232e-17 0.12524 0.00233522 
v 5.55987e-17 0.125378 0.00274506 
v 5.56627e-17 0.125017 0.00196465 
v 5.57788e-17 0.124362 0.00140798 
v 5.57154e-17 0.12472 0.00165068 
v 5.57788e-17 0.124362 0.00494202 
v -1.75809e-17 0.10874 0.00635 
v 5.60022e-17 0.123101 0.00514865 
v 5.585e-17 0.12396 0.0051021 
v 5.59256e-17 0.123533 0.00517207 
v 5.59256e-17 0.123533 0.00117793 
v 5.585e-17 0.12396 0.0012479 
v 5.60022e-17 0.123101 0.00120135 
v 5.61437e-17 0.122303 0.00151962 
v 5.6076e-17 0.122685 0.00131705 
v 5.62485e-17 0.121711 0.00214389 
v 5.62021e-17 0.121973 0.0017996 
v 5.62971e-17 0.121437 0.00339124 
v 5.62992e-17 0.121425 0.003175 
v 5.6076e-17 0.122685 0.00503295 
v 5.62807e-17 0.12153 0.0038136 
v 5.62971e-17 0.121437 0.00295876 
v 5.62485e-17 0.121711 0.00420611 
v 5.61437e-17 0.122303 0.00483038 
v 5.62021e-17 0.121973 0.0045504 
v 5.62807e-17 0.12153 0.0025364 
v 6.40679e-17 0.07937 0.00635 
v 6.40679e-17 0.07937 0.0005875 
v 6.64325e-17 0.066685 0.003175 
v 6.64408e-17 0.0666382 0.00360494 
v 6.65047e-17 0.0662772 0.00438535 
v 6.65574e-17 0.0659798 0.00469932 
v 6.64652e-17 0.0665002 0.00401478 
v 6.67677e-17 0.0647933 0.00117793 
v 6.6692e-17 0.0652201 0.0012479 
v 6.68442e-17 0.0643614 0.00120135 
v 6.69857e-17 0.0635626 0.00151962 
v 6.6918e-17 0.0639447 0.00131705 
v 6.70905e-17 0.0629713 0.00214389 
v 6.70441e-17 0.063233 0.0017996 
v 6.6692e-17 0.0652201 0.0051021 
v 6.67677e-17 0.0647933 0.00517207 
v 6.66209e-17 0.0656218 0.00494202 
v 6.64652e-17 0.0665002 0.00233522 
v 6.64408e-17 0.0666382 0.00274506 
v 6.65574e-17 0.0659798 0.00165068 
v 6.65047e-17 0.0662772 0.00196465 
v 6.71392e-17 0.0626967 0.00339124 
v 6.66209e-17 0.0656218 0.00140798 
v 6.71412e-17 0.062685 0.003175 
v 6.71392e-17 0.0626967 0.00295876 
v 6.71227e-17 0.0627897 0.0038136 
v 6.68442e-17 0.0643614 0.00514865 
v 6.6918e-17 0.0639447 0.00503295 
v 6.71227e-17 0.0627897 0.0025364 
v 6.70905e-17 0.0629713 0.00420611 
v 6.69857e-17 0.0635626 0.00483038 
v 6.70441e-17 0.063233 0.0045504 
v 6.14074e-17 0.094055 0.00635 
v -1.22599e-17 0.07937 0 
v -1.91988e-17 0.07937 0.0762 
v 6.67677e-17 0.0647933 0.0750221 
v 6.6692e-17 0.0652201 0.0749521 
v 6.65574e-17 0.0659798 0.0745493 
v 6.66209e-17 0.0656218 0.074792 
v -1.91988e-17 0.07937 0.06985 
v 6.6692e-17 0.0652201 0.0710979 
v 6.66209e-17 0.0656218 0.071258 
v 6.68442e-17 0.0643614 0.0749987 
v 6.64325e-17 0.066685 0.073025 
v 6.64408e-17 0.0666382 0.0734549 
v 6.67677e-17 0.0647933 0.0710279 
v 6.71392e-17 0.0626967 0.0728088 
v 6.71227e-17 0.0627897 0.0723864 
v 6.71227e-17 0.0627897 0.0736636 
v 6.71392e-17 0.0626967 0.0732412 
v 6.69857e-17 0.0635626 0.0746804 
v 6.70441e-17 0.063233 0.0744004 
v 6.65047e-17 0.0662772 0.0742353 
v 6.64652e-17 0.0665002 0.0738648 
v 6.64408e-17 0.0666382 0.0725951 
v 6.68442e-17 0.0643614 0.0710513 
v 6.70905e-17 0.0629713 0.0719939 
v 6.70441e-17 0.063233 0.0716496 
v 6.71412e-17 0.062685 0.073025 
v 6.70905e-17 0.0629713 0.0740561 
v 6.6918e-17 0.0639447 0.074883 
v 6.64652e-17 0.0665002 0.0721852 
v 6.65574e-17 0.0659798 0.0715007 
v 6.65047e-17 0.0662772 0.0718147 
v 6.6918e-17 0.0639447 0.071167 
v 6.69857e-17 0.0635626 0.0713696 
v -2.45198e-17 0.10874 0.0762 
v 5.59256e-17 0.123533 0.0750221 
v 5.585e-17 0.12396 0.0749521 
v 5.57154e-17 0.12472 0.0745493 
v 5.57788e-17 0.124362 0.074792 
v 5.585e-17 0.12396 0.0710979 
v 5.57788e-17 0.124362 0.071258 
v 5.60022e-17 0.123101 0.0749987 
v 5.55904e-17 0.125425 0.073025 
v 5.55987e-17 0.125378 0.0734549 
v 5.56232e-17 0.12524 0.0721852 
v 5.55987e-17 0.125378 0.0725951 
v 5.59256e-17 0.123533 0.0710279 
v 5.62971e-17 0.121437 0.0732412 
v 5.62992e-17 0.121425 0.073025 
v 5.56627e-17 0.125017 0.0742353 
v 5.56232e-17 0.12524 0.0738648 
v 5.60022e-17 0.123101 0.0710513 
v 5.62807e-17 0.12153 0.0736636 
v 5.61437e-17 0.122303 0.0746804 
v 5.62021e-17 0.121973 0.0744004 
v 5.56627e-17 0.125017 0.0718147 
v 5.6076e-17 0.122685 0.071167 
v 5.62485e-17 0.121711 0.0740561 
v 5.6076e-17 0.122685 0.074883 
v 5.57154e-17 0.12472 0.0715007 
v 5.87469e-17 0.10874 0.06985 
v 5.61437e-17 0.122303 0.0713696 
v 5.62485e-17 0.121711 0.0719939 
v 5.62021e-17 0.121973 0.0716496 
v 5.62971e-17 0.121437 0.0728088 
v 5.62807e-17 0.12153 0.0723864 
v 6.14074e-17 0.094055 0.06985 
v -1.75809e-17 0.10874 0 
v -2.8223e-17 0.16748 0 
v 5.55112e-17 0.2032 0.0508 
v -3.51619e-17 0.16748 0.0762 
v 5.32918e-17 0.13885 0.0322 
v 1.11022e-16 0.05 0 
v 6.82399e-17 0.0563425 0.0609125 
v 4.60526e-17 0.178808 0.0609125 
v 6.82399e-17 0.0563425 0.0409117 
v 6.14074e-17 0.094055 0.0609125 
v 6.14074e-17 0.094055 0.0409117 
v 5.47955e-17 0.13055 0.0609125 
v 5.47955e-17 0.13055 0.0409117 
v 5.21731e-17 0.145025 0.0609125 
v 5.00805e-17 0.156575 0.0609125 
v 5.00805e-17 0.156575 0.0409117 
v 4.90841e-17 0.162075 0.0609125 
v 4.68647e-17 0.174325 0.0609125 
v 4.68647e-17 0.174325 0.0409117 
v 4.56223e-17 0.181183 0.0609125 
v 4.56223e-17 0.181183 0.0409117 
v 4.49882e-17 0.184683 0.0609125 
v 4.49882e-17 0.184683 0.0409117 
v 6.82399e-17 0.0563425 0.0374117 
v 6.14074e-17 0.094055 0.0374117 
v 5.47955e-17 0.13055 0.0374117 
v 5.21731e-17 0.145025 0.0409117 
v 5.00805e-17 0.156575 0.0374117 
v 4.90841e-17 0.162075 0.0409117 
v 4.68647e-17 0.174325 0.0374117 
v 4.60526e-17 0.178808 0.0409117 
v 4.56223e-17 0.181183 0.0374117 
v 4.49882e-17 0.184683 0.0374117 
v 6.82399e-17 0.0563425 0.0322 
v 6.14074e-17 0.094055 0.0322 
v 5.47955e-17 0.13055 0.0322 
v 5.21731e-17 0.145025 0.0374117 
v 5.00805e-17 0.156575 0.0322 
v 4.90841e-17 0.162075 0.0374117 
v 4.90841e-17 0.162075 0.0322 
v 4.68647e-17 0.174325 0.0322 
v 4.60526e-17 0.178808 0.0374117 
v 4.60526e-17 0.178808 0.0322 
v 4.56223e-17 0.181183 0.0322 
v 4.49882e-17 0.184683 0.0322 
v 6.82399e-17 0.0563425 0.02535 
v 6.14074e-17 0.094055 0.02535 
v 5.47955e-17 0.13055 0.02535 
v 4.90841e-17 0.162075 0.02535 
v 4.60526e-17 0.178808 0.02535 
v 4.56223e-17 0.181183 0.02535 
v 6.82399e-17 0.0563425 0.0200883 
v 6.14074e-17 0.094055 0.0200883 
v 5.47955e-17 0.13055 0.0200883 
v 5.21731e-17 0.145025 0.02535 
v 5.21731e-17 0.145025 0.0200883 
v 5.00805e-17 0.156575 0.02535 
v 4.90841e-17 0.162075 0.0200883 
v 4.68647e-17 0.174325 0.02535 
v 4.60526e-17 0.178808 0.0200883 
v 4.56223e-17 0.181183 0.0200883 
v 6.82399e-17 0.0563425 0.0085258 
v 6.14074e-17 0.094055 0.0085258 
v 5.47955e-17 0.13055 0.0085258 
v 5.21731e-17 0.145025 0.0085258 
v 5.00805e-17 0.156575 0.0200883 
v 5.00805e-17 0.156575 0.0085258 
v 4.90841e-17 0.162075 0.0085258 
v 4.60526e-17 0.178808 0.0085258 
v 4.68647e-17 0.174325 0.0200883 
v 4.68647e-17 0.174325 0.0085258 
v 4.56223e-17 0.181183 0.0085258 
v 4.49882e-17 0.184683 0.0200883 
v 4.49882e-17 0.184683 0.0085258 
v 6.82399e-17 0.0563425 0.0005875 
v 4.60526e-17 0.178808 0.0005875 
v 4.68647e-17 0.174325 0.0005875 
v 4.56223e-17 0.181183 0.0005875 
v 4.49882e-17 0.184683 0.0005875 
v 5.21731e-17 0.145025 0.0322 
v 4.49882e-17 0.184683 0.02535 
v 5.47955e-17 0.13055 0.0005875 
vn -1.76936e-16 0.976621 0.21497 
vn -1.81172e-16 1 2.44929e-16 
vn -1.64427e-16 0.907575 0.419889 
vn -1.76936e-16 0.976621 0.21497 
vn -1.4423e-16 0.796093 0.605174 
vn -1.64427e-16 0.907575 0.419889 
vn -1.17288e-16 0.647386 0.762162 
vn -1.4423e-16 0.796093 0.605174 
vn -8.48626e-17 0.468408 0.883512 
vn -1.17288e-16 0.647386 0.762162 
vn -4.84687e-17 0.267528 0.96355 
vn -8.48626e-17 0.468408 0.883512 
vn -9.80846e-18 0.0541389 0.998533 
vn -4.84687e-17 0.267528 0.96355 
vn 2.93104e-17 -0.161782 0.986827 
vn -9.80846e-18 0.0541389 0.998533 
vn 6.70587e-17 -0.370138 0.928977 
vn 2.93104e-17 -0.161782 0.986827 
vn 1.01671e-16 -0.561187 0.827689 
vn 6.70587e-17 -0.370138 0.928977 
vn 1.3153e-16 -0.725995 0.687699 
vn 1.01671e-16 -0.561187 0.827689 
vn 1.55239e-16 -0.856857 0.515554 
vn 1.3153e-16 -0.725995 0.687699 
vn 1.71688e-16 -0.947653 0.319302 
vn 1.55239e-16 -0.856857 0.515554 
vn 1.8011e-16 -0.994138 0.108119 
vn 1.71688e-16 -0.947653 0.319302 
vn 1.81172e-16 -1 -1.22465e-16 
vn 1.8011e-16 -0.994138 -0.108119 
vn 1.71688e-16 -0.947653 -0.319302 
vn 0 -0.887354 -0.461088 
vn 1.55239e-16 -0.856857 -0.515554 
vn 1.3153e-16 -0.725995 -0.687699 
vn 1.01671e-16 -0.561187 -0.827689 
vn 6.70587e-17 -0.370138 -0.928977 
vn 2.93104e-17 -0.161782 -0.986827 
vn -9.80846e-18 0.0541389 -0.998533 
vn -4.84687e-17 0.267528 -0.96355 
vn -8.48626e-17 0.468408 -0.883512 
vn -1.17288e-16 0.647386 -0.762162 
vn -1.4423e-16 0.796093 -0.605174 
vn 0 0.887576 -0.460661 
vn -1.64427e-16 0.907575 -0.419889 
vn -1.76936e-16 0.976621 -0.21497 
vn 1 1.81172e-16 0 
vn -1 -1.81172e-16 0 
vn 3.28234e-32 -1.81172e-16 1 
vn 0 0 -1 
vn -1.81172e-16 1 0 
vn 3.28234e-32 -1.81172e-16 1 
vn 1.81172e-16 -1 0 
vn 0 0 -1 
vn -1.81172e-16 1 0 
vn 0 0 1 
vn 1.81172e-16 -1 0 
vn -1.81172e-16 1 0 
vn 0 0 -1 
vn 1.81172e-16 -1 0 
vn -1.81172e-16 1 0 
vn 0 0 -1 
vn 1.81172e-16 -1 0 
vn 0 0 1 
vn -1.81172e-16 1 0 
vn 1.81172e-16 -1 0 
vn 0 0 1 
vn -1.81172e-16 1 0 
vn 1.81172e-16 -1 0 
vn 0 0 1 
vn -1.76936e-16 0.976621 0.21497 
vn -1.81172e-16 1 2.44929e-16 
vn -1.64427e-16 0.907575 0.419889 
vn -1.76936e-16 0.976621 0.21497 
vn -1.4423e-16 0.796093 0.605174 
vn -1.64427e-16 0.907575 0.419889 
vn -1.17288e-16 0.647386 0.762162 
vn -1.4423e-16 0.796093 0.605174 
vn -8.48626e-17 0.468408 0.883512 
vn -1.17288e-16 0.647386 0.762162 
vn -4.84687e-17 0.267528 0.96355 
vn -8.48626e-17 0.468408 0.883512 
vn -9.80846e-18 0.0541389 0.998533 
vn -4.84687e-17 0.267528 0.96355 
vn 2.93104e-17 -0.161782 0.986827 
vn -9.80846e-18 0.0541389 0.998533 
vn 6.70587e-17 -0.370138 0.928977 
vn 2.93104e-17 -0.161782 0.986827 
vn 1.01671e-16 -0.561187 0.827689 
vn 6.70587e-17 -0.370138 0.928977 
vn 1.3153e-16 -0.725995 0.687699 
vn 1.01671e-16 -0.561187 0.827689 
vn 1.55239e-16 -0.856857 0.515554 
vn 1.3153e-16 -0.725995 0.687699 
vn 1.71688e-16 -0.947653 0.319302 
vn 1.55239e-16 -0.856857 0.515554 
vn 1.8011e-16 -0.994138 0.108119 
vn 1.71688e-16 -0.947653 0.319302 
vn 0 -0.998842 -0.0481202 
vn 1.81172e-16 -1 -3.67394e-16 
vn 1.8011e-16 -0.994138 -0.108119 
vn 1.8011e-16 -0.994138 0.108119 
vn 1.71688e-16 -0.947653 -0.319302 
vn 1.55239e-16 -0.856857 -0.515554 
vn 1.3153e-16 -0.725995 -0.687699 
vn 1.01671e-16 -0.561187 -0.827689 
vn 0 -0.377973 -0.925817 
vn 6.70587e-17 -0.370138 -0.928977 
vn 2.93104e-17 -0.161782 -0.986827 
vn -9.80846e-18 0.0541389 -0.998533 
vn -4.84687e-17 0.267528 -0.96355 
vn 0 0.366427 -0.930447 
vn -8.48626e-17 0.468408 -0.883512 
vn -1.17288e-16 0.647386 -0.762162 
vn -1.4423e-16 0.796093 -0.605174 
vn -1.64427e-16 0.907575 -0.419889 
vn -1.76936e-16 0.976621 -0.21497 
vn 0 0.998835 -0.0482467 
vn -1.76936e-16 0.976621 0.21497 
vn -1.81172e-16 1 2.44929e-16 
vn -1.64427e-16 0.907575 0.419889 
vn -1.76936e-16 0.976621 0.21497 
vn -1.4423e-16 0.796093 0.605174 
vn -1.64427e-16 0.907575 0.419889 
vn -1.17288e-16 0.647386 0.762162 
vn -1.4423e-16 0.796093 0.605174 
vn -8.48626e-17 0.468408 0.883512 
vn -1.17288e-16 0.647386 0.762162 
vn -4.84687e-17 0.267528 0.96355 
vn -8.48626e-17 0.468408 0.883512 
vn -9.80846e-18 0.0541389 0.998533 
vn -4.84687e-17 0.267528 0.96355 
vn 2.93104e-17 -0.161782 0.986827 
vn -9.80846e-18 0.0541389 0.998533 
vn 6.70587e-17 -0.370138 0.928977 
vn 2.93104e-17 -0.161782 0.986827 
vn 1.01671e-16 -0.561187 0.827689 
vn 6.70587e-17 -0.370138 0.928977 
vn 1.3153e-16 -0.725995 0.687699 
vn 1.01671e-16 -0.561187 0.827689 
vn 1.55239e-16 -0.856857 0.515554 
vn 1.3153e-16 -0.725995 0.687699 
vn 1.71688e-16 -0.947653 0.319302 
vn 1.55239e-16 -0.856857 0.515554 
vn 1.8011e-16 -0.994138 0.108119 
vn 1.71688e-16 -0.947653 0.319302 
vn 1.81172e-16 -1 -1.22465e-16 
vn 1.8011e-16 -0.994138 -0.108119 
vn 1.71688e-16 -0.947653 -0.319302 
vn 0 -0.887354 -0.461088 
vn 1.55239e-16 -0.856857 -0.515554 
vn 1.71688e-16 -0.947653 -0.319302 
vn 1.3153e-16 -0.725995 -0.687699 
vn 1.01671e-16 -0.561187 -0.827689 
vn 6.70587e-17 -0.370138 -0.928977 
vn 2.93104e-17 -0.161782 -0.986827 
vn -9.80846e-18 0.0541389 -0.998533 
vn -4.84687e-17 0.267528 -0.96355 
vn -8.48626e-17 0.468408 -0.883512 
vn -1.17288e-16 0.647386 -0.762162 
vn -1.4423e-16 0.796093 -0.605174 
vn 0 0.887576 -0.460661 
vn -1.64427e-16 0.907575 -0.419889 
vn -1.4423e-16 0.796093 -0.605174 
vn -1.76936e-16 0.976621 -0.21497 
vn -1.76936e-16 0.976621 0.21497 
vn -1.81172e-16 1 2.44929e-16 
vn -1.64427e-16 0.907575 0.419889 
vn -1.76936e-16 0.976621 0.21497 
vn -1.4423e-16 0.796093 0.605174 
vn -1.64427e-16 0.907575 0.419889 
vn -1.17288e-16 0.647386 0.762162 
vn -1.4423e-16 0.796093 0.605174 
vn -8.48626e-17 0.468408 0.883512 
vn -1.17288e-16 0.647386 0.762162 
vn -4.84687e-17 0.267528 0.96355 
vn -8.48626e-17 0.468408 0.883512 
vn 0 0.24899 0.968506 
vn -9.80846e-18 0.0541389 0.998533 
vn -4.84687e-17 0.267528 0.96355 
vn 2.93104e-17 -0.161782 0.986827 
vn 0 -0.235645 0.971839 
vn 6.70587e-17 -0.370138 0.928977 
vn 2.93104e-17 -0.161782 0.986827 
vn 1.01671e-16 -0.561187 0.827689 
vn 0 -0.658788 0.752329 
vn 1.3153e-16 -0.725995 0.687699 
vn 1.01671e-16 -0.561187 0.827689 
vn 1.55239e-16 -0.856857 0.515554 
vn 1.71688e-16 -0.947653 0.319302 
vn 1.8011e-16 -0.994138 0.108119 
vn 1.81172e-16 -1 -1.22465e-16 
vn 1.8011e-16 -0.994138 -0.108119 
vn 1.71688e-16 -0.947653 -0.319302 
vn 1.55239e-16 -0.856857 -0.515554 
vn 1.3153e-16 -0.725995 -0.687699 
vn 0 -0.658788 -0.752329 
vn 1.01671e-16 -0.561187 -0.827689 
vn 1.3153e-16 -0.725995 -0.687699 
vn 6.70587e-17 -0.370138 -0.928977 
vn 2.93104e-17 -0.161782 -0.986827 
vn -9.80846e-18 0.0541389 -0.998533 
vn -4.84687e-17 0.267528 -0.96355 
vn -8.48626e-17 0.468408 -0.883512 
vn -1.17288e-16 0.647386 -0.762162 
vn -1.4423e-16 0.796093 -0.605174 
vn -1.64427e-16 0.907575 -0.419889 
vn -1.76936e-16 0.976621 -0.21497 
vn -1.76936e-16 0.976621 0.21497 
vn -1.81172e-16 1 2.44929e-16 
vn -1.64427e-16 0.907575 0.419889 
vn -1.76936e-16 0.976621 0.21497 
vn -1.4423e-16 0.796093 0.605174 
vn -1.64427e-16 0.907575 0.419889 
vn -1.17288e-16 0.647386 0.762162 
vn -1.4423e-16 0.796093 0.605174 
vn -8.48626e-17 0.468408 0.883512 
vn -1.17288e-16 0.647386 0.762162 
vn -4.84687e-17 0.267528 0.96355 
vn -8.48626e-17 0.468408 0.883512 
vn -9.80846e-18 0.0541389 0.998533 
vn -4.84687e-17 0.267528 0.96355 
vn 2.93104e-17 -0.161782 0.986827 
vn -9.80846e-18 0.0541389 0.998533 
vn 6.70587e-17 -0.370138 0.928977 
vn 2.93104e-17 -0.161782 0.986827 
vn 1.01671e-16 -0.561187 0.827689 
vn 6.70587e-17 -0.370138 0.928977 
vn 1.3153e-16 -0.725995 0.687699 
vn 1.01671e-16 -0.561187 0.827689 
vn 1.55239e-16 -0.856857 0.515554 
vn 1.3153e-16 -0.725995 0.687699 
vn 1.71688e-16 -0.947653 0.319302 
vn 1.55239e-16 -0.856857 0.515554 
vn 1.8011e-16 -0.994138 0.108119 
vn 1.71688e-16 -0.947653 0.319302 
vn 1.81172e-16 -1 -1.22465e-16 
vn 1.8011e-16 -0.994138 -0.108119 
vn 1.71688e-16 -0.947653 -0.319302 
vn 1.55239e-16 -0.856857 -0.515554 
vn 1.3153e-16 -0.725995 -0.687699 
vn 1.01671e-16 -0.561187 -0.827689 
vn 6.70587e-17 -0.370138 -0.928977 
vn 2.93104e-17 -0.161782 -0.986827 
vn -9.80846e-18 0.0541389 -0.998533 
vn -4.84687e-17 0.267528 -0.96355 
vn -8.48626e-17 0.468408 -0.883512 
vn -1.17288e-16 0.647386 -0.762162 
vn -1.4423e-16 0.796093 -0.605174 
vn -1.64427e-16 0.907575 -0.419889 
vn -1.76936e-16 0.976621 -0.21497 
vn -1.76936e-16 0.976621 0.21497 
vn -1.81172e-16 1 2.44929e-16 
vn -1.64427e-16 0.907575 0.419889 
vn -1.76936e-16 0.976621 0.21497 
vn -1.4423e-16 0.796093 0.605174 
vn -1.64427e-16 0.907575 0.419889 
vn -1.17288e-16 0.647386 0.762162 
vn -1.4423e-16 0.796093 0.605174 
vn -8.48626e-17 0.468408 0.883512 
vn -1.17288e-16 0.647386 0.762162 
vn -4.84687e-17 0.267528 0.96355 
vn -8.48626e-17 0.468408 0.883512 
vn -9.80846e-18 0.0541389 0.998533 
vn -4.84687e-17 0.267528 0.96355 
vn 2.93104e-17 -0.161782 0.986827 
vn -9.80846e-18 0.0541389 0.998533 
vn 6.70587e-17 -0.370138 0.928977 
vn 2.93104e-17 -0.161782 0.986827 
vn 1.01671e-16 -0.561187 0.827689 
vn 6.70587e-17 -0.370138 0.928977 
vn 1.3153e-16 -0.725995 0.687699 
vn 1.01671e-16 -0.561187 0.827689 
vn 1.55239e-16 -0.856857 0.515554 
vn 1.3153e-16 -0.725995 0.687699 
vn 1.71688e-16 -0.947653 0.319302 
vn 1.55239e-16 -0.856857 0.515554 
vn 1.8011e-16 -0.994138 0.108119 
vn 1.71688e-16 -0.947653 0.319302 
vn 1.81172e-16 -1 -1.22465e-16 
vn 1.8011e-16 -0.994138 -0.108119 
vn 1.71688e-16 -0.947653 -0.319302 
vn 1.55239e-16 -0.856857 -0.515554 
vn 1.3153e-16 -0.725995 -0.687699 
vn 1.01671e-16 -0.561187 -0.827689 
vn 6.70587e-17 -0.370138 -0.928977 
vn 2.93104e-17 -0.161782 -0.986827 
vn -9.80846e-18 0.0541389 -0.998533 
vn -4.84687e-17 0.267528 -0.96355 
vn -8.48626e-17 0.468408 -0.883512 
vn -1.17288e-16 0.647386 -0.762162 
vn -1.4423e-16 0.796093 -0.605174 
vn -1.64427e-16 0.907575 -0.419889 
vn -1.76936e-16 0.976621 -0.21497 
vn -1.76936e-16 0.976621 0.21497 
vn -1.81172e-16 1 2.44929e-16 
vn -1.64427e-16 0.907575 0.419889 
vn -1.76936e-16 0.976621 0.21497 
vn -1.4423e-16 0.796093 0.605174 
vn -1.64427e-16 0.907575 0.419889 
vn -1.17288e-16 0.647386 0.762162 
vn -1.4423e-16 0.796093 0.605174 
vn -8.48626e-17 0.468408 0.883512 
vn -1.17288e-16 0.647386 0.762162 
vn -4.84687e-17 0.267528 0.96355 
vn -8.48626e-17 0.468408 0.883512 
vn 0 0.24899 0.968506 
vn -4.84687e-17 0.267528 0.96355 
vn -9.80846e-18 0.0541389 0.998533 
vn 2.93104e-17 -0.161782 0.986827 
vn 0 -0.235645 0.971839 
vn 6.70587e-17 -0.370138 0.928977 
vn 1.01671e-16 -0.561187 0.827689 
vn 1.3153e-16 -0.725995 0.687699 
vn 1.55239e-16 -0.856857 0.515554 
vn 1.71688e-16 -0.947653 0.319302 
vn 1.8011e-16 -0.994138 0.108119 
vn 1.81172e-16 -1 -1.22465e-16 
vn 1.8011e-16 -0.994138 -0.108119 
vn 1.71688e-16 -0.947653 -0.319302 
vn 1.55239e-16 -0.856857 -0.515554 
vn 1.3153e-16 -0.725995 -0.687699 
vn 1.01671e-16 -0.561187 -0.827689 
vn 6.70587e-17 -0.370138 -0.928977 
vn 2.93104e-17 -0.161782 -0.986827 
vn -9.80846e-18 0.0541389 -0.998533 
vn -4.84687e-17 0.267528 -0.96355 
vn -8.48626e-17 0.468408 -0.883512 
vn -1.17288e-16 0.647386 -0.762162 
vn -1.4423e-16 0.796093 -0.605174 
vn -1.64427e-16 0.907575 -0.419889 
vn -1.76936e-16 0.976621 -0.21497 
vn 1.73051e-16 -0.976621 0.21497 
vn 1.77193e-16 -1 2.44929e-16 
vn 1.60816e-16 -0.907575 0.419889 
vn 1.73051e-16 -0.976621 0.21497 
vn 1.41062e-16 -0.796093 0.605174 
vn 1.60816e-16 -0.907575 0.419889 
vn 1.14713e-16 -0.647386 0.762162 
vn 1.41062e-16 -0.796093 0.605174 
vn 8.29989e-17 -0.468408 0.883512 
vn 1.14713e-16 -0.647386 0.762162 
vn 4.74043e-17 -0.267528 0.96355 
vn 8.29989e-17 -0.468408 0.883512 
vn 9.59306e-18 -0.0541389 0.998533 
vn 4.74043e-17 -0.267528 0.96355 
vn -2.86667e-17 0.161782 0.986827 
vn 9.59306e-18 -0.0541389 0.998533 
vn -6.5586e-17 0.370138 0.928977 
vn -2.86667e-17 0.161782 0.986827 
vn -8.75224e-17 0.493937 0.869498 
vn -9.94386e-17 0.561187 0.827689 
vn -1.28642e-16 0.725995 0.687699 
vn -1.51829e-16 0.856857 0.515554 
vn -1.67918e-16 0.947653 0.319302 
vn -1.76155e-16 0.994138 0.108119 
vn -1.76155e-16 0.994138 -0.108119 
vn -1.77193e-16 1 -3.67394e-16 
vn -1.76155e-16 0.994138 0.108119 
vn -1.67918e-16 0.947653 -0.319302 
vn -1.51829e-16 0.856857 -0.515554 
vn -1.28642e-16 0.725995 -0.687699 
vn -9.94386e-17 0.561187 -0.827689 
vn -8.75224e-17 0.493937 -0.869498 
vn -6.5586e-17 0.370138 -0.928977 
vn -2.86667e-17 0.161782 -0.986827 
vn 9.59306e-18 -0.0541389 -0.998533 
vn 4.74043e-17 -0.267528 -0.96355 
vn 8.29989e-17 -0.468408 -0.883512 
vn 1.14713e-16 -0.647386 -0.762162 
vn 1.41062e-16 -0.796093 -0.605174 
vn 1.60816e-16 -0.907575 -0.419889 
vn 1.73051e-16 -0.976621 -0.21497 
vn 1.73051e-16 -0.976621 0.21497 
vn 1.77193e-16 -1 2.44929e-16 
vn 1.60816e-16 -0.907575 0.419889 
vn 1.73051e-16 -0.976621 0.21497 
vn 1.41062e-16 -0.796093 0.605174 
vn 1.60816e-16 -0.907575 0.419889 
vn 1.14713e-16 -0.647386 0.762162 
vn 1.41062e-16 -0.796093 0.605174 
vn 8.29989e-17 -0.468408 0.883512 
vn 1.14713e-16 -0.647386 0.762162 
vn 4.74043e-17 -0.267528 0.96355 
vn 8.29989e-17 -0.468408 0.883512 
vn 9.59306e-18 -0.0541389 0.998533 
vn 4.74043e-17 -0.267528 0.96355 
vn -2.86667e-17 0.161782 0.986827 
vn 9.59306e-18 -0.0541389 0.998533 
vn -6.5586e-17 0.370138 0.928977 
vn -2.86667e-17 0.161782 0.986827 
vn -9.94386e-17 0.561187 0.827689 
vn -6.5586e-17 0.370138 0.928977 
vn -1.28642e-16 0.725995 0.687699 
vn -9.94386e-17 0.561187 0.827689 
vn -1.51829e-16 0.856857 0.515554 
vn -1.28642e-16 0.725995 0.687699 
vn -1.67918e-16 0.947653 0.319302 
vn -1.51829e-16 0.856857 0.515554 
vn -1.76155e-16 0.994138 0.108119 
vn -1.67918e-16 0.947653 0.319302 
vn -1.76155e-16 0.994138 -0.108119 
vn -1.77193e-16 1 -3.67394e-16 
vn -1.76155e-16 0.994138 0.108119 
vn -1.67918e-16 0.947653 -0.319302 
vn -1.51829e-16 0.856857 -0.515554 
vn -1.28642e-16 0.725995 -0.687699 
vn -9.94386e-17 0.561187 -0.827689 
vn -6.5586e-17 0.370138 -0.928977 
vn -2.86667e-17 0.161782 -0.986827 
vn 9.59306e-18 -0.0541389 -0.998533 
vn 4.74043e-17 -0.267528 -0.96355 
vn 8.29989e-17 -0.468408 -0.883512 
vn 1.14713e-16 -0.647386 -0.762162 
vn 1.41062e-16 -0.796093 -0.605174 
vn 1.60816e-16 -0.907575 -0.419889 
vn 1.73051e-16 -0.976621 -0.21497 
vn 1.73051e-16 -0.976621 0.21497 
vn 1.77193e-16 -1 2.44929e-16 
vn 1.60816e-16 -0.907575 0.419889 
vn 1.73051e-16 -0.976621 0.21497 
vn 1.41062e-16 -0.796093 0.605174 
vn 1.60816e-16 -0.907575 0.419889 
vn 1.14713e-16 -0.647386 0.762162 
vn 1.41062e-16 -0.796093 0.605174 
vn 8.29989e-17 -0.468408 0.883512 
vn 1.14713e-16 -0.647386 0.762162 
vn 4.74043e-17 -0.267528 0.96355 
vn 8.29989e-17 -0.468408 0.883512 
vn 9.59306e-18 -0.0541389 0.998533 
vn 4.74043e-17 -0.267528 0.96355 
vn -2.86667e-17 0.161782 0.986827 
vn 9.59306e-18 -0.0541389 0.998533 
vn -6.5586e-17 0.370138 0.928977 
vn -2.86667e-17 0.161782 0.986827 
vn -9.94386e-17 0.561187 0.827689 
vn -6.5586e-17 0.370138 0.928977 
vn -1.28642e-16 0.725995 0.687699 
vn -9.94386e-17 0.561187 0.827689 
vn -1.51829e-16 0.856857 0.515554 
vn -1.28642e-16 0.725995 0.687699 
vn -1.67918e-16 0.947653 0.319302 
vn -1.51829e-16 0.856857 0.515554 
vn -1.76155e-16 0.994138 0.108119 
vn -1.67918e-16 0.947653 0.319302 
vn -1.76155e-16 0.994138 -0.108119 
vn -1.77193e-16 1 -3.67394e-16 
vn -1.76155e-16 0.994138 0.108119 
vn -1.67918e-16 0.947653 -0.319302 
vn -1.51829e-16 0.856857 -0.515554 
vn -1.28642e-16 0.725995 -0.687699 
vn -9.94386e-17 0.561187 -0.827689 
vn -6.5586e-17 0.370138 -0.928977 
vn -2.86667e-17 0.161782 -0.986827 
vn 9.59306e-18 -0.0541389 -0.998533 
vn 4.74043e-17 -0.267528 -0.96355 
vn 8.29989e-17 -0.468408 -0.883512 
vn 1.14713e-16 -0.647386 -0.762162 
vn 1.41062e-16 -0.796093 -0.605174 
vn 1.60816e-16 -0.907575 -0.419889 
vn 1.73051e-16 -0.976621 -0.21497 
vn 0 0.21497 0.976621 
vn 0 2.44929e-16 1 
vn 0 0.419889 0.907575 
vn 0 0.21497 0.976621 
vn 0 0.605174 0.796093 
vn 0 0.419889 0.907575 
vn 0 0.762162 0.647386 
vn 0 0.605174 0.796093 
vn 0 0.883512 0.468408 
vn 0 0.762162 0.647386 
vn 0 0.93821 0.346066 
vn 0 0.96355 0.267528 
vn 0 0.998533 0.0541389 
vn 0 0.986827 -0.161782 
vn 0 0.928977 -0.370138 
vn 0 0.827689 -0.561187 
vn 0 0.687699 -0.725995 
vn 0 0.515554 -0.856857 
vn 0 0.319302 -0.947653 
vn 0 0.108119 -0.994138 
vn 0 -0.108119 -0.994138 
vn 0 -3.67394e-16 -1 
vn 0 0.108119 -0.994138 
vn 0 -0.319302 -0.947653 
vn 0 -0.108119 -0.994138 
vn 0 -0.515554 -0.856857 
vn 0 -0.319302 -0.947653 
vn 0 -0.687699 -0.725995 
vn 0 -0.515554 -0.856857 
vn 0 -0.827689 -0.561187 
vn 0 -0.687699 -0.725995 
vn 0 -0.928977 -0.370138 
vn 0 -0.827689 -0.561187 
vn 0 -0.986827 -0.161782 
vn 0 -0.928977 -0.370138 
vn 0 -0.998533 0.0541389 
vn 0 -0.986827 -0.161782 
vn 0 -0.96355 0.267528 
vn 0 -0.998533 0.0541389 
vn 0 -0.93821 0.346066 
vn 0 -0.883512 0.468408 
vn 0 -0.762162 0.647386 
vn 0 -0.605174 0.796093 
vn 0 -0.419889 0.907575 
vn 0 -0.21497 0.976621 
vn 1.73051e-16 -0.976621 0.21497 
vn 1.77193e-16 -1 2.44929e-16 
vn 1.60816e-16 -0.907575 0.419889 
vn 1.73051e-16 -0.976621 0.21497 
vn 1.41062e-16 -0.796093 0.605174 
vn 1.60816e-16 -0.907575 0.419889 
vn 1.14713e-16 -0.647386 0.762162 
vn 1.41062e-16 -0.796093 0.605174 
vn 8.29989e-17 -0.468408 0.883512 
vn 1.14713e-16 -0.647386 0.762162 
vn 4.74043e-17 -0.267528 0.96355 
vn 8.29989e-17 -0.468408 0.883512 
vn 9.59306e-18 -0.0541389 0.998533 
vn 4.74043e-17 -0.267528 0.96355 
vn -2.86667e-17 0.161782 0.986827 
vn 9.59306e-18 -0.0541389 0.998533 
vn -6.5586e-17 0.370138 0.928977 
vn -2.86667e-17 0.161782 0.986827 
vn -9.94386e-17 0.561187 0.827689 
vn -6.5586e-17 0.370138 0.928977 
vn -1.28642e-16 0.725995 0.687699 
vn -9.94386e-17 0.561187 0.827689 
vn -1.51829e-16 0.856857 0.515554 
vn -1.28642e-16 0.725995 0.687699 
vn -1.67918e-16 0.947653 0.319302 
vn -1.51829e-16 0.856857 0.515554 
vn -1.76155e-16 0.994138 0.108119 
vn -1.67918e-16 0.947653 0.319302 
vn -1.76155e-16 0.994138 -0.108119 
vn -1.77193e-16 1 -3.67394e-16 
vn -1.76155e-16 0.994138 0.108119 
vn -1.67918e-16 0.947653 -0.319302 
vn -1.76155e-16 0.994138 -0.108119 
vn -1.51829e-16 0.856857 -0.515554 
vn -1.67918e-16 0.947653 -0.319302 
vn -1.28642e-16 0.725995 -0.687699 
vn -1.51829e-16 0.856857 -0.515554 
vn -9.94386e-17 0.561187 -0.827689 
vn -1.28642e-16 0.725995 -0.687699 
vn -6.5586e-17 0.370138 -0.928977 
vn -9.94386e-17 0.561187 -0.827689 
vn -2.86667e-17 0.161782 -0.986827 
vn -6.5586e-17 0.370138 -0.928977 
vn 9.59306e-18 -0.0541389 -0.998533 
vn -2.86667e-17 0.161782 -0.986827 
vn 4.74043e-17 -0.267528 -0.96355 
vn 9.59306e-18 -0.0541389 -0.998533 
vn 8.29989e-17 -0.468408 -0.883512 
vn 4.74043e-17 -0.267528 -0.96355 
vn 1.14713e-16 -0.647386 -0.762162 
vn 8.29989e-17 -0.468408 -0.883512 
vn 1.41062e-16 -0.796093 -0.605174 
vn 1.14713e-16 -0.647386 -0.762162 
vn 1.60816e-16 -0.907575 -0.419889 
vn 1.41062e-16 -0.796093 -0.605174 
vn 1.73051e-16 -0.976621 -0.21497 
vn 1.60816e-16 -0.907575 -0.419889 
vn 1.73051e-16 -0.976621 0.21497 
vn 1.77193e-16 -1 2.44929e-16 
vn 1.60816e-16 -0.907575 0.419889 
vn 1.73051e-16 -0.976621 0.21497 
vn 1.41062e-16 -0.796093 0.605174 
vn 1.60816e-16 -0.907575 0.419889 
vn 1.14713e-16 -0.647386 0.762162 
vn 1.41062e-16 -0.796093 0.605174 
vn 8.29989e-17 -0.468408 0.883512 
vn 1.14713e-16 -0.647386 0.762162 
vn 4.74043e-17 -0.267528 0.96355 
vn 8.29989e-17 -0.468408 0.883512 
vn 9.59306e-18 -0.0541389 0.998533 
vn 4.74043e-17 -0.267528 0.96355 
vn -2.86667e-17 0.161782 0.986827 
vn 9.59306e-18 -0.0541389 0.998533 
vn -6.5586e-17 0.370138 0.928977 
vn -2.86667e-17 0.161782 0.986827 
vn -9.94386e-17 0.561187 0.827689 
vn -6.5586e-17 0.370138 0.928977 
vn -1.28642e-16 0.725995 0.687699 
vn -9.94386e-17 0.561187 0.827689 
vn -1.51829e-16 0.856857 0.515554 
vn -1.28642e-16 0.725995 0.687699 
vn -1.67918e-16 0.947653 0.319302 
vn -1.51829e-16 0.856857 0.515554 
vn -1.76155e-16 0.994138 0.108119 
vn -1.67918e-16 0.947653 0.319302 
vn -1.76155e-16 0.994138 -0.108119 
vn -1.77193e-16 1 -3.67394e-16 
vn -1.76155e-16 0.994138 0.108119 
vn -1.67918e-16 0.947653 -0.319302 
vn -1.76155e-16 0.994138 -0.108119 
vn -1.51829e-16 0.856857 -0.515554 
vn -1.67918e-16 0.947653 -0.319302 
vn -1.28642e-16 0.725995 -0.687699 
vn -1.51829e-16 0.856857 -0.515554 
vn -9.94386e-17 0.561187 -0.827689 
vn -1.28642e-16 0.725995 -0.687699 
vn -6.5586e-17 0.370138 -0.928977 
vn -9.94386e-17 0.561187 -0.827689 
vn -2.86667e-17 0.161782 -0.986827 
vn -6.5586e-17 0.370138 -0.928977 
vn 9.59306e-18 -0.0541389 -0.998533 
vn -2.86667e-17 0.161782 -0.986827 
vn 4.74043e-17 -0.267528 -0.96355 
vn 9.59306e-18 -0.0541389 -0.998533 
vn 8.29989e-17 -0.468408 -0.883512 
vn 4.74043e-17 -0.267528 -0.96355 
vn 1.14713e-16 -0.647386 -0.762162 
vn 8.29989e-17 -0.468408 -0.883512 
vn 1.41062e-16 -0.796093 -0.605174 
vn 1.14713e-16 -0.647386 -0.762162 
vn 1.60816e-16 -0.907575 -0.419889 
vn 1.41062e-16 -0.796093 -0.605174 
vn 1.73051e-16 -0.976621 -0.21497 
vn 1.60816e-16 -0.907575 -0.419889 
vn 1.73051e-16 -0.976621 0.21497 
vn 1.77193e-16 -1 2.44929e-16 
vn 1.60816e-16 -0.907575 0.419889 
vn 1.73051e-16 -0.976621 0.21497 
vn 1.41062e-16 -0.796093 0.605174 
vn 1.60816e-16 -0.907575 0.419889 
vn 1.14713e-16 -0.647386 0.762162 
vn 1.41062e-16 -0.796093 0.605174 
vn 8.29989e-17 -0.468408 0.883512 
vn 1.14713e-16 -0.647386 0.762162 
vn 4.74043e-17 -0.267528 0.96355 
vn 8.29989e-17 -0.468408 0.883512 
vn 9.59306e-18 -0.0541389 0.998533 
vn 4.74043e-17 -0.267528 0.96355 
vn -2.86667e-17 0.161782 0.986827 
vn 9.59306e-18 -0.0541389 0.998533 
vn -6.5586e-17 0.370138 0.928977 
vn -2.86667e-17 0.161782 0.986827 
vn -8.75224e-17 0.493937 0.869498 
vn -9.94386e-17 0.561187 0.827689 
vn -1.28642e-16 0.725995 0.687699 
vn -1.51829e-16 0.856857 0.515554 
vn -1.67918e-16 0.947653 0.319302 
vn -1.76155e-16 0.994138 0.108119 
vn -1.76155e-16 0.994138 -0.108119 
vn -1.77193e-16 1 -3.67394e-16 
vn -1.76155e-16 0.994138 0.108119 
vn -1.67918e-16 0.947653 -0.319302 
vn -1.76155e-16 0.994138 -0.108119 
vn -1.51829e-16 0.856857 -0.515554 
vn -1.67918e-16 0.947653 -0.319302 
vn -1.28642e-16 0.725995 -0.687699 
vn -1.51829e-16 0.856857 -0.515554 
vn -9.94386e-17 0.561187 -0.827689 
vn -1.28642e-16 0.725995 -0.687699 
vn -8.75224e-17 0.493937 -0.869498 
vn -6.5586e-17 0.370138 -0.928977 
vn -2.86667e-17 0.161782 -0.986827 
vn 9.59306e-18 -0.0541389 -0.998533 
vn 4.74043e-17 -0.267528 -0.96355 
vn 8.29989e-17 -0.468408 -0.883512 
vn 1.14713e-16 -0.647386 -0.762162 
vn 1.41062e-16 -0.796093 -0.605174 
vn 1.60816e-16 -0.907575 -0.419889 
vn 1.73051e-16 -0.976621 -0.21497 
usemtl 0.231373_0.380392_0.705882_0.000000_0.000000
o mesh0
f 1//1 2//2 3//2 
f 4//3 1//1 5//4 
f 6//5 4//3 7//6 
f 8//7 6//5 9//8 
f 10//9 8//7 11//10 
f 12//11 10//9 13//12 
f 14//13 12//11 15//14 
f 16//15 14//13 17//16 
f 18//17 16//15 19//18 
f 20//19 18//17 21//20 
f 22//21 20//19 23//22 
f 24//23 22//21 25//24 
f 26//25 24//23 27//26 
f 28//27 26//25 29//28 
f 30//27 31//29 32//29 
f 33//30 34//30 32//29 
f 32//29 31//29 33//30 
f 35//31 34//30 33//30 
f 36//32 35//31 37//31 
f 36//32 38//32 39//33 
f 39//33 40//33 36//32 
f 41//34 40//33 39//33 
f 42//35 41//34 43//34 
f 44//36 42//35 45//35 
f 46//37 44//36 47//36 
f 48//38 46//37 49//37 
f 50//39 48//38 51//38 
f 52//40 50//39 53//39 
f 54//41 52//40 55//40 
f 56//42 54//41 57//41 
f 58//43 56//42 59//42 
f 58//43 60//43 61//44 
f 61//44 62//44 58//43 
f 63//45 62//44 61//44 
f 2//2 63//45 64//45 
f 64//45 3//2 2//2 
f 61//44 64//45 63//45 
f 59//42 60//43 58//43 
f 57//41 59//42 56//42 
f 55//40 57//41 54//41 
f 53//39 55//40 52//40 
f 51//38 53//39 50//39 
f 49//37 51//38 48//38 
f 47//36 49//37 46//37 
f 45//35 47//36 44//36 
f 43//34 45//35 42//35 
f 39//33 43//34 41//34 
f 37//31 38//32 36//32 
f 33//30 37//31 35//31 
f 32//29 28//27 30//27 
f 29//28 30//27 28//27 
f 27//26 29//28 26//25 
f 25//24 27//26 24//23 
f 23//22 25//24 22//21 
f 21//20 23//22 20//19 
f 19//18 21//20 18//17 
f 17//16 19//18 16//15 
f 15//14 17//16 14//13 
f 13//12 15//14 12//11 
f 11//10 13//12 10//9 
f 9//8 11//10 8//7 
f 7//6 9//8 6//5 
f 5//4 7//6 4//3 
f 3//2 5//4 1//1 
o mesh1
f 65//46 66//46 67//46 
f 547//46 68//46 69//46 
f 548//46 69//46 70//46 
f 549//46 70//46 71//46 
f 72//46 65//46 550//46 
f 551//46 547//46 548//46 
f 73//46 72//46 552//46 
f 553//46 552//46 554//46 
f 555//46 554//46 556//46 
f 557//46 556//46 558//46 
f 559//46 558//46 560//46 
f 561//46 74//46 75//46 
f 75//46 562//46 561//46 
f 562//46 76//46 77//46 
f 75//46 78//46 562//46 
f 561//46 79//46 80//46 
f 562//46 81//46 76//46 
f 78//46 82//46 562//46 
f 80//46 83//46 561//46 
f 562//46 84//46 81//46 
f 83//46 74//46 561//46 
f 560//46 85//46 86//46 
f 563//46 87//46 88//46 
f 562//46 89//46 84//46 
f 82//46 90//46 562//46 
f 560//46 91//46 92//46 
f 560//46 93//46 85//46 
f 560//46 563//46 94//46 
f 563//46 95//46 87//46 
f 563//46 77//46 96//46 
f 90//46 89//46 562//46 
f 561//46 97//46 98//46 
f 561//46 560//46 99//46 
f 86//46 91//46 560//46 
f 88//46 94//46 563//46 
f 563//46 100//46 101//46 
f 96//46 102//46 563//46 
f 98//46 79//46 561//46 
f 560//46 103//46 99//46 
f 94//46 93//46 560//46 
f 102//46 100//46 563//46 
f 99//46 97//46 561//46 
f 101//46 95//46 563//46 
f 92//46 103//46 560//46 
f 564//46 104//46 105//46 
f 564//46 106//46 104//46 
f 565//46 107//46 108//46 
f 105//46 565//46 564//46 
f 564//46 109//46 110//46 
f 565//46 111//46 107//46 
f 105//46 112//46 565//46 
f 110//46 113//46 564//46 
f 551//46 566//46 114//46 
f 565//46 115//46 111//46 
f 113//46 106//46 564//46 
f 551//46 116//46 117//46 
f 566//46 118//46 114//46 
f 565//46 119//46 115//46 
f 112//46 120//46 565//46 
f 551//46 121//46 122//46 
f 551//46 123//46 116//46 
f 566//46 124//46 118//46 
f 566//46 108//46 125//46 
f 120//46 119//46 565//46 
f 564//46 126//46 127//46 
f 564//46 551//46 128//46 
f 117//46 121//46 551//46 
f 114//46 129//46 551//46 
f 566//46 130//46 131//46 
f 125//46 132//46 566//46 
f 127//46 109//46 564//46 
f 551//46 133//46 128//46 
f 129//46 123//46 551//46 
f 132//46 130//46 566//46 
f 128//46 126//46 564//46 
f 131//46 124//46 566//46 
f 122//46 133//46 551//46 
f 565//46 566//46 567//46 
f 568//46 567//46 569//46 
f 134//46 73//46 553//46 
f 570//46 553//46 555//46 
f 571//46 555//46 557//46 
f 572//46 557//46 559//46 
f 573//46 561//46 562//46 
f 574//46 564//46 565//46 
f 575//46 565//46 568//46 
f 135//46 134//46 570//46 
f 576//46 570//46 571//46 
f 577//46 571//46 572//46 
f 578//46 573//46 579//46 
f 580//46 574//46 575//46 
f 581//46 575//46 582//46 
f 136//46 135//46 576//46 
f 583//46 576//46 577//46 
f 584//46 577//46 585//46 
f 586//46 587//46 578//46 
f 588//46 578//46 589//46 
f 590//46 589//46 580//46 
f 591//46 580//46 581//46 
f 592//46 581//46 593//46 
f 594//46 593//46 595//46 
f 137//46 136//46 583//46 
f 596//46 583//46 584//46 
f 597//46 584//46 598//46 
f 599//46 586//46 588//46 
f 600//46 590//46 591//46 
f 601//46 592//46 594//46 
f 602//46 594//46 603//46 
f 138//46 137//46 596//46 
f 604//46 596//46 597//46 
f 605//46 597//46 606//46 
f 607//46 599//46 608//46 
f 609//46 600//46 610//46 
f 611//46 601//46 602//46 
f 612//46 602//46 613//46 
f 139//46 138//46 604//46 
f 140//46 614//46 611//46 
f 615//46 141//46 142//46 
f 615//46 143//46 141//46 
f 615//46 144//46 145//46 
f 144//46 146//46 147//46 
f 612//46 148//46 149//46 
f 142//46 612//46 615//46 
f 145//46 150//46 615//46 
f 144//46 151//46 152//46 
f 147//46 153//46 144//46 
f 142//46 148//46 612//46 
f 615//46 154//46 155//46 
f 150//46 156//46 615//46 
f 144//46 157//46 151//46 
f 146//46 158//46 147//46 
f 146//46 159//46 160//46 
f 155//46 143//46 615//46 
f 152//46 145//46 144//46 
f 144//46 161//46 162//46 
f 160//46 158//46 146//46 
f 156//46 154//46 615//46 
f 153//46 161//46 144//46 
f 162//46 157//46 144//46 
f 163//46 611//46 164//46 
f 164//46 165//46 163//46 
f 165//46 166//46 163//46 
f 611//46 167//46 164//46 
f 166//46 168//46 163//46 
f 611//46 169//46 170//46 
f 163//46 171//46 159//46 
f 170//46 167//46 611//46 
f 163//46 172//46 171//46 
f 168//46 173//46 163//46 
f 611//46 612//46 174//46 
f 173//46 172//46 163//46 
f 174//46 175//46 611//46 
f 175//46 169//46 611//46 
f 595//46 176//46 177//46 
f 595//46 178//46 179//46 
f 177//46 180//46 595//46 
f 176//46 181//46 182//46 
f 595//46 183//46 178//46 
f 182//46 177//46 176//46 
f 176//46 184//46 185//46 
f 176//46 186//46 187//46 
f 595//46 188//46 183//46 
f 185//46 181//46 176//46 
f 186//46 189//46 187//46 
f 180//46 188//46 595//46 
f 187//46 190//46 176//46 
f 190//46 184//46 176//46 
f 191//46 613//46 192//46 
f 192//46 193//46 191//46 
f 193//46 194//46 191//46 
f 191//46 195//46 196//46 
f 191//46 197//46 198//46 
f 613//46 199//46 192//46 
f 196//46 186//46 191//46 
f 191//46 200//46 201//46 
f 194//46 197//46 191//46 
f 613//46 202//46 203//46 
f 201//46 195//46 191//46 
f 203//46 199//46 613//46 
f 198//46 200//46 191//46 
f 613//46 204//46 205//46 
f 603//46 206//46 207//46 
f 205//46 202//46 613//46 
f 207//46 613//46 603//46 
f 207//46 204//46 613//46 
f 603//46 179//46 208//46 
f 186//46 209//46 210//46 
f 208//46 206//46 603//46 
f 196//46 209//46 186//46 
f 616//46 211//46 212//46 
f 569//46 213//46 214//46 
f 616//46 215//46 211//46 
f 616//46 214//46 216//46 
f 569//46 217//46 213//46 
f 569//46 567//46 218//46 
f 616//46 219//46 215//46 
f 216//46 220//46 616//46 
f 569//46 221//46 217//46 
f 569//46 222//46 223//46 
f 218//46 224//46 569//46 
f 567//46 225//46 226//46 
f 616//46 227//46 219//46 
f 214//46 616//46 569//46 
f 224//46 222//46 569//46 
f 226//46 228//46 567//46 
f 549//46 212//46 229//46 
f 220//46 227//46 616//46 
f 228//46 218//46 567//46 
f 229//46 230//46 549//46 
f 223//46 221//46 569//46 
f 212//46 549//46 616//46 
f 548//46 231//46 232//46 
f 548//46 233//46 231//46 
f 548//46 234//46 233//46 
f 232//46 566//46 548//46 
f 232//46 235//46 566//46 
f 548//46 236//46 237//46 
f 566//46 238//46 225//46 
f 237//46 234//46 548//46 
f 566//46 239//46 238//46 
f 235//46 240//46 566//46 
f 549//46 241//46 242//46 
f 240//46 239//46 566//46 
f 242//46 548//46 549//46 
f 242//46 236//46 548//46 
f 243//46 244//46 245//46 
f 245//46 246//46 243//46 
f 247//46 248//46 249//46 
f 245//46 250//46 246//46 
f 247//46 251//46 248//46 
f 246//46 252//46 251//46 
f 243//46 253//46 244//46 
f 251//46 247//46 246//46 
f 246//46 254//46 255//46 
f 250//46 256//46 246//46 
f 617//46 257//46 258//46 
f 617//46 259//46 260//46 
f 247//46 261//46 262//46 
f 246//46 263//46 252//46 
f 255//46 264//46 246//46 
f 243//46 265//46 253//46 
f 243//46 266//46 267//46 
f 243//46 617//46 268//46 
f 260//46 257//46 617//46 
f 617//46 247//46 269//46 
f 247//46 270//46 261//46 
f 249//46 271//46 247//46 
f 256//46 254//46 246//46 
f 268//46 266//46 243//46 
f 258//46 272//46 617//46 
f 247//46 273//46 269//46 
f 271//46 270//46 247//46 
f 267//46 265//46 243//46 
f 617//46 274//46 259//46 
f 269//46 275//46 617//46 
f 264//46 263//46 246//46 
f 275//46 274//46 617//46 
f 605//46 617//46 243//46 
f 272//46 268//46 617//46 
f 262//46 273//46 247//46 
f 276//46 277//46 278//46 
f 279//46 280//46 281//46 
f 278//46 282//46 276//46 
f 276//46 604//46 283//46 
f 279//46 284//46 280//46 
f 276//46 285//46 284//46 
f 283//46 277//46 276//46 
f 279//46 286//46 287//46 
f 284//46 279//46 276//46 
f 276//46 288//46 289//46 
f 282//46 290//46 276//46 
f 291//46 292//46 293//46 
f 279//46 294//46 286//46 
f 276//46 295//46 285//46 
f 289//46 296//46 276//46 
f 604//46 297//46 283//46 
f 604//46 298//46 299//46 
f 604//46 293//46 300//46 
f 291//46 301//46 292//46 
f 279//46 302//46 294//46 
f 281//46 303//46 279//46 
f 290//46 288//46 276//46 
f 604//46 304//46 298//46 
f 293//46 604//46 291//46 
f 303//46 302//46 279//46 
f 299//46 297//46 604//46 
f 300//46 305//46 604//46 
f 291//46 306//46 307//46 
f 296//46 295//46 276//46 
f 307//46 301//46 291//46 
f 305//46 304//46 604//46 
f 291//46 287//46 308//46 
f 308//46 306//46 291//46 
f 605//46 309//46 291//46 
f 291//46 604//46 605//46 
f 550//46 67//46 310//46 
f 550//46 311//46 312//46 
f 550//46 313//46 311//46 
f 314//46 315//46 316//46 
f 550//46 317//46 313//46 
f 314//46 318//46 315//46 
f 312//46 552//46 550//46 
f 550//46 319//46 320//46 
f 550//46 321//46 322//46 
f 550//46 323//46 324//46 
f 323//46 325//46 326//46 
f 314//46 327//46 318//46 
f 314//46 328//46 329//46 
f 550//46 330//46 317//46 
f 322//46 319//46 550//46 
f 326//46 324//46 323//46 
f 323//46 331//46 332//46 
f 329//46 327//46 314//46 
f 314//46 552//46 333//46 
f 552//46 334//46 335//46 
f 312//46 336//46 552//46 
f 324//46 321//46 550//46 
f 332//46 337//46 323//46 
f 314//46 338//46 328//46 
f 552//46 339//46 333//46 
f 336//46 334//46 552//46 
f 337//46 325//46 323//46 
f 333//46 338//46 314//46 
f 552//46 340//46 341//46 
f 320//46 330//46 550//46 
f 323//46 316//46 342//46 
f 341//46 339//46 552//46 
f 342//46 331//46 323//46 
f 554//46 552//46 314//46 
f 335//46 340//46 552//46 
f 316//46 323//46 314//46 
f 343//46 344//46 345//46 
f 618//46 556//46 346//46 
f 344//46 347//46 345//46 
f 556//46 348//46 346//46 
f 344//46 349//46 347//46 
f 556//46 350//46 348//46 
f 556//46 351//46 352//46 
f 345//46 353//46 343//46 
f 344//46 354//46 355//46 
f 344//46 356//46 357//46 
f 344//46 618//46 358//46 
f 618//46 359//46 360//46 
f 618//46 361//46 362//46 
f 352//46 350//46 556//46 
f 344//46 363//46 349//46 
f 357//46 354//46 344//46 
f 360//46 358//46 618//46 
f 618//46 364//46 365//46 
f 362//46 366//46 618//46 
f 556//46 367//46 351//46 
f 556//46 368//46 369//46 
f 343//46 370//46 368//46 
f 343//46 371//46 372//46 
f 353//46 373//46 343//46 
f 358//46 356//46 344//46 
f 366//46 364//46 618//46 
f 369//46 367//46 556//46 
f 343//46 374//46 370//46 
f 373//46 371//46 343//46 
f 365//46 359//46 618//46 
f 368//46 556//46 343//46 
f 355//46 363//46 344//46 
f 372//46 374//46 343//46 
f 554//46 375//46 343//46 
f 343//46 556//46 554//46 
f 344//46 376//46 377//46 
f 618//46 377//46 378//46 
f 558//46 556//46 379//46 
f 618//46 380//46 379//46 
f 379//46 556//46 618//46 
f 558//46 381//46 382//46 
f 560//46 382//46 383//46 
f 547//46 551//46 384//46 
f 563//46 383//46 384//46 
f 384//46 551//46 563//46 
f 385//46 386//46 68//46 
f 616//46 71//46 387//46 
f 569//46 616//46 388//46 
f 619//46 569//46 389//46 
f 620//46 619//46 390//46 
f 615//46 613//46 391//46 
f 191//46 392//46 391//46 
f 391//46 613//46 191//46 
f 144//46 615//46 393//46 
f 609//46 614//46 394//46 
f 140//46 395//46 394//46 
f 394//46 614//46 140//46 
f 396//46 621//46 609//46 
f 397//46 607//46 621//46 
f 247//46 617//46 398//46 
f 607//46 397//46 398//46 
f 398//46 617//46 607//46 
f 399//46 400//46 586//46 
f 400//46 401//46 587//46 
f 585//46 572//46 402//46 
f 572//46 622//46 403//46 
f 403//46 402//46 572//46 
f 587//46 401//46 403//46 
f 403//46 622//46 587//46 
f 598//46 585//46 404//46 
f 606//46 598//46 405//46 
f 599//46 607//46 406//46 
f 617//46 407//46 406//46 
f 406//46 607//46 617//46 
f 606//46 408//46 407//46 
f 407//46 617//46 606//46 
f 559//46 561//46 409//46 
f 561//46 410//46 409//46 
f 561//46 411//46 410//46 
f 561//46 573//46 412//46 
f 412//46 411//46 561//46 
f 573//46 413//46 414//46 
f 414//46 415//46 573//46 
f 573//46 578//46 416//46 
f 416//46 413//46 573//46 
f 415//46 417//46 573//46 
f 587//46 418//46 419//46 
f 573//46 420//46 421//46 
f 578//46 422//46 416//46 
f 419//46 578//46 587//46 
f 587//46 423//46 424//46 
f 622//46 425//46 426//46 
f 417//46 420//46 573//46 
f 578//46 427//46 428//46 
f 419//46 429//46 578//46 
f 587//46 426//46 423//46 
f 622//46 430//46 425//46 
f 622//46 431//46 432//46 
f 622//46 433//46 434//46 
f 573//46 435//46 436//46 
f 428//46 422//46 578//46 
f 429//46 437//46 578//46 
f 587//46 438//46 439//46 
f 426//46 587//46 622//46 
f 434//46 431//46 622//46 
f 421//46 435//46 573//46 
f 439//46 418//46 587//46 
f 432//46 430//46 622//46 
f 622//46 409//46 440//46 
f 437//46 427//46 578//46 
f 440//46 433//46 622//46 
f 424//46 438//46 587//46 
f 620//46 441//46 442//46 
f 620//46 443//46 441//46 
f 568//46 619//46 444//46 
f 444//46 445//46 568//46 
f 619//46 446//46 444//46 
f 619//46 620//46 447//46 
f 447//46 446//46 619//46 
f 593//46 448//46 449//46 
f 449//46 595//46 593//46 
f 593//46 450//46 451//46 
f 582//46 452//46 453//46 
f 449//46 454//46 595//46 
f 593//46 453//46 450//46 
f 582//46 455//46 452//46 
f 582//46 456//46 457//46 
f 582//46 458//46 459//46 
f 454//46 460//46 595//46 
f 593//46 461//46 462//46 
f 453//46 593//46 582//46 
f 459//46 456//46 582//46 
f 462//46 448//46 593//46 
f 457//46 455//46 582//46 
f 582//46 445//46 463//46 
f 460//46 464//46 595//46 
f 463//46 458//46 582//46 
f 451//46 461//46 593//46 
f 465//46 466//46 467//46 
f 467//46 468//46 469//46 
f 467//46 469//46 465//46 
f 467//46 470//46 468//46 
f 465//46 471//46 466//46 
f 467//46 472//46 470//46 
f 471//46 473//46 466//46 
f 467//46 595//46 474//46 
f 620//46 466//46 475//46 
f 474//46 472//46 467//46 
f 473//46 475//46 466//46 
f 176//46 595//46 467//46 
f 595//46 476//46 474//46 
f 475//46 443//46 620//46 
f 601//46 611//46 477//46 
f 611//46 614//46 478//46 
f 477//46 479//46 601//46 
f 611//46 480//46 481//46 
f 478//46 482//46 611//46 
f 481//46 477//46 611//46 
f 614//46 483//46 478//46 
f 482//46 480//46 611//46 
f 614//46 484//46 485//46 
f 610//46 486//46 487//46 
f 485//46 483//46 614//46 
f 487//46 614//46 610//46 
f 487//46 484//46 614//46 
f 601//46 488//46 489//46 
f 601//46 490//46 491//46 
f 491//46 488//46 601//46 
f 601//46 492//46 490//46 
f 591//46 592//46 493//46 
f 601//46 494//46 492//46 
f 592//46 495//46 493//46 
f 489//46 592//46 601//46 
f 493//46 496//46 591//46 
f 592//46 497//46 498//46 
f 489//46 499//46 592//46 
f 591//46 500//46 501//46 
f 591//46 502//46 503//46 
f 591//46 504//46 505//46 
f 496//46 506//46 591//46 
f 499//46 497//46 592//46 
f 610//46 507//46 508//46 
f 501//46 610//46 591//46 
f 505//46 502//46 591//46 
f 498//46 495//46 592//46 
f 501//46 507//46 610//46 
f 506//46 504//46 591//46 
f 503//46 500//46 591//46 
f 579//46 509//46 510//46 
f 510//46 511//46 579//46 
f 562//46 512//46 513//46 
f 511//46 514//46 579//46 
f 513//46 579//46 562//46 
f 513//46 509//46 579//46 
f 580//46 515//46 516//46 
f 580//46 517//46 515//46 
f 580//46 589//46 518//46 
f 518//46 517//46 580//46 
f 589//46 519//46 518//46 
f 589//46 579//46 520//46 
f 520//46 519//46 589//46 
f 574//46 521//46 522//46 
f 522//46 564//46 574//46 
f 574//46 523//46 521//46 
f 574//46 524//46 523//46 
f 574//46 516//46 525//46 
f 525//46 524//46 574//46 
f 564//46 526//46 527//46 
f 551//46 528//46 529//46 
f 564//46 530//46 526//46 
f 563//46 531//46 532//46 
f 529//46 563//46 551//46 
f 527//46 551//46 564//46 
f 563//46 533//46 531//46 
f 529//46 534//46 563//46 
f 527//46 535//46 551//46 
f 562//46 563//46 536//46 
f 534//46 533//46 563//46 
f 551//46 537//46 538//46 
f 535//46 539//46 551//46 
f 536//46 540//46 562//46 
f 551//46 541//46 528//46 
f 539//46 537//46 551//46 
f 563//46 542//46 536//46 
f 538//46 541//46 551//46 
f 532//46 542//46 563//46 
f 609//46 43//46 39//46 
f 609//46 47//46 45//46 
f 609//46 621//46 51//46 
f 45//46 43//46 609//46 
f 51//46 49//46 609//46 
f 621//46 57//46 55//46 
f 49//46 47//46 609//46 
f 55//46 53//46 621//46 
f 53//46 51//46 621//46 
f 621//46 608//46 59//46 
f 39//46 600//46 609//46 
f 608//46 60//46 59//46 
f 59//46 57//46 621//46 
f 600//46 31//46 30//46 
f 600//46 33//46 31//46 
f 30//46 590//46 600//46 
f 600//46 37//46 33//46 
f 30//46 29//46 590//46 
f 588//46 590//46 17//46 
f 590//46 25//46 23//46 
f 29//46 27//46 590//46 
f 588//46 13//46 11//46 
f 17//46 15//46 588//46 
f 27//46 25//46 590//46 
f 608//46 588//46 5//46 
f 588//46 9//46 7//46 
f 15//46 13//46 588//46 
f 590//46 21//46 19//46 
f 600//46 38//46 37//46 
f 608//46 64//46 61//46 
f 5//46 3//46 608//46 
f 11//46 9//46 588//46 
f 23//46 21//46 590//46 
f 3//46 64//46 608//46 
f 19//46 17//46 590//46 
f 7//46 5//46 588//46 
f 61//46 60//46 608//46 
f 39//46 38//46 600//46 
f 540//46 512//46 562//46 
f 522//46 530//46 564//46 
f 516//46 574//46 580//46 
f 514//46 520//46 579//46 
f 508//46 486//46 610//46 
f 479//46 494//46 601//46 
f 467//46 543//46 176//46 
f 464//46 476//46 595//46 
f 445//46 582//46 568//46 
f 442//46 447//46 620//46 
f 436//46 412//46 573//46 
f 409//46 622//46 559//46 
f 406//46 399//46 599//46 
f 405//46 408//46 606//46 
f 404//46 405//46 598//46 
f 402//46 404//46 585//46 
f 587//46 586//46 400//46 
f 586//46 599//46 399//46 
f 398//46 544//46 247//46 
f 621//46 396//46 397//46 
f 609//46 545//46 396//46 
f 394//46 545//46 609//46 
f 393//46 546//46 144//46 
f 391//46 393//46 615//46 
f 390//46 466//46 620//46 
f 389//46 390//46 619//46 
f 388//46 389//46 569//46 
f 387//46 388//46 616//46 
f 68//46 547//46 385//46 
f 384//46 385//46 547//46 
f 383//46 563//46 560//46 
f 382//46 560//46 558//46 
f 379//46 381//46 558//46 
f 378//46 380//46 618//46 
f 377//46 618//46 344//46 
f 346//46 361//46 618//46 
f 314//46 375//46 554//46 
f 310//46 323//46 550//46 
f 287//46 291//46 279//46 
f 243//46 309//46 605//46 
f 225//46 567//46 566//46 
f 230//46 241//46 549//46 
f 210//46 189//46 186//46 
f 179//46 603//46 595//46 
f 159//46 146//46 163//46 
f 149//46 174//46 612//46 
f 611//46 163//46 140//46 
f 604//46 276//46 139//46 
f 613//46 615//46 612//46 
f 602//46 612//46 611//46 
f 610//46 614//46 609//46 
f 608//46 621//46 607//46 
f 606//46 617//46 605//46 
f 597//46 605//46 604//46 
f 596//46 604//46 138//46 
f 603//46 613//46 602//46 
f 594//46 602//46 601//46 
f 591//46 610//46 600//46 
f 588//46 608//46 599//46 
f 598//46 606//46 597//46 
f 584//46 597//46 596//46 
f 583//46 596//46 137//46 
f 595//46 603//46 594//46 
f 593//46 594//46 592//46 
f 581//46 592//46 591//46 
f 580//46 591//46 590//46 
f 589//46 590//46 588//46 
f 578//46 588//46 586//46 
f 585//46 598//46 584//46 
f 577//46 584//46 583//46 
f 576//46 583//46 136//46 
f 582//46 593//46 581//46 
f 575//46 581//46 580//46 
f 579//46 589//46 578//46 
f 572//46 585//46 577//46 
f 571//46 577//46 576//46 
f 570//46 576//46 135//46 
f 568//46 582//46 575//46 
f 565//46 575//46 574//46 
f 562//46 579//46 573//46 
f 559//46 622//46 572//46 
f 557//46 572//46 571//46 
f 555//46 571//46 570//46 
f 553//46 570//46 134//46 
f 569//46 619//46 568//46 
f 567//46 568//46 565//46 
f 108//46 566//46 565//46 
f 77//46 563//46 562//46 
f 560//46 561//46 559//46 
f 558//46 559//46 557//46 
f 556//46 557//46 555//46 
f 554//46 555//46 553//46 
f 552//46 553//46 73//46 
f 548//46 566//46 551//46 
f 550//46 552//46 72//46 
f 71//46 616//46 549//46 
f 70//46 549//46 548//46 
f 69//46 548//46 547//46 
f 67//46 550//46 65//46 
o mesh2
f 623//47 624//47 1105//47 
f 625//47 626//47 1106//47 
f 627//47 1105//47 1107//47 
f 1105//47 1108//47 1109//47 
f 1108//47 1110//47 1111//47 
f 1112//47 1113//47 1114//47 
f 1115//47 1116//47 1117//47 
f 1106//47 1118//47 1119//47 
f 1118//47 1120//47 1121//47 
f 628//47 1107//47 1122//47 
f 1107//47 1109//47 1123//47 
f 1109//47 1111//47 1124//47 
f 1125//47 1114//47 1126//47 
f 1127//47 1117//47 1128//47 
f 1129//47 1119//47 1130//47 
f 1119//47 1121//47 1131//47 
f 629//47 1122//47 1132//47 
f 1122//47 1123//47 1133//47 
f 1123//47 1124//47 1134//47 
f 1135//47 1126//47 1136//47 
f 1126//47 1137//47 1138//47 
f 1137//47 1128//47 1139//47 
f 1128//47 1140//47 1141//47 
f 1140//47 1130//47 1142//47 
f 1130//47 1131//47 1143//47 
f 630//47 1132//47 1144//47 
f 1132//47 1133//47 1145//47 
f 1133//47 1134//47 1146//47 
f 1136//47 1138//47 1147//47 
f 1139//47 1141//47 1148//47 
f 1141//47 1142//47 1149//47 
f 631//47 1144//47 1150//47 
f 1144//47 1145//47 1151//47 
f 1145//47 1146//47 1152//47 
f 1146//47 1153//47 1154//47 
f 1155//47 1147//47 1156//47 
f 1157//47 1148//47 1158//47 
f 1148//47 1149//47 1159//47 
f 632//47 1150//47 1160//47 
f 1150//47 1151//47 1161//47 
f 1151//47 1152//47 1162//47 
f 1152//47 1154//47 1163//47 
f 1154//47 1164//47 1165//47 
f 1166//47 633//47 634//47 
f 634//47 1156//47 1166//47 
f 1164//47 1156//47 635//47 
f 1166//47 636//47 633//47 
f 1164//47 637//47 638//47 
f 1156//47 639//47 635//47 
f 634//47 640//47 1156//47 
f 1164//47 641//47 637//47 
f 1156//47 642//47 639//47 
f 640//47 643//47 1156//47 
f 635//47 641//47 1164//47 
f 1166//47 644//47 636//47 
f 1156//47 645//47 642//47 
f 643//47 646//47 1156//47 
f 1166//47 647//47 648//47 
f 1166//47 649//47 650//47 
f 1165//47 651//47 652//47 
f 1156//47 653//47 645//47 
f 648//47 644//47 1166//47 
f 650//47 654//47 1166//47 
f 1165//47 655//47 649//47 
f 652//47 656//47 1165//47 
f 1165//47 657//47 658//47 
f 1164//47 659//47 660//47 
f 646//47 653//47 1156//47 
f 649//47 1166//47 1165//47 
f 658//47 651//47 1165//47 
f 638//47 659//47 1164//47 
f 656//47 655//47 1165//47 
f 654//47 647//47 1166//47 
f 1164//47 661//47 662//47 
f 1165//47 662//47 657//47 
f 660//47 661//47 1164//47 
f 1158//47 1167//47 663//47 
f 1167//47 664//47 663//47 
f 1168//47 1158//47 665//47 
f 1167//47 666//47 664//47 
f 1168//47 667//47 668//47 
f 665//47 669//47 1168//47 
f 663//47 670//47 1158//47 
f 1168//47 671//47 667//47 
f 1158//47 672//47 665//47 
f 670//47 673//47 1158//47 
f 669//47 671//47 1168//47 
f 1167//47 674//47 666//47 
f 1169//47 675//47 676//47 
f 1158//47 677//47 672//47 
f 673//47 678//47 1158//47 
f 1167//47 679//47 680//47 
f 676//47 1167//47 1169//47 
f 1169//47 681//47 682//47 
f 1158//47 683//47 677//47 
f 680//47 674//47 1167//47 
f 676//47 684//47 1167//47 
f 682//47 685//47 1169//47 
f 1169//47 686//47 687//47 
f 1168//47 688//47 689//47 
f 678//47 683//47 1158//47 
f 1169//47 690//47 675//47 
f 687//47 681//47 1169//47 
f 668//47 688//47 1168//47 
f 685//47 690//47 1169//47 
f 684//47 679//47 1167//47 
f 1168//47 691//47 692//47 
f 1169//47 692//47 686//47 
f 689//47 691//47 1168//47 
f 1158//47 1159//47 1170//47 
f 1159//47 1171//47 1172//47 
f 693//47 1160//47 1173//47 
f 1169//47 1167//47 1174//47 
f 694//47 1173//47 695//47 
f 1175//47 1174//47 696//47 
f 1174//47 1176//47 697//47 
f 1176//47 1177//47 698//47 
f 699//47 700//47 701//47 
f 699//47 702//47 700//47 
f 1120//47 703//47 704//47 
f 1120//47 1118//47 705//47 
f 706//47 707//47 708//47 
f 701//47 706//47 699//47 
f 699//47 704//47 709//47 
f 1120//47 710//47 703//47 
f 705//47 711//47 1120//47 
f 701//47 707//47 706//47 
f 699//47 712//47 713//47 
f 709//47 714//47 699//47 
f 1120//47 715//47 710//47 
f 1118//47 716//47 705//47 
f 1118//47 717//47 718//47 
f 713//47 702//47 699//47 
f 704//47 699//47 1120//47 
f 1120//47 719//47 720//47 
f 718//47 716//47 1118//47 
f 714//47 712//47 699//47 
f 711//47 719//47 1120//47 
f 720//47 715//47 1120//47 
f 626//47 721//47 722//47 
f 626//47 723//47 721//47 
f 722//47 1106//47 626//47 
f 626//47 724//47 723//47 
f 1106//47 725//47 726//47 
f 626//47 727//47 724//47 
f 722//47 725//47 1106//47 
f 626//47 706//47 728//47 
f 1106//47 729//47 717//47 
f 626//47 730//47 727//47 
f 728//47 731//47 626//47 
f 1106//47 732//47 729//47 
f 731//47 730//47 626//47 
f 726//47 732//47 1106//47 
f 733//47 734//47 735//47 
f 733//47 736//47 737//47 
f 733//47 738//47 739//47 
f 1143//47 740//47 738//47 
f 735//47 741//47 733//47 
f 739//47 736//47 733//47 
f 1143//47 742//47 740//47 
f 1143//47 1131//47 743//47 
f 733//47 744//47 734//47 
f 738//47 733//47 1143//47 
f 743//47 745//47 1143//47 
f 737//47 744//47 733//47 
f 745//47 746//47 1143//47 
f 746//47 742//47 1143//47 
f 747//47 748//47 749//47 
f 747//47 750//47 748//47 
f 749//47 1121//47 747//47 
f 1121//47 751//47 752//47 
f 747//47 753//47 750//47 
f 749//47 751//47 1121//47 
f 747//47 754//47 755//47 
f 747//47 741//47 756//47 
f 1121//47 757//47 758//47 
f 755//47 753//47 747//47 
f 747//47 759//47 760//47 
f 741//47 761//47 756//47 
f 1131//47 1121//47 762//47 
f 752//47 757//47 1121//47 
f 756//47 759//47 747//47 
f 1121//47 763//47 762//47 
f 760//47 754//47 747//47 
f 758//47 763//47 1121//47 
f 741//47 764//47 765//47 
f 1131//47 766//47 767//47 
f 765//47 761//47 741//47 
f 762//47 766//47 1131//47 
f 1172//47 768//47 769//47 
f 1172//47 1177//47 770//47 
f 1170//47 771//47 772//47 
f 1172//47 773//47 768//47 
f 1172//47 774//47 775//47 
f 770//47 776//47 1172//47 
f 1177//47 777//47 778//47 
f 1177//47 1176//47 779//47 
f 1170//47 769//47 771//47 
f 775//47 773//47 1172//47 
f 776//47 780//47 1172//47 
f 1177//47 781//47 777//47 
f 779//47 782//47 1177//47 
f 769//47 1170//47 1172//47 
f 778//47 770//47 1177//47 
f 782//47 783//47 1177//47 
f 780//47 774//47 1172//47 
f 783//47 784//47 1177//47 
f 1176//47 785//47 786//47 
f 784//47 781//47 1177//47 
f 1176//47 787//47 785//47 
f 786//47 779//47 1176//47 
f 1174//47 1167//47 788//47 
f 788//47 789//47 1174//47 
f 789//47 790//47 1174//47 
f 1167//47 791//47 788//47 
f 1174//47 792//47 793//47 
f 1167//47 794//47 791//47 
f 790//47 792//47 1174//47 
f 1167//47 1170//47 795//47 
f 1176//47 1174//47 796//47 
f 1167//47 797//47 794//47 
f 795//47 798//47 1167//47 
f 1174//47 799//47 796//47 
f 798//47 797//47 1167//47 
f 793//47 799//47 1174//47 
f 800//47 1135//47 1178//47 
f 801//47 1125//47 1135//47 
f 1111//47 1110//47 802//47 
f 1110//47 1112//47 803//47 
f 803//47 802//47 1110//47 
f 1125//47 801//47 803//47 
f 803//47 1112//47 1125//47 
f 1111//47 804//47 805//47 
f 1124//47 805//47 806//47 
f 1146//47 807//47 808//47 
f 1134//47 806//47 807//47 
f 1178//47 1153//47 808//47 
f 807//47 1146//47 1134//47 
f 808//47 1153//47 1146//47 
f 1115//47 1127//47 40//47 
f 1115//47 46//47 48//47 
f 1115//47 41//47 42//47 
f 1127//47 36//47 40//47 
f 1113//47 50//47 52//47 
f 1115//47 44//47 46//47 
f 40//47 41//47 1115//47 
f 1113//47 54//47 56//47 
f 1113//47 48//47 50//47 
f 42//47 44//47 1115//47 
f 56//47 1114//47 1113//47 
f 48//47 1113//47 1115//47 
f 52//47 54//47 1113//47 
f 1127//47 1137//47 28//47 
f 28//47 32//47 1127//47 
f 32//47 34//47 1127//47 
f 1137//47 26//47 28//47 
f 34//47 35//47 1127//47 
f 1137//47 24//47 26//47 
f 1126//47 12//47 14//47 
f 1137//47 22//47 24//47 
f 1137//47 18//47 20//47 
f 1126//47 10//47 12//47 
f 1126//47 6//47 8//47 
f 20//47 22//47 1137//47 
f 1137//47 14//47 16//47 
f 8//47 10//47 1126//47 
f 1126//47 1//47 4//47 
f 1114//47 2//47 1//47 
f 16//47 18//47 1137//47 
f 4//47 6//47 1126//47 
f 1114//47 63//47 2//47 
f 1114//47 58//47 62//47 
f 14//47 1137//47 1126//47 
f 62//47 63//47 1114//47 
f 1//47 1126//47 1114//47 
f 1157//47 1168//47 809//47 
f 1168//47 810//47 809//47 
f 809//47 811//47 1157//47 
f 1157//47 812//47 813//47 
f 811//47 814//47 1157//47 
f 814//47 812//47 1157//47 
f 1139//47 1157//47 815//47 
f 1139//47 816//47 817//47 
f 815//47 818//47 1139//47 
f 818//47 816//47 1139//47 
f 1138//47 819//47 820//47 
f 817//47 1138//47 1139//47 
f 817//47 819//47 1138//47 
f 1147//47 821//47 822//47 
f 1156//47 1147//47 823//47 
f 1147//47 824//47 821//47 
f 1147//47 825//47 823//47 
f 1147//47 820//47 824//47 
f 822//47 825//47 1147//47 
f 1168//47 1169//47 826//47 
f 826//47 827//47 1168//47 
f 1169//47 1166//47 828//47 
f 1169//47 829//47 826//47 
f 1166//47 830//47 828//47 
f 1166//47 831//47 832//47 
f 1169//47 833//47 829//47 
f 1166//47 834//47 830//47 
f 832//47 835//47 1166//47 
f 1169//47 836//47 833//47 
f 1169//47 837//47 838//47 
f 835//47 834//47 1166//47 
f 1156//47 839//47 840//47 
f 838//47 836//47 1169//47 
f 828//47 841//47 1169//47 
f 1156//47 842//47 839//47 
f 841//47 837//47 1169//47 
f 840//47 1166//47 1156//47 
f 840//47 831//47 1166//47 
f 1106//47 843//47 844//47 
f 1106//47 845//47 843//47 
f 1106//47 846//47 847//47 
f 1129//47 848//47 846//47 
f 844//47 1116//47 1106//47 
f 846//47 1106//47 1129//47 
f 1117//47 1116//47 849//47 
f 1116//47 850//47 851//47 
f 847//47 845//47 1106//47 
f 1116//47 852//47 849//47 
f 844//47 850//47 1116//47 
f 851//47 852//47 1116//47 
f 1129//47 853//47 848//47 
f 1129//47 854//47 855//47 
f 855//47 856//47 1129//47 
f 1129//47 1140//47 857//47 
f 857//47 854//47 1129//47 
f 1128//47 858//47 859//47 
f 1140//47 860//47 857//47 
f 859//47 1140//47 1128//47 
f 1140//47 861//47 860//47 
f 1140//47 862//47 863//47 
f 1128//47 864//47 858//47 
f 863//47 861//47 1140//47 
f 1128//47 865//47 864//47 
f 1128//47 866//47 867//47 
f 1128//47 868//47 869//47 
f 1128//47 1117//47 870//47 
f 859//47 862//47 1140//47 
f 869//47 866//47 1128//47 
f 1117//47 871//47 870//47 
f 1117//47 872//47 873//47 
f 867//47 865//47 1128//47 
f 873//47 871//47 1117//47 
f 870//47 868//47 1128//47 
f 856//47 874//47 1129//47 
f 1149//47 875//47 876//47 
f 1142//47 1143//47 877//47 
f 876//47 878//47 1149//47 
f 1149//47 879//47 880//47 
f 1149//47 1142//47 881//47 
f 1143//47 882//47 877//47 
f 880//47 875//47 1149//47 
f 881//47 883//47 1149//47 
f 1142//47 884//47 885//47 
f 1142//47 886//47 887//47 
f 1143//47 888//47 882//47 
f 883//47 879//47 1149//47 
f 885//47 889//47 1142//47 
f 877//47 886//47 1142//47 
f 889//47 881//47 1142//47 
f 1143//47 890//47 888//47 
f 878//47 891//47 1149//47 
f 1143//47 892//47 890//47 
f 887//47 884//47 1142//47 
f 1159//47 893//47 894//47 
f 1159//47 1149//47 893//47 
f 1171//47 895//47 896//47 
f 894//47 1171//47 1159//47 
f 894//47 895//47 1171//47 
f 1179//47 896//47 897//47 
f 897//47 898//47 1179//47 
f 1154//47 1153//47 899//47 
f 899//47 1164//47 1154//47 
f 1164//47 900//47 901//47 
f 899//47 902//47 1164//47 
f 902//47 900//47 1164//47 
f 1155//47 903//47 904//47 
f 1155//47 905//47 906//47 
f 906//47 903//47 1155//47 
f 1178//47 1136//47 907//47 
f 1155//47 908//47 905//47 
f 1153//47 909//47 910//47 
f 1136//47 911//47 907//47 
f 904//47 1136//47 1155//47 
f 910//47 912//47 1153//47 
f 1153//47 913//47 914//47 
f 1153//47 1178//47 915//47 
f 1178//47 916//47 917//47 
f 1136//47 918//47 911//47 
f 1136//47 919//47 920//47 
f 1155//47 921//47 908//47 
f 914//47 909//47 1153//47 
f 915//47 922//47 1153//47 
f 1178//47 923//47 924//47 
f 907//47 916//47 1178//47 
f 904//47 919//47 1136//47 
f 1155//47 925//47 926//47 
f 922//47 913//47 1153//47 
f 924//47 927//47 1178//47 
f 1136//47 928//47 918//47 
f 926//47 921//47 1155//47 
f 927//47 915//47 1178//47 
f 920//47 928//47 1136//47 
f 1155//47 901//47 929//47 
f 912//47 930//47 1153//47 
f 929//47 925//47 1155//47 
f 917//47 923//47 1178//47 
f 1112//47 1110//47 931//47 
f 932//47 933//47 931//47 
f 931//47 1110//47 932//47 
f 934//47 935//47 1113//47 
f 935//47 936//47 1115//47 
f 625//47 1116//47 937//47 
f 1115//47 936//47 937//47 
f 937//47 1116//47 1115//47 
f 699//47 938//47 939//47 
f 747//47 1121//47 940//47 
f 1120//47 939//47 940//47 
f 940//47 1121//47 1120//47 
f 941//47 942//47 943//47 
f 943//47 944//47 941//47 
f 942//47 945//47 943//47 
f 944//47 946//47 941//47 
f 945//47 947//47 943//47 
f 943//47 948//47 949//47 
f 944//47 950//47 946//47 
f 947//47 948//47 943//47 
f 944//47 951//47 950//47 
f 949//47 1143//47 943//47 
f 1179//47 952//47 951//47 
f 951//47 944//47 1179//47 
f 733//47 953//47 943//47 
f 943//47 1143//47 733//47 
f 1179//47 944//47 954//47 
f 1171//47 954//47 955//47 
f 1172//47 955//47 956//47 
f 1177//47 956//47 957//47 
f 958//47 1175//47 959//47 
f 1166//47 1169//47 960//47 
f 1175//47 958//47 960//47 
f 960//47 1169//47 1175//47 
f 1165//47 1166//47 961//47 
f 1163//47 1165//47 962//47 
f 1180//47 1162//47 963//47 
f 1163//47 964//47 963//47 
f 963//47 1162//47 1163//47 
f 1180//47 965//47 966//47 
f 967//47 1180//47 968//47 
f 1180//47 969//47 970//47 
f 970//47 1162//47 1180//47 
f 1162//47 971//47 972//47 
f 970//47 973//47 1162//47 
f 1180//47 974//47 975//47 
f 973//47 971//47 1162//47 
f 1180//47 976//47 974//47 
f 1180//47 977//47 978//47 
f 972//47 979//47 1162//47 
f 978//47 976//47 1180//47 
f 980//47 1162//47 981//47 
f 1162//47 982//47 983//47 
f 975//47 969//47 1180//47 
f 1180//47 984//47 985//47 
f 967//47 986//47 984//47 
f 967//47 987//47 988//47 
f 967//47 989//47 990//47 
f 980//47 991//47 992//47 
f 981//47 993//47 980//47 
f 979//47 982//47 1162//47 
f 984//47 1180//47 967//47 
f 990//47 987//47 967//47 
f 980//47 994//47 991//47 
f 983//47 981//47 1162//47 
f 988//47 986//47 967//47 
f 967//47 992//47 995//47 
f 980//47 996//47 994//47 
f 980//47 997//47 998//47 
f 985//47 977//47 1180//47 
f 995//47 999//47 967//47 
f 998//47 996//47 980//47 
f 999//47 989//47 967//47 
f 1161//47 1162//47 980//47 
f 993//47 997//47 980//47 
f 992//47 967//47 980//47 
f 1000//47 1001//47 1002//47 
f 1002//47 1003//47 1000//47 
f 1000//47 1004//47 1005//47 
f 1003//47 1006//47 1000//47 
f 1006//47 1004//47 1000//47 
f 1001//47 1007//47 1008//47 
f 1173//47 1009//47 1007//47 
f 1173//47 1010//47 1011//47 
f 1173//47 1012//47 1013//47 
f 1000//47 1014//47 1015//47 
f 1005//47 1016//47 1000//47 
f 1001//47 1017//47 1018//47 
f 1001//47 1019//47 1020//47 
f 1007//47 1001//47 1173//47 
f 1013//47 1010//47 1173//47 
f 1173//47 1160//47 1021//47 
f 1015//47 1160//47 1000//47 
f 1018//47 1002//47 1001//47 
f 1001//47 1022//47 1019//47 
f 1011//47 1009//47 1173//47 
f 1173//47 1023//47 1024//47 
f 1160//47 1025//47 1021//47 
f 1160//47 1026//47 1027//47 
f 1016//47 1014//47 1000//47 
f 1008//47 1022//47 1001//47 
f 1024//47 1028//47 1173//47 
f 1160//47 1029//47 1025//47 
f 1160//47 1030//47 1031//47 
f 1015//47 1026//47 1160//47 
f 1028//47 1012//47 1173//47 
f 1031//47 1029//47 1160//47 
f 1020//47 1017//47 1001//47 
f 1027//47 1030//47 1160//47 
f 1161//47 1032//47 1000//47 
f 1000//47 1160//47 1161//47 
f 1173//47 1001//47 1033//47 
f 624//47 1034//47 1035//47 
f 1034//47 1036//47 1035//47 
f 1034//47 1037//47 1038//47 
f 1039//47 1105//47 1040//47 
f 1038//47 1036//47 1034//47 
f 1040//47 1041//47 1039//47 
f 1035//47 1042//47 624//47 
f 1034//47 1043//47 1044//47 
f 1105//47 1045//47 1040//47 
f 624//47 1046//47 1047//47 
f 624//47 1048//47 1049//47 
f 624//47 1050//47 1051//47 
f 1034//47 1052//47 1037//47 
f 1044//47 1053//47 1034//47 
f 1039//47 1054//47 1043//47 
f 1105//47 1055//47 1045//47 
f 1105//47 1056//47 1057//47 
f 624//47 1058//47 1046//47 
f 624//47 1059//47 1048//47 
f 624//47 1060//47 1050//47 
f 1053//47 1052//47 1034//47 
f 1039//47 1061//47 1054//47 
f 1039//47 1062//47 1063//47 
f 1105//47 1064//47 1055//47 
f 1057//47 1065//47 1105//47 
f 1047//47 1105//47 624//47 
f 1051//47 1059//47 624//47 
f 1043//47 1034//47 1039//47 
f 1041//47 1062//47 1039//47 
f 1047//47 1056//47 1105//47 
f 1042//47 1060//47 624//47 
f 1065//47 1064//47 1105//47 
f 1108//47 1105//47 1039//47 
f 1063//47 1061//47 1039//47 
f 1049//47 1058//47 624//47 
f 1066//47 932//47 1067//47 
f 932//47 1068//47 1067//47 
f 932//47 1069//47 1070//47 
f 1070//47 1068//47 932//47 
f 1110//47 1071//47 1072//47 
f 1067//47 1073//47 1066//47 
f 932//47 1074//47 1075//47 
f 1110//47 1076//47 1077//47 
f 1110//47 1078//47 1071//47 
f 1066//47 1079//47 1080//47 
f 932//47 1081//47 1069//47 
f 1075//47 1082//47 932//47 
f 1077//47 932//47 1110//47 
f 1110//47 1083//47 1078//47 
f 1066//47 1084//47 1079//47 
f 1066//47 1085//47 1086//47 
f 1082//47 1081//47 932//47 
f 1110//47 1087//47 1076//47 
f 1110//47 1088//47 1083//47 
f 1066//47 1089//47 1084//47 
f 1066//47 1090//47 1085//47 
f 1077//47 1074//47 932//47 
f 1072//47 1091//47 1110//47 
f 1092//47 1093//47 1088//47 
f 1092//47 1094//47 1095//47 
f 1092//47 1080//47 1096//47 
f 1086//47 1089//47 1066//47 
f 1091//47 1087//47 1110//47 
f 1095//47 1093//47 1092//47 
f 1096//47 1097//47 1092//47 
f 1073//47 1090//47 1066//47 
f 1097//47 1094//47 1092//47 
f 1088//47 1110//47 1092//47 
f 1108//47 1098//47 1092//47 
f 1092//47 1110//47 1108//47 
f 1080//47 1092//47 1066//47 
f 1039//47 1098//47 1108//47 
f 1033//47 695//47 1173//47 
f 1021//47 1023//47 1173//47 
f 980//47 1032//47 1161//47 
f 968//47 1099//47 967//47 
f 966//47 968//47 1180//47 
f 963//47 965//47 1180//47 
f 962//47 964//47 1163//47 
f 961//47 962//47 1165//47 
f 960//47 961//47 1166//47 
f 959//47 1100//47 958//47 
f 957//47 698//47 1177//47 
f 956//47 1177//47 1172//47 
f 955//47 1172//47 1171//47 
f 954//47 1171//47 1179//47 
f 949//47 892//47 1143//47 
f 940//47 1101//47 747//47 
f 939//47 1120//47 699//47 
f 937//47 1102//47 625//47 
f 1115//47 1113//47 935//47 
f 1113//47 1112//47 934//47 
f 931//47 934//47 1112//47 
f 930//47 899//47 1153//47 
f 901//47 1155//47 1164//47 
f 898//47 952//47 1179//47 
f 896//47 1179//47 1171//47 
f 891//47 893//47 1149//47 
f 874//47 853//47 1129//47 
f 849//47 872//47 1117//47 
f 827//47 810//47 1168//47 
f 823//47 842//47 1156//47 
f 820//47 1147//47 1138//47 
f 813//47 815//47 1157//47 
f 35//47 36//47 1127//47 
f 56//47 58//47 1114//47 
f 808//47 1103//47 1178//47 
f 806//47 1134//47 1124//47 
f 805//47 1124//47 1111//47 
f 802//47 804//47 1111//47 
f 1135//47 800//47 801//47 
f 1178//47 1103//47 800//47 
f 796//47 787//47 1176//47 
f 772//47 795//47 1170//47 
f 767//47 743//47 1131//47 
f 735//47 764//47 741//47 
f 717//47 1118//47 1106//47 
f 708//47 728//47 706//47 
f 698//47 697//47 1176//47 
f 697//47 696//47 1174//47 
f 696//47 959//47 1175//47 
f 695//47 1104//47 694//47 
f 1174//47 1175//47 1169//47 
f 1173//47 694//47 693//47 
f 1172//47 1170//47 1159//47 
f 1170//47 1167//47 1158//47 
f 692//47 1169//47 1168//47 
f 662//47 1165//47 1164//47 
f 1165//47 1163//47 1154//47 
f 1163//47 1162//47 1152//47 
f 1162//47 1161//47 1151//47 
f 1161//47 1160//47 1150//47 
f 1160//47 693//47 632//47 
f 1159//47 1158//47 1148//47 
f 1158//47 1168//47 1157//47 
f 1156//47 1164//47 1155//47 
f 1154//47 1152//47 1146//47 
f 1152//47 1151//47 1145//47 
f 1151//47 1150//47 1144//47 
f 1150//47 632//47 631//47 
f 1149//47 1148//47 1141//47 
f 1148//47 1157//47 1139//47 
f 1147//47 1155//47 1136//47 
f 1146//47 1145//47 1133//47 
f 1145//47 1144//47 1132//47 
f 1144//47 631//47 630//47 
f 1143//47 1142//47 1130//47 
f 1142//47 1141//47 1140//47 
f 1141//47 1139//47 1128//47 
f 1139//47 1138//47 1137//47 
f 1138//47 1136//47 1126//47 
f 1136//47 1178//47 1135//47 
f 1134//47 1133//47 1123//47 
f 1133//47 1132//47 1122//47 
f 1132//47 630//47 629//47 
f 1131//47 1130//47 1119//47 
f 1130//47 1140//47 1129//47 
f 1128//47 1137//47 1127//47 
f 1126//47 1135//47 1125//47 
f 1124//47 1123//47 1109//47 
f 1123//47 1122//47 1107//47 
f 1122//47 629//47 628//47 
f 1121//47 1119//47 1118//47 
f 1119//47 1129//47 1106//47 
f 1117//47 1127//47 1115//47 
f 1114//47 1125//47 1112//47 
f 1111//47 1109//47 1108//47 
f 1109//47 1107//47 1105//47 
f 1107//47 628//47 627//47 
f 1106//47 1116//47 625//47 
f 1105//47 627//47 623//47 
o mesh3
f 246//48 247//48 932//48 
f 932//48 247//48 544//48 
f 544//48 933//48 932//48 
f 932//48 1066//48 246//48 
o mesh4
f 624//48 276//48 279//48 
f 276//48 624//48 623//48 
f 623//48 139//48 276//48 
f 279//48 1034//48 624//48 
o mesh5
f 378//49 377//49 968//49 
f 1099//49 968//49 377//49 
f 377//49 376//49 1099//49 
f 968//49 966//49 378//49 
o mesh6
f 697//49 698//49 71//49 
f 71//49 698//49 957//49 
f 957//49 387//49 71//49 
f 696//49 697//49 70//49 
f 70//49 69//49 696//49 
f 959//49 696//49 69//49 
f 69//49 68//49 959//49 
f 1100//49 959//49 68//49 
f 68//49 386//49 1100//49 
f 71//49 70//49 697//49 
o mesh7
f 741//50 747//50 191//50 
f 392//50 191//50 747//50 
f 176//50 543//50 953//50 
f 733//50 741//50 186//50 
f 747//50 1101//50 392//50 
f 186//50 176//50 733//50 
f 953//50 733//50 176//50 
f 191//50 186//50 741//50 
o mesh8
f 144//51 546//51 938//51 
f 144//51 699//51 706//51 
f 706//51 146//51 144//51 
f 146//51 706//51 626//51 
f 626//51 163//51 146//51 
f 163//51 626//51 625//51 
f 395//51 140//51 625//51 
f 625//51 140//51 163//51 
f 938//51 699//51 144//51 
f 625//51 1102//51 395//51 
o mesh9
f 65//52 72//52 693//52 
f 65//52 694//52 1104//52 
f 1104//52 66//52 65//52 
f 632//52 693//52 72//52 
f 72//52 73//52 632//52 
f 631//52 632//52 73//52 
f 73//52 134//52 631//52 
f 630//52 631//52 134//52 
f 134//52 135//52 630//52 
f 630//52 135//52 136//52 
f 136//52 629//52 630//52 
f 629//52 136//52 137//52 
f 137//52 628//52 629//52 
f 138//52 627//52 628//52 
f 623//52 627//52 138//52 
f 628//52 137//52 138//52 
f 693//52 694//52 65//52 
f 138//52 139//52 623//52 
o mesh10
f 67//53 66//53 1104//53 
f 310//53 67//53 695//53 
f 695//53 1033//53 310//53 
f 1104//53 695//53 67//53 
o mesh11
f 467//54 466//54 944//54 
f 944//54 466//54 390//54 
f 390//54 954//54 944//54 
f 954//54 390//54 389//54 
f 389//54 955//54 954//54 
f 388//54 956//54 955//54 
f 955//54 389//54 388//54 
f 957//54 956//54 388//54 
f 388//54 387//54 957//54 
f 944//54 943//54 467//54 
o mesh12
f 543//53 467//53 943//53 
f 943//53 953//53 543//53 
o mesh13
f 940//55 391//55 392//55 
f 392//55 1101//55 940//55 
o mesh14
f 546//54 393//54 939//54 
f 940//54 939//54 393//54 
f 393//54 391//54 940//54 
f 939//54 938//54 546//54 
o mesh15
f 386//56 385//56 958//56 
f 960//56 958//56 385//56 
f 385//56 384//56 960//56 
f 958//56 1100//56 386//56 
o mesh16
f 966//57 965//57 380//57 
f 963//57 379//57 380//57 
f 380//57 965//57 963//57 
f 380//57 378//57 966//57 
o mesh17
f 383//58 382//58 962//58 
f 964//58 962//58 382//58 
f 963//58 964//58 381//58 
f 382//58 381//58 964//58 
f 384//58 383//58 961//58 
f 962//58 961//58 383//58 
f 381//58 379//58 963//58 
f 961//58 960//58 384//58 
o mesh18
f 980//59 967//59 344//59 
f 376//59 344//59 967//59 
f 967//59 1099//59 376//59 
f 344//59 343//59 980//59 
o mesh19
f 1033//60 1001//60 323//60 
f 1000//60 314//60 323//60 
f 323//60 1001//60 1000//60 
f 323//60 310//60 1033//60 
o mesh20
f 1000//61 1032//61 375//61 
f 343//61 375//61 1032//61 
f 1032//61 980//61 343//61 
f 375//61 314//61 1000//61 
o mesh21
f 406//61 407//61 802//61 
f 802//61 803//61 406//61 
o mesh22
f 1103//62 401//62 400//62 
f 800//62 400//62 399//62 
f 406//62 803//62 801//62 
f 399//62 801//62 800//62 
f 403//62 401//62 1103//62 
f 400//62 800//62 1103//62 
f 801//62 399//62 406//62 
f 1103//62 808//62 403//62 
o mesh23
f 403//63 808//63 807//63 
f 807//63 402//63 403//63 
o mesh24
f 806//64 805//64 405//64 
f 408//64 405//64 805//64 
f 407//64 408//64 804//64 
f 805//64 804//64 408//64 
f 807//64 806//64 404//64 
f 405//64 404//64 806//64 
f 804//64 802//64 407//64 
f 404//64 402//64 807//64 
o mesh25
f 279//64 291//64 1039//64 
f 1039//64 1034//64 279//64 
o mesh26
f 1092//65 243//65 246//65 
f 246//65 1066//65 1092//65 
o mesh27
f 1092//66 1098//66 309//66 
f 291//66 309//66 1098//66 
f 1098//66 1039//66 291//66 
f 309//66 243//66 1092//66 
o mesh28
f 544//67 398//67 931//67 
f 931//67 933//67 544//67 
o mesh29
f 937//68 394//68 395//68 
f 395//68 1102//68 937//68 
o mesh30
f 935//69 396//69 545//69 
f 396//69 935//69 934//69 
f 398//69 397//69 934//69 
f 934//69 397//69 396//69 
f 937//69 936//69 545//69 
f 545//69 936//69 935//69 
f 934//69 931//69 398//69 
f 545//69 394//69 937//69 
o mesh31
f 840//70 839//71 540//71 
f 831//72 840//70 536//73 
f 832//74 831//72 542//75 
f 835//76 832//74 532//77 
f 834//78 835//76 531//79 
f 830//80 834//78 533//81 
f 828//82 830//80 534//83 
f 841//84 828//82 529//85 
f 837//86 841//84 528//87 
f 838//88 837//86 541//89 
f 836//90 838//88 538//91 
f 833//92 836//90 537//93 
f 829//94 833//92 539//95 
f 826//96 829//94 535//97 
f 810//98 827//99 526//99 
f 810//98 530//98 522//100 
f 522//100 809//100 810//98 
f 826//96 527//101 526//99 
f 526//99 827//99 826//96 
f 811//102 809//100 522//100 
f 814//103 811//102 521//102 
f 812//104 814//103 523//103 
f 813//105 812//104 524//104 
f 815//106 813//105 525//105 
f 815//106 516//106 515//107 
f 515//107 818//107 815//106 
f 816//108 818//107 515//107 
f 817//109 816//108 517//108 
f 819//110 817//109 518//109 
f 820//111 819//110 519//110 
f 820//111 520//111 514//112 
f 514//112 824//112 820//111 
f 821//113 824//112 514//112 
f 822//114 821//113 511//113 
f 825//115 822//114 510//114 
f 823//116 825//115 509//115 
f 842//117 823//116 513//116 
f 842//117 512//117 540//71 
f 540//71 839//71 842//117 
f 513//116 512//117 842//117 
f 509//115 513//116 823//116 
f 510//114 509//115 825//115 
f 511//113 510//114 822//114 
f 514//112 511//113 821//113 
f 519//110 520//111 820//111 
f 518//109 519//110 819//110 
f 517//108 518//109 817//109 
f 515//107 517//108 816//108 
f 525//105 516//106 815//106 
f 524//104 525//105 813//105 
f 523//103 524//104 812//104 
f 521//102 523//103 814//103 
f 522//100 521//102 811//102 
f 526//99 530//98 810//98 
f 535//97 527//101 826//96 
f 539//95 535//97 829//94 
f 537//93 539//95 833//92 
f 538//91 537//93 836//90 
f 541//89 538//91 838//88 
f 528//87 541//89 837//86 
f 529//85 528//87 841//84 
f 534//83 529//85 828//82 
f 533//81 534//83 830//80 
f 531//79 533//81 834//78 
f 532//77 531//79 835//76 
f 542//75 532//77 832//74 
f 536//73 542//75 831//72 
f 540//71 536//73 840//70 
o mesh32
f 868//118 870//119 501//119 
f 869//120 868//118 500//121 
f 866//122 869//120 503//123 
f 867//124 866//122 502//125 
f 865//126 867//124 505//127 
f 864//128 865//126 504//129 
f 858//130 864//128 506//131 
f 859//132 858//130 496//133 
f 862//134 859//132 493//135 
f 863//136 862//134 495//137 
f 861//138 863//136 498//139 
f 860//140 861//138 497//141 
f 857//142 860//140 499//143 
f 854//144 857//142 489//145 
f 488//144 491//146 855//146 
f 490//147 856//147 855//146 
f 855//146 491//146 490//147 
f 874//148 856//147 490//147 
f 494//149 479//150 848//150 
f 494//149 853//149 874//148 
f 874//148 492//151 494//149 
f 846//152 848//150 479//150 
f 847//153 846//152 477//152 
f 845//154 847//153 481//153 
f 843//155 845//154 480//154 
f 844//156 843//155 482//155 
f 850//157 844//156 478//156 
f 851//158 850//157 483//157 
f 852//159 851//158 485//158 
f 849//160 852//159 484//159 
f 486//161 508//162 873//162 
f 486//161 872//161 849//160 
f 849//160 487//163 486//161 
f 871//164 873//162 508//162 
f 870//119 871//164 507//164 
f 507//164 501//119 870//119 
f 508//162 507//164 871//164 
f 873//162 872//161 486//161 
f 484//159 487//163 849//160 
f 485//158 484//159 852//159 
f 483//157 485//158 851//158 
f 478//156 483//157 850//157 
f 482//155 478//156 844//156 
f 480//154 482//155 843//155 
f 481//153 480//154 845//154 
f 477//152 481//153 847//153 
f 479//150 477//152 846//152 
f 848//150 853//149 494//149 
f 490//147 492//151 874//148 
f 855//146 854//144 488//144 
f 489//145 488//144 854//144 
f 499//143 489//145 857//142 
f 497//141 499//143 860//140 
f 498//139 497//141 861//138 
f 495//137 498//139 863//136 
f 493//135 495//137 862//134 
f 496//133 493//135 859//132 
f 506//131 496//133 858//130 
f 504//129 506//131 864//128 
f 505//127 504//129 865//126 
f 502//125 505//127 867//124 
f 503//123 502//125 866//122 
f 500//121 503//123 869//120 
f 501//119 500//121 868//118 
o mesh33
f 879//165 883//166 452//166 
f 880//167 879//165 455//168 
f 875//169 880//167 457//170 
f 876//171 875//169 456//172 
f 878//173 876//171 459//174 
f 891//175 878//173 458//176 
f 445//177 444//178 894//178 
f 445//177 893//177 891//175 
f 891//175 463//179 445//177 
f 895//180 894//178 444//178 
f 447//181 442//182 897//182 
f 447//181 896//181 895//180 
f 895//180 446//183 447//181 
f 898//184 897//182 442//182 
f 443//185 475//186 951//186 
f 443//185 952//185 898//184 
f 898//184 441//187 443//185 
f 950//188 951//186 475//186 
f 946//189 950//188 473//188 
f 941//190 946//189 471//189 
f 465//190 469//191 942//191 
f 468//192 945//192 942//191 
f 942//191 469//191 468//192 
f 947//193 945//192 468//192 
f 948//194 947//193 470//193 
f 949//195 948//194 472//194 
f 476//196 464//197 890//197 
f 476//196 892//196 949//195 
f 949//195 474//198 476//196 
f 888//199 890//197 464//197 
f 882//200 888//199 460//199 
f 877//201 882//200 454//200 
f 886//202 877//201 449//201 
f 887//203 886//202 448//202 
f 884//204 887//203 462//203 
f 885//205 884//204 461//204 
f 889//206 885//205 451//205 
f 881//207 889//206 450//206 
f 883//166 881//207 453//207 
f 453//207 452//166 883//166 
f 450//206 453//207 881//207 
f 451//205 450//206 889//206 
f 461//204 451//205 885//205 
f 462//203 461//204 884//204 
f 448//202 462//203 887//203 
f 449//201 448//202 886//202 
f 454//200 449//201 877//201 
f 460//199 454//200 882//200 
f 464//197 460//199 888//199 
f 890//197 892//196 476//196 
f 472//194 474//198 949//195 
f 470//193 472//194 948//194 
f 468//192 470//193 947//193 
f 942//191 941//190 465//190 
f 471//189 465//190 941//190 
f 473//188 471//189 946//189 
f 475//186 473//188 950//188 
f 951//186 952//185 443//185 
f 442//182 441//187 898//184 
f 897//182 896//181 447//181 
f 444//178 446//183 895//180 
f 894//178 893//177 445//177 
f 458//176 463//179 891//175 
f 459//174 458//176 878//173 
f 456//172 459//174 876//171 
f 457//170 456//172 875//169 
f 455//168 457//170 880//167 
f 452//166 455//168 879//165 
o mesh34
f 686//208 692//209 128//209 
f 687//210 686//208 133//211 
f 681//212 687//210 122//213 
f 682//214 681//212 121//215 
f 685//216 682//214 117//217 
f 690//218 685//216 116//219 
f 675//220 690//218 123//221 
f 676//222 675//220 129//223 
f 684//224 676//222 114//225 
f 679//226 684//224 118//227 
f 680//228 679//226 124//229 
f 674//230 680//228 131//231 
f 666//232 674//230 130//233 
f 664//234 666//232 132//235 
f 125//234 108//236 663//236 
f 107//237 670//237 663//236 
f 663//236 108//236 107//237 
f 673//238 670//237 107//237 
f 678//239 673//238 111//238 
f 683//240 678//239 115//239 
f 677//241 683//240 119//240 
f 672//242 677//241 120//241 
f 665//243 672//242 112//242 
f 669//244 665//243 105//243 
f 671//245 669//244 104//244 
f 667//246 671//245 106//245 
f 668//247 667//246 113//246 
f 688//248 668//247 110//247 
f 689//249 688//248 109//248 
f 691//250 689//249 127//249 
f 692//209 691//250 126//250 
f 126//250 128//209 692//209 
f 127//249 126//250 691//250 
f 109//248 127//249 689//249 
f 110//247 109//248 688//248 
f 113//246 110//247 668//247 
f 106//245 113//246 667//246 
f 104//244 106//245 671//245 
f 105//243 104//244 669//244 
f 112//242 105//243 665//243 
f 120//241 112//242 672//242 
f 119//240 120//241 677//241 
f 115//239 119//240 683//240 
f 111//238 115//239 678//239 
f 107//237 111//238 673//238 
f 663//236 664//234 125//234 
f 132//235 125//234 664//234 
f 130//233 132//235 666//232 
f 131//231 130//233 674//230 
f 124//229 131//231 680//228 
f 118//227 124//229 679//226 
f 114//225 118//227 684//224 
f 129//223 114//225 676//222 
f 123//221 129//223 675//220 
f 116//219 123//221 690//218 
f 117//217 116//219 685//216 
f 121//215 117//217 682//214 
f 122//213 121//215 681//212 
f 133//211 122//213 687//210 
f 128//209 133//211 686//208 
o mesh35
f 657//251 662//252 99//252 
f 658//253 657//251 103//254 
f 651//255 658//253 92//256 
f 652//257 651//255 91//258 
f 656//259 652//257 86//260 
f 655//261 656//259 85//262 
f 649//263 655//261 93//264 
f 650//265 649//263 94//266 
f 654//267 650//265 88//268 
f 647//269 654//267 87//270 
f 648//271 647//269 95//272 
f 644//273 648//271 101//274 
f 636//275 644//273 100//276 
f 633//277 636//275 102//278 
f 96//277 77//279 634//279 
f 76//280 640//280 634//279 
f 634//279 77//279 76//280 
f 643//281 640//280 76//280 
f 646//282 643//281 81//281 
f 653//283 646//282 84//282 
f 645//284 653//283 89//283 
f 642//285 645//284 90//284 
f 639//286 642//285 82//285 
f 635//287 639//286 78//286 
f 641//288 635//287 75//287 
f 637//289 641//288 74//288 
f 638//290 637//289 83//289 
f 659//291 638//290 80//290 
f 660//292 659//291 79//291 
f 661//293 660//292 98//292 
f 662//252 661//293 97//293 
f 97//293 99//252 662//252 
f 98//292 97//293 661//293 
f 79//291 98//292 660//292 
f 80//290 79//291 659//291 
f 83//289 80//290 638//290 
f 74//288 83//289 637//289 
f 75//287 74//288 641//288 
f 78//286 75//287 635//287 
f 82//285 78//286 639//286 
f 90//284 82//285 642//285 
f 89//283 90//284 645//284 
f 84//282 89//283 653//283 
f 81//281 84//282 646//282 
f 76//280 81//281 643//281 
f 634//279 633//277 96//277 
f 102//278 96//277 633//277 
f 100//276 102//278 636//275 
f 101//274 100//276 644//273 
f 95//272 101//274 648//271 
f 87//270 95//272 647//269 
f 88//268 87//270 654//267 
f 94//266 88//268 650//265 
f 93//264 94//266 649//263 
f 85//262 93//264 655//261 
f 86//260 85//262 656//259 
f 91//258 86//260 652//257 
f 92//256 91//258 651//255 
f 103//254 92//256 658//253 
f 99//252 103//254 657//251 
o mesh36
f 913//294 922//295 425//295 
f 914//296 913//294 430//297 
f 909//298 914//296 432//299 
f 910//300 909//298 431//301 
f 912//302 910//300 434//303 
f 930//304 912//302 433//305 
f 899//306 930//304 440//307 
f 899//306 409//306 410//308 
f 410//308 902//308 899//306 
f 900//309 902//308 410//308 
f 901//310 900//309 411//309 
f 901//310 412//310 436//311 
f 436//311 929//311 901//310 
f 925//312 929//311 436//311 
f 926//313 925//312 435//312 
f 921//314 926//313 421//313 
f 908//315 921//314 420//314 
f 905//316 908//315 417//315 
f 415//316 414//317 906//317 
f 413//318 903//318 906//317 
f 906//317 414//317 413//318 
f 904//319 903//318 413//318 
f 919//320 904//319 416//319 
f 920//321 919//320 422//320 
f 928//322 920//321 428//321 
f 918//323 928//322 427//322 
f 911//324 918//323 437//323 
f 907//325 911//324 429//324 
f 916//326 907//325 419//325 
f 917//327 916//326 418//326 
f 923//328 917//327 439//327 
f 924//329 923//328 438//328 
f 927//330 924//329 424//329 
f 915//331 927//330 423//330 
f 922//295 915//331 426//331 
f 426//331 425//295 922//295 
f 423//330 426//331 915//331 
f 424//329 423//330 927//330 
f 438//328 424//329 924//329 
f 439//327 438//328 923//328 
f 418//326 439//327 917//327 
f 419//325 418//326 916//326 
f 429//324 419//325 907//325 
f 437//323 429//324 911//324 
f 427//322 437//323 918//323 
f 428//321 427//322 928//322 
f 422//320 428//321 920//321 
f 416//319 422//320 919//320 
f 413//318 416//319 904//319 
f 906//317 905//316 415//316 
f 417//315 415//316 905//316 
f 420//314 417//315 908//315 
f 421//313 420//314 921//314 
f 435//312 421//313 926//313 
f 436//311 435//312 925//312 
f 411//309 412//310 901//310 
f 410//308 411//309 900//309 
f 440//307 409//306 899//306 
f 433//305 440//307 930//304 
f 434//303 433//305 912//302 
f 431//301 434//303 910//300 
f 432//299 431//301 909//298 
f 430//297 432//299 914//296 
f 425//295 430//297 913//294 
o mesh37
f 216//332 214//333 770//333 
f 220//334 216//332 778//335 
f 227//336 220//334 777//337 
f 219//338 227//336 781//339 
f 215//340 219//338 784//341 
f 211//342 215//340 783//343 
f 212//344 211//342 782//345 
f 229//346 212//344 779//347 
f 230//348 229//346 786//349 
f 785//348 787//350 241//350 
f 796//351 242//351 241//350 
f 241//350 787//350 796//351 
f 236//352 242//351 796//351 
f 237//353 236//352 799//352 
f 234//354 237//353 793//353 
f 233//355 234//354 792//354 
f 788//356 232//356 231//357 
f 233//355 790//358 789//357 
f 789//357 231//357 233//355 
f 235//359 232//356 788//356 
f 240//360 235//359 791//359 
f 239//361 240//360 794//360 
f 238//362 239//361 797//361 
f 798//362 795//363 225//363 
f 772//364 226//364 225//363 
f 225//363 795//363 772//364 
f 228//365 226//364 772//364 
f 218//366 228//365 771//365 
f 224//367 218//366 769//366 
f 222//368 224//367 768//367 
f 223//369 222//368 773//368 
f 221//370 223//369 775//369 
f 217//371 221//370 774//370 
f 213//372 217//371 780//371 
f 214//333 213//372 776//372 
f 776//372 770//333 214//333 
f 780//371 776//372 213//372 
f 774//370 780//371 217//371 
f 775//369 774//370 221//370 
f 773//368 775//369 223//369 
f 768//367 773//368 222//368 
f 769//366 768//367 224//367 
f 771//365 769//366 218//366 
f 772//364 771//365 228//365 
f 225//363 238//362 798//362 
f 797//361 798//362 238//362 
f 794//360 797//361 239//361 
f 791//359 794//360 240//360 
f 788//356 791//359 235//359 
f 231//357 789//357 788//356 
f 792//354 790//358 233//355 
f 793//353 792//354 234//354 
f 799//352 793//353 237//353 
f 796//351 799//352 236//352 
f 241//350 230//348 785//348 
f 786//349 785//348 230//348 
f 779//347 786//349 229//346 
f 782//345 779//347 212//344 
f 783//343 782//345 211//342 
f 784//341 783//343 215//340 
f 781//339 784//341 219//338 
f 777//337 781//339 227//336 
f 778//335 777//337 220//334 
f 770//333 778//335 216//332 
o mesh38
f 362//373 361//374 969//374 
f 366//375 362//373 975//376 
f 364//377 366//375 974//378 
f 365//379 364//377 976//380 
f 359//381 365//379 978//382 
f 360//383 359//381 977//384 
f 358//385 360//383 985//386 
f 356//387 358//385 984//388 
f 357//389 356//387 986//390 
f 354//391 357//389 988//392 
f 355//393 354//391 987//394 
f 363//395 355//393 990//396 
f 349//397 363//395 989//398 
f 347//399 349//397 999//400 
f 991//401 353//401 345//402 
f 347//399 995//403 992//402 
f 992//402 345//402 347//399 
f 373//404 353//401 991//401 
f 371//405 373//404 994//404 
f 372//406 371//405 996//405 
f 374//407 372//406 998//406 
f 370//408 374//407 997//407 
f 368//409 370//408 993//408 
f 369//410 368//409 981//409 
f 367//411 369//410 983//410 
f 351//412 367//411 982//411 
f 352//413 351//412 979//412 
f 350//414 352//413 972//413 
f 348//415 350//414 971//414 
f 346//416 348//415 973//415 
f 361//374 346//416 970//416 
f 970//416 969//374 361//374 
f 973//415 970//416 346//416 
f 971//414 973//415 348//415 
f 972//413 971//414 350//414 
f 979//412 972//413 352//413 
f 982//411 979//412 351//412 
f 983//410 982//411 367//411 
f 981//409 983//410 369//410 
f 993//408 981//409 368//409 
f 997//407 993//408 370//408 
f 998//406 997//407 374//407 
f 996//405 998//406 372//406 
f 994//404 996//405 371//405 
f 991//401 994//404 373//404 
f 345//402 992//402 991//401 
f 999//400 995//403 347//399 
f 989//398 999//400 349//397 
f 990//396 989//398 363//395 
f 987//394 990//396 355//393 
f 988//392 987//394 354//391 
f 986//390 988//392 357//389 
f 984//388 986//390 356//387 
f 985//386 984//388 358//385 
f 977//384 985//386 360//383 
f 978//382 977//384 359//381 
f 976//380 978//382 365//379 
f 974//378 976//380 364//377 
f 975//376 974//378 366//375 
f 969//374 975//376 362//373 
o mesh39
f 342//417 316//418 1002//418 
f 331//419 342//417 1018//420 
f 332//421 331//419 1017//422 
f 337//423 332//421 1020//424 
f 325//425 337//423 1019//426 
f 326//427 325//425 1022//428 
f 324//429 326//427 1008//430 
f 321//431 324//429 1007//432 
f 322//433 321//431 1009//434 
f 319//435 322//433 1011//436 
f 320//437 319//435 1010//438 
f 330//439 320//437 1013//440 
f 317//441 330//439 1012//442 
f 313//443 317//441 1028//444 
f 1021//445 312//445 311//446 
f 313//443 1024//447 1023//446 
f 1023//446 311//446 313//443 
f 336//448 312//445 1021//445 
f 334//449 336//448 1025//448 
f 335//450 334//449 1029//449 
f 340//451 335//450 1031//450 
f 341//452 340//451 1030//451 
f 339//453 341//452 1027//452 
f 333//454 339//453 1026//453 
f 338//455 333//454 1015//454 
f 328//456 338//455 1014//455 
f 329//457 328//456 1016//456 
f 327//458 329//457 1005//457 
f 318//459 327//458 1004//458 
f 315//460 318//459 1006//459 
f 316//418 315//460 1003//460 
f 1003//460 1002//418 316//418 
f 1006//459 1003//460 315//460 
f 1004//458 1006//459 318//459 
f 1005//457 1004//458 327//458 
f 1016//456 1005//457 329//457 
f 1014//455 1016//456 328//456 
f 1015//454 1014//455 338//455 
f 1026//453 1015//454 333//454 
f 1027//452 1026//453 339//453 
f 1030//451 1027//452 341//452 
f 1031//450 1030//451 340//451 
f 1029//449 1031//450 335//450 
f 1025//448 1029//449 334//449 
f 1021//445 1025//448 336//448 
f 311//446 1023//446 1021//445 
f 1028//444 1024//447 313//443 
f 1012//442 1028//444 317//441 
f 1013//440 1012//442 330//439 
f 1010//438 1013//440 320//437 
f 1011//436 1010//438 319//435 
f 1009//434 1011//436 322//433 
f 1007//432 1009//434 321//431 
f 1008//430 1007//432 324//429 
f 1022//428 1008//430 326//427 
f 1019//426 1022//428 325//425 
f 1020//424 1019//426 337//423 
f 1017//422 1020//424 332//421 
f 1018//420 1017//422 331//419 
f 1002//418 1018//420 342//417 
o mesh40
f 177//461 182//462 739//462 
f 180//463 177//461 738//464 
f 188//465 180//463 740//466 
f 183//467 188//465 742//468 
f 178//469 183//467 746//470 
f 745//469 743//471 179//471 
f 767//472 208//472 179//471 
f 179//471 743//471 767//472 
f 206//473 208//472 767//472 
f 207//474 206//473 766//473 
f 204//475 207//474 762//474 
f 205//476 204//475 763//475 
f 202//477 205//476 758//476 
f 203//478 202//477 757//477 
f 199//479 203//478 752//478 
f 192//480 199//479 751//479 
f 194//481 193//482 748//482 
f 749//483 748//482 193//482 
f 193//482 192//480 749//483 
f 197//484 194//481 750//485 
f 198//486 197//484 753//487 
f 200//488 198//486 755//489 
f 201//490 200//488 754//491 
f 195//492 201//490 760//493 
f 196//494 195//492 759//495 
f 209//496 196//494 756//497 
f 210//498 209//496 761//499 
f 765//498 764//500 189//500 
f 735//501 187//501 189//500 
f 189//500 764//500 735//501 
f 190//502 187//501 735//501 
f 184//503 190//502 734//502 
f 185//504 184//503 744//503 
f 181//505 185//504 737//504 
f 182//462 181//505 736//505 
f 736//505 739//462 182//462 
f 737//504 736//505 181//505 
f 744//503 737//504 185//504 
f 734//502 744//503 184//503 
f 735//501 734//502 190//502 
f 189//500 210//498 765//498 
f 761//499 765//498 210//498 
f 756//497 761//499 209//496 
f 759//495 756//497 196//494 
f 760//493 759//495 195//492 
f 754//491 760//493 201//490 
f 755//489 754//491 200//488 
f 753//487 755//489 198//486 
f 750//485 753//487 197//484 
f 748//482 750//485 194//481 
f 751//479 749//483 192//480 
f 752//478 751//479 199//479 
f 757//477 752//478 203//478 
f 758//476 757//477 202//477 
f 763//475 758//476 205//476 
f 762//474 763//475 204//475 
f 766//473 762//474 207//474 
f 767//472 766//473 206//473 
f 179//471 178//469 745//469 
f 746//470 745//469 178//469 
f 742//468 746//470 183//467 
f 740//466 742//468 188//465 
f 738//464 740//466 180//463 
f 739//462 738//464 177//461 
o mesh41
f 308//506 287//507 1043//507 
f 306//508 308//506 1054//509 
f 307//510 306//508 1061//511 
f 301//512 307//510 1063//513 
f 292//514 301//512 1062//515 
f 293//516 292//514 1041//517 
f 300//518 293//516 1040//519 
f 305//520 300//518 1045//521 
f 304//522 305//520 1055//523 
f 298//524 304//522 1064//525 
f 299//526 298//524 1065//527 
f 297//528 299//526 1057//529 
f 283//530 297//528 1056//531 
f 277//532 283//530 1047//533 
f 282//534 278//535 1058//535 
f 1046//536 1058//535 278//535 
f 278//535 277//532 1046//536 
f 290//537 282//534 1049//538 
f 288//539 290//537 1048//540 
f 289//541 288//539 1059//542 
f 296//543 289//541 1051//544 
f 295//545 296//543 1050//546 
f 285//547 295//545 1060//548 
f 284//549 285//547 1042//550 
f 280//551 284//549 1035//552 
f 281//553 280//551 1036//554 
f 303//555 281//553 1038//556 
f 302//557 303//555 1037//558 
f 294//559 302//557 1052//560 
f 286//561 294//559 1053//562 
f 287//507 286//561 1044//561 
f 1044//561 1043//507 287//507 
f 1053//562 1044//561 286//561 
f 1052//560 1053//562 294//559 
f 1037//558 1052//560 302//557 
f 1038//556 1037//558 303//555 
f 1036//554 1038//556 281//553 
f 1035//552 1036//554 280//551 
f 1042//550 1035//552 284//549 
f 1060//548 1042//550 285//547 
f 1050//546 1060//548 295//545 
f 1051//544 1050//546 296//543 
f 1059//542 1051//544 289//541 
f 1048//540 1059//542 288//539 
f 1049//538 1048//540 290//537 
f 1058//535 1049//538 282//534 
f 1047//533 1046//536 277//532 
f 1056//531 1047//533 283//530 
f 1057//529 1056//531 297//528 
f 1065//527 1057//529 299//526 
f 1064//525 1065//527 298//524 
f 1055//523 1064//525 304//522 
f 1045//521 1055//523 305//520 
f 1040//519 1045//521 300//518 
f 1041//517 1040//519 293//516 
f 1062//515 1041//517 292//514 
f 1063//513 1062//515 301//512 
f 1061//511 1063//513 307//510 
f 1054//509 1061//511 306//508 
f 1043//507 1054//509 308//506 
o mesh42
f 269//563 273//564 1074//564 
f 275//565 269//563 1077//566 
f 274//567 275//565 1076//568 
f 259//569 274//567 1087//570 
f 260//571 259//569 1091//572 
f 257//573 260//571 1072//574 
f 258//575 257//573 1071//576 
f 272//577 258//575 1078//578 
f 268//579 272//577 1083//580 
f 266//581 268//579 1088//582 
f 267//583 266//581 1093//584 
f 265//585 267//583 1095//586 
f 253//587 265//585 1094//588 
f 244//589 253//587 1097//590 
f 250//591 245//592 1080//592 
f 1096//593 1080//592 245//592 
f 245//592 244//589 1096//593 
f 256//594 250//591 1079//595 
f 254//596 256//594 1084//597 
f 255//598 254//596 1089//599 
f 264//600 255//598 1086//601 
f 263//602 264//600 1085//603 
f 252//604 263//602 1090//605 
f 251//606 252//604 1073//607 
f 248//608 251//606 1067//609 
f 249//610 248//608 1068//611 
f 271//612 249//610 1070//613 
f 270//614 271//612 1069//615 
f 261//616 270//614 1081//617 
f 262//618 261//616 1082//619 
f 273//564 262//618 1075//618 
f 1075//618 1074//564 273//564 
f 1082//619 1075//618 262//618 
f 1081//617 1082//619 261//616 
f 1069//615 1081//617 270//614 
f 1070//613 1069//615 271//612 
f 1068//611 1070//613 249//610 
f 1067//609 1068//611 248//608 
f 1073//607 1067//609 251//606 
f 1090//605 1073//607 252//604 
f 1085//603 1090//605 263//602 
f 1086//601 1085//603 264//600 
f 1089//599 1086//601 255//598 
f 1084//597 1089//599 254//596 
f 1079//595 1084//597 256//594 
f 1080//592 1079//595 250//591 
f 1097//590 1096//593 244//589 
f 1094//588 1097//590 253//587 
f 1095//586 1094//588 265//585 
f 1093//584 1095//586 267//583 
f 1088//582 1093//584 266//581 
f 1083//580 1088//582 268//579 
f 1078//578 1083//580 272//577 
f 1071//576 1078//578 258//575 
f 1072//574 1071//576 257//573 
f 1091//572 1072//574 260//571 
f 1087//570 1091//572 259//569 
f 1076//568 1087//570 274//567 
f 1077//566 1076//568 275//565 
f 1074//564 1077//566 269//563 
o mesh43
f 150//620 145//621 704//621 
f 156//622 150//620 703//623 
f 154//624 156//622 710//625 
f 155//626 154//624 715//627 
f 143//628 155//626 720//629 
f 141//630 143//628 719//631 
f 142//632 141//630 711//633 
f 148//634 142//632 705//635 
f 149//636 148//634 716//637 
f 718//636 717//638 174//638 
f 729//639 175//639 174//638 
f 174//638 717//638 729//639 
f 169//640 175//639 729//639 
f 170//641 169//640 732//640 
f 167//642 170//641 726//641 
f 164//643 167//642 725//642 
f 166//644 165//645 721//645 
f 722//646 721//645 165//645 
f 165//645 164//643 722//646 
f 168//647 166//644 723//648 
f 173//649 168//647 724//650 
f 172//651 173//649 727//652 
f 171//653 172//651 730//654 
f 731//653 728//655 159//655 
f 708//656 160//656 159//655 
f 159//655 728//655 708//656 
f 158//657 160//656 708//656 
f 147//658 158//657 707//657 
f 153//659 147//658 701//658 
f 161//660 153//659 700//659 
f 162//661 161//660 702//660 
f 157//662 162//661 713//661 
f 151//663 157//662 712//662 
f 152//664 151//663 714//663 
f 145//621 152//664 709//664 
f 709//664 704//621 145//621 
f 714//663 709//664 152//664 
f 712//662 714//663 151//663 
f 713//661 712//662 157//662 
f 702//660 713//661 162//661 
f 700//659 702//660 161//660 
f 701//658 700//659 153//659 
f 707//657 701//658 147//658 
f 708//656 707//657 158//657 
f 159//655 171//653 731//653 
f 730//654 731//653 171//653 
f 727//652 730//654 172//651 
f 724//650 727//652 173//649 
f 723//648 724//650 168//647 
f 721//645 723//648 166//644 
f 725//642 722//646 164//643 
f 726//641 725//642 167//642 
f 732//640 726//641 170//641 
f 729//639 732//640 169//640 
f 174//638 149//636 718//636 
f 716//637 718//636 149//636 
f 705//635 716//637 148//634 
f 711//633 705//635 142//632 
f 719//631 711//633 141//630 
f 720//629 719//631 143//628 
f 715//627 720//629 155//626 
f 710//625 715//627 154//624 
f 703//623 710//625 156//622 
f 704//621 703//623 150//620 
